temp,cost,accept_prob,random_number,accepted,is_best,param
1000,11.532030449259413,1.0,0.0,True,True,"[0.7831538402151158, 0.4302695485997067, 80.53995972379445, -69.84199418948582, 193.99685666157703, 0.25277174268895286, 0.7081025581927298, 232.36877389656925, -61.75584296980017, 297.3126102366273]"
1000,11.636191828488503,0.999895844045379,0.1589391666068406,True,False,"[0.8059922232497241, 0.48753356316746377, 77.93735045950667, -74.78059717032252, 194.74947487196096, 0.20482325901642864, 0.7112690945322497, 233.51894864385775, -67.15245132758251, 299.0517595654717]"
995.0,11.627942009868539,1.0,0.34866209071039733,True,False,"[0.770411570536322, 0.5012261149267295, 75.09173848779525, -73.41070660481493, 194.65719378360683, 0.15699260996589737, 0.6670648758819628, 236.0396240497382, -60.27854136546397, 302.49075081627785]"
990.025,11.612166699117115,1.0,0.43508770860231805,True,False,"[0.7295428961662154, 0.42929234301594604, 78.19082566065862, -80.93108036980439, 197.9725791203365, 0.23355597410965823, 0.6058024123731605, 234.1884827473416, -54.54737711430457, 300.8208056734515]"
985.074875,11.641044184763654,0.9999706854137573,0.9842832807125341,True,False,"[0.7300650567906901, 0.4789324523452746, 77.4092595826489, -80.88445696308253, 194.39037377614252, 0.1892746486324255, 0.6613272508430929, 230.249680435266, -54.37057844778829, 301.6944878133525]"
980.149500625,11.703189423437493,0.9999365981734902,0.34835495695510665,True,False,"[0.7723368151139728, 0.47587356851961093, 75.53664825017205, -82.17428280718359, 195.09963132347193, 0.249686948473187, 0.672469976376821, 230.24918807966841, -50.12515198086895, 303.4083912375289]"
975.248753121875,11.632482510130373,1.0,0.4721441122072093,True,False,"[0.7363876090037464, 0.4037611465469759, 77.76564996354492, -80.14626869411524, 191.12494332489854, 0.1886445266813353, 0.666796810648106, 227.08162290999164, -53.87705554830696, 304.1015228075181]"
970.3725093562656,11.555736920969519,1.0,0.816379623648157,True,False,"[0.7201260159495797, 0.328100930612253, 77.7650653702615, -74.10713519718303, 190.37354497255112, 0.2407280223750608, 0.639792972773532, 224.48333885059296, -48.791153206922644, 301.43829028958896]"
965.5206468094842,11.512558224797408,1.0,0.457374729692025,True,True,"[0.6836108711740323, 0.39982128711371834, 80.01676737180298, -72.18807162011227, 191.91876667653145, 0.26535722447778703, 0.6681383844076658, 226.68210239793683, -50.936335920184874, 305.1160050111213]"
960.6930435754368,11.491243439253378,1.0,0.314494143999798,True,True,"[0.6342975024621467, 0.45219316155008243, 79.22554230528546, -65.16684433937904, 192.01854282416963, 0.19987732056461277, 0.736919838088311, 223.4275559839439, -50.53143211459132, 301.71840330429444]"
955.8895783575597,11.461020275985724,1.0,0.986826916162454,True,True,"[0.6072412085057572, 0.48838771467866515, 77.91049167440568, -59.304372410721506, 190.4203126202828, 0.25114760528392416, 0.743867026396743, 220.23436967885021, -58.27495937805615, 305.15771094457835]"
951.1101304657719,11.450852049952934,1.0,0.7825767871838349,True,True,"[0.55987755495979, 0.5664695567833745, 79.11117249162994, -57.73221128875849, 188.32405356469414, 0.22818413569220844, 0.7734157737628908, 216.96159497675453, -60.520228209894086, 308.6455297538091]"
946.354579813443,11.487868922168353,0.9999608855401001,0.24353753065448924,True,False,"[0.6342818471131307, 0.5706446352430117, 77.01098259947715, -63.262930364614405, 191.76233220872862, 0.26762969997498803, 0.7165874672988747, 214.9772832597103, -53.67294957972733, 304.9747306334723]"
941.6228069143758,11.533472132879833,0.9999515707286372,0.9576881564941261,True,False,"[0.5579210432000308, 0.5505284472415519, 73.32700963141636, -65.89470579407738, 190.22541970792474, 0.26530137158613254, 0.6637458201840313, 216.77023684156111, -56.51675312047997, 303.7475053858095]"
936.914692879804,11.439372774208511,1.0,0.963376906146597,True,True,"[0.48139196204737916, 0.5144102139809877, 77.01199261916774, -64.7872397434186, 193.46097954490867, 0.32519726984459174, 0.6994614003014686, 213.02823870042127, -55.02337663715484, 306.28068531068425]"
932.2301194154049,11.407379333788196,1.0,0.10868658304237133,True,True,"[0.4740050258355543, 0.4756178099693811, 79.93031558185126, -57.10737685853268, 190.35560195367898, 0.3040517654827557, 0.700247992369921, 213.78847840973484, -51.977909913162435, 307.0186909343097]"
927.5689688183279,11.336027036955173,1.0,0.6243885249772456,True,True,"[0.40052754873713825, 0.495125722096534, 82.97721599479868, -59.102321785849384, 189.92435028264904, 0.37600796474669074, 0.6627409668027151, 212.20600464080007, -44.39254402729769, 310.1898421451266]"
922.9311239742362,11.366793500536236,0.9999666649547531,0.6785760643573049,True,False,"[0.44613982138121544, 0.5253172424854126, 85.24089854055259, -60.590679479544406, 186.435145832997, 0.3304784676138106, 0.7348490873928416, 216.19259385580597, -46.42721869161548, 308.8743219844987]"
918.316468354365,11.402394826331424,0.9999612327155897,0.5795574874307827,True,False,"[0.4181557647726911, 0.5615428241422765, 83.10748882018163, -66.43265666214033, 189.71616847253952, 0.29787196942845434, 0.777029509261397, 215.460784099576, -47.79753699200901, 311.1472821529201]"
913.7248860125932,11.396554937167203,1.0,0.25348275429550093,True,False,"[0.3715594191068216, 0.5622933459697433, 81.08961607601486, -72.72811763856232, 190.04113959211242, 0.35424978268936, 0.7237892815596407, 212.4082891638734, -54.04854780446274, 310.2978015287862]"
909.1562615825302,11.45446478132979,0.9999363057789636,0.5890075221921766,True,False,"[0.4223616289311094, 0.5121687517482708, 81.12382141077244, -80.04805255539445, 191.51301402213903, 0.381462266993256, 0.7150581010495416, 214.7240843865638, -56.71022692600665, 310.8760883256727]"
904.6104802746175,11.445993585686873,1.0,0.42432233334760694,True,False,"[0.4785944159314018, 0.5208065464418605, 81.94129429756649, -72.59000455500025, 194.28755227538846, 0.30926300749387914, 0.7922910722751545, 211.06596343553957, -60.44820624369745, 307.97318611004096]"
900.0874278732445,11.474811855245889,0.9999679833232511,0.27890389565785245,True,False,"[0.5025420093039811, 0.4780385550413083, 82.40345219488759, -72.46736648985389, 196.65837260879505, 0.277316670105633, 0.8700858031876317, 214.67339223819206, -64.31097694841174, 305.8190049959644]"
895.5869907338782,11.468996495613311,1.0,0.33645651799643805,True,False,"[0.5688628878838656, 0.42046319495138185, 83.39205262339327, -78.8943685266435, 194.49057500536037, 0.3443666814936625, 0.8559633830440345, 216.50163462379106, -59.04664253443301, 305.1996900400849]"
891.1090557802088,11.496026443614827,0.999969667530723,0.6750299706504755,True,False,"[0.6435721568422164, 0.47133416066838046, 84.51393160846696, -73.10931126722781, 190.75122404245624, 0.2800902302808175, 0.9065915285012311, 218.07927444291485, -66.41214961197562, 305.6346414850178]"
886.6535105013078,11.43439843970732,1.0,0.8977464044007176,True,False,"[0.6438082138208002, 0.472447345724061, 82.8407552329948, -65.70270688992062, 189.9530493153446, 0.315263020583214, 0.8988360420025807, 218.03151031426972, -60.27045460244726, 307.4850894615049]"
882.2202429488012,11.41236381933438,1.0,0.4466090970071378,True,False,"[0.6898486980133743, 0.4312174377572501, 82.20888806513727, -62.878667838500746, 186.52276021059075, 0.3843434105246149, 0.8213000062642734, 216.1252267061198, -53.54908079027631, 307.0493273061842]"
877.8091417340572,11.37705425049951,1.0,0.5802513505757618,True,False,"[0.7433885694604508, 0.3697128795241396, 83.53630700972236, -57.205738958734116, 185.0553835582454, 0.45889319463558487, 0.8285480730703247, 214.4022974672966, -50.974695375514074, 309.76076714887876]"
873.4200960253869,11.35884193407036,1.0,0.6613759219705273,True,False,"[0.6895865782934525, 0.3705010395371271, 85.75157836815313, -54.496816445038306, 184.4827912301794, 0.5379906553384873, 0.7727008366752643, 213.5311673095127, -52.17440905639461, 305.95080619641067]"
869.0529955452599,11.37820698052342,0.9999777173189679,0.35964666937684053,True,False,"[0.7653385806592725, 0.34613389933578903, 89.033291585209, -58.972239412578496, 187.58678540409593, 0.48097340469655064, 0.7539564678276488, 213.68899336411457, -53.737675961803404, 303.087251269776]"
864.7077305675336,11.398099867973807,0.9999769949337473,0.2989018390906282,True,False,"[0.8072326255507524, 0.2778697560255178, 86.42832623143529, -59.01676242305476, 184.6299905072267, 0.48868568326143963, 0.7651581143403099, 216.29462942605065, -61.10058137541708, 306.6821662075675]"
860.384191914696,11.34848452558927,1.0,0.6466532328308656,True,False,"[0.7622920183928561, 0.3276103285767742, 90.04728080418568, -57.905308665917815, 182.6095771506058, 0.5495528754499229, 0.8305735382161213, 213.19588397891283, -60.78984782879968, 305.6211577006699]"
856.0822709551225,11.294469209056569,1.0,0.8695571208923129,True,True,"[0.6888853232167704, 0.26675243355876693, 91.51937731696745, -52.30022603202145, 181.59144209304816, 0.6064733541869383, 0.9076219768565419, 211.82212409880827, -55.12643398728861, 307.01562203870776]"
851.8018596003468,11.279216628500295,1.0,0.5222765447252512,True,True,"[0.7587939500226324, 0.26068947952035454, 95.43462689632486, -57.326734827158205, 184.38694872999338, 0.5569583971654901, 0.9185611652421264, 209.88429127460878, -48.18369805147938, 306.4509436612503]"
847.5428503023451,11.32402444079542,0.9999471334955483,0.8428568848894374,True,False,"[0.8221843515794494, 0.29560616139422813, 94.99113335917959, -52.58359766367434, 186.76472662846663, 0.6358206488401402, 0.9098945535275986, 210.9965491911888, -51.394250185062404, 303.1834068481611]"
843.3051360508333,11.383176742314422,0.9999298590457159,0.8377117928252943,True,False,"[0.8174689841497682, 0.24956072756443415, 92.55210096242922, -54.840023177177876, 187.01576018854428, 0.7093529239805206, 0.8345089286682197, 209.8123937981437, -56.01260124006192, 302.3547609293597]"
839.0886103705791,11.37116701544143,1.0,0.893086282397601,True,False,"[0.8343916967648561, 0.18580380844905153, 95.57830059319856, -61.217009923865845, 186.38870386824559, 0.6838348308270663, 0.849424713116416, 208.19729990513216, -63.979100305578676, 302.52403956278164]"
834.8931673187262,11.34775796911359,1.0,0.5626350858702388,True,False,"[0.7565253586585241, 0.17369022029595976, 96.76548932708938, -59.64875448215619, 185.35620970251122, 0.6820554582695977, 0.773898120498185, 204.47615306687757, -71.5331821758374, 301.8626951122972]"
830.7187014821326,11.366025493541207,0.9999780102174841,0.1713996359906027,True,False,"[0.6805556402087276, 0.23220372024176034, 95.33086887517808, -58.817604087982396, 184.40692817162846, 0.717127015730303, 0.7930104916953105, 204.51650415796485, -73.16894835249087, 302.04681670233805]"
826.565107974722,11.377654151450862,0.9999859314456925,0.21936405443062057,True,False,"[0.6853902689308056, 0.283527802503712, 98.56446666403586, -60.470138736970576, 188.07913280498585, 0.7782957615847046, 0.7522907540487066, 202.67995625418538, -66.09862757919478, 299.463788206177]"
822.4322824348484,11.343715271648293,1.0,0.5979126890829608,True,False,"[0.7260631898041772, 0.30331074097516775, 100.4748561166318, -53.95310252237259, 188.29144765376864, 0.7205726785753316, 0.7674882317406422, 205.76686260886729, -63.732161694406614, 301.6334665584227]"
818.3201210226741,11.371755650063378,0.999965734805625,0.8943308157781666,True,False,"[0.7173103349943927, 0.30704252801927323, 102.72382323823356, -59.2387585473759, 187.47977441587764, 0.7949269587576929, 0.778045516845313, 205.11870126508572, -68.26695781721787, 305.0851740968836]"
814.2285204175607,11.402928881464678,0.9999617151280209,0.8407447291464701,True,False,"[0.6508669055517218, 0.2272650859550192, 99.69180626761195, -59.23220729183707, 191.31049316214654, 0.8444610180687134, 0.8225538751473642, 203.37683924922803, -62.446141037420944, 304.49936732967967]"
810.157377815473,11.415549736921019,0.9999844218450675,0.46881874144650937,True,False,"[0.6909716736236676, 0.2900536521802317, 101.9354237699246, -61.89882347520167, 193.43716573019054, 0.8258795442824635, 0.8729626388837783, 205.95086723486088, -63.835157420507485, 307.16975959090803]"
806.1065909263956,11.383683098776505,1.0,0.5322719110961024,True,False,"[0.7050872386720777, 0.3238237020148933, 100.59290850557424, -57.07073299911596, 194.888695281965, 0.8249382440174835, 0.7959647650849899, 204.57408979344527, -57.003918221715594, 304.8782697762096]"
802.0760579717636,11.358861758390333,1.0,0.9249539207201302,True,False,"[0.6616135789311056, 0.2529701084681829, 104.49358994435342, -60.556434476852516, 196.73306145920225, 0.7647349850194258, 0.8410362236224982, 208.24311333832125, -63.938517079855046, 302.6385687274061]"
798.0656776819047,11.391826053929634,0.9999586956115625,0.412854582707309,True,False,"[0.7301432638993983, 0.24733693686050096, 104.1051691832137, -60.08548386212736, 194.50310529596686, 0.8007209389842403, 0.8692989450641091, 205.45979953739518, -63.804776351134464, 300.7260935034523]"
794.0753492934952,11.383913050707893,1.0,0.5220251568590436,True,False,"[0.7042686263974647, 0.18839185071771314, 100.19366612628254, -54.7130948656341, 195.16061346500734, 0.7869839017092737, 0.8826918502658709, 206.3788929288864, -56.09340171932547, 298.17045830127194]"
790.1049725470277,11.425153866982722,0.9999478047330282,0.9967601496056139,True,False,"[0.6822527692400826, 0.19111646151999118, 101.20575538055881, -59.96345668276276, 198.96076537279336, 0.8231062907363852, 0.9041050000374498, 205.3004066983262, -51.81458713545747, 294.7162477222845]"
786.1544476842926,11.36723158268307,1.0,0.43889612905261444,True,False,"[0.7240253810339097, 0.23524413238554587, 104.97434961716375, -53.4069341812698, 202.5114587955102, 0.818664165890647, 0.8348672522339498, 209.03862316446447, -58.05964292792324, 297.15714111027467]"
782.2236754458711,11.36344634044713,1.0,0.7573296336375892,True,False,"[0.7386620407147787, 0.17230434986871618, 105.79966140902165, -52.169728632954566, 204.65075408916914, 0.7706061038312502, 0.900901365547373, 211.1735360978276, -56.92422818905776, 299.9109226481141]"
778.3125570686417,11.436282444661888,0.9999064223035042,0.7407222883908838,True,False,"[0.6948499514722568, 0.1989826464518599, 104.67509455949907, -55.39766422114393, 202.7530271644133, 0.8447986655640386, 0.9184651581961498, 212.70679721447004, -62.57022159827741, 298.17018635257415]"
774.4209942832985,11.357322798573247,1.0,0.9912491399794012,True,False,"[0.7676089104196303, 0.1968932466905906, 105.52852376336894, -52.701356938577305, 200.77992173237158, 0.7969839455732792, 0.8479140266092596, 213.79610087969158, -62.9297764149132, 295.6660734899421]"
770.5488893118819,11.37727632330084,0.999974105126026,0.8427937390677324,True,False,"[0.6975566525259075, 0.22363241768124092, 103.46735579168542, -50.01961440427236, 203.6438621285444, 0.8769097309121029, 0.8095463208072723, 216.65564888004428, -57.66470057056727, 299.27972885144715]"
766.6961448653225,11.365152642887203,1.0,0.09568982727396358,True,False,"[0.7079722635689133, 0.2680367189775314, 104.43181512680762, -54.020268380771384, 199.773582272817, 0.8692057861740088, 0.7529867325379703, 216.0346137603716, -52.89778807485605, 303.0325698530518]"
762.8626641409959,11.42523128805615,0.9999212488927144,0.4074973914968111,True,False,"[0.6439446562136529, 0.27316042200183266, 103.27779229966603, -56.282863128508865, 202.84096903526756, 0.9087857813777145, 0.8255478730961335, 214.1065102822106, -55.88823739143347, 300.5914237116315]"
759.0483508202909,11.388090927174556,1.0,0.23535043535054623,True,False,"[0.6020956331735865, 0.3159446160903194, 105.36736180902146, -54.566881957745444, 201.6611590202345, 0.8919292909589106, 0.7865357803529398, 214.46734530060778, -49.66386487926744, 297.20463378233404]"
755.2531090661895,11.393401409411133,0.9999929686306447,0.475272498433869,True,False,"[0.6007676034620112, 0.3834630581900873, 103.87377446297819, -56.251678685528866, 199.9359736094517, 0.8672946174033118, 0.8270352103456139, 213.2105508395597, -47.78393063332992, 298.021845708553]"
751.4768435208586,11.373397473947595,1.0,0.7718884934377407,True,False,"[0.5232979926556762, 0.4539939419175397, 105.58275531153313, -59.84848756856196, 196.65599918035858, 0.8363125565914158, 0.7578630052338449, 210.90742466263282, -41.08157061783332, 301.53623805034476]"
747.7194593032542,11.360617638836569,1.0,0.6356181692311673,True,False,"[0.5813795698543734, 0.4826919663926844, 104.57637468989483, -53.098480526819515, 197.64551209139734, 0.8100329539932042, 0.8310520378235884, 210.52373002753185, -39.667353403922235, 300.19293705052934]"
743.980862006738,11.391291571283514,0.9999587713855461,0.49816691069182883,True,False,"[0.6183648417613801, 0.5435940050642605, 106.96185735089205, -57.1099457218742, 198.33790942119148, 0.8690302466820167, 0.8080201313711529, 208.89020434313372, -47.31725691680495, 297.23557806335754]"
740.2609576967043,11.345530501068385,1.0,0.6888624178690651,True,False,"[0.5803938325379481, 0.5328159570115569, 108.69713114922033, -51.608427469800176, 198.91297625661952, 0.7944612250317938, 0.8481460269827886, 206.6143327686304, -41.05928396506456, 300.8918378704556]"
736.5596529082208,11.320057832715147,1.0,0.06443255112709967,True,False,"[0.6346802977584645, 0.49686167616059035, 107.99495583556383, -48.724184619666275, 197.07110638735767, 0.7713700101353358, 0.7724735135138254, 204.98027314904215, -36.610870016931685, 304.4273699605425]"
732.8768546436796,11.301640657317758,1.0,0.9321894854881441,True,False,"[0.6545497849108184, 0.5634927172277813, 108.9717722307911, -51.64848547209613, 194.1631525111661, 0.7549529815039709, 0.7571076026813269, 203.6202731881036, -30.928891278803015, 304.40639617453047]"
729.2124703704612,11.294029033903547,1.0,0.6159011999290235,True,False,"[0.5965652381225017, 0.4856734625070461, 112.83904989643919, -52.03963624088456, 194.93150584685387, 0.7157230594119369, 0.788164209316516, 201.97796330848362, -38.51519961125689, 307.8377128085856]"
725.566408018609,11.307260715096035,0.999981763818724,0.3842213231874779,True,False,"[0.5463735884140263, 0.5613186772724567, 116.23083596365116, -51.667752861497235, 195.50478972143657, 0.7353765748485603, 0.762655822121337, 198.42303007870152, -37.257504946053366, 303.8733291114134]"
721.9385759785159,11.289213726086736,1.0,0.1916495487042852,True,False,"[0.5690724681033064, 0.5528883065578191, 116.00826494191274, -58.58302758565198, 198.5973430375315, 0.6912356097038984, 0.731258585638628, 199.54964873167552, -35.90376089213996, 299.8771954886332]"
718.3288830986234,11.254535445953707,1.0,0.919782290642265,True,True,"[0.6323438778791468, 0.5974086790829856, 114.12506288851385, -57.658680833985706, 194.66635546481066, 0.6975556006392178, 0.7680464998141295, 199.35382643864241, -34.36147017621506, 298.2404527693788]"
714.7372386831303,11.256408070044646,0.9999973799859074,0.7988390084148839,True,False,"[0.5929753210664355, 0.5882019034713585, 117.1841438336383, -61.37787388675227, 194.24155204707137, 0.6729585433188866, 0.8164446241943741, 198.00831545320187, -32.611752594230495, 298.8398742160557]"
711.1635524897146,11.306117028434313,0.9999301043747587,0.7829416991700141,True,False,"[0.5141960703015354, 0.5105324280284946, 116.8971397706731, -63.22463915685251, 191.38606415437573, 0.7120317243207172, 0.8516544558513376, 196.63970200613227, -35.50565277356863, 297.98596712767124]"
707.607734727266,11.28608985858252,1.0,0.8942135203428637,True,False,"[0.49734412092589275, 0.5779066603163239, 119.2542959706231, -59.19158075170262, 193.84516330738666, 0.6892645069856266, 0.8100829081174569, 197.42886339255165, -41.499140812086274, 296.63947922293477]"
704.0696960536296,11.283914818971821,1.0,0.5981742476747209,True,False,"[0.49202963246161313, 0.5843313051584289, 118.71079726843405, -55.60360562675723, 197.5571135734507, 0.7052229640011566, 0.8866478714819771, 195.49756086404756, -37.96553163684116, 295.52784290038704]"
700.5493475733615,11.244593997453922,1.0,0.41581319126165195,True,True,"[0.5629907251655536, 0.5544394633722687, 116.94283274967833, -60.88020006579961, 194.42486506984773, 0.6409615330875913, 0.8805948128884514, 191.86196373200696, -34.96677627131604, 292.08757097613056]"
697.0466008354947,11.28565136187259,0.9999410998415099,0.41396674242813136,True,False,"[0.5975519708890391, 0.5688290644226857, 116.32612079199214, -53.42609660358481, 198.3971409019723, 0.7163199218753485, 0.8237486070358203, 188.73008698654317, -33.91111666306311, 293.1721305711992]"
693.5613678313172,11.336241256641655,0.999927060456232,0.08549941644240555,True,False,"[0.6034253178266773, 0.5654344165906182, 112.98874561474301, -57.523655182675355, 199.61620097648478, 0.7786107510237066, 0.8048759204686562, 190.2190487944275, -28.981583694340408, 294.5514291845256]"
690.0935609921606,11.327884318298562,1.0,0.49640639990429103,True,False,"[0.6383113809007832, 0.6088918416164183, 110.675017909244, -61.27125886774306, 203.48805673482764, 0.7502357880948443, 0.8757647255427055, 193.35515611549283, -30.777146315251265, 291.0148680692322]"
686.6430931871998,11.408454082937943,0.9998826682469387,0.5955617816808507,True,False,"[0.6649154560907217, 0.646050766215513, 107.11949163831069, -69.0872984971657, 200.10552748283445, 0.8218984328143926, 0.8136558799817495, 196.006446122529, -36.84108680462509, 292.21754496163953]"
683.2098777212639,11.422440964135381,0.9999795279042609,0.16907692605064206,True,False,"[0.6569747149114521, 0.6219104630677231, 108.84389289915309, -74.85205699081959, 199.4563698655586, 0.8322979142767744, 0.8640224951077408, 192.02983902709468, -34.708792290292536, 291.5336786355826]"
679.7938283326575,11.50585347037115,0.9998773048746533,0.2621326567619292,True,False,"[0.7238980114657564, 0.6667065758791096, 112.72802541659978, -76.06981225700265, 196.95529116873757, 0.8951207409112045, 0.8807885340411754, 192.79030683511402, -38.01380995091722, 293.507964147868]"
676.3948591909942,11.537493682331311,0.9999532233701761,0.983916959271259,True,False,"[0.7807087549065539, 0.6047367863136767, 109.11068476915456, -81.93253924456019, 199.4561818792513, 0.8730863252612558, 0.9170593847326259, 194.7905803795494, -40.80790425809057, 290.2843755898794]"
673.0128848950393,11.413278667496893,1.0,0.9447942686971867,True,False,"[0.7010689434076937, 0.6665412216552382, 110.54369863483953, -80.1827008787509, 202.9321866327968, 0.8178910473995962, 0.8705409444096837, 191.8936924891673, -47.28414692345605, 294.2392986742679]"
669.647820470564,11.418809812839719,0.9999917402516206,0.30267640776020655,True,False,"[0.741538182770977, 0.647502794438693, 109.88555660044662, -79.66215502999648, 204.35397491522363, 0.8177021823853486, 0.8807600589170911, 194.1967999359828, -54.20031730708674, 297.2706443331556]"
666.2995813682112,11.434743277530618,0.9999760869215191,0.23585181966603253,True,False,"[0.8011150928187732, 0.6109193707997015, 112.20086533150739, -79.32614417794362, 206.08315764035268, 0.8132096750628574, 0.8789490743898696, 190.547459362047, -48.09524318622874, 298.39777880975635]"
662.9680834613702,11.426734651467413,1.0,0.7814295698244595,True,False,"[0.8409953349792967, 0.5381582180743819, 112.09681385136813, -72.79703462209531, 202.47997403781602, 0.7604028234959412, 0.8796713970898752, 193.37910517400218, -42.46653223883018, 301.9068297816596]"
659.6532430440633,11.34527653405917,1.0,0.9663718262022118,True,False,"[0.7629030951842847, 0.5651283991452101, 114.22910830324318, -76.52904909050434, 201.0176001802564, 0.7155279444112663, 0.8419293033138844, 190.7989999406379, -36.00468229929184, 298.8167594247029]"
656.354976828843,11.391203866515482,0.9999300291347346,0.11548185800517419,True,False,"[0.7707534629794578, 0.5199953854849229, 112.9493977096159, -84.17779200077231, 197.7857856543283, 0.73382547428285, 0.8484037343737865, 189.4569953914668, -37.265958583507945, 300.76736866269704]"
653.0732019446988,11.382001056976879,1.0,0.4975898454617518,True,False,"[0.7586890299693618, 0.5413868750057813, 115.98215162263861, -81.85591917931563, 195.53642778440764, 0.7390355967353476, 0.8802638593563062, 193.16732605941462, -35.206833021881955, 297.69684406935824]"
649.8078359349753,11.348173455532088,1.0,0.9638243020294203,True,False,"[0.7497481528212576, 0.5512557401925912, 114.8042797216591, -78.99496238710131, 194.42102153265677, 0.736711786085093, 0.8170210154806848, 194.0229013743791, -40.48790388403509, 294.1826000910369]"
646.5587967553004,11.31682151136986,1.0,0.12550867456560333,True,False,"[0.7484099465900764, 0.5770817060045723, 116.93061733531425, -73.64016827730522, 197.55048421828803, 0.6866567233933196, 0.8750638032499881, 194.15382801803565, -47.24325722502556, 296.9213149417692]"
643.3260027715238,11.337013506815598,0.999968613613502,0.9597607520978796,True,False,"[0.8031720495046797, 0.5160071093113301, 114.4185977754086, -72.22067296269772, 197.19057114099766, 0.6402029622360055, 0.8112478595186207, 194.41107467942368, -39.258992880422355, 294.1176282953591]"
640.1093727576662,11.303323468919388,1.0,0.06588007179271549,True,False,"[0.744843736312955, 0.5574529978897085, 112.45154837725252, -66.76153795057276, 200.6177480750215, 0.6236617599324261, 0.7889308817106677, 195.6027809105167, -37.72069898588187, 294.6667345891783]"
636.9088258938779,11.331064230506591,0.9999564456381519,0.36493905267574545,True,False,"[0.7309334123506789, 0.4942668739838439, 109.66730608927881, -71.39240807204278, 200.49387940536462, 0.6992962706466237, 0.7912885409893129, 195.17896630012694, -44.809244812754386, 290.75752265896693]"
633.7242817644085,11.342083221081555,0.9999826124781781,0.8688631186809561,True,False,"[0.67574116957186, 0.41662515445929643, 106.006284631645, -69.26023279469807, 203.9861871884492, 0.7163036171488858, 0.7595791867957339, 193.11447063632795, -37.737361235514534, 289.5689989728898]"
630.5556603555865,11.332571708325396,1.0,0.7093820913975449,True,False,"[0.6828378518174582, 0.45800979427527594, 107.48388227792562, -76.20726090720605, 200.75316775457074, 0.6524854747786997, 0.7924725869552235, 190.67760901847493, -33.41386477599734, 292.47089916646496]"
627.4028820538085,11.365807476658816,0.999947027836513,0.9789684707612755,True,False,"[0.6963439231060959, 0.38894110718310065, 108.07158806522253, -84.18575398428474, 204.34293962002738, 0.6682300068758584, 0.7705893556466248, 187.79849462212067, -34.921906116639576, 295.98316841224283]"
624.2658676435395,11.375298162859313,0.999984797160073,0.20047560092142636,True,False,"[0.620347815818876, 0.33957137850970864, 108.87547029571432, -89.58875381890314, 200.78190287943823, 0.6318672368750746, 0.693801296777624, 185.7328337434737, -29.216211430476562, 299.57462468979855]"
621.1445383053218,11.380095852078107,0.9999922760800516,0.9095757735559564,True,False,"[0.545895453087128, 0.37046214482209394, 110.25988358586524, -86.50711161191654, 199.0062376084962, 0.6786332236310773, 0.6300908258604608, 186.46076995910502, -35.749818541100986, 299.8856080248904]"
618.0388156137952,11.377506066953309,1.0,0.21383530440996412,True,False,"[0.4735172936488461, 0.30718262192020007, 108.58154019911451, -81.20441514363169, 198.20588188427902, 0.6221824314456659, 0.5507722222336766, 190.04576290356994, -42.88037679250626, 299.6041041579865]"
614.9486215357263,11.37501236689133,1.0,0.20256507610882046,True,False,"[0.4779030030050049, 0.3524034576161183, 110.96125127540145, -77.95093838253963, 197.2291852480695, 0.6251969228602452, 0.5453566445389104, 188.63629426814558, -43.00512152832268, 297.26951099987235]"
611.8738784280476,11.424181423826226,0.999919645072042,0.17557524359806176,True,False,"[0.47561232870330106, 0.35086831539210794, 110.61822489504416, -82.82845069082106, 199.98839176639459, 0.6943943635374498, 0.5310214654126884, 188.30528303379282, -43.12686949195452, 297.3635684427326]"
608.8145090359073,11.413460162725736,1.0,0.46082200924543504,True,False,"[0.46511460171839847, 0.34897644848075104, 112.33354592887078, -81.35090955249929, 199.237595535417, 0.7556420815967526, 0.5492422125199604, 186.93964082251418, -45.78181665304263, 300.15136487608044]"
605.7704364907278,11.37910512568028,1.0,0.42866785369861327,True,False,"[0.44650052607465374, 0.2873752723704861, 115.69003407064788, -75.20477237485514, 201.74188016540504, 0.7518182014237503, 0.5089582939115449, 188.2410277539987, -50.95138431752814, 302.9473817179261]"
602.7415843082741,11.40678564210663,0.9999540767029323,0.7336713683164756,True,False,"[0.4372928234578556, 0.3260275744798877, 112.74239080537961, -73.37832265465984, 200.98397124275056, 0.7082584353439881, 0.4656391181047247, 189.1673948896465, -53.835083447394986, 299.48234166833697]"
599.7278763867328,11.413899342560505,0.9999881385232463,0.46468029082733364,True,False,"[0.504739626576458, 0.34778863992931636, 113.59518105655545, -76.0645156123552, 199.27656348683865, 0.7408830547543412, 0.49420240929592846, 192.8406119787234, -54.99774306572477, 302.4640697214233]"
596.7292370047991,11.40213161740327,1.0,0.16871943447762938,True,False,"[0.4657703765916717, 0.4151508995390061, 115.86394832000758, -69.93070876221631, 201.42341388383358, 0.7287355327982374, 0.49997046331371403, 191.79286754459352, -48.7696079069569, 300.23970924483814]"
593.7455908197751,11.344814041214443,1.0,0.1422875000090038,True,False,"[0.5213172925694274, 0.3579719978390931, 119.01588084729711, -65.95499675995762, 199.59524359072722, 0.7600352980165342, 0.5781472565876655, 193.78677074074128, -41.22747764244174, 299.4352924867444]"
590.7768628656762,11.332119688721503,1.0,0.4377713303630304,True,False,"[0.5619583891703128, 0.3114088498677976, 115.163683303059, -62.14888358805263, 203.2961487064098, 0.7118118221884858, 0.5048227008074924, 191.01960492167697, -42.62834498871455, 302.5778035446711]"
587.8229785513478,11.320597791134695,1.0,0.8919637334510891,True,False,"[0.539390038716332, 0.3352464248602977, 118.489457622263, -56.0865048766357, 201.29871084374818, 0.7264832939879589, 0.5647082158124141, 192.17578808062234, -47.753483355753744, 300.9995351428372]"
584.883863658591,11.329307484133391,0.9999851087904954,0.44230498271583063,True,False,"[0.5228945091291387, 0.3274806089193853, 120.05399281565819, -52.40948931556937, 199.8745474555488, 0.7190646423072151, 0.5101461275857546, 192.19184769387115, -51.037786148874396, 301.9058593202735]"
581.9594443402981,11.313280584122921,1.0,0.606484192376676,True,False,"[0.5378166370723376, 0.3953057891568564, 122.50646337513889, -49.77383350851871, 197.5237399278818, 0.6921607292708021, 0.5563651878247718, 195.88950710131448, -43.6776191060686, 301.7994186737568]"
579.0496471185966,11.281408738359744,1.0,0.6530748453019481,True,False,"[0.5159344711426378, 0.31996069817002465, 124.5467852058793, -45.52994893430362, 196.19283228683102, 0.6474297252959849, 0.5304514196196253, 196.49831789193325, -49.48233933696015, 302.2575670231265]"
576.1543988830036,11.248169886071674,1.0,0.8485316260443851,True,False,"[0.5750889392880858, 0.3191681838591854, 125.63072827940559, -37.595825858722705, 199.29108091690506, 0.5744432181169354, 0.5964067261479156, 194.6074425793172, -41.92343133088811, 299.2994457857216]"
573.2736268885886,11.262530234095156,0.9999749505864389,0.24959664972754114,True,False,"[0.5247198261616448, 0.27407866770073497, 123.39598575859269, -44.2145693160184, 198.69623032111764, 0.5742522723201524, 0.6343378672771227, 195.12108149186767, -36.55961729455314, 301.8373140188893]"
570.4072587541457,11.25817340075023,1.0,0.4433208792037855,True,False,"[0.4658223262204301, 0.2068025584182005, 125.78341990052083, -47.708655035651354, 201.9111449575894, 0.5268569857243285, 0.6748325991971438, 193.44682637795995, -37.79121497040356, 300.00381345991696]"
567.5552224603749,11.256742847667487,1.0,0.7862725316186471,True,False,"[0.5155451735483914, 0.21588220692895274, 126.48979580534302, -44.20664169866362, 203.01317518794124, 0.4681426159953761, 0.6172022169643714, 196.55773761890617, -35.771450915816246, 301.18376520361943]"
564.717446348073,11.24698831681826,1.0,0.38734966856043085,True,False,"[0.5316396905524994, 0.17064386843364712, 126.92765786094358, -43.13737968553802, 204.78955932532864, 0.5366475778025387, 0.688810521830325, 195.80242090922295, -42.26832884615455, 298.50133554076695]"
561.8938591163327,11.24467943408754,1.0,0.45376637322183444,True,False,"[0.4700274716072591, 0.17617500904360855, 127.95496592426592, -50.919377211523944, 208.52600265014047, 0.5272175353696944, 0.7400191449787356, 192.9824401868266, -47.63590250888913, 300.2653771065925]"
559.084389820751,11.231352855067293,1.0,0.1659389728713867,True,True,"[0.5185287023648365, 0.2105504208291824, 130.15444565571102, -51.388806089634585, 205.41326878495045, 0.5701375977797325, 0.8057933718542081, 192.65691128282114, -40.38310163842919, 299.662215323242]"
556.2889678716472,11.244557899944922,0.9999762625381545,0.9625682117182702,True,False,"[0.4869713031466285, 0.19112374487158823, 129.78618006826568, -58.27720799282529, 202.22351886749004, 0.5192505056663738, 0.7617784076832921, 192.25120073454804, -43.17050554907356, 303.26690790324125]"
553.507523032289,11.252853968162825,0.9999850119362401,0.0672609844803066,True,False,"[0.4241251972810575, 0.18043401532313946, 128.40488723750212, -59.97951648296976, 199.37590397230196, 0.5061621527255163, 0.7358859529799024, 194.88306370819978, -38.390525856153296, 304.8176714328596]"
550.7399854171275,11.241325165354343,1.0,0.011513444435903075,True,False,"[0.3668829929685266, 0.10946543925718809, 131.358878848131, -63.84357147756451, 199.4132397463445, 0.4936633938868213, 0.6894835475698015, 195.10804216070193, -36.426377706468266, 304.9758594915809]"
547.9862854900418,11.245886324744918,0.999991676542773,0.12376786078808732,True,False,"[0.3244369579951978, 0.10499043916832718, 128.07770518917232, -62.499773457490015, 197.84527938332317, 0.5683465156555522, 0.7123176602513006, 192.36003035459143, -36.74541381518863, 307.47575520909857]"
545.2463540625916,11.264739326573904,0.999965423563584,0.2814104539927764,True,False,"[0.34578816812244834, 0.15435162870001629, 131.30204939560466, -58.58456137902414, 197.03938658885505, 0.6412434752235008, 0.7038299896041894, 196.32519097415306, -31.282800367491962, 310.13755726276935]"
542.5201222922786,11.263087060155332,1.0,0.24288067585909,True,False,"[0.4163535157860698, 0.22571013341270696, 131.61841616257925, -57.19664157040019, 200.8363386415769, 0.582363707943858, 0.6580766874985072, 200.28703587085803, -31.331210547389304, 307.2242514294388]"
539.8075216808172,11.249796448277225,1.0,0.3652278953073993,True,False,"[0.44918772787433014, 0.21918640933298988, 132.43044833340838, -49.90966194054162, 203.28524555297702, 0.5236172195874683, 0.668373646422183, 197.72020448416959, -34.46695781755672, 304.8466717716659]"
537.1084840724131,11.25636685912649,0.9999877671441495,0.26187781343182137,True,False,"[0.507258427877731, 0.2344454877027444, 128.99190262027676, -54.35483742662868, 203.6558899077721, 0.511556929998633, 0.6868688828808882, 193.91747022031737, -42.22221789177361, 308.5552351708345]"
534.4229416520511,11.268952251403745,0.9999764507787602,0.6828872952185601,True,False,"[0.43238115169207353, 0.29747852313169854, 128.200074658446, -62.00643656434722, 202.29846205365848, 0.5793704484095237, 0.7195035708114033, 192.76148132684673, -35.302205513905314, 305.5723974790438]"
531.7508269437909,11.279306835638378,0.9999805275649888,0.3680220937976477,True,False,"[0.4513028680858585, 0.2237186853946585, 126.58489037922746, -68.6674238906353, 201.1558169045073, 0.507199450081293, 0.6562924254226751, 193.7993721812318, -40.53983660833546, 303.68842525860214]"
529.092072809072,11.276001260565815,1.0,0.7385793885900301,True,False,"[0.518942949347467, 0.1614332526205072, 127.33915283539416, -74.13259472531954, 201.02444413328953, 0.4928883967519768, 0.6216525243653108, 197.26595894481346, -32.99436727161364, 301.04569041446325]"
526.4466124450266,11.281655204718932,0.9999892602333107,0.25409693065101147,True,False,"[0.5128134481985291, 0.15349815390116453, 124.17550854417837, -76.32946619682313, 204.44588351398608, 0.5722264578623256, 0.6741552049268343, 194.0944503006385, -28.3410326287277, 300.24687956580465]"
523.8143793828015,11.28509376217966,0.9999934355636081,0.34148101624890725,True,False,"[0.5554711569625204, 0.21741887977887042, 120.70384996081641, -69.98848096660676, 200.7722674718079, 0.6092613355338473, 0.7450483753170306, 195.53528495287412, -28.16127419358648, 302.62405585200923]"
521.1953074858875,11.263337835104718,1.0,0.7092841968307468,True,False,"[0.6150487605411445, 0.28334759557780614, 118.4929739278326, -62.66488865157744, 199.15746034337548, 0.5466016702133929, 0.7994141335546532, 196.11811685370722, -29.20393856488814, 300.54150027880513]"
518.589330948458,11.264879551523972,0.999997027100182,0.8204731192942073,True,False,"[0.6228069632183055, 0.2584072689790295, 121.50859230321484, -56.25744781984191, 197.84366116037663, 0.6000275956574814, 0.7724051799837621, 193.86945077824635, -31.2355943475656, 303.4699438347797]"
515.9963842937158,11.255984272344612,1.0,0.41174080574661054,True,False,"[0.5661792566455899, 0.3315648221806884, 125.15304607287715, -59.97988104767357, 196.13616788079904, 0.5257239976739261, 0.755195806610541, 194.21907628972318, -34.2948435915923, 300.56486561821407]"
513.4164023722471,11.280522684085991,0.999952206775556,0.9655112938651083,True,False,"[0.5313141351705098, 0.2552205889808882, 122.58624948411413, -64.56026988280877, 193.19632488012797, 0.4774581284210142, 0.6795459548616415, 193.98880684402246, -39.35953910276878, 297.5497058402416]"
510.8493203603859,11.288231544266964,0.9999849098320981,0.04046612621480805,True,False,"[0.5154293950664216, 0.27846620966947233, 125.15970949404726, -70.1393455639961, 194.9019487477846, 0.4269757972961133, 0.6349970329157663, 190.60143171387912, -34.29905155817046, 301.3448797950203]"
508.29507375858395,11.28872691322116,0.9999990254308209,0.8475035902601469,True,False,"[0.4953016331303514, 0.3144816970913513, 125.04446970501685, -66.81457887313996, 197.45819816344425, 0.35748942764792857, 0.5993825900160622, 193.81640775461238, -27.27477382119163, 303.0066049086655]"
505.753598389791,11.296117662248808,0.9999853867672921,0.9905472429403619,True,False,"[0.5129191820791003, 0.2610253765504611, 126.28785639336904, -67.58099409621538, 200.84089097789453, 0.3263516769910695, 0.5326322111430983, 195.9326461912941, -32.23599688208503, 302.763049758721]"
503.2248303978421,11.30369331945004,0.9999849458935229,0.7192671813088786,True,False,"[0.5240075464174592, 0.21249753931979823, 125.49293580562856, -69.00442394260108, 199.52355624868056, 0.29516008931102033, 0.579716102194686, 192.39724587375946, -30.366346122143753, 301.4885348319353]"
500.70870624585285,11.324178922286773,0.9999590876221623,0.7008006611001005,True,False,"[0.575398436659499, 0.27386862832281733, 124.97366512438126, -66.28450781958107, 200.53341392149142, 0.22780122323694307, 0.5022023555128159, 195.4708054971071, -32.76489468524146, 298.3836093311833]"
498.2051627146236,11.339414965145012,0.9999694186029621,0.188377751236936,True,False,"[0.6292250332463641, 0.33556795885406976, 125.8426205410224, -70.90293471773435, 200.6203423491523, 0.24625903540822805, 0.4522809125953721, 196.65948381508247, -33.37679865947096, 299.52094926397814]"
495.7141369010505,11.352154275075826,0.9999743014263851,0.900217772672047,True,False,"[0.6345184157797127, 0.28656641930016513, 122.76868703092627, -76.58512363380324, 198.64670443386458, 0.2312631325521348, 0.45682249919828083, 197.39923206955947, -35.83145811638228, 300.2579487428649]"
493.23556621654524,11.350563403368072,1.0,0.8846044437939143,True,False,"[0.6275833595061354, 0.27447539192153747, 121.0022189041191, -69.445590347716, 196.32698233548078, 0.29170820943512654, 0.38583079278978616, 195.7962296370399, -42.54423335812822, 300.4543858910649]"
490.7693883854625,11.341657652495055,1.0,0.21608680269952552,True,False,"[0.7024665779829543, 0.2056196562909013, 120.93124608438579, -63.75837431152215, 193.64394053453498, 0.27938901330071503, 0.3143968756043461, 197.12031844636041, -49.07612456409455, 301.08841192502024]"
488.31554144353515,11.324314918567502,1.0,0.09594297285007691,True,False,"[0.6338641217987557, 0.14925884521115196, 122.58104276582715, -61.361399664462525, 190.66175180524073, 0.30470977824239126, 0.2843387294575607, 194.10405155898226, -52.35508584047786, 299.5509505239781]"
485.8739637363175,11.318392179094145,1.0,0.6346662645326407,True,False,"[0.5985025382275778, 0.17349273051524253, 125.07481051604631, -55.08241727585029, 191.2495128348318, 0.35886495781601013, 0.29323758318920773, 193.03330811868832, -57.47369711468539, 296.6758870304541]"
483.44459391763587,11.276358070465044,1.0,0.628445729765639,True,False,"[0.55050142409147, 0.10396581714961622, 126.15323647763536, -53.93613516837928, 188.79019096838638, 0.2870086185808949, 0.32575812730988546, 194.64323768661924, -56.78146894444789, 296.46125884913874]"
481.0273709480477,11.254770653122755,1.0,0.6899204385440308,True,False,"[0.5277105646754638, 0.11354618443477534, 129.50097772049685, -47.15305900005921, 190.6727448263662, 0.355086713500787, 0.34560285406448976, 196.9934075747451, -63.646024433537015, 296.4858099373472]"
478.62223409330744,11.278388195405139,0.9999506563675742,0.45206765893626033,True,False,"[0.577114728112069, 0.13289863792023415, 129.96916547917724, -53.071241588257166, 187.1619061535593, 0.300604664526882, 0.40318066903082733, 198.45509772420434, -57.04135514357437, 294.33514937445085]"
476.22912292284093,11.287586158666613,0.9999806860311689,0.30688082084555324,True,False,"[0.6477803142362238, 0.20601331294124647, 130.51607143053846, -48.284605656925265, 190.47976002645723, 0.35363874299550585, 0.45639032199192175, 198.49872629991157, -54.59605939590157, 294.7435726970425]"
473.84797730822675,11.28460260180172,1.0,0.12551267655965637,True,False,"[0.5889626091888478, 0.25878700677543026, 129.6809792598085, -44.6979960344661, 187.1150808115181, 0.3954856069210259, 0.44094151858135644, 194.68128643838568, -50.300839587076, 296.95007758329126]"
471.4787374216856,11.300508302274396,0.9999662647943212,0.4406894436888237,True,False,"[0.5498419171928344, 0.29149628993239285, 130.91425297063094, -44.15222996645126, 190.19930581340992, 0.41055303628958917, 0.39636992482434674, 193.85097397617565, -54.52675637726117, 299.37033287295816]"
469.1213437345772,11.286241368416237,1.0,0.9488830636140683,True,False,"[0.5797285132896031, 0.25361239014156084, 133.74057282987079, -52.140637024648, 190.25015462766433, 0.37612465353231406, 0.4461796947367029, 192.47940244095398, -60.43656555590997, 299.411586343123]"
466.77573701590427,11.293839587415253,0.9999837220391838,0.23968263398985779,True,False,"[0.6049906721671908, 0.29088908376333633, 131.4850202876134, -58.903471395319784, 190.12923426223773, 0.4252131803323966, 0.4539162179738307, 192.69140860285492, -53.000505026156226, 297.3963354699404]"
464.44185833082474,11.304324232184662,0.9999774255351057,0.7947189758051598,True,False,"[0.6581602286447997, 0.2757834336912128, 132.4920023369059, -56.116019842142094, 189.8705878753977, 0.4070143576716009, 0.4256043849444117, 194.62111502664249, -48.708381318859104, 293.4047772711995]"
462.1196490391706,11.278042367242357,1.0,0.20125409465987232,True,False,"[0.6436560087051647, 0.20506097723343675, 136.0866723358002, -53.45017500846612, 188.90033778243398, 0.4589132005030183, 0.38806127364265497, 192.2328615427067, -43.42910551589506, 291.2670983698527]"
459.80905079397473,11.256611827020539,1.0,0.933821194381892,True,False,"[0.5990106883094565, 0.15543915910637146, 133.92775403028338, -53.9342045214692, 185.79506273495187, 0.48147747984638056, 0.3109582206142551, 192.2137606415627, -49.842612219232315, 295.0879566003195]"
457.51000554000484,11.226567129799136,1.0,0.7259865797527856,True,True,"[0.5660390323076488, 0.13507272675997828, 137.7557842031963, -47.852211068295446, 183.56985571980857, 0.4808846301245459, 0.2755220345256403, 196.04734205841243, -45.78933029481141, 294.71257037800507]"
455.2224555123048,11.237734492369942,0.9999754686407497,0.7743686954332444,True,False,"[0.5660148194361442, 0.13285184989595017, 138.85336569012455, -52.985357454140605, 180.00737778497682, 0.45491762852516254, 0.34071344785732205, 194.78591168165875, -39.5406872291711, 293.6104189071099]"
452.94634323474327,11.238722612362285,0.9999978184636452,0.616702370055026,True,False,"[0.5603541824952414, 0.12196154765262103, 136.30610148226089, -52.01352889761209, 178.92138797237192, 0.4744519594526403, 0.4066440157074366, 191.3251197559309, -38.72582887047317, 289.77158347163567]"
450.6816115185695,11.243718591472657,0.9999889146765885,0.3107563043342112,True,False,"[0.5936424168780263, 0.16991292666312605, 136.3308086596053, -53.18589353642511, 180.5316964286733, 0.5258356297612089, 0.40401611143566774, 187.8997367622188, -34.6142233959892, 287.59564994554665]"
448.4282034609767,11.271751232283918,0.999937488845685,0.6515005674367017,True,False,"[0.6060836804040044, 0.21833537309326678, 136.37542269058702, -48.686238281172606, 176.99354918252465, 0.4541586184523615, 0.39282095409235485, 187.3234035594283, -31.477098302130585, 289.15963489801493]"
446.1860624436718,11.27324199066188,0.9999966588918546,0.21726379955996045,True,False,"[0.6589839108420864, 0.16939146477068612, 132.74642382149676, -44.947384783052684, 179.8440826415205, 0.4900062761697166, 0.3598924775707113, 186.33290275488037, -37.673629951530856, 285.75123416058216]"
443.95513213145347,11.31159328041159,0.9999136182228248,0.68873990085406,True,False,"[0.7175259659590252, 0.18616260391703882, 135.1314714296729, -49.419273375142126, 178.08691432831566, 0.4642924503776289, 0.29892383816863277, 183.56248706460107, -30.29910389586467, 287.85685083406327]"
441.7353564707962,11.32229719881606,0.9999757687752121,0.5749891994233142,True,False,"[0.7491391031480459, 0.2511952621246184, 138.16119617796141, -48.52665910429043, 177.1125643177914, 0.46019882380253363, 0.3045504427402404, 187.3475837787775, -37.299307346402735, 288.23431894764616]"
439.52667968844224,11.341809528830069,0.9999556070249946,0.279265964793742,True,False,"[0.7716840381860001, 0.2734614069915496, 135.43288646675643, -49.15211186183065, 174.9981070340486, 0.4806838944163252, 0.2681576802307745, 184.9735606263971, -41.801252535325375, 288.7883570733599]"
437.32904629,11.347002379007154,0.9999881260588765,0.9756408754376565,True,False,"[0.7472812681018456, 0.2167825574003951, 134.28197345294313, -56.21682021482431, 177.2229257893931, 0.5493431897622171, 0.2915023544690994, 182.95824127592354, -41.758228719965174, 285.1521576102914]"
435.14240105855,11.353097927442356,0.9999859919287873,0.9366000591189048,True,False,"[0.7264206086699313, 0.23578007656471273, 131.80173576874313, -50.00883125792788, 177.49068501461403, 0.4870128085749917, 0.2756645980218398, 184.1021830000078, -48.74459525455372, 281.53834591469325]"
432.96668905325726,11.338544369119642,1.0,0.24197007819857297,True,False,"[0.7149577428326869, 0.23274507916569376, 128.29310269057507, -44.587355992536956, 175.11886643942884, 0.5497813243529924, 0.32386370320033164, 184.3828729025348, -53.63998199767711, 279.33274840259037]"
430.80185560799094,11.288565330904342,1.0,0.9648387591831099,True,False,"[0.6710924325224108, 0.17795387256987252, 130.3313076461468, -49.818228919792695, 178.3269581748048, 0.5124708882665301, 0.33800344332176424, 184.68807221097978, -61.034978970819495, 279.5163940605049]"
428.647846329951,11.285805784053451,1.0,0.6389831772365677,True,False,"[0.6517650372252354, 0.18439986621673718, 126.47255104287052, -49.33660210357211, 180.25722460793196, 0.5468538886332125, 0.30531965968704683, 181.95015196971053, -67.6134579530518, 282.3106146670176]"
426.5046070983012,11.272585795784451,1.0,0.42340798865762463,True,False,"[0.6687338690698748, 0.16912058968531452, 128.1299816537675, -52.9141241347685, 178.3681978723465, 0.5621813553199405, 0.38092397781295584, 178.13159479290331, -61.549373157380145, 282.6049992877073]"
424.37208406280973,11.263687842354738,1.0,0.9549041475385094,True,False,"[0.6362456457562335, 0.11896960818090904, 126.14276194511876, -47.188854973939826, 177.42787163084554, 0.5274590274612732, 0.42557065408048533, 177.79250429127364, -62.29274705565684, 284.8650263958571]"
422.25022364249565,11.27852181710493,0.9999648698488285,0.2725952265453785,True,False,"[0.6767159459682667, 0.1866896541525182, 123.2002046973303, -47.60786377167827, 174.80316283909045, 0.5963887067284238, 0.46861682743130423, 179.974366549399, -57.73359649458558, 286.99100063174467]"
420.1389725242832,11.290756776222409,0.9999708792048088,0.7276792794857149,True,False,"[0.7485725363106356, 0.23249122309523407, 121.78339914133447, -45.80829516488195, 171.9396013683881, 0.657340217078218, 0.5141696355784354, 179.14429137783142, -53.84552959747781, 286.7611639284274]"
418.03827766166177,11.308096761961195,0.9999585214391982,0.936808781579044,True,False,"[0.8230007098261752, 0.22311740408393943, 122.60128416190535, -49.36537420517611, 171.90965339772356, 0.7210590996810222, 0.48325425254525567, 175.9325312962716, -61.577167289137265, 285.80271895542717]"
415.94808627335345,11.313281601485603,0.9999875349655862,0.48241439242660644,True,False,"[0.8371708240665472, 0.23365027212132414, 124.94334997399667, -49.24240314071814, 168.00049494892863, 0.7192869927963685, 0.5159124837629878, 175.88818615133601, -58.1461025752573, 283.29632111284485]"
413.8683458419867,11.305644638584289,1.0,0.18076001698236877,True,False,"[0.795960765709822, 0.19752618087096085, 125.2706145584566, -49.413877429431466, 168.17061196018398, 0.7888932276346723, 0.5382467515778444, 173.9393515831751, -61.26170049687413, 282.6369653359997]"
411.79900411277674,11.320925822893706,0.9999628923318646,0.12630559837140776,True,False,"[0.8622029860579454, 0.1435461615310383, 123.3199958044878, -51.34824950438462, 171.37465142006153, 0.8674318292177042, 0.49184483537496154, 172.54647272834927, -67.31700911462272, 280.63889240973623]"
409.74000909221286,11.33285657350002,0.9999708825678617,0.37150304428514447,True,False,"[0.8266901305549637, 0.13500358444016575, 119.81023668730602, -59.09236856951268, 173.73874450866518, 0.8540743782978198, 0.5477715500871986, 173.45566888732708, -74.00583130949467, 282.5254235366167]"
407.69130904675177,11.317378437385985,1.0,0.002270023191918824,True,False,"[0.7808390780393474, 0.11965821755244523, 122.2257994260949, -51.759090694397045, 170.47641132636306, 0.8385447857710572, 0.6106537135201834, 174.74581573120489, -74.14496172135316, 279.97632162601406]"
405.652852501518,11.313757888153468,1.0,0.5733367485664475,True,False,"[0.8154382311700831, 0.11654934296917459, 123.27440247627644, -58.626132836239215, 172.9816675320226, 0.7898753314771163, 0.5634559270728818, 171.88295763251156, -80.08015909686367, 280.4916948282209]"
403.6245882390104,11.338258312925854,0.9999393008208595,0.7626451465154934,True,False,"[0.8313075229393796, 0.19595957137329548, 119.46558353450133, -64.03524590859666, 173.8436026373158, 0.7335324329498714, 0.4840455665896615, 170.96850742672174, -72.61494226502143, 283.3413885872342]"
401.60646529781536,11.327788184483433,1.0,0.9384706311122414,True,False,"[0.8240809347143303, 0.14135011401162312, 117.08947867620527, -57.60713496226957, 170.88374327920215, 0.8078563901820065, 0.5246719725978868, 172.75913536062507, -73.06755989075967, 281.85870630074686]"
399.5984329713263,11.359008765243335,0.9999218731641931,0.868588784827845,True,False,"[0.7574295530211671, 0.1585096366788477, 115.94332585767857, -56.21942039256397, 168.00406087671274, 0.8619694092166131, 0.6025199356290862, 169.8724914275317, -76.4437981361544, 284.3277392867674]"
397.6004408064697,11.330602614691468,1.0,0.3811164598168395,True,False,"[0.7010092760933829, 0.1306441960332252, 117.78580983164369, -61.216723574615926, 170.70242909001755, 0.8291970767381585, 0.5258975383574165, 172.63316506105178, -72.20957059351448, 288.2019305299283]"
395.61243860243735,11.332743434360296,0.9999945886082754,0.7370333655920159,True,False,"[0.6796351848444282, 0.10866917260391891, 114.96438976403275, -62.64310252086328, 172.21606698620818, 0.849697522750029, 0.5084889256456657, 170.16808121289745, -69.34291159953554, 288.9125680184889]"
393.63437640942516,11.349746677226957,0.9999568054096416,0.1820868987426968,True,False,"[0.6438130454602247, 0.1414919189891414, 112.09886903132072, -67.04919782219004, 169.37772616489215, 0.791253069988605, 0.43854200630544227, 172.7665304209484, -70.35430660316092, 290.6558922930224]"
391.66620452737806,11.400468101802087,0.9998705067226219,0.3194883946586563,True,False,"[0.7072217395768299, 0.19153827711448385, 113.78795318670458, -72.53782160891448, 169.79683854804583, 0.8683338127467765, 0.4430866107440921, 170.42170716369833, -63.44207101654742, 288.0192980764764]"
389.70787350474114,11.328743209898928,1.0,0.9815700103301592,True,False,"[0.7751284620597954, 0.14416518606768924, 114.25010664818159, -69.21031926723657, 165.87236845996142, 0.7999016413128193, 0.42500198398525424, 169.26475533924335, -63.952686816344425, 287.1557787300238]"
387.7593341372174,11.368180023898038,0.9998983008140683,0.001943904334427038,True,False,"[0.6993209332722637, 0.18064172556856029, 114.19852057266496, -69.73039138421836, 166.30695669613755, 0.817358501100537, 0.46945139785887124, 167.62580328372664, -71.61016568152064, 290.33686396182793]"
385.82053746653133,11.381184451889554,0.9999662946692356,0.9853658429912167,True,False,"[0.6670231051722151, 0.2107398654503398, 112.70539616972297, -73.93326513353345, 164.79289515625877, 0.7739062882156209, 0.46707035430997296, 164.86004332022168, -72.7830952884552, 292.86653478658303]"
383.8914347791987,11.487920336530777,0.9997220020086295,0.006381869426273612,True,False,"[0.6320009640613652, 0.2812298788980714, 108.89921223469625, -79.20419594894796, 164.08889194941813, 0.7971619642012281, 0.4728747816271516, 167.8662325821932, -75.0697740495308, 290.2212355859809]"
381.9719776053027,11.527662189675793,0.9998959615152472,0.23824455770724007,True,False,"[0.6000181359507023, 0.2207038659860689, 107.46854613507142, -77.91508838599793, 166.49929878558166, 0.840573922542245, 0.39497543525098877, 163.90118234412296, -80.24263472038965, 287.80987019354035]"
380.0621177172762,11.461841739872469,1.0,0.24824531386751303,True,False,"[0.5855994284100329, 0.17459770115458756, 107.43589000892091, -73.07279956813859, 167.0198318725722, 0.7908832505769887, 0.3583379906990978, 166.86054662519138, -76.97435041503594, 286.0726738234512]"
378.1618071286898,11.520800099248564,0.9998441043953387,0.0817035288781971,True,False,"[0.5111532728020728, 0.24169378594964497, 104.83245721733127, -74.28666605857516, 165.29037776307752, 0.8321969522049679, 0.341797574749733, 168.8554232986737, -80.47046582572125, 285.0317716163739]"
376.2709980930464,11.50396668976466,1.0,0.31576979229697044,True,False,"[0.4723974350199553, 0.19868419213672026, 105.64267781213898, -78.40704724969194, 163.7024361154191, 0.8611016440745823, 0.38778171688184876, 169.77273688981737, -76.82251209591703, 285.62477943137003]"
374.38964310258115,11.48730559066325,1.0,0.9529103385567842,True,False,"[0.3961961180781305, 0.17957101434007336, 105.10664120418825, -77.22503048810277, 167.2010144170815, 0.8641492067734275, 0.37322587069965363, 168.57907702800173, -72.27993203284768, 286.42954287111763]"
372.5176948870682,11.449826553998601,1.0,0.4485343270455374,True,False,"[0.3795505436694378, 0.11468626936176173, 103.82627691800943, -72.12647131682218, 167.71352820200934, 0.8888727644693364, 0.34255831037342027, 164.62286899029033, -69.59443268348836, 289.8796305966377]"
370.65510641263285,11.475474585147285,0.9999308059073013,0.4269884163391239,True,False,"[0.42994285776636265, 0.17363465811496984, 104.82150674430734, -69.77204045561575, 166.74301985283967, 0.860659443101532, 0.2914177398526351, 162.30112687408757, -74.53466891260744, 288.2789783422262]"
368.8018308805697,11.470808898673578,1.0,0.3533308028876826,True,False,"[0.4119871791739964, 0.1671781809471169, 104.86274115349907, -73.26795552028882, 166.79771509715053, 0.8316967482593133, 0.3375440971350582, 164.10234736083254, -74.43813016370876, 288.4110100874065]"
366.95782172616686,11.522932701117242,0.9998579670533735,0.425311948520252,True,False,"[0.4075943294796084, 0.22012024874760383, 104.6657111967323, -78.10049960226374, 163.92594623935207, 0.785577742552109, 0.2918686913392707, 163.49672413044166, -78.38844516955464, 288.48611679209984]"
365.123032617536,11.533646337241866,0.9999706578934046,0.9661048961288933,True,False,"[0.3507554759502853, 0.20369166207232645, 106.68163226786498, -85.35765973275237, 165.96138285896592, 0.8069701670816339, 0.35293858777468123, 163.6326094112272, -73.71632044531255, 285.0620505187672]"
363.29741745444835,11.510871146546442,1.0,0.479377590707494,True,False,"[0.3498861327083165, 0.15133726387553112, 106.63488171402147, -83.17327590034003, 163.93118264296217, 0.8657303814531735, 0.33343658631401984, 164.49176408776816, -77.35787515861664, 285.64493887718595]"
361.4809303671761,11.597286701997323,0.9997609687821045,0.7082958206521209,True,False,"[0.4238503985540898, 0.21495044760699306, 104.48560789676199, -90.6961330340663, 165.69200405804472, 0.79822624842471, 0.28102452091872365, 163.76852327173341, -69.59799327842306, 285.94241938110144]"
359.6735257153402,11.625666330761504,0.9999210992549254,0.10413353126925806,True,False,"[0.43583336602289724, 0.25271088812789744, 103.17960258059907, -92.21497536171033, 165.2822793432626, 0.7902261201200136, 0.2417803097110075, 161.75178908994965, -70.5516212556376, 285.21174399845484]"
357.87515808676346,11.64126670485149,0.9999564092848602,0.1388590619103881,True,False,"[0.49574837923426396, 0.22213749134358235, 101.86514125933985, -88.75407747794459, 163.30846813937202, 0.8132753455007227, 0.31328855464394006, 163.8700633982458, -74.63975007055978, 281.3957223800259]"
356.0857822963296,11.58389692678687,1.0,0.6595127659560769,True,False,"[0.42315177523996617, 0.17216849318007965, 103.38423781436573, -89.91835772788889, 161.46300652096352, 0.8225991710414332, 0.27514648760751764, 166.87281891303638, -69.73772661774257, 280.38510718184835]"
354.305353384848,11.611124075015647,0.9999231563908388,0.3892075594950778,True,False,"[0.39806925297253865, 0.1713679980272319, 102.25619401224094, -89.61857945032958, 158.28246359820838, 0.755510615146747, 0.2502943385195761, 165.87488651174766, -73.70569790686383, 279.1374495253461]"
352.53382661792375,11.558508683903662,1.0,0.7318719152863182,True,False,"[0.3501064417588526, 0.2397216334052341, 103.87538284336989, -81.99578046643592, 159.57433263594237, 0.7341722917856548, 0.3038161064835854, 164.97945853236536, -74.67276520977009, 282.44067955584285]"
350.77115748483413,11.640070442523685,0.9997675057507082,0.51094114290243,True,False,"[0.42736353032325436, 0.20573400252341323, 99.91184690138446, -87.07942413600472, 161.15109992383964, 0.6984189160825109, 0.37867294277805724, 161.61122987250252, -81.15535231377928, 279.085307138431]"
349.01730169740995,11.618457968818168,1.0,0.004403152899198792,True,False,"[0.46939854247108215, 0.16233237526867572, 97.4726095438171, -91.61957809137805, 162.41259675236194, 0.770160092872586, 0.44703522417276786, 161.00941011088858, -88.86965358006589, 278.1050255748382]"
347.27221518892287,11.617140997871008,1.0,0.5300634389832958,True,False,"[0.4168111391248876, 0.1859543309567434, 96.55410502734483, -86.51329253674518, 159.27087271799667, 0.7366777122222796, 0.4482270963131559, 164.47959056735428, -96.41866500504693, 278.95452838547357]"
345.53585411297826,11.607412950153492,1.0,0.018285605309189545,True,False,"[0.41024801841206077, 0.21487858066552984, 94.76890177978906, -81.93690655762666, 163.1456333114054, 0.7299113089151339, 0.44757014529580696, 164.71209130868218, -96.63477492310224, 276.2352941854787]"
343.80817484241334,11.510866276663428,1.0,0.3856594173354655,True,False,"[0.3851666925660183, 0.2031808749103441, 97.81864865271653, -74.08920794653604, 164.49086388457087, 0.745696480641373, 0.5256370628676883, 164.71335999107612, -97.33173321152461, 276.2997109106983]"
342.0891339682013,11.46563251045896,1.0,0.5012694097107613,True,False,"[0.44644785444748436, 0.21039137904406052, 101.46408212580911, -69.19717486289179, 163.83726332743936, 0.721949781311489, 0.49382005145361224, 161.99748807347706, -89.38340342674282, 278.6858325428436]"
340.37868829836026,11.42986261212862,1.0,0.8932241768837954,True,False,"[0.5113230859313832, 0.24050651491580888, 104.62709719091227, -65.86237762318842, 166.04028051308885, 0.716479392328447, 0.5596615639281788, 161.6136606748407, -96.36593912633334, 279.5866576225068]"
338.67679485686847,11.38926520185,1.0,0.7405776225673535,True,False,"[0.5589202224406493, 0.17648743747290604, 106.64330828484574, -59.499602476939955, 162.72345045981675, 0.7256697749766563, 0.5652579144721566, 161.64126776346774, -96.65764950746811, 276.48294669823684]"
336.9834108825841,11.36682152428559,1.0,0.2911977938393898,True,False,"[0.6335873477437631, 0.2046856500066769, 109.48895832316343, -60.20500731855614, 162.02265499118218, 0.6548843044067258, 0.5505849495955174, 160.07566673761073, -102.11970898875859, 275.1370443417153]"
335.29849382817116,11.361072203237965,1.0,0.528600574977664,True,False,"[0.6819016206990952, 0.18713030358833344, 110.8287891696175, -63.83047510854144, 159.0576404569535, 0.6556925029235849, 0.49254037589080285, 159.65731429997126, -101.40614805939957, 272.33758263336284]"
333.6220013590303,11.35027960044598,1.0,0.8525537347237193,True,False,"[0.7069229256757313, 0.2304579458995209, 111.54663482219988, -59.39401474992031, 155.3080247392415, 0.6261075994997989, 0.4426817510964081, 159.42616625543545, -108.22853924354153, 273.0702031409717]"
331.9538913522352,11.334445928737171,1.0,0.6380474529696961,True,False,"[0.6671519485234033, 0.2429101633616622, 115.14478951523998, -66.12989320483933, 153.66156679884716, 0.6187608128805956, 0.44118671802422954, 156.05509814377578, -101.12631991131977, 271.1469186340897]"
330.294121895474,11.3443299654671,0.9999700754927607,0.7713953367205079,True,False,"[0.685940249088248, 0.1867725020723321, 116.44571031980983, -66.86600431439147, 155.12531127174873, 0.612957622018186, 0.4242918993333955, 154.67084411744355, -95.691711863881, 268.9281420269217]"
328.64265128599664,11.306138780996932,1.0,0.7084983917269022,True,False,"[0.6777081000018447, 0.14706875690219842, 114.23960129853594, -60.78203135819219, 151.92878750166113, 0.6580763245420569, 0.3562434530833619, 154.54953853781015, -96.30619286238914, 266.4891127291662]"
326.99943802956665,11.353046903460001,0.9998565601261651,0.9228637092010717,True,False,"[0.7348492168694613, 0.13452121641986578, 111.801614218438, -61.1038304735401, 152.95473500863605, 0.6007772452037166, 0.343196416477346, 152.62219213374476, -95.12154381470936, 266.6943828337503]"
325.3644408394188,11.395150268546855,0.9998706046643266,0.8901167030738797,True,False,"[0.810835374658151, 0.11461424547602875, 108.91723421035326, -55.26567593232388, 155.663546599657, 0.5743450102402539, 0.28252110545487275, 151.6433813520199, -87.74298494439756, 268.22247840901707]"
323.73761863522174,11.493886414659034,0.9996950583272332,0.40907715500023,True,False,"[0.8647340222164543, 0.18108092812784277, 109.85822131476702, -58.70305840132922, 152.13898812806173, 0.49744158768854835, 0.2893759195892911, 150.09785027996963, -87.30117477425372, 267.4776116782609]"
322.11893054204563,11.513463757936758,0.9999392250920083,0.186504925785545,True,False,"[0.8091294596803119, 0.17132252094590125, 106.4919697992537, -66.45223364635213, 151.423838863291, 0.5468749025554003, 0.23405743777310495, 149.47586246737853, -83.63535030437848, 266.4498782237462]"
320.5083358893354,11.56402134001353,0.9998422705773858,0.6843564055363135,True,False,"[0.8434685783592498, 0.201747772877358, 105.07655630584955, -62.66706644504988, 153.0188187698764, 0.5688208674977082, 0.19444801739201054, 151.21708569718524, -76.90324424197875, 267.71626030910477]"
318.9057942098887,11.46348297865399,1.0,0.6231817513425522,True,False,"[0.787516485563047, 0.13445665986918157, 105.11086704180576, -55.176122534154, 155.93970936556008, 0.5666698667601221, 0.19871672681911592, 151.53744639658527, -77.19832760336344, 267.3050498860703]"
317.31126523883927,11.490549885094472,0.999914702832758,0.893510318848101,True,False,"[0.8500509280664122, 0.18897550425363496, 105.05183486963733, -52.82230553176248, 156.475668797048, 0.48972923132431523, 0.20884662820104477, 153.14604478155144, -78.43026953030503, 264.8110956306924]"
315.7247089126451,11.487367905999562,1.0,0.8688245706876027,True,False,"[0.8585322012332469, 0.16397894447030656, 101.84678617266727, -48.34389726666024, 158.82661434579524, 0.43580305864995866, 0.1580993219340005, 150.49089880728863, -80.32656924939222, 266.5890829569332]"
314.14608536808186,11.452745828769782,1.0,0.7588221129289082,True,False,"[0.8448996826277932, 0.13857911984421117, 103.96599613237079, -52.108367509472, 161.65972622848366, 0.4658442243000191, 0.09944646218084195, 152.83081398171007, -76.32919378230504, 269.4272429023488]"
312.57535494124147,11.465340028066016,0.9999597090897296,0.03573665997346265,True,False,"[0.8287892413497596, 0.12061607432209931, 100.11494426360603, -47.62100512959052, 160.95380697778893, 0.5444724082225634, 0.1667703361172689, 149.62638760781726, -68.6813730114401, 272.5325992639578]"
311.0124781665353,11.502648032498588,0.9998800505784495,0.8137045488510869,True,False,"[0.7836489199337348, 0.1494456527390391, 102.42859928546389, -48.267389455150095, 158.13028239832101, 0.5615991067949475, 0.1786114374406219, 148.73440496909782, -76.40027190314599, 274.80823687507075]"
309.4574157757026,11.508978132426524,0.9999795447293777,0.0716264063941553,True,False,"[0.8076770217899625, 0.12124886041843369, 103.88376546920851, -51.921576425009, 160.72102538518996, 0.5864706871198944, 0.14363035299236657, 146.4906380762137, -81.57811773883108, 276.7062905145037]"
307.9101286968241,11.503190837484425,1.0,0.523709628484841,True,False,"[0.7917541669127487, 0.14363098941527452, 101.87702726715395, -56.6741463015514, 157.922953006615, 0.5775744268311103, 0.19589360358379665, 146.4053193308939, -74.34969178296868, 273.7711119478688]"
306.37057805333995,11.545002655435924,0.9998635346604746,0.17199766207264444,True,False,"[0.8068664839405941, 0.2041764914267753, 101.53644295738373, -55.760788938003884, 157.60444875830163, 0.5187977816535895, 0.18035322910884982, 142.742356655029, -81.26384221207783, 274.55383647906604]"
304.83872516307326,11.516985257627752,1.0,0.19419123994999388,True,False,"[0.8493440842063066, 0.2210804726666552, 104.64695353154248, -51.501480940007525, 156.58348799679456, 0.44178394869462123, 0.18216945590460615, 141.4795950039822, -86.02478768462359, 271.72206669503447]"
303.3145315372579,11.491831772988604,1.0,0.3278971386961277,True,False,"[0.8281678298685163, 0.29517487675344994, 100.7643972404059, -50.41171862999964, 160.42581760123016, 0.4804475516642395, 0.12094438540243363, 145.09546115102688, -82.67512241712731, 270.7019740148765]"
301.7979588795716,11.567479297510186,0.9997493752282667,0.834665041155712,True,False,"[0.8549967222555078, 0.2523132900496745, 97.24644111560784, -55.66541111080182, 162.46767557963776, 0.48321624066518776, 0.1962413451854374, 144.8408385356108, -76.85718172102082, 274.07861736551445]"
300.28896908517373,11.465969117652978,1.0,0.2201446516075214,True,False,"[0.8016225950888505, 0.19052118906517573, 100.37476579135658, -47.97926772343182, 162.2063839472786, 0.44545559375465366, 0.265091545495984, 146.35381262951, -74.62612722833178, 275.5234600760794]"
298.7875242397479,11.469959078015137,0.9999866462506031,0.34410519013104257,True,False,"[0.8289295587925174, 0.2222617599926205, 103.22155654226279, -49.087520233458214, 159.1648824718907, 0.4672026556563216, 0.329329885804615, 145.36929054208468, -78.10581499906938, 273.50530775834574]"
297.2935866185491,11.404763270921963,1.0,0.2892160737665491,True,False,"[0.7983033347384374, 0.15605630934398354, 107.10292237659056, -48.679239165917636, 161.82250184691605, 0.49508999183756325, 0.3776844555981355, 146.43684242518225, -82.4444785514205, 269.8436517189321]"
295.8071186854564,11.404873570268482,0.9999996271241665,0.18904392197206554,True,False,"[0.7793874953638407, 0.22951528752083555, 106.58425301553005, -51.18320357619097, 161.3525486990364, 0.5716502153077374, 0.4411263868934638, 144.51040787738077, -84.23977917590388, 272.58948088965576]"
294.3280830920291,11.477646548202651,0.9997527793430129,0.47323039535748246,True,False,"[0.8559059651924649, 0.3009373590583118, 108.01169945265636, -58.555577738170186, 163.53326474150006, 0.5322511386815829, 0.5101362547719732, 143.64413594740208, -84.0071049361178, 268.6309889091563]"
292.8564426765689,11.520554555336236,0.9998534952362633,0.30079581833321456,True,False,"[0.8577713620645524, 0.3527870361167882, 105.69935283770718, -51.639800994257904, 160.47438639096177, 0.49290415268929527, 0.4624907193025808, 139.7609944957799, -87.71135231943902, 264.6751698073156]"
291.3921604631861,11.502938338963846,1.0,0.9524904710865183,True,False,"[0.8187118166650513, 0.42655941213028586, 108.14168891344353, -44.537693225207775, 158.88511601200207, 0.44791268241037346, 0.472949065511373, 136.76724122918975, -94.51896861499765, 264.0348716404286]"
289.9351996608702,11.468896182872225,1.0,0.7358473964597563,True,False,"[0.8196032047078181, 0.39325785387145523, 107.86338302092447, -43.589854910401954, 160.5047663006772, 0.4696782834026225, 0.5300324516064872, 140.25477191131185, -97.0283123062533, 267.2513630889839]"
288.4855236625658,11.432058247295828,1.0,0.3784532484549058,True,False,"[0.7759422858219129, 0.39748069835752414, 109.29725777103648, -35.84022060554242, 157.95041823094937, 0.39057401535812086, 0.5468401949067287, 141.09847082901, -89.92243238769174, 270.3405115250047]"
287.043096044253,11.426075850233033,1.0,0.5133393874042891,True,False,"[0.7812767563972141, 0.32233625544653577, 109.05436975815451, -28.670248791049033, 155.5730887591242, 0.35205315301885726, 0.5143528627282401, 139.27671094903198, -88.10010968144118, 273.01235802599206]"
285.60788056403175,11.445313560254869,0.999932645198373,0.9828025410950842,True,False,"[0.8270548014428609, 0.32670604103091, 112.55652479910093, -35.928001082104096, 157.9161222722589, 0.3261784951372295, 0.4899135749350092, 138.44298111473225, -89.68829790441151, 272.9433737405488]"
284.1798411612116,11.462911562651513,0.9999380763341527,0.8729291807051859,True,False,"[0.8493024786855429, 0.36002455348221624, 109.60774777918772, -41.777765915200796, 161.5022251381531, 0.3849646275720419, 0.5153659272796044, 139.97921737048907, -86.39420018676145, 269.00658177082346]"
282.75894195540553,11.482935917803916,0.9999291847465878,0.07852648935664419,True,False,"[0.8748279898614153, 0.435235148148154, 110.11330547249993, -38.83867737263067, 163.35632768364644, 0.32854712681414266, 0.581175767738568, 142.25131499679932, -81.63436813711894, 270.6326289348169]"
281.3451472456285,11.449135300172735,1.0,0.7137839534376806,True,False,"[0.7980292471156563, 0.465200956520565, 107.52936905998993, -42.77264246665783, 162.9467474532645, 0.2803256893990448, 0.5060924409412366, 144.69710459538757, -75.0039740394245, 267.04651430057]"
279.9384215094003,11.502656539664251,0.9998088289446514,0.38030553802052947,True,False,"[0.8673559556512042, 0.483418798003445, 108.34453401343694, -45.705636271775255, 163.69166301584883, 0.2688948338816724, 0.5727176943223159, 141.65537765358718, -75.47509249047619, 265.65358108321635]"
278.5387294018533,11.491481578182817,1.0,0.49299573694996157,True,False,"[0.8485801911963868, 0.40349883783953855, 109.14139954970095, -50.03420982594691, 161.13309931451812, 0.19037461875924175, 0.5601189102399876, 144.64594446034621, -77.31366920861967, 265.28204201123043]"
277.14603575484404,11.508160960002126,0.9999398191647256,0.5423553676143048,True,False,"[0.7971195947736406, 0.35053764947791727, 108.86160741514104, -54.88813952998162, 161.4080657457084, 0.12627195526393487, 0.5407046853596416, 142.1265628476623, -77.99136343878331, 268.6842032181752]"
275.7603055760698,11.479266697976346,1.0,0.45711301843028884,True,False,"[0.7690139091150029, 0.3653982064037452, 110.16134564638962, -57.02635324403815, 164.0458152011849, 0.14595893678929878, 0.5316509608185621, 143.16640871798262, -73.22226769088407, 266.80075108333034]"
274.38150404818947,11.470148852747146,1.0,0.8293469830885878,True,False,"[0.7865134305594749, 0.3964306964879099, 112.16140766500136, -51.650682535858735, 160.85690520517522, 0.1355488929290162, 0.5105166083329312, 142.24528929401097, -65.51405207014976, 267.00251232783654]"
273.00959652794853,11.439734414912802,1.0,0.5747839422069867,True,False,"[0.7853815849459611, 0.44135736281503524, 109.98919615972113, -45.068340935821354, 159.03944712915617, 0.1956278254785767, 0.5506852915255173, 143.89575105229656, -59.33621836586834, 267.6136058259657]"
271.6445485453088,11.449755117660464,0.9999631116546361,0.633843362837953,True,False,"[0.8337666694204305, 0.3684126428144786, 112.20123771799818, -38.00220454090338, 158.46235360922753, 0.16879954797033161, 0.4936515658390132, 141.84650013461936, -65.54849337222161, 266.2359411563816]"
270.28632580258227,11.469656357996566,0.9999263724954317,0.7659644457418374,True,False,"[0.8681025051725577, 0.44443556246837224, 114.3010117012251, -43.092551316899005, 162.28058216739905, 0.21855419228393375, 0.49606736838410115, 144.9199434676671, -69.0638876129397, 268.7081698223546]"
268.9348941735694,11.507432848979036,0.9998595428159419,0.6349576718401273,True,False,"[0.874282768234265, 0.40006204152134706, 113.33297804301965, -47.14066360104868, 160.21675346013268, 0.14515889675163068, 0.45383298958140145, 147.65150568342494, -76.23733012335924, 266.7019629773985]"
267.5902197027015,11.437083805641983,1.0,0.15325003014173666,True,False,"[0.8345803403416033, 0.3601835507776564, 114.42280976367879, -40.017573283278765, 163.95632247869585, 0.22474094898813496, 0.43346372373998837, 145.82276382446022, -76.74307242579154, 269.25907447454534]"
266.25226860418803,11.414209636672231,1.0,0.9332165288854207,True,False,"[0.803793539871599, 0.2948098579235768, 118.01546933272972, -39.786476983616126, 162.65461483171168, 0.24558284232255878, 0.48325178228194327, 145.65868038267354, -81.0018894273579, 265.6917442452522]"
264.92100726116706,11.404360828561632,1.0,0.22805843737473364,True,False,"[0.7609585538179033, 0.36351015745905396, 117.00011842678819, -32.08023105596597, 164.55077198799682, 0.2799198854497205, 0.4853319740048487, 143.45106755306378, -76.31403586153655, 264.9257588461731]"
263.5964022248612,11.406440319507094,0.9999921111110567,0.3342045653216619,True,False,"[0.6987926593267283, 0.3518313685597242, 113.72594024041628, -28.768394241854327, 162.38105568186853, 0.3108971754408515, 0.4106742717332966, 145.5305022072443, -72.91267700338162, 266.31707044437104]"
262.2784202137369,11.4146093514284,0.9999688540723329,0.18090208291255128,True,False,"[0.7186433585815718, 0.4239886450568025, 115.59069352882013, -29.137706132564702, 161.43149709999983, 0.38260971322027976, 0.3657132643107819, 146.20491225923203, -69.51994870796734, 266.31698453978476]"
260.96702811266823,11.441139216645059,0.9998983453314262,0.7435152109718297,True,False,"[0.7951845488543193, 0.5028318205556052, 112.20197880884872, -34.9563898777844, 157.64197468788603, 0.39116027415393256, 0.4152957959614414, 142.61622647608522, -75.33982850149107, 264.4560116441927]"
259.6621929721049,11.423753703636638,1.0,0.28880569579315873,True,False,"[0.7243541507225817, 0.5500915357176238, 116.07842085276778, -42.67047127031279, 157.79361447425947, 0.3956906903930415, 0.42990658244717633, 143.414532833626, -68.0661679536618, 266.9777193602728]"
258.36388200724434,11.41301748181887,1.0,0.5255872073403796,True,False,"[0.7257733073787997, 0.6269330618615135, 114.08146562456693, -46.73233016352451, 157.7183705391951, 0.3256326646489178, 0.4048577892714327, 147.2532492235151, -75.07634827659606, 265.4748518613656]"
257.0720625972081,11.382447979893158,1.0,0.673122709384138,True,False,"[0.66259473135919, 0.6893154286648441, 113.42802857549512, -52.231634617953176, 156.83270525421008, 0.37143303027871044, 0.35863283450024214, 144.50855594503972, -75.32461756987809, 263.9142406406024]"
255.7867022842221,11.339599823778695,1.0,0.6633116629547114,True,False,"[0.5856378130340971, 0.7648573718459645, 114.56672229235312, -58.03680984699824, 155.73087134858028, 0.37420414998944773, 0.41392372502674324, 143.27180809480012, -83.07634152733209, 265.39257048829563]"
254.50776877280097,11.358665903892778,0.9999250892573143,0.30025736649784185,True,False,"[0.6505322385367474, 0.7777791791805723, 114.41498075583164, -51.69415670731904, 152.43353843355496, 0.41432519662237277, 0.4712410615578779, 139.95267940715445, -80.99185411178128, 263.66671720353725]"
253.23522992893697,11.35949878397097,0.9999967110472394,0.9295454409258164,True,False,"[0.6504409434621073, 0.7557962965570142, 114.66504936790899, -50.83035729970478, 151.98737532778318, 0.4815489001676562, 0.42742537197749747, 138.32196311207258, -87.16848071971452, 261.62199389217966]"
251.9690537792923,11.39342032338723,0.9998653832458688,0.8990189127532001,True,False,"[0.6683249159972052, 0.7709128180754792, 115.27664740980762, -52.07962789225284, 151.405803878968, 0.4191556944784572, 0.498256510757173, 137.36609490311918, -90.04223051918342, 258.26775784577563]"
250.70920851039583,11.375038362576177,1.0,0.33003087648351626,True,False,"[0.6739832871540924, 0.7826169542298471, 117.89574292305045, -58.953973521341595, 152.70226782080275, 0.4709173685196824, 0.4811880764662171, 138.57235858136912, -86.50863331594759, 261.6923426720602]"
249.45566246784384,11.386419475363724,0.9999543772506339,0.12167476039900138,True,False,"[0.6430923908342767, 0.7504391045344395, 115.90905587892928, -66.56258894670967, 153.68760345608217, 0.4289754785973521, 0.4173569115728073, 135.4247116476777, -79.66289529272981, 260.8840871790407]"
248.2083841555046,11.432663115578087,0.9998137076117761,0.05734590957888619,True,False,"[0.6991170969442155, 0.7924972567541275, 118.44847278144476, -73.36330136143874, 151.3455916797946, 0.39871682734269037, 0.38475579512393093, 135.49126808418993, -85.86827205557219, 261.51963619199597]"
246.96734223472708,11.450243283252249,0.9999288183538154,0.9054624364274109,True,False,"[0.7303990768357301, 0.7998263554019971, 120.22943651134193, -66.53410412750637, 149.3254365379412, 0.3293946326441055, 0.43625435108063404, 138.02687004743944, -90.58543863091514, 264.9032081438433]"
245.73250552355344,11.355824786909167,1.0,0.354191897769331,True,False,"[0.6587829008579708, 0.8601340246624777, 119.52457565590016, -62.84524011068808, 147.08558904330005, 0.40335297774272344, 0.3650525053022396, 134.4860159333202, -93.8514748234016, 265.7568754102149]"
244.50384299593568,11.32231796850194,1.0,0.25826365415931585,True,False,"[0.5947334631366907, 0.8301671290573336, 117.05624810337896, -60.606952423258726, 147.54374423633132, 0.3913736736852921, 0.4410386948079154, 132.1088270080719, -87.76662839165061, 267.5005301180159]"
243.281323780956,11.339267137306209,0.9999303334175486,0.31179452576752353,True,False,"[0.618093165440162, 0.7750925447548616, 120.58290708137433, -54.51425622350978, 149.60980792188704, 0.46151394211943114, 0.43492831612536964, 132.85063745714703, -86.99051117191598, 264.60159672925704]"
242.06491716205122,11.27664053494177,1.0,0.9348012148387903,True,False,"[0.5788405681169717, 0.8532649273270987, 122.75234796552382, -58.10146883116006, 150.42927803916731, 0.49972265685617556, 0.450689120113773, 130.08615266155923, -91.34701356483582, 265.84039126615176]"
240.85459257624095,11.30741850195475,0.9998722216576271,0.17535805562333306,True,False,"[0.5431994874587248, 0.7734533131887268, 118.8039484080261, -57.18050998121243, 150.8058636187628, 0.5031053332423009, 0.46724041880207773, 128.40006849543883, -86.26376510258183, 261.9907757380431]"
239.65031961335973,11.30228927181999,1.0,0.7367342561554833,True,False,"[0.5686326906250551, 0.777093198520721, 116.14139516821474, -63.410058765693094, 153.83125839036836, 0.5251163399954706, 0.49550625592516323, 131.5902955419406, -83.07546967138839, 265.22628149344035]"
238.45206801529292,11.267303706636753,1.0,0.1020747912739236,True,False,"[0.5201382625959211, 0.7892648697979735, 118.5097125025903, -65.18901706293626, 151.49426078332328, 0.5085179340944193, 0.5453909838753969, 129.9155388119417, -77.674047310225, 263.24246507775933]"
237.25980767521645,11.257016487101353,1.0,0.005686981296647575,True,False,"[0.5670372748344239, 0.805859278456169, 118.8953376857248, -59.093679164181594, 153.84054372181788, 0.5645134192641371, 0.5477944214568556, 127.45708686073408, -70.47858435290692, 261.7850178029941]"
236.07350863684036,11.281257676515132,0.9998973203516395,0.8332416915554379,True,False,"[0.5150826532377627, 0.8050887854995795, 119.05295208065914, -64.8822623746002, 157.02447947906452, 0.5672455765954443, 0.49919042051220297, 125.20049122323326, -70.50261044243345, 259.8740730259549]"
234.89314109365617,11.274667460536136,1.0,0.2681239117668246,True,False,"[0.5439304615348411, 0.8576111880798176, 116.67895964594236, -71.47666093884668, 159.2424972479087, 0.6300512711238203, 0.42047951375878156, 127.05148296031201, -74.66366881539406, 256.2860801726958]"
233.71867538818788,11.32343749344728,0.9997913519543649,0.03110511414805739,True,False,"[0.5533376614495541, 0.7881112146173539, 116.20067800103875, -64.60941555169704, 158.58265869828827, 0.7055907623336083, 0.4926516988603484, 128.91510978106803, -80.52521800478063, 258.19481920234927]"
232.55008201124693,11.345343377033906,0.9999058058733921,0.1405371586303008,True,False,"[0.5319817642426536, 0.7851390269772378, 113.81214627404682, -72.59443810770753, 159.30517748625303, 0.726739228564249, 0.5378444038005551, 132.07198685520038, -80.35656389541067, 257.39221403380645]"
231.38733160119068,11.32201447682708,1.0,0.2346419643455675,True,False,"[0.5971890345259572, 0.832606245396863, 110.46264445883487, -67.66547845116908, 155.8804708199895, 0.770484362557014, 0.4638514654127981, 134.87619750443918, -76.54135873672924, 261.35158240120916]"
230.23039494318473,11.377182001876488,0.9997604099319573,0.7479645910743432,True,False,"[0.6448587144988689, 0.8553468365622943, 113.71963961562517, -75.20911626591037, 152.61432944809107, 0.848413816441051, 0.4231460911985309, 131.1316566411036, -73.86057607449472, 262.59180099161773]"
229.0792429684688,11.407002537012474,0.9998698328408968,0.6096909984941447,True,False,"[0.6800311997783295, 0.871246107321543, 115.34389329120236, -74.37245017154017, 149.70937387211788, 0.8171277101901052, 0.494625224733823, 134.6689354738482, -80.06642043352099, 262.290467964227]"
227.93384675362645,11.430076527031199,0.9998987740413096,0.9869727384271197,True,False,"[0.6924611230083162, 0.8572626828354697, 115.10336629731925, -80.05622906661097, 149.18205005161298, 0.7918856912580848, 0.4857270144171641, 133.33064118606762, -74.89104025830025, 259.8098820550729]"
226.79417751985832,11.472369627650497,0.9998135350833541,0.7009496697830886,True,False,"[0.7401279494944816, 0.8085576323452797, 111.74196859645151, -78.15760854014204, 149.03464378616013, 0.7542032464783729, 0.4203621406595927, 136.10253953026373, -74.17695249535117, 261.8617570467463]"
225.66020663225902,11.439124514049785,1.0,0.30892814461043505,True,False,"[0.7116560687808646, 0.7657848139804361, 108.62281360541438, -76.8573479376086, 151.12347623494293, 0.7486343399540102, 0.4340446485392647, 137.19614268604246, -79.87769671123837, 264.63784358309937]"
224.5319055990977,11.504505077306899,0.9997088563202102,0.2551926874934005,True,False,"[0.7637063388367955, 0.7818345378322584, 110.05552905280429, -80.62918386813497, 148.37568504451855, 0.7453679825128757, 0.45926832650073685, 137.0187233341048, -79.3049474607062, 265.8773946981544]"
223.40924607110222,11.409532344248564,1.0,0.039024511468368606,True,False,"[0.6865144652517641, 0.8157644988210035, 113.6079592732457, -79.27834737098796, 147.8111908244731, 0.7153130487366557, 0.44743963477603765, 137.9574024445758, -82.84799716955133, 262.93011662497304]"
222.29219984074672,11.450031845950878,0.9998178262096221,0.2020966875832384,True,False,"[0.6879999621984326, 0.8590328361823039, 113.45055663597361, -81.76187779861114, 144.37273207750496, 0.7827689788938407, 0.46139054856774525, 136.0226924004719, -85.06391804189228, 262.3666968027735]"
221.180738841543,11.509123976721778,0.9997328689737717,0.710821047019584,True,False,"[0.755332424634435, 0.8135189508585078, 114.18481051467192, -76.65298243451234, 140.7787339931503, 0.857144797869975, 0.4701036486095641, 139.84995612300582, -81.98508181706674, 260.6681585544898]"
220.07483514733528,11.38824875060174,1.0,0.9352977482755951,True,False,"[0.6985199161583944, 0.7795898191097196, 117.05241805977016, -70.61352934875904, 139.4942003722557, 0.7812660771464698, 0.5384280083675601, 141.26811212589865, -89.79512619953029, 260.52311628653746]"
218.9744609715986,11.435780312855663,0.9997829591464181,0.47390123152863994,True,False,"[0.7085710427282415, 0.7660636673089389, 115.87513767432105, -73.51893099723604, 135.8756198425821, 0.8014957067465882, 0.4726798884166815, 139.7447610334677, -95.9506357527042, 259.1832078378667]"
217.8795886667406,11.448790258291133,0.9999402901524632,0.6272082536844905,True,False,"[0.6459167940946561, 0.731494151210488, 111.88675656991, -73.06485252911966, 134.38797229391236, 0.825185861858752, 0.510078161377625, 142.02492086975525, -96.25543685106719, 256.31246197770133]"
216.7901907234069,11.409457870340557,1.0,0.7569290039101115,True,False,"[0.6040660025098784, 0.807108801487738, 115.11075871479338, -73.08643166808532, 133.58513090869155, 0.8402763287358838, 0.5569771531057957, 144.71071660728936, -102.73048692557249, 254.27063144405662]"
215.70623976978987,11.405920733029408,1.0,0.24747156788257563,True,False,"[0.5623055667223908, 0.8204089908577191, 112.28741893476403, -71.25636674105436, 136.2422257691973, 0.8573922176773064, 0.596069138975891, 148.680822635068, -104.60796940364274, 255.8656387401209]"
214.6277085709409,11.319954833543193,1.0,0.9552590995112079,True,False,"[0.6070947877067568, 0.8713603252549301, 109.2188241029333, -72.80224156852636, 135.5229514746104, 0.8053391307197403, 0.5860362321848834, 146.7761500348619, -96.64489144776132, 253.79517592406347]"
213.5545700280862,11.387974750047155,0.9996815376742831,0.5850151009353757,True,False,"[0.574130209316646, 0.8302907191826987, 111.03052826696127, -75.02576949857244, 134.52875231437295, 0.8286717058175053, 0.6287627892452217, 143.49908832268707, -93.40865675168963, 257.632081360989]"
212.48679717794576,11.39906402689785,0.9999478132870419,0.9787175401416109,True,False,"[0.5919813983417792, 0.8435163846936344, 111.47994054873435, -69.30467135839577, 137.1188819833611, 0.8829261465336901, 0.6211838542621454, 147.41935192414232, -88.16369919270662, 260.6314590472088]"
211.42436319205603,11.450792050076483,0.9997553654890575,0.14344959431239745,True,False,"[0.5697114684277645, 0.7826500401226114, 113.49166910787343, -71.62542877256331, 136.18876458127068, 0.8853916959978523, 0.6193356738525968, 150.53685672509656, -86.03237752601744, 261.8444633484061]"
210.36724137609576,11.406974065398785,1.0,0.2789144227224879,True,False,"[0.5812778403136484, 0.7626489873151785, 116.64201823179056, -73.51295570754651, 138.35328566000047, 0.8123119019794736, 0.6343487316325521, 153.20756836000703, -82.37737230266715, 260.6108238825881]"
209.3154051692153,11.34872787007501,1.0,0.8702385475604029,True,False,"[0.6522884099610438, 0.8307546769264178, 116.22429831918956, -71.25563626469877, 139.13523661581488, 0.8248763417541515, 0.56686938954104, 156.151150330848, -75.66772331592686, 259.08636478836746]"
208.2688281433692,11.493299556882807,0.9993060818470341,0.8692606433658089,True,False,"[0.7206570716331258, 0.755985627091028, 117.0116622470404, -78.94867835438352, 140.97799037532238, 0.8864842654921493, 0.5696806833564759, 153.01356234621218, -74.90994600733016, 262.29621850298975]"
207.22748400265235,11.44628382772202,1.0,0.6122181719177381,True,False,"[0.6624967042358086, 0.826836585817897, 119.04130485239028, -75.20262219220166, 139.5847021031693, 0.8868757154314123, 0.6185427620696317, 149.1471875755732, -78.19626105398753, 261.73094941901184]"
206.19134658263908,11.429808201753405,1.0,0.6578911766153348,True,False,"[0.705210502198759, 0.8539459900275654, 117.22369320447153, -74.93534546014244, 136.65684887920384, 0.8293195445150554, 0.5993462383724889, 150.72887946714522, -84.90924950327349, 263.1789580570947]"
205.1603898497259,11.467646958010342,0.999815582008283,0.49912850243984686,True,False,"[0.7179307133395741, 0.8238995912382587, 118.50683128753738, -73.26851537787873, 133.0399989453379, 0.8553160951249883, 0.6260693792374341, 149.21601055500412, -91.05604736062192, 261.67583638123415]"
204.13458790047727,11.527753269124425,0.9997055988227491,0.9303868379949448,True,False,"[0.7687683526722329, 0.8510241724280441, 116.52928530138635, -65.35434977372768, 135.63271384597522, 0.881476562400688, 0.5885065670156906, 149.86246420575785, -88.69665849733231, 261.34130368226477]"
203.11391496097488,11.5532973832778,0.9998742454056889,0.4355834241723777,True,False,"[0.8472410343579299, 0.8389675417768148, 118.90902928344748, -63.90626983100626, 138.09360071153108, 0.842503142466836, 0.5867309378188144, 150.74901736111974, -92.92212476706982, 261.21251095013537]"
202.09834538617,11.560361282701503,0.9999650478287678,0.8410490504443766,True,False,"[0.8495343062272742, 0.8383231389100968, 116.74850312851424, -61.59138239198043, 134.30079652652347, 0.8079742427595293, 0.5873970037932447, 152.25502097511932, -91.90553589302621, 263.28085414939966]"
201.08785365923916,11.610284911732471,0.9997517630656357,0.5320249348478444,True,False,"[0.8501541756341175, 0.8348949879588705, 114.74859104640251, -63.98563923127118, 132.9673167827405, 0.7847734076860694, 0.5090336680015396, 149.59658218583286, -97.45588013233, 263.4760369185191]"
200.08241439094297,11.76393052983454,0.9992323831130452,0.8292935303740958,True,False,"[0.8687219092260143, 0.867428075770107, 112.39787588909537, -63.18809528363973, 131.21355202961948, 0.7591870776684309, 0.5276958535622149, 149.881792602572, -91.95357652042857, 264.8248708281282]"
199.08200231898826,11.604595756346274,1.0,0.22360096511355987,True,False,"[0.8641505751775747, 0.7881268402879836, 109.25518171199806, -57.84356444239194, 130.73817665293558, 0.7630726699827288, 0.5189148854271001, 152.32818507875078, -85.68578011781891, 261.3853898927606]"
198.08659230739332,11.4445773790863,1.0,0.4740301787383293,True,False,"[0.7963660576341335, 0.8135784666908142, 112.02742820403373, -50.26352713247675, 127.74813181414284, 0.7764749236307831, 0.5023798068888674, 155.6903042798361, -80.94801744131733, 265.06977568158453]"
197.09615934585636,11.544162461120585,0.9994948662198584,0.6199211022901049,True,False,"[0.8174178819447774, 0.853869716965235, 111.05015816672791, -53.30673487486647, 125.15291203226828, 0.8550112971170337, 0.5237393536690462, 155.86538831495932, -80.66933024304102, 265.80594683108296]"
196.11067854912707,11.553552552040617,0.9999521195572477,0.8037535678722395,True,False,"[0.7695615643325807, 0.8768272077095672, 108.66585585494049, -60.44575311448857, 129.13644037065222, 0.8594571542800628, 0.5223720483212443, 158.73225941858988, -76.7727840542294, 268.4118217594851]"
195.13012515638144,11.606253675603888,0.9997299545247011,0.9349737328698247,True,False,"[0.8339603620688775, 0.8674272125311914, 112.06064924024282, -59.890975737885974, 127.2451059947329, 0.8570616445445972, 0.5368868147838439, 157.39438615903757, -69.84514230564753, 267.4508052772607]"
194.15447453059954,11.434510885445764,1.0,0.9441756250502588,True,False,"[0.7659358214924669, 0.8057263546003911, 114.1176345073056, -60.67837537818549, 130.94161932294898, 0.8521916143828532, 0.48959110822878293, 154.39442812316838, -65.61152447900065, 266.0774050265703]"
193.18370215794656,11.432646692095446,1.0,0.23092403119293792,True,False,"[0.7668705206188969, 0.791584718828475, 111.24795018439494, -66.25984135434437, 131.90922218879743, 0.772883510645101, 0.47096742183891394, 155.5108887202439, -58.74788690977472, 265.42535056222124]"
192.21778364715684,11.615541761107758,0.999048953323268,0.46548883823288334,True,False,"[0.8280999577045101, 0.8652138259540231, 110.23622979356449, -63.76745281965274, 129.90651366811008, 0.8481373102829154, 0.5282879755476876, 152.40825747626084, -62.01139257789963, 262.0732501137484]"
191.25669472892105,11.481794822235694,1.0,0.3010683386833255,True,False,"[0.78301634744325, 0.8202204708653611, 106.89567941707129, -64.46128006911327, 132.33113917330942, 0.8003731855879876, 0.5306660456362419, 151.21650591328404, -64.7419424801866, 263.549235215633]"
190.30041125527643,11.387169672433128,1.0,0.4310135200883459,True,False,"[0.704772799945815, 0.7578209419879294, 108.12835043874261, -68.5757102846501, 131.1840796985467, 0.7250302678837974, 0.4644916951926912, 151.89458048515468, -62.25208098534123, 263.2659250977359]"
189.34890919900005,11.315866333578068,1.0,0.6689550850675603,True,False,"[0.6313063823558418, 0.8255423278526312, 108.55500245326681, -60.71690273546969, 129.53810140820758, 0.7549206938756173, 0.422899306418586, 148.2825063131819, -60.30203146987948, 261.32887549995576]"
188.40216465300506,11.367557335624609,0.9997256724110175,0.059450761454300394,True,False,"[0.59831479952854, 0.7467635232201044, 107.9204726019573, -66.60040978467909, 128.39480485464247, 0.7885870600048412, 0.3729716140629186, 148.46930689596212, -67.30473393580759, 263.50774743028825]"
187.46015382974002,11.355505614271244,1.0,0.6341928164595457,True,False,"[0.6291281023338414, 0.7977884033293914, 105.19172292157515, -68.01186481470133, 129.76459681408818, 0.7114811124353618, 0.4102033897523398, 145.83738644392616, -66.02994378558377, 259.6482271677751]"
186.52285306059133,11.39804685572791,0.9997719507833709,0.3949356272821176,True,False,"[0.5567293563948998, 0.7276628976959483, 101.56498076002339, -69.39239858043231, 129.33921879748584, 0.7725269422136688, 0.3565228108902628, 148.2581343066123, -60.62093577448442, 262.7068107297143]"
185.59023879528837,11.434035654643274,0.9998061034352671,0.46653282752850866,True,False,"[0.6091563282164494, 0.7218700838101826, 99.90755322985137, -75.26425934082741, 128.32134350994, 0.7037653254516925, 0.3920791814574063, 145.0162000925759, -64.30276751876417, 261.2567696088629]"
184.66228760131193,11.399493344992457,1.0,0.8462474699460616,True,False,"[0.6385022334420927, 0.7784405801085782, 102.02822018810353, -70.53320543605275, 128.63424928297655, 0.7261607247802437, 0.3732456205246063, 147.14623189814645, -72.14441206850299, 259.2162316084936]"
183.73897616330538,11.316184212027778,1.0,0.5885014071849877,True,False,"[0.5851268590259138, 0.8230771254939985, 105.38585719305668, -64.98722045288493, 125.29681874836665, 0.7610572600395415, 0.37152395769704, 150.9569830019667, -75.25783623795206, 261.1239203278922]"
182.82028128248885,11.349254833972774,0.9998191249307936,0.7347303734985049,True,False,"[0.6318742741021726, 0.7652199718264812, 107.63543422625068, -58.56544502149172, 127.22317975482947, 0.7199285526946495, 0.39254796030748584, 147.6414036887175, -78.55383603406374, 257.21571250582423]"
181.9061798760764,11.321061112382884,1.0,0.8653507786058414,True,False,"[0.5939203243319008, 0.7870434798628005, 103.93077849672989, -55.21687413433812, 129.8588782421313, 0.6697131278452071, 0.314712903107075, 150.573027753968, -72.31803866465353, 256.68168264009995]"
180.99664897669604,11.238184953907755,1.0,0.7598574787050666,True,False,"[0.5727277795571563, 0.8663898039577032, 102.69089005762028, -48.028032298563154, 126.90385699156239, 0.610933041176485, 0.35674682807672586, 153.81213051322956, -75.13070017451221, 259.04769331089557]"
180.09166573181255,11.283984664833884,0.9997457190065113,0.7993447815463389,True,False,"[0.5590492208831158, 0.8233275650370486, 105.10464660102184, -55.987634057045156, 125.61487931103798, 0.6022152936395955, 0.30675890885172447, 151.7217966361195, -74.46718078244812, 257.31082070439794]"
179.1912074031535,11.328763706257217,0.9997501359162533,0.8750456856845059,True,False,"[0.6294926443577245, 0.7992262279955442, 108.07920049766147, -58.612481652407965, 127.14808309223879, 0.6362939729644485, 0.24677495952969597, 154.82696286273443, -75.7271281548976, 253.87453933151085]"
178.29525136613773,11.318390757736168,1.0,0.10060598582768154,True,False,"[0.5653653881672476, 0.7770065472527125, 108.10070948184494, -58.43932189960058, 129.76954709164664, 0.5668486451552068, 0.22718980747700784, 153.45733574746382, -80.47098606061404, 254.98087422268011]"
177.40377510930705,11.27865951894614,1.0,0.8145745159074325,True,False,"[0.5327187096135305, 0.8185742264203267, 110.77507056010181, -59.73016042459859, 129.8730609228999, 0.6000887262817893, 0.16332966378334368, 154.12966884315426, -81.94939135445787, 255.84043062844538]"
176.5167562337605,11.248805096079582,1.0,0.5367838515186002,True,False,"[0.5406647390403019, 0.8565903598466275, 114.19818241837834, -59.27491330039565, 128.58119749047123, 0.6444451391077074, 0.21002950646183327, 150.75336366726535, -85.28820486244877, 253.67331437964845]"
175.6341724525917,11.308751029174026,0.9996587469095098,0.6741027310359736,True,False,"[0.5468964043336225, 0.7920822227235494, 112.2205049423944, -61.72975952358233, 127.57685888194906, 0.639180297166704, 0.16297405610690807, 151.94024314201926, -88.64379245107222, 250.33948612071504]"
174.75600159032876,11.349703400233706,0.9997656871714464,0.2312760285769393,True,False,"[0.5304910020088994, 0.7337728131957164, 115.3520606200709, -66.33988819398591, 127.40584954506627, 0.6486557804077632, 0.23526532437706427, 150.13223227894804, -87.9977780108782, 251.44042092161737]"
173.88222158237713,11.34228614763057,1.0,0.3467624209429998,True,False,"[0.6086971467987852, 0.736803236131758, 118.32776241949122, -64.04544448052486, 127.0152019400254, 0.7285804885324163, 0.18103495073745568, 153.45604077719295, -87.89163081598784, 253.6861490679342]"
173.01281047446525,11.326445336636326,1.0,0.5454206485849871,True,False,"[0.5723188100233926, 0.7171709944684148, 117.74974142485765, -57.047174434479345, 126.80212553060018, 0.7277284399483297, 0.25850668377071906, 155.78636574403694, -81.78754373232465, 254.8350718842255]"
172.14774642209292,11.32460245086924,1.0,0.44452551912858096,True,False,"[0.5048960850192065, 0.7060242996102937, 115.19535103693224, -49.902101549514505, 123.43239269423289, 0.6913272752018172, 0.33758568666599575, 156.93000346514464, -86.05840206765042, 252.89625223541142]"
171.28700768998246,11.292856445972077,1.0,0.8233784561912435,True,False,"[0.5157153634583432, 0.7539351036949652, 116.26942538403242, -42.952171623830026, 124.60910696084628, 0.7106456894432114, 0.3826375578798476, 157.61734711383406, -82.55344286309395, 253.37547633098362]"
170.43057265153254,11.304589272232713,0.9999311601068387,0.5054431670554713,True,False,"[0.5302548224373801, 0.7501201037588472, 117.05408759188285, -36.38839160913361, 127.1754497909852, 0.7550934667554573, 0.3363241623435185, 154.2692705894624, -89.61072883491795, 249.6377831210324]"
169.57841978827489,11.274093384131145,1.0,0.5111097830550198,True,False,"[0.5148358123117488, 0.7947353169033026, 120.64260185257794, -32.753890996241246, 126.2057778162362, 0.6847026503558536, 0.3857836566004813, 153.26438498386423, -95.55930787167487, 252.68579898701068]"
168.7305276893335,11.222367053232283,1.0,0.4312708212721449,True,True,"[0.5168703998430959, 0.8609966428974434, 123.48905122566039, -28.620573955125266, 128.8932851834705, 0.6304649577712204, 0.40532335935395364, 154.28635215088136, -95.44020057119408, 250.0931254322871]"
167.88687505088686,11.255017886223763,0.9998055377574835,0.8898502047825284,True,False,"[0.5599438469129305, 0.801732757073591, 122.73647645557047, -33.11386135539628, 126.61397710088028, 0.6032727360800599, 0.43247378493560734, 154.6876027476528, -92.76712287323261, 247.27041712998346]"
167.04744067563243,11.271545373325337,0.99990106601181,0.7165881436772098,True,False,"[0.5728929670911023, 0.7746666548418893, 126.20449659368066, -40.8926513577029, 127.89434746347607, 0.6245567818933659, 0.4518397003658206, 152.17797971231408, -97.44552947609834, 250.11348221495143]"
166.21220347225426,11.290915634305543,0.9998834674475118,0.24934258099454443,True,False,"[0.5384690332756115, 0.7128374394255846, 125.95451979541369, -44.06155834350567, 127.23488783016563, 0.6575791389932976, 0.4374169466943281, 154.550686406029, -94.55923441491075, 253.81355985552312]"
165.381142454893,11.27581660480585,1.0,0.08902558848682729,True,False,"[0.5837724523190211, 0.6424339428862347, 125.68009059963546, -41.94901375910476, 128.2516287682938, 0.620860910930826, 0.43673238234868134, 154.54820009331132, -100.27390003556683, 254.74546454123785]"
164.55423674261854,11.33999874020368,0.999610039695045,0.40154167258515305,True,False,"[0.5138434199166493, 0.6014539263681634, 123.38721564768419, -45.16387667401229, 129.0124535393123, 0.637426093031319, 0.4725730678803569, 157.47223526779308, -105.03620894824066, 253.60481568192878]"
163.73146555890546,11.322456684549168,1.0,0.7552219228843461,True,False,"[0.5482244351759387, 0.6387324109087313, 125.22552280636063, -44.29454069857384, 130.9359797379454, 0.6778485522828402, 0.456289611654192, 156.1221854688646, -105.77917548786935, 250.96741489388071]"
162.91280823111092,11.411231039075552,0.9994552290120862,0.45427246689503487,True,False,"[0.498909556400695, 0.5613815721165265, 126.99372910783585, -45.19348990177075, 131.04599251584676, 0.6800346873685381, 0.47500445608606856, 159.03689797873403, -110.77925234878226, 254.28954794428626]"
162.09824418995535,11.355030290956803,1.0,0.39356128226826426,True,False,"[0.5629533122106708, 0.5542313795291686, 129.57214525973203, -41.30504350803216, 133.64108115407893, 0.6986061296501835, 0.43305968367377473, 157.19519418720589, -105.14253806060218, 258.25505767822784]"
161.28775296900557,11.343565762933439,1.0,0.9220265391504244,True,False,"[0.5074433711608428, 0.5662519404169464, 131.96299561815164, -48.60769412103705, 135.1673713904742, 0.6846990839360988, 0.36846860410058346, 156.99712814687098, -106.71977539049678, 254.56151902904242]"
160.48131420416053,11.329747803035666,1.0,0.47502049627987397,True,False,"[0.49118876302383874, 0.6262024720613423, 130.34394859258205, -52.30996328549015, 138.87448123680448, 0.6558922482073977, 0.37737993352049654, 155.14540535933625, -102.34484448428599, 250.9408863503411]"
159.67890763313972,11.322282770679205,1.0,0.18092215015157675,True,False,"[0.4706394430173092, 0.5536611019016183, 133.13420398006932, -48.45121252523756, 136.1019649035646, 0.5828199573825157, 0.418875767337224, 156.07144349156695, -104.9768098218997, 254.15992824179685]"
158.88051309497402,11.351788306386695,0.9998143082774525,0.9088478597893803,True,False,"[0.43193951227158206, 0.5678037322484877, 132.45711640337822, -51.70461337760696, 133.12795334064228, 0.6590164632178888, 0.37417200765796643, 159.0728157284709, -99.48817565376598, 254.84071030868188]"
158.08611052949914,11.42156147499499,0.9995587355964769,0.12406869190570602,True,False,"[0.46847288511775464, 0.4938746800234351, 129.55286840122648, -48.02568521012179, 130.3249238879551, 0.6360756346403822, 0.42229053893771507, 159.98826675015687, -102.61605573766245, 257.3773598929822]"
157.29567997685163,11.358676984595032,1.0,0.4275046242311923,True,False,"[0.45367557802127834, 0.549447797691746, 132.6967992411775, -50.18460041206851, 134.28773314150325, 0.6998923251606267, 0.3997216630225239, 161.80945658942986, -95.87687448742703, 257.71068584767653]"
156.50920157696737,11.417167044561788,0.9996263533939812,0.24784230109681316,True,False,"[0.43117191563920193, 0.5007828124433091, 131.42207116603348, -55.60789056310108, 134.7624170366413, 0.6905548223796685, 0.446282455478177, 159.2556848962304, -94.55739710608509, 253.7438904861971]"
155.72665556908254,11.388132655390084,1.0,0.6786177622105921,True,False,"[0.3835980740904997, 0.5676360084733005, 134.86328924396466, -62.99900421575252, 136.24345892476836, 0.6169434670508662, 0.45077847459084974, 156.804557371776, -94.08511190504801, 251.97292391489756]"
154.94802229123712,11.402282567678881,0.9999086837894956,0.575599789187614,True,False,"[0.304232268523189, 0.6166263269660387, 131.69503025988823, -66.10467908744953, 139.51579935281612, 0.5898219856217798, 0.41201919251917385, 158.77733854544098, -100.46913256477485, 248.63843193795407]"
154.17328217978093,11.390683109598097,1.0,0.7907643777402937,True,False,"[0.25878607486707617, 0.655066639512057, 134.92912589525264, -58.93287949293037, 136.45715733385228, 0.5811570624977666, 0.336078542103428, 157.1170091401015, -92.81647347986873, 244.72403119106903]"
153.402415768882,11.400499483680953,0.9999360110467586,0.712866273151266,True,False,"[0.27237269123071806, 0.6601082789992815, 131.76720692039373, -62.16119930563605, 135.30978587470463, 0.5478351339803671, 0.4125290662727916, 155.31674568307594, -92.4631603513178, 242.11655086941295]"
152.6354036900376,11.402918597031395,0.9999841511594175,0.7564016954619985,True,False,"[0.2750276202429195, 0.688126766124459, 131.61114170284506, -55.44802149645297, 138.38361887796097, 0.5959028378760792, 0.4867711663452598, 155.08984120497078, -100.32328256506523, 245.78418186444492]"
151.8722266715874,11.384862137391398,1.0,0.029882869860313632,True,False,"[0.32232415622407423, 0.7000216905760602, 131.69395858241137, -60.179343081542996, 137.8780044423616, 0.6741173042437323, 0.41319076345640404, 155.23818092640482, -95.93414077051632, 248.26438974645578]"
151.11286553822947,11.40165169899033,0.9998889000690822,0.8853886517721626,True,False,"[0.3026838964065241, 0.667401045050343, 133.5121018227166, -63.02124803192754, 140.8021511981953, 0.6862014169364679, 0.4546262077985854, 154.82378600437872, -94.4978416992867, 247.0846860442357]"
150.3573012105383,11.390314163898058,1.0,0.16821006677895722,True,False,"[0.30353909420582503, 0.7440831130475865, 137.47936020359853, -63.17645351783855, 143.67766980343407, 0.6863404685715961, 0.5176430808180943, 157.29625335138496, -99.28661191160688, 246.6261952513487]"
149.6055147044856,11.441293307942875,0.9996593009329978,0.07834272242896445,True,False,"[0.2629948424343788, 0.7150368471614794, 135.06483406360636, -67.68323633763518, 144.3967596904863, 0.7149843951848206, 0.5406805672160553, 157.9122064521254, -105.05319950375693, 246.9849069844712]"
148.8574871309632,11.450549165470814,0.9999378226117421,0.8079542509248971,True,False,"[0.26746099997165396, 0.7238118162964238, 131.44332758860565, -64.88365458644546, 145.2572120511022, 0.714004627925057, 0.5134270002280321, 156.42520291830328, -110.21455075026886, 244.27454443887368]"
148.11319969530837,11.388110818090084,1.0,0.8945461054017173,True,False,"[0.3336962263123977, 0.7170778309739402, 134.51128034751878, -58.80872496649225, 142.68292511182875, 0.7196877678035727, 0.5092160455504581, 157.84739554939023, -105.2580916286713, 244.08856743297514]"
147.37263369683183,11.348265764981267,1.0,0.9594665628628787,True,False,"[0.3517559811526414, 0.7619022856914187, 135.3462001620357, -52.55367545915034, 144.7979029582924, 0.6639051598083945, 0.45981662608945906, 154.0710067413223, -100.90395385776552, 240.97133603839845]"
146.63577052834768,11.306409514523967,1.0,0.6305002148056409,True,False,"[0.4246603905446192, 0.8393252798261346, 133.91880410082115, -55.861949899845044, 142.16409097819036, 0.7292184225170292, 0.5002107216603108, 153.23004088288297, -107.93054206212308, 238.6928838908822]"
145.90259167570593,11.297342986807381,1.0,0.8082694394155963,True,False,"[0.49495358309518966, 0.7914293862977132, 130.01122432766235, -58.79513461087354, 140.51628135530063, 0.69378965970487, 0.43377051508497316, 154.72160037239644, -104.32795757295649, 238.46595094033185]"
145.1730787173274,11.311564605674143,0.9999020416015315,0.749068654894238,True,False,"[0.572535398071765, 0.7744304814862683, 126.32711193594207, -56.065689549423766, 142.0471035096307, 0.7242430981181653, 0.360907601272601, 157.81662152548864, -107.25704577806557, 237.00430892738152]"
144.44721332374075,11.33108081054241,0.9998648995292791,0.40070163448115836,True,False,"[0.6213882820707683, 0.7989761915096218, 126.20639176236149, -60.047949187919315, 143.1940046878731, 0.759091008584143, 0.44071488766128825, 156.99305941791127, -112.52062474641363, 235.51427981620634]"
143.72497725712205,11.356278257714788,0.999824698260452,0.7553255593434033,True,False,"[0.67976306793428, 0.8236758148245218, 126.09929132694319, -54.36449912375605, 144.72601026346678, 0.7782087999409868, 0.45195880179719616, 159.04052452934593, -114.28447983824906, 236.15205333082574]"
143.00635237083642,11.381283807609426,0.9998251590686735,0.18749380543105842,True,False,"[0.6632746810758352, 0.8647997833559076, 126.87172639473395, -59.92709930332373, 148.55021882261585, 0.8560885786870271, 0.5041858284452098, 158.678387991308, -114.51191963960075, 234.02209388083975]"
142.29132060898223,11.30878513668858,1.0,0.7316279335757355,True,False,"[0.6029335722880509, 0.8591193223487066, 125.96226565862399, -66.77063507634958, 148.49101204953422, 0.7873003169203756, 0.4784513531237961, 159.0950782343963, -119.80017226646773, 237.79887132359747]"
141.5798640059373,11.36513522191379,0.9996020700176339,0.08525988114058913,True,False,"[0.5636393759564033, 0.7946182635741301, 124.51412306954887, -67.26805878059214, 147.63950680441852, 0.8375316824753866, 0.4213892449582347, 161.2880561201035, -121.02259404745251, 237.42912893148883]"
140.8719646859076,11.406474477310564,0.9997065903742836,0.8015335765276999,True,False,"[0.5951472078727401, 0.7822114709093886, 122.65210087277072, -75.23420634449809, 147.0130110010585, 0.8643249502551928, 0.41422261983502845, 159.2137180489143, -115.9368400831322, 236.1982838498881]"
140.16760486247807,11.389495254309711,1.0,0.3470659358835195,True,False,"[0.5213154639414693, 0.8131748209401022, 123.24541431273592, -82.2895153103266, 145.23828961507778, 0.8439225864969295, 0.42053270513291163, 159.4186923345424, -120.49854269785416, 235.00293634328673]"
139.46676683816568,11.440797205797448,0.99963222408993,0.5776561666380321,True,False,"[0.5698528700469565, 0.7778689453439932, 120.08245750309203, -86.85337135816476, 141.38124911108358, 0.8612416564190405, 0.3640661492151859, 157.0227553888352, -114.41359551276153, 235.1492120301472]"
138.76943300397485,11.485997715645736,0.9996743292220209,0.30400171552623867,True,False,"[0.6472595891366916, 0.8569211158421909, 118.37092842439128, -93.65231263608607, 144.0528569407602, 0.8768544399912098, 0.3961142571387998, 159.67615242077582, -116.5001345046096, 236.4652004732619]"
138.075585838955,11.533947256278761,0.9996527900600141,0.19049110393064217,True,False,"[0.6468335769277055, 0.7798377143259629, 118.21544878989098, -97.55335283378513, 141.9672074673001, 0.8728881353429983, 0.4038201868782044, 162.246541544982, -111.23765590749733, 236.8440640139018]"
137.38520790976023,11.493131166250762,1.0,0.9250797142985342,True,False,"[0.6289108929820315, 0.7218076445738333, 119.64065989603556, -92.32816837862669, 138.6150765762242, 0.8679663795821988, 0.4155629548162523, 165.8020651743702, -105.82643937619224, 239.26230958620292]"
136.69828187021142,11.424230321076834,1.0,0.09317176915936298,True,False,"[0.648023500297374, 0.7681564861294229, 118.9407270930937, -87.25825558936134, 137.21200882117503, 0.7901840649142127, 0.3946437331873167, 161.82406994301945, -104.27074203405077, 240.13101477430945]"
136.01479046086035,11.430338301992176,0.9999550942676753,0.5200385351466387,True,False,"[0.6734693188977249, 0.841359976146647, 120.19643012052217, -83.3011135937851, 136.88334989167623, 0.8414438998453625, 0.46147400296385, 161.9127324044311, -111.44391778840381, 241.65661966869163]"
135.33471650855606,11.427291154686287,1.0,0.4995308785279523,True,False,"[0.6494883628847602, 0.7849304706471765, 121.56879952183883, -88.29993869108864, 138.44302574428613, 0.7975199913999658, 0.4519205478071094, 160.25833946549892, -113.50981375058106, 238.3312554193741]"
134.65804292601328,11.486650780434456,0.9995592796167307,0.3708039901305421,True,False,"[0.6171308346127657, 0.7757780104609209, 119.00797101654781, -94.23839326602584, 142.30223667336315, 0.8392101579335186, 0.40890308843772816, 156.61504213205208, -116.95577983342339, 238.04712307158988]"
133.9847527113832,11.495009071897693,0.9999376195380866,0.2458508741162727,True,False,"[0.6937171986687293, 0.7444075755885657, 118.37267915573268, -91.32063302833673, 142.80991102524413, 0.8038447270885862, 0.4146107123087645, 156.40208516985902, -111.72155672686966, 235.96135393245294]"
133.3148289478263,11.487219232231944,1.0,0.6493801753739857,True,False,"[0.7083273568454377, 0.697922127752076, 119.3393500124376, -85.05254625211181, 145.50324760962812, 0.8624420426966638, 0.4059397643967646, 153.54003719826997, -103.80924845276219, 239.38157111745346]"
132.64825480308716,11.479791203240213,1.0,0.32312941745304513,True,False,"[0.6436656780188335, 0.653735608035587, 119.05764642022316, -87.90355775149666, 149.01199171629736, 0.8332650156965423, 0.4365416179525887, 151.40592611514612, -100.86702074284909, 236.42413596421625]"
131.98501352907172,11.667791936923376,0.9985766042888006,0.5026453845400203,True,False,"[0.6856540027597415, 0.5919193847130981, 116.00608314798194, -93.70971515844865, 150.42136194455819, 0.8722699907218059, 0.48001951583235386, 147.6162943506252, -106.9817798333002, 236.9947116522353]"
131.32508846142636,11.544243112592866,1.0,0.999695630069801,True,False,"[0.622469687534267, 0.6439751775390384, 114.4085314048771, -86.11122986384889, 150.37974608456796, 0.7977663695340151, 0.5420081262920827, 145.3426144204517, -102.83555564489926, 239.64038725830267]"
130.66846301911923,11.411961431459627,1.0,0.9291831799892268,True,False,"[0.6177704719988257, 0.6941581338411906, 114.65517456712247, -78.51923969974058, 146.51912070865825, 0.7433173959752611, 0.5361952216159596, 146.09635801846494, -102.016610807705, 239.178339481415]"
130.01512070402364,11.344733036509478,1.0,0.6441236283955918,True,False,"[0.5904766902455236, 0.730948214853171, 118.25318224150766, -78.69329296516368, 147.54207702633727, 0.6942177609995138, 0.5082377735290007, 149.75029373717913, -94.10592275422273, 242.80207881511163]"
129.36504510050352,11.377781511701567,0.999744565820453,0.29953578074829257,True,False,"[0.592933415356679, 0.7006218580154541, 116.56066245348953, -75.41253840842997, 144.36411507740098, 0.7102995853225842, 0.5753242339746161, 147.76492539641706, -87.42954545273014, 244.332033576673]"
128.718219875001,11.346028964890316,1.0,0.9836518675090168,True,False,"[0.5629665567828989, 0.7485898303963175, 120.22087980925822, -81.2169195401041, 146.7399223906112, 0.6947144604712852, 0.5663675391233042, 143.7983699407216, -88.60975897898035, 245.9929263518448]"
128.074628775626,11.325346028899162,1.0,0.3774976645195236,True,False,"[0.6007205286329161, 0.7412308798734576, 120.13779551191011, -83.75617053831296, 144.23289922684327, 0.6590222546278914, 0.5211222189304677, 147.22530959434496, -82.86822516604131, 248.8753884960965]"
127.43425563174786,11.357637941891713,0.9997466315333857,0.8130133407660246,True,False,"[0.6650920983788496, 0.7813885704690702, 116.16874694140884, -76.42297181716481, 141.5241550376967, 0.6588788145848131, 0.4494644133540456, 150.16370671649275, -76.14390197787837, 250.70032693356538]"
126.79708435358911,11.344760188717688,1.0,0.37060079658390455,True,False,"[0.6629660341902935, 0.8041592696727877, 115.88121788028302, -69.04162624829357, 144.7114760811886, 0.6840537223183994, 0.3879173911960161, 152.1518045918022, -81.26227445982042, 251.25745605544358]"
126.16309893182117,11.380513672258942,0.9997166491770162,0.6318032260712474,True,False,"[0.6954505183303117, 0.8522781755282554, 115.39021449493693, -70.85272020676068, 147.2649484858103, 0.6657181141256876, 0.4099441189456743, 150.50255333646678, -81.29098505706762, 250.49693932315319]"
125.53228343716206,11.431675422872043,0.9995925245289475,0.6606990930955189,True,False,"[0.7204683194878271, 0.8688903066288161, 119.16877718877026, -77.54155131975466, 151.1403636605479, 0.6007787971301266, 0.3486887612763624, 153.2322836563794, -74.60183246311858, 248.9859717867358]"
124.90462201997626,11.371699813775205,1.0,0.7758137949898501,True,False,"[0.6904280953794467, 0.8610144872639408, 121.13488866319952, -75.6641766640108, 148.52081286832913, 0.6130423843678395, 0.3572688828097845, 149.28766063976917, -77.31890075945321, 247.6759496824629]"
124.28009890987637,11.367494468370818,1.0,0.3125418134004143,True,False,"[0.6845194359574819, 0.7993878326380489, 118.69232600782054, -70.52636939803446, 149.52141005329818, 0.5458770015169178, 0.33522089310725145, 151.84540776561244, -81.23059596563138, 245.1056881080202]"
123.658698415327,11.42698105143247,0.9995190611095599,0.7633501438772653,True,False,"[0.7527760188684642, 0.7233860846209965, 116.52629098714807, -69.18033599806758, 152.18445402732817, 0.5831395743837725, 0.3873988145851405, 148.8901842407936, -75.24659764452018, 242.4830389183786]"
123.04040492325036,11.507824757996772,0.999343165740968,0.9667000529977534,True,False,"[0.8090265176962871, 0.7404049858030318, 113.1073273752056, -71.6245326171828, 151.3125365575006, 0.5138918631479693, 0.3845430062716553, 152.64801104242292, -69.63659282773511, 243.68464857690344]"
122.42520289863411,11.433812704913471,1.0,0.6657326757787375,True,False,"[0.7308020428133117, 0.788470861581587, 110.23158567645534, -72.16116080356818, 151.3152713956545, 0.5264576624794538, 0.42155700278344416, 153.4619775024597, -65.08774877810119, 247.3267424887589]"
121.81307688414094,11.491128438636965,0.9995295886685835,0.05927904716221999,True,False,"[0.794255875372152, 0.7693348245246535, 108.06526454471188, -65.4167382598509, 150.83401072970312, 0.494716230725441, 0.3904050850672634, 155.64094505831872, -70.71121231970224, 250.83437016570582]"
121.20401149972024,11.534030966373717,0.9996460931036201,0.8675998034099798,True,False,"[0.8046067263214567, 0.7685366653185343, 106.12432338301046, -70.36600177297295, 152.9138395288907, 0.4965168724863196, 0.3722931605028964, 155.78024820677248, -75.14094437677667, 254.57023519010804]"
120.59799144222164,11.465082103803136,1.0,0.09164261924062789,True,False,"[0.7761045745042884, 0.7640112356477253, 108.46673716359768, -67.10688931411154, 152.53514968554333, 0.522967674132416, 0.292507714567364, 156.80184277276368, -75.26598210172233, 257.2540583447693]"
119.99500148501053,11.477421455718527,0.9998971730710197,0.6971835746777207,True,False,"[0.8103490857941064, 0.772338396812457, 109.70689167481267, -62.27943884137566, 153.5371883077595, 0.5809198660853122, 0.2657571861244805, 160.3420439414995, -80.63884353759975, 255.2453723536716]"
119.39502647758547,11.458644759792524,1.0,0.9580088179286258,True,False,"[0.8040954204644581, 0.7376094297738556, 106.6978646119021, -57.86250381947493, 150.4972044266932, 0.5856684465051883, 0.24758428010767586, 162.18782306572808, -79.61606927734259, 256.27788038427684]"
118.79805134519755,11.473125776394888,0.9998781113504415,0.24123103391766554,True,False,"[0.7978445477491645, 0.8124577347046893, 105.8484530138707, -51.86238866428736, 147.5987163817018, 0.5130199326181795, 0.17957712061575176, 158.39088825774348, -83.80018887611249, 259.88917309752196]"
118.20406108847156,11.445539039220016,1.0,0.6106842000934758,True,False,"[0.7950443140657707, 0.7438336378784238, 106.34160643495387, -57.928667090355276, 145.42182936662053, 0.5821775439436612, 0.12551861909296194, 161.3720270870729, -85.7179996459482, 262.1091084899695]"
117.6130407830292,11.39666869333832,1.0,0.31937214064391806,True,False,"[0.7779435743509387, 0.7066572547662471, 106.06285899983298, -50.34331154403275, 147.58895788003716, 0.5614878830624336, 0.0995975624030853, 159.58323681643705, -78.9091869438744, 260.66339831138237]"
117.02497557911406,11.372808984089101,1.0,0.11542372912856458,True,False,"[0.7407131667725555, 0.6857866722488217, 107.7635692599506, -44.21963631155272, 144.9834771875928, 0.5350184519030216, 0.15464884579208535, 161.53531705228772, -73.69866280646184, 256.76578101231354]"
116.43985070121849,11.431614499790026,0.9994950983825786,0.7793452553856675,True,False,"[0.8061949424592442, 0.6229677819767526, 104.76710485684615, -48.53479916153297, 147.48032077043203, 0.5197712403577094, 0.20597080295219378, 158.29047229146764, -67.2426352877014, 255.23103264159263]"
115.8576514477124,11.434108263655789,0.9999784758538047,0.11991912097881641,True,False,"[0.7603102620011017, 0.6509078035507275, 100.85359403334361, -53.283603114358236, 145.96009335478925, 0.5548872456252918, 0.2594565136913903, 155.04787476215319, -68.68071780731123, 251.50454947062917]"
115.27836319047384,11.462176967520952,0.9997565433252771,0.4932617486290185,True,False,"[0.8047862599633956, 0.6690091404328524, 98.80433786482985, -50.05088390107241, 143.66798319375638, 0.5703082872709209, 0.198968463655234, 151.45507898819446, -62.984597462475996, 255.0094097471288]"
114.70197137452148,11.444616636982452,1.0,0.3092169878930672,True,False,"[0.8007783003259773, 0.715167787907003, 101.90098310390962, -44.30783252215697, 139.97122053603982, 0.5294703157246401, 0.18887753304374427, 148.51496973990876, -56.94278376063254, 254.64813084758373]"
114.12846151764887,11.470687663534491,0.9997715902882226,0.3547336308172183,True,False,"[0.8184691755161979, 0.7740763238799373, 103.15028095789286, -42.34957120269212, 141.63033217540672, 0.6000708872066208, 0.19395636274305847, 147.70820401517676, -63.914880658910945, 256.8783301980614]"
113.55781921006063,11.511525098491783,0.9996404466624732,0.13805663089237574,True,False,"[0.8098157443039551, 0.8345558775214694, 102.29062178822846, -47.365665835545805, 138.28870003168765, 0.5897687860540036, 0.14794044131202747, 148.12041522182074, -68.4654743850041, 253.12662840288303]"
112.99003011401032,11.4436045346606,1.0,0.06872499341039595,True,False,"[0.771054193671706, 0.8238492347810847, 105.07893368502037, -42.84233209371549, 139.34178845472275, 0.5723982786219965, 0.20358091797622435, 146.1582409164708, -68.00193778264949, 252.9124641208391]"
112.42507996344027,11.349568864513689,1.0,0.8680002145939549,True,False,"[0.6964695436457483, 0.7811711152099033, 104.67083184151608, -36.64650553085407, 137.910972972835, 0.5458366491371722, 0.12622243115457044, 147.63911630964168, -68.4382691684649, 248.97277855930776]"
111.86295456362306,11.39201456552918,0.9996206282113582,0.06105598011672009,True,False,"[0.713089588493558, 0.7397074779354127, 100.69773545836505, -43.107303057928654, 137.5941744948975, 0.5672371448381092, 0.15758706696315763, 146.15832820862045, -73.43201620306176, 248.49773422614703]"
111.30363979080495,11.361203380779646,1.0,0.045347485583858704,True,False,"[0.6375862372909744, 0.7568432813336544, 100.7002008581667, -48.88303135503125, 136.71762546647201, 0.5183827401708047, 0.1964643575596436, 148.05170319366337, -77.93504903818241, 246.17172119782055]"
110.74712159185093,11.371550403806172,0.9999065750916553,0.967670702446936,True,False,"[0.6130162527276289, 0.68648777558891, 103.8183806184956, -50.3460377823436, 134.97363568886533, 0.5866350448510347, 0.1763307948480315, 145.4529606478613, -85.65492310749619, 246.588175314106]"
110.19338598389167,11.380205348244623,0.9999214598546325,0.6503263349828944,True,False,"[0.679082134126679, 0.6419840344112949, 107.50059794187717, -51.130573112645905, 137.88686619266602, 0.6663872884570337, 0.25252302829970247, 148.22982040420857, -85.82431216314126, 249.59497921753268]"
109.64241905397222,11.377796902269168,1.0,0.20317987926816483,True,False,"[0.7012142246131056, 0.5708369788068799, 111.02211030376354, -57.687194347173545, 137.21776251800398, 0.7257855674313122, 0.25952532224880326, 148.24333882258694, -82.63977498264282, 248.7319269432961]"
109.09420695870236,11.374761255795338,1.0,0.46250074807641006,True,False,"[0.6931453869079348, 0.5901964467677893, 107.60566754556459, -58.14956292581697, 140.2417260391701, 0.6757521003083832, 0.3347352055769549, 146.5585008700544, -89.17388512496454, 250.32640904112128]"
108.54873592390885,11.414447775677212,0.9996344566748665,0.41671265142204006,True,False,"[0.7491941986473593, 0.5541103048741383, 108.25323623085988, -65.92196711917966, 141.010141232033, 0.7019941304399879, 0.3069932208532685, 147.59689713225012, -90.63484094896268, 249.93425240010762]"
108.0059922442893,11.395195524308997,1.0,0.6700338912020607,True,False,"[0.6962550183037541, 0.5080788056167153, 106.79481460790733, -66.3210638635535, 144.5992355440606, 0.6611276497301206, 0.24686815071912155, 149.72076482714792, -84.60610274661876, 249.55500561883005]"
107.46596228306785,11.426170353388818,0.9997118123271266,0.9553664559717385,True,False,"[0.6535338779488268, 0.4975431931593398, 104.80924668740613, -71.18640325196667, 147.6967180509987, 0.5851583804538658, 0.20945734426813822, 146.0410796553921, -81.59563254776553, 250.36096547449893]"
106.92863247165252,11.395337689866057,1.0,0.6102146865440657,True,False,"[0.5769873758820183, 0.4363964105863081, 105.76340522236833, -70.28074632989139, 145.58078577376205, 0.616013068113981, 0.13552195414999485, 149.60172797760316, -86.07662880712974, 252.59819431605936]"
106.39398930929426,11.41458193036383,0.9998191392172995,0.37762686456197714,True,False,"[0.5532360799716515, 0.49184402731521604, 109.02864830069386, -77.90906621536217, 147.65750293440416, 0.6246645172063796, 0.20759711062116787, 146.60205178174112, -79.58262428768678, 250.6059110348192]"
105.86201936274779,11.410884150605238,1.0,0.7215055002709924,True,False,"[0.6165639176692469, 0.5408157961744098, 106.59183628261893, -72.06650919001741, 150.49804772587973, 0.5932630168217156, 0.2441297066467918, 144.9706733259373, -86.81044273642584, 248.7079411403206]"
105.33270926593404,11.414449577383184,0.9999661513839331,0.8796009010947272,True,False,"[0.6628447857133845, 0.5668522907350546, 107.20464945402914, -69.06629234916257, 152.14716231925888, 0.6477007660266155, 0.25010254712082003, 143.000360281779, -90.41554140270972, 246.8624704248965]"
104.80604571960437,11.388492430847084,1.0,0.31303467836866405,True,False,"[0.6046463437058193, 0.5080660136343265, 106.87377816558883, -63.254264626014304, 150.13617284415713, 0.6071650605149681, 0.22403004895998377, 139.65241863467912, -88.46519750706004, 245.87240917279098]"
104.28201549100635,11.386027388527385,1.0,0.2457627420644274,True,False,"[0.6169179170765583, 0.45787754148752, 109.03206630440114, -67.84662674842252, 153.9444992691732, 0.6174623696375958, 0.20104222268239758, 140.60032103319227, -93.71070618556915, 244.2933947237767]"
103.76060541355132,11.364279090944766,1.0,0.9154491258753262,True,False,"[0.5925216987488859, 0.3932464910706238, 108.59375271650161, -63.05859104079512, 157.5039077370191, 0.6422816424447368, 0.1791550962693667, 136.92442956997107, -94.9016274019167, 247.0390394662098]"
103.24180238648356,11.390896817452415,0.9997422139588243,0.7565704000216651,True,False,"[0.516531349017211, 0.35019623027323843, 108.6939433496022, -63.45436817511508, 159.9855547345118, 0.6503640145917206, 0.12688667457156577, 133.73319106752652, -92.63748584159224, 245.68528764275763]"
102.72559337455114,11.423971162123129,0.9996780839154397,0.6588587978295405,True,False,"[0.5323689149525515, 0.3204029783984595, 110.82335555684529, -60.55309319477573, 158.7867561368217, 0.7138680980032001, 0.13385464868963687, 132.79139603628715, -100.44918938550447, 245.7480985608088]"
102.21196540767838,11.453233685531323,0.9997137484357129,0.2670596260659085,True,False,"[0.5912071402011517, 0.25470886775207524, 110.7272272746202, -60.76916319976556, 161.13523728382057, 0.7349330486767536, 0.15204268202347282, 133.12311006376672, -99.99720175704043, 244.33698268232615]"
101.70090558063998,11.44486276976334,1.0,0.6475661865572965,True,False,"[0.5253351178681422, 0.2598198106912088, 108.91116237681031, -63.8815782087758, 159.2427647742033, 0.7256414911534572, 0.12119989199357409, 134.12986914966842, -92.40662075925856, 241.79113194117744]"
101.19240105273678,11.443829355532136,1.0,0.7493002947063856,True,False,"[0.5556331842218014, 0.2734335833160484, 106.25004936835848, -62.264780742928195, 158.55334333379585, 0.6922655664277474, 0.166761391758946, 131.9674274481412, -85.1742313690532, 245.52915405453757]"
100.6864390474731,11.397384905775578,1.0,0.6268306631396696,True,False,"[0.485083343921707, 0.3507333726656898, 107.81303973287532, -59.60206121660478, 157.56777985901144, 0.6544927999332519, 0.12160209105501238, 131.629228934279, -85.05993149157106, 246.22094356156845]"
100.18300685223574,11.39257887234345,1.0,0.455100176275093,True,False,"[0.5428953964691456, 0.30693708200267944, 111.46418236095549, -55.87570815320127, 156.70513049872216, 0.7103340964183739, 0.1288557239494467, 131.93404083227924, -84.17241388624223, 243.96041256570243]"
99.68209181797455,11.432899634526459,0.9995955882565937,0.6949955271194944,True,False,"[0.5197497433755963, 0.30375038741002847, 107.91147212937119, -50.51586045468213, 159.74365355923416, 0.7399417143387306, 0.15121271446807522, 129.81047921845587, -78.84782415558604, 243.48875988442123]"
99.18368135888468,11.425633734058936,1.0,0.7479358125319711,True,False,"[0.5477649854294835, 0.2747214741775499, 107.48740662079344, -54.58085600574214, 161.45935855949918, 0.7867775318916839, 0.11040844060958513, 131.23257834332216, -75.20632276375345, 246.98603765354144]"
98.68776295209025,11.439541169059435,0.9998590863275484,0.3792760580041117,True,False,"[0.5778256228821691, 0.2312215185089251, 110.17909515092934, -53.61066183425173, 165.42404845004367, 0.7362902295404878, 0.13749150315859154, 132.39430587234258, -82.21827109326725, 250.29892032877223]"
98.1943241373298,11.337451771535935,1.0,0.9165414650616336,True,False,"[0.5988668534414048, 0.3040081277058943, 113.39377072938582, -46.74852580254834, 162.65018546933464, 0.7180677006085204, 0.12487462703733951, 136.04831115671522, -75.14987934348625, 246.33747242079494]"
97.70335251664315,11.351512542347285,0.9998560974753197,0.47720478614696404,True,False,"[0.642464481048633, 0.3147249719851921, 114.3829918324068, -39.30276002999525, 159.90857674476567, 0.770343456881894, 0.1396482292368052, 133.81093835096647, -76.15118184171207, 244.3808892195409]"
97.21483575405993,11.38637871471779,0.9996414135717215,0.4516810112148951,True,False,"[0.6352607709317909, 0.3069427370936541, 115.46043998694579, -32.26405077477468, 161.57957117441936, 0.8386689369480921, 0.11308146507758285, 133.96832555988064, -84.13554165691727, 243.60765443885987]"
96.72876157528964,11.451564778901684,0.9993263213192684,0.6306562667615075,True,False,"[0.7129705939188983, 0.30624246673059613, 116.65554453612265, -37.622633059548704, 158.89345140683739, 0.8724278677370003, 0.16864611935372703, 131.29802861690317, -88.44964978260643, 241.59374451224724]"
96.24511776741319,11.380338168276683,1.0,0.25861345100311117,True,False,"[0.681053557903492, 0.30264085882658837, 120.00333540256608, -39.96284975378833, 161.7717984756217, 0.8393296164960027, 0.12186743228226983, 131.50661018497078, -87.43632900207348, 244.5299970164344]"
95.76389217857613,11.364835008229864,1.0,0.11703089801720201,True,False,"[0.6527225753516748, 0.33006267789656407, 120.52397172450152, -40.18583521394915, 158.74370319396377, 0.7719168783739315, 0.187777402915419, 134.52022461489955, -85.4848000634086, 244.29767765550991]"
95.28507271768325,11.29537928644296,1.0,0.6564253104219531,True,False,"[0.7267070541882754, 0.36578703656164613, 123.94531497764622, -35.876969139776484, 157.36958177174716, 0.6974133812210667, 0.17242247769302904, 134.89806136360545, -81.05188889269249, 243.91084514681216]"
94.80864735409483,11.338891497877981,0.9995411575920388,0.6991166397882588,True,False,"[0.7399193273833949, 0.43550634437193125, 121.6113650697259, -33.32212560299826, 156.74512307815652, 0.678559996022246, 0.20798697727071658, 132.3147140743308, -83.12084358442338, 239.95763717968805]"
94.33460411732436,11.335171303950258,1.0,0.16102473201187306,True,False,"[0.7240227420240382, 0.43638893403816453, 119.60018905778841, -30.142149092870284, 159.79015678685874, 0.7352759839377262, 0.17338614669329752, 132.40045180105824, -84.80326089107908, 241.4856823530608]"
93.86293109673774,11.34791146757556,0.9998642776344792,0.20318525693575384,True,False,"[0.7174430373032971, 0.4837402445175856, 123.35821437541118, -30.903825232791505, 156.33101656641765, 0.6948363638819529, 0.12050570237456325, 130.15312667208818, -91.46971636807392, 242.36069298040735]"
93.39361644125405,11.345203203301075,1.0,0.1556550923954344,True,False,"[0.666826074811463, 0.41161812980509593, 121.08284109803517, -30.847056614467135, 154.30563180996867, 0.7604875634055113, 0.16134213380787182, 130.22748318172862, -86.69816760191476, 245.2375393901645]"
92.92664835904779,11.335272081517818,1.0,0.738878168911681,True,False,"[0.6754221890044145, 0.3909588134182416, 123.9243986525534, -27.8397172880558, 157.4631059247594, 0.7684004599734676, 0.14953203126651432, 132.76510570752166, -89.36632474616293, 247.05445471024584]"
92.46201511725255,11.325844713403068,1.0,0.10438811144604865,True,False,"[0.7262322614693953, 0.45616048176492224, 120.10282018147433, -22.58857050346777, 155.74194392329397, 0.784789244502252, 0.09262933184377142, 133.63998907148155, -83.43730198017018, 244.1750096248357]"
91.99970504166629,11.349929689408466,0.9997382402082942,0.019692206271737844,True,False,"[0.76981915325063, 0.47579210384621534, 121.89200520358088, -23.91813774868913, 155.9338812226195, 0.7331741879871132, 0.13816459762637717, 129.84319858688386, -83.65255045997395, 245.1481344906995]"
91.53970651645795,11.341841313564792,1.0,0.997166149101887,True,False,"[0.7637995465885024, 0.40410194641306996, 121.74107971046098, -21.39569772121768, 154.7839776936033, 0.6879723226670278, 0.18461279702177785, 132.4706275342778, -87.29893086144605, 243.85549502115106]"
91.08200798387567,11.322774877121642,1.0,0.3651913489678573,True,False,"[0.7182659446601175, 0.3964833275129895, 123.12287258412931, -21.202873376865178, 155.65552975879655, 0.7617292182183686, 0.16102855288786525, 131.12527711570445, -85.38903261442906, 240.9426567160965]"
90.62659794395628,11.327136403008407,0.9999518748244415,0.6611542553758457,True,False,"[0.7543056688161877, 0.3921745314028121, 123.72073751716127, -18.05133645838188, 158.5586237086674, 0.6899402931397184, 0.16969690740130244, 128.93950069073435, -80.54213990954258, 240.39088022088228]"
90.17346495423651,11.29003039628035,1.0,0.37582290531408846,True,False,"[0.7349035713323415, 0.3714182938682534, 125.73426875583672, -19.488440588827196, 158.41508111346621, 0.6939525286319518, 0.18598626154777426, 132.06218291342265, -73.89286947182464, 237.73877158784072]"
89.72259762946533,11.331634666622367,0.9995364085859703,0.28307771010477656,True,False,"[0.8010177318137468, 0.38489551880978656, 127.75763983497575, -13.717349483631782, 155.92064291139974, 0.703262719151698, 0.12965512528372336, 129.89271851411345, -76.84465319070735, 239.58297610882434]"
89.273984641318,11.343219361841594,0.9998702427851672,0.3116657279584151,True,False,"[0.8213464558491439, 0.4471309601579297, 131.72978944029757, -12.478619679063312, 156.97802540966623, 0.7413789599889099, 0.1915222499069208, 131.07303992123485, -78.59721837618926, 237.9311855151754]"
88.8276147181114,11.2986675752731,1.0,0.7131314132406819,True,False,"[0.7568727734057937, 0.3859551024098389, 134.620048343013, -4.498710473207552, 158.40919396390825, 0.7626315920748771, 0.15539421774034348, 133.08301820940426, -82.94046819169436, 236.752707153792]"
88.38347664452085,11.325163828666645,0.9997002575235258,0.08151154981192632,True,False,"[0.6993200487110101, 0.3994204042659968, 131.87566577411755, -5.6294933888951935, 160.51470750393932, 0.7963157618893009, 0.19346834907961658, 131.5035342036187, -75.79040738870046, 236.93758836209196]"
87.94155926129825,11.345627079917719,0.9997673355942795,0.0923532945940666,True,False,"[0.641045361126019, 0.4788863885420751, 132.20971130862577, -0.06980925333376575, 160.76835271265972, 0.799391594081295, 0.20730908454187713, 134.33442621287335, -80.65179526505732, 233.9002965465326]"
87.50185146499176,11.297022002604148,1.0,0.6023688626445594,True,False,"[0.7066085589260729, 0.4003076716655574, 134.3394979411052, 2.5484378783187864, 159.01479908326317, 0.7279453577809153, 0.13297232535502776, 134.80924820755084, -79.47015833475447, 230.22972933082934]"
87.0643422076668,11.30338909270931,0.9999268718153264,0.5442844111250342,True,False,"[0.62885805054498, 0.3848516377535223, 132.73949597225968, -4.357238104120393, 162.8374435494238, 0.7404977956912107, 0.13415464497775542, 137.35674476366512, -72.95121290871953, 228.86882209952833]"
86.62902049662846,11.318039406374702,0.9998308987582524,0.09694663666732395,True,False,"[0.6696822855201119, 0.4234239497546119, 130.3561764871294, -0.8409266093024819, 164.9299146406638, 0.8135122870373408, 0.10640311913855602, 133.98571578424063, -71.79445877274335, 225.24692255125913]"
86.19587539414532,11.316208618577058,1.0,0.4619473666191882,True,False,"[0.6492832381255855, 0.4748105421562362, 126.42009589123887, 6.883365631035881, 163.18144862881616, 0.7428037131628643, 0.131616201192401, 134.48435794741349, -67.55563248516576, 227.4314557493948]"
85.76489601717459,11.320795022463841,0.9999465249598658,0.7465595850968341,True,False,"[0.5793540955034159, 0.5063783552652033, 126.36481978476576, 12.149838889137703, 162.4033441769329, 0.8140522861104325, 0.11086719646161784, 136.71728929562536, -59.79344596881462, 224.41082360855555]"
85.33607153708871,11.332797431049444,0.9998593611781356,0.9316626190386441,True,False,"[0.503391210565797, 0.5444292009753139, 125.00598625522086, 17.983496047859646, 159.00900338758828, 0.8079574413651633, 0.17316768802530014, 140.65959922085264, -54.79068403596854, 222.2564195272716]"
84.90939117940327,11.358535790653212,0.9996969185782638,0.3184074842665968,True,False,"[0.5648743876967305, 0.47291150200999993, 127.05993932881867, 16.770092769050542, 156.55485828029535, 0.8339180039773315, 0.2420051795383933, 140.98932025910239, -53.76480326873695, 221.8972942202954]"
84.48484422350626,11.372137738817143,0.9998390142823856,0.8653601179796463,True,False,"[0.5050473635771209, 0.3944389054624067, 126.44389988978273, 10.850255558966586, 155.80268889763872, 0.7653046080183924, 0.2612774620272433, 143.54019505924546, -54.594857852103, 223.5864140434232]"
84.06242000238872,11.347121221001078,1.0,0.9824062291089548,True,False,"[0.45938000800474504, 0.44000621518194766, 124.89678333551099, 10.598911350875703, 155.94640151145273, 0.6944959607763612, 0.2549237365447977, 141.97657569373908, -47.67895380914409, 220.69855734216466]"
83.64210790237678,11.38402319959221,0.9995589083018144,0.28322278722413363,True,False,"[0.4323020451664292, 0.38299600665201883, 123.05484855431797, 6.773962852331623, 152.01203945881886, 0.7399640539706492, 0.2842405672140353, 138.61616058611182, -42.58797486912485, 217.92248869359815]"
83.22389736286489,11.389593498120743,0.9999330707609829,0.5796949486238191,True,False,"[0.3782238118592435, 0.32403219358991775, 126.83197627877125, 10.13596719679502, 149.4820824847766, 0.7178937002432466, 0.3513926581288667, 136.224677673628, -39.437740930731294, 216.42071241210814]"
82.80777787605057,11.393869308159312,0.99994836596563,0.44394798791579604,True,False,"[0.38175304584211733, 0.3285867078502591, 126.56178295752218, 11.230087612595373, 150.8427974703457, 0.7200348495534246, 0.36568669707501367, 136.92477145884726, -47.2496288900432, 217.96031130555428]"
82.39373898667031,11.398532714031509,0.9999434025696623,0.4736263776847245,True,False,"[0.43135418810130055, 0.3669612403471804, 127.63731112681242, 8.023547345352787, 148.96322759830005, 0.6778328543295155, 0.30140183060587944, 139.84524479996182, -40.632141210893884, 217.6356162050136]"
81.98177029173696,11.367496531434934,1.0,0.15187059704979,True,False,"[0.3913744334548694, 0.38806283873765857, 125.81908980025958, 3.770514472061752, 150.2804238812711, 0.7561730035679114, 0.2666643799996045, 141.63793015986238, -44.34820832799278, 215.87694382646413]"
81.57186144027828,11.387057438715187,0.999760229057268,0.8113709613637641,True,False,"[0.45941493933323907, 0.4310725351040539, 126.3773799303637, 11.695466401365888, 151.12311867743944, 0.7689261483428911, 0.34509921914101904, 140.05570028155606, -48.68743652464984, 212.0126419684814]"
81.16400213307689,11.388432825849922,0.9999830543659116,0.7567088375407877,True,False,"[0.42381370085246833, 0.4607800912068085, 125.23102503768203, 19.615188883689363, 147.39050953879953, 0.7606153006454777, 0.41989805797081964, 140.45382863179478, -42.31535828129225, 214.2779692999145]"
80.75818212241151,11.416876425021242,0.9996478549913557,0.7392554723391122,True,False,"[0.4614432661136108, 0.48087152929804705, 123.7554152642966, 23.049942478727026, 147.568589025813, 0.7516759468009744, 0.49525120612750606, 137.4708898388306, -46.00731873276834, 214.84897755955444]"
80.35439121179945,11.413002446327688,1.0,0.4305100164259563,True,False,"[0.4274998554062729, 0.407307339609416, 121.23344390573297, 18.95611000706704, 149.1643414423155, 0.8227801360448103, 0.422857088719382, 135.0166259994572, -47.52656586193891, 214.52054523908618]"
79.95261925574046,11.425348963556054,0.9998455889988381,0.09735663474785594,True,False,"[0.42648779955601634, 0.40051156762098383, 122.69149559060475, 15.496239121092625, 147.10370861515952, 0.8674225803859745, 0.4038959024637531, 132.0176843288695, -41.86130845592772, 214.80066744355207]"
79.55285615946175,11.437809530635114,0.9998433797117251,0.6547154578835099,True,False,"[0.4881877717733391, 0.3976342142079229, 118.79266955665173, 21.36901477189444, 148.123347084037, 0.8396502932023462, 0.35118235669047954, 132.3348486601892, -49.53384300444348, 213.88930606482913]"
79.15509187866445,11.431648693481065,1.0,0.48043846389582867,True,False,"[0.5594601226006606, 0.46015246891526923, 119.80132331757495, 23.90467348281124, 145.19700171376067, 0.829108684763521, 0.3213582154517459, 129.10532063372625, -50.22256096351613, 213.828972630159]"
78.75931641927113,11.431941847591663,0.999996277855391,0.57292465189365,True,False,"[0.5252573788214088, 0.4872849266364395, 115.86809968312384, 24.895006346963573, 147.12962582117547, 0.7707912710371981, 0.34766271299823076, 125.66537016078301, -51.742504206645435, 214.83778869238978]"
78.36551983717477,11.541827189168108,0.9985987672085826,0.989428402492116,True,False,"[0.5964146093064069, 0.40870861828927857, 117.668506201004, 20.453820523812794, 148.7975174267414, 0.8496737898652879, 0.4062684236953324, 127.35324461781904, -59.10705334694237, 217.66148128475527]"
77.9736922379889,11.494655558218764,1.0,0.26334202734351553,True,False,"[0.564329458888856, 0.4798136499196116, 119.55936149405207, 27.45079367213859, 147.17039404483913, 0.8348431620521618, 0.44998451291065433, 129.30684763042575, -54.54367463435988, 219.09584308591553]"
77.58382377679895,11.42498933728543,1.0,0.1711390781462626,True,False,"[0.4887530071793596, 0.4719740372837474, 123.53019423341469, 24.718152134291067, 150.96759635138142, 0.8238123857762316, 0.42413554576845447, 131.29130664864417, -46.877945635119744, 219.37782820746844]"
77.19590465791495,11.42755474339664,0.9999667681401528,0.44234816752995954,True,False,"[0.5201375595075746, 0.4724744613029714, 124.4834934021578, 31.407995733928075, 152.22032016537037, 0.7606519948131792, 0.3543303751583867, 128.88979776856274, -54.13354807956871, 216.3594290719867]"
76.80992513462537,11.444336827676807,0.9997815353805101,0.6204319685266448,True,False,"[0.45838299139268834, 0.46710223473388657, 122.7616462500865, 36.52860667319073, 148.58533530100246, 0.7916750565623023, 0.4029543543720174, 125.45586829603232, -51.924398645026976, 219.41033642339247]"
76.42587550895225,11.450049987551667,0.9999252485326388,0.11593690854076955,True,False,"[0.45370836676365867, 0.39002992041202417, 124.31469443078326, 43.4791548227206, 147.65010158455473, 0.8447510557067457, 0.32329348625073506, 125.79111029801194, -47.091544826169596, 220.0200525204615]"
76.04374613140749,11.447571072341454,1.0,0.16139932673136148,True,False,"[0.374089242359229, 0.359891567009569, 122.90082163075472, 46.59974859134056, 145.47550353725023, 0.7935281154142666, 0.395161396601607, 123.12987438792678, -45.20889675569577, 216.94361143862432]"
75.66352740075045,11.440571682484084,1.0,0.3424199505686103,True,False,"[0.42765782103812744, 0.3593942469574197, 126.16953482948745, 44.25576405695902, 145.2630762296214, 0.8361452588219952, 0.40710179073357067, 124.87239393631991, -37.67575741557745, 213.79640054785034]"
75.2852097637467,11.432319915291066,1.0,0.7534027055855931,True,False,"[0.46589988821977507, 0.34874082981233995, 129.4768290280785, 50.02989474581112, 145.71338134742587, 0.8505647231291809, 0.47192567499692806, 128.29549641814353, -33.86899345731201, 217.66670416903534]"
74.90878371492798,11.405614152051292,1.0,0.33556264579995776,True,False,"[0.5156160752728344, 0.2762810485282738, 126.32090157171676, 57.650655035919144, 148.9679381643843, 0.8180160450577469, 0.5379318869163752, 130.2950045554303, -31.042858371587453, 215.30919534301358]"
74.53423979635333,11.364720648118466,1.0,0.2191554418299222,True,False,"[0.5735469991585341, 0.26169466898241245, 126.15543675190789, 50.63865357366544, 147.49910510423092, 0.761349199745791, 0.6051183564258383, 129.69660319382848, -31.410048923236683, 213.98329184248257]"
74.16156859737157,11.36239604504614,1.0,0.918560807653358,True,False,"[0.6521815721297746, 0.24158896880803946, 128.436169234348, 57.18990554873176, 147.82455864043797, 0.7837453579720267, 0.5619486930795863, 128.18750053954363, -24.89509664595532, 210.38540155512914]"
73.7907607543847,11.369360868797825,0.9999056183321668,0.41717231764656637,True,False,"[0.7222342838416562, 0.25548506071037747, 128.93261398544976, 59.71749606759846, 151.15368771690234, 0.7775631993478891, 0.6227505326269253, 125.62902216965344, -29.229908447125602, 208.47634698307905]"
73.42180695061278,11.389244032495501,0.999729229332359,0.1028063166379487,True,False,"[0.6989303623258704, 0.1770136888358143, 130.98102194163582, 62.415293095625884, 153.83912139403722, 0.8354186327004418, 0.6259252667788796, 125.1846245883882, -31.198325615980885, 209.4483191011011]"
73.0546979158597,11.359356060880692,1.0,0.4325972661169253,True,False,"[0.7482092655340655, 0.19126597205202606, 134.9326499097118, 59.270698044620694, 155.34484381699747, 0.7740346115110492, 0.654843691719704, 126.8542929031018, -25.439828174902935, 206.66811727617267]"
72.68942442628041,11.329802429072627,1.0,0.3889233673003677,True,False,"[0.694355206466171, 0.11500992321965052, 137.25477958080646, 65.93322387165597, 154.98538314787257, 0.7127799111583275, 0.635378528841821, 123.18016441522991, -23.30273033490078, 206.3209281087945]"
72.325977304149,11.340032028028503,0.9998585725911041,0.04887785986877258,True,False,"[0.7718497122336014, 0.19323766032071446, 140.01703096305977, 65.03681143890513, 158.23670949673016, 0.6413899762953564, 0.6330555044731012, 126.28316171655486, -23.844769794882243, 203.60662966872644]"
71.96434741762826,11.353801636840355,0.99980867899097,0.323417929516981,True,False,"[0.8143568526548186, 0.1967996559270171, 137.48242722554184, 59.57865503613034, 157.52717632096582, 0.6469354837885035, 0.6099298440949363, 123.63247170301706, -28.344654056008707, 200.01236684558978]"
71.60452568054012,11.33754335214686,1.0,0.7662341197376704,True,False,"[0.7488713415955753, 0.13010685979416142, 135.2756165945977, 62.66077238877637, 156.49755421143968, 0.6433459284889567, 0.561428055096451, 119.95176205139602, -24.21183483623217, 200.66706009947902]"
71.24650305213741,11.345052572644054,0.9998946078128471,0.8958244412726644,True,False,"[0.7441890972925747, 0.14548916844067789, 132.73604684963271, 62.74926640794711, 159.47373946558173, 0.6242677749349597, 0.6072109009593735, 118.33475075962865, -20.499506881673028, 202.02258182849084]"
70.89027053687673,11.367356330127684,0.9996854258131955,0.9293752222116317,True,False,"[0.7917429166570513, 0.15199995686449028, 130.75240292204822, 66.13999592999116, 158.93968079369552, 0.670629809264439, 0.5823996398303541, 119.261713583732, -25.545837444687372, 203.34769145381932]"
70.53581918419235,11.354256850436625,1.0,0.44355552463966685,True,False,"[0.8171724637960194, 0.11152297294373956, 131.20093228109803, 65.35078038381207, 156.76372195607306, 0.7120736126227969, 0.5675580970183823, 121.81924655942501, -25.85221618918646, 202.1303283317485]"
70.18314008827139,11.385206778076677,0.9995591091488681,0.3251104543832517,True,False,"[0.819262239935914, 0.18414378054367342, 134.59211751992493, 72.55865110545372, 152.79319680694374, 0.7317475943321768, 0.5914620090633249, 122.97149105751446, -19.641467437083726, 199.47497369358095]"
69.83222438783002,11.362451336263444,1.0,0.11072424105166867,True,False,"[0.7998899511970349, 0.17645990389292504, 135.45705465668613, 65.60658035813361, 149.14724772216346, 0.6611164443942855, 0.6389559005933276, 122.64278004732301, -25.255843981889495, 201.8197812887396]"
69.48306326589088,11.344085391377867,1.0,0.12650043612373651,True,False,"[0.7485840107640654, 0.1193587081833647, 135.07085652848767, 68.61430750084163, 148.17447117422537, 0.6683603484134532, 0.6538600498125489, 119.02615984687407, -24.5018195718106, 199.29712651408846]"
69.13564794956142,11.368612924062024,0.9996452888913303,0.9452873508586803,True,False,"[0.7763592011809812, 0.16272512937630812, 133.87868873136085, 63.61318747926866, 149.01254852585737, 0.7338521788878458, 0.5845232526549371, 116.37671116008269, -23.235567981351345, 197.17386872458854]"
68.7899697098136,11.364633411560861,1.0,0.09656300199044399,True,False,"[0.7935445003500542, 0.15870302952902537, 137.26144119700112, 58.37039056362418, 152.6034155355859, 0.743022310127033, 0.5657104609525334, 112.63160533666095, -29.55849657272359, 195.83265543627328]"
68.44601986126453,11.37319889982334,0.9998748655897012,0.9670238716814065,True,False,"[0.8575591115088839, 0.12760062576813663, 134.35199979448393, 56.45582277343643, 150.75038769538457, 0.740887463337205, 0.5505042041340825, 115.38756690328388, -28.578609940223238, 197.76373696338393]"
68.10378976195821,11.3776600722546,0.9999344966508561,0.3602359414370374,True,False,"[0.8164992215699164, 0.15804374994251358, 131.2324952066018, 56.723967297850905, 147.74304995057565, 0.7415238880302026, 0.5703723002741152, 114.10955793262673, -34.21871052610064, 200.90299098752493]"
67.76327081314842,11.370870394169913,1.0,0.5079641262579357,True,False,"[0.7383454137784127, 0.23670595084319307, 132.81854595282852, 57.34384152017887, 148.00331378375225, 0.7086723672986311, 0.5881821711990491, 110.68233692084326, -37.44540963850551, 201.0903810606289]"
67.42445445908268,11.380741657046038,0.999853605929918,0.3158766265722335,True,False,"[0.7882368727521867, 0.21857350874190992, 133.3216118284462, 57.11333088702333, 147.09757643221172, 0.7057753121918575, 0.6590014387720537, 114.47400385814926, -43.77858622191381, 199.60042525991352]"
67.08733218678726,11.422928107869506,0.9993713688083925,0.4938459930160809,True,False,"[0.84908169100931, 0.2639441299671566, 134.06131828650499, 64.02790443111179, 148.812711483064, 0.6914570592453717, 0.6184082381725896, 111.00984494514142, -47.50673380550889, 197.61141165236052]"
66.75189552585333,11.402554233366702,1.0,0.8849064354447952,True,False,"[0.8216657619526427, 0.23690550898512594, 134.1502268527513, 59.42429183633907, 150.4432034359157, 0.7708203397443407, 0.60026774850776, 107.89564719805814, -41.294448949975646, 199.64766425768934]"
66.41813604822406,11.386750401183345,1.0,0.9142126156477036,True,False,"[0.7687618327981213, 0.24616369964068532, 132.8277672518509, 58.9376384216491, 153.1387099594792, 0.8190193141339519, 0.5330354322562069, 108.89978903967123, -41.22203526329166, 201.44379031865228]"
66.08604536798293,11.395734328700655,0.9998640663570584,0.4744207834064349,True,False,"[0.7432149162426294, 0.19194243038576958, 134.64418651340046, 62.77420954110082, 156.74357568916724, 0.7672566063619423, 0.5810792744125126, 106.71598134164077, -45.62665439084824, 204.18769732859627]"
65.75561514114302,11.407848635515492,0.9998157846910232,0.5398027803914545,True,False,"[0.748036175751726, 0.20536759016736844, 135.9722613827148, 56.06949344572635, 159.8498633472115, 0.8467442141672159, 0.5298677822516664, 109.06114054353881, -48.68208717174343, 206.6399829573599]"
65.42683706543731,11.388587314256776,1.0,0.44846524455278824,True,False,"[0.7038869127608217, 0.13883619251911955, 133.35366215454758, 48.87094929853516, 159.18195317591932, 0.8323365743476709, 0.5751375125508018, 112.23344271899582, -43.93477408395078, 204.36178570319427]"
65.09970288011013,11.400524162206313,0.9998166542533546,0.8210894962722135,True,False,"[0.6571735816270189, 0.13682797703416374, 129.66738222803968, 54.552136854978016, 161.52353613983212, 0.8058155574467817, 0.6419547257240348, 109.28758891276638, -41.39992897174949, 205.27017243019048]"
64.77420436570958,11.402718587441989,0.9999661225006755,0.18031690348887897,True,False,"[0.615225582238661, 0.20668185246551213, 132.10024885476955, 48.05588067391842, 160.09983421147973, 0.8146831260923694, 0.6231206293114494, 111.66185158020804, -39.76162052528381, 207.66456295011048]"
64.45033334388103,11.378870271179771,1.0,0.4125720996058747,True,False,"[0.6414208635662397, 0.27115901075609605, 135.13112749842068, 43.24346675666466, 161.35840282722916, 0.7629836659924547, 0.6848914463794291, 110.16322852700873, -38.269494758799524, 208.80580093042565]"
64.12808167716162,11.40620526001467,0.9995738346899773,0.11617428104927574,True,False,"[0.6717764802901203, 0.23508313169791314, 131.6480796953322, 40.03808235209165, 159.2101977987559, 0.827755182633421, 0.6259643702559312, 109.48159743522042, -38.73195966207359, 208.0065931861309]"
63.80744126877581,11.383343863451204,1.0,0.4837243688091174,True,False,"[0.6210271220227286, 0.27560596819101557, 133.68080475721723, 33.52142896019926, 157.70967969577185, 0.7601432607631766, 0.6806201904316714, 107.2461829202914, -41.467531617514695, 209.80247947576544]"
63.48840406243193,11.42262114152826,0.9993815385397822,0.7595705146015651,True,False,"[0.5558547050436481, 0.2882665916116026, 135.9758731238998, 25.711654286624494, 154.3240767436946, 0.8029412224194762, 0.716464525341777, 104.57674259351386, -43.81122035304219, 208.17501374887752]"
63.170962042119776,11.386000934768079,1.0,0.1530280253914681,True,False,"[0.523841470185486, 0.2654274689400873, 133.23531898296113, 30.16741291765381, 156.2443057396111, 0.7233230300150183, 0.6501343429886371, 105.74119648884631, -48.76082875747602, 204.33840810621797]"
62.85510723190917,11.378537940081728,1.0,0.20811832665987262,True,False,"[0.46609040106409927, 0.3092245524986663, 134.08221695129885, 29.600797419592194, 157.29932107281635, 0.7030819634158255, 0.6497711376389338, 109.51250726738971, -50.18807480999826, 201.62843911872653]"
62.540831695749624,11.42252209171139,0.9992969602846257,0.9945757443912145,True,False,"[0.41339990190557696, 0.2931408994725381, 136.68155481576838, 36.810783907041255, 154.25822655244323, 0.7658339891780527, 0.5765271579840789, 111.71993467091873, -58.17256250862106, 203.46165431341043]"
62.22812753727088,11.454875718663086,0.9994802154741619,0.6694749443674848,True,False,"[0.3847301723990398, 0.3708581561249821, 133.3367326342227, 28.967477977889565, 150.77812677618874, 0.7032805742882889, 0.49666097126500003, 110.14774696923394, -60.882710952160316, 206.4960242586824]"
61.91698689958452,11.445057408398057,1.0,0.5082754497068944,True,False,"[0.3069303569409992, 0.4318334866447039, 135.49921741019557, 23.726161798736953, 153.30612275744744, 0.7422513195379886, 0.42285406055143293, 109.18630909388463, -57.64235722718722, 210.24277001461007]"
61.6074019650866,11.438488811273853,1.0,0.1550446192658087,True,False,"[0.2895541222491119, 0.49348266318132616, 132.71774341898416, 20.5963649325157, 154.16906718049935, 0.7661783788067782, 0.5018145962677357, 108.5142461073307, -50.62690025488341, 214.0077778689901]"
61.29936495526117,11.414032264811926,1.0,0.6642723699860148,True,False,"[0.3121165497905658, 0.5469243400901364, 136.67587692332407, 17.90413512283101, 158.14492134503558, 0.7012775377966585, 0.45964079747322306, 108.25701086216509, -44.781408474759985, 217.5730083167622]"
60.992868130484865,11.400598665569678,1.0,0.7735043733883447,True,False,"[0.3100373788933547, 0.4822349402753493, 137.81612130998118, 11.451149570795687, 155.829533874621, 0.7151642301699751, 0.38113096791914247, 111.32283532204852, -39.510489435249696, 218.1180925133708]"
60.68790378983244,11.407387023713031,0.9998881493992804,0.008266548955939701,True,False,"[0.23845715956136046, 0.4635416650222607, 138.7932804246512, 10.025455372485226, 155.54272247161657, 0.6817602175725327, 0.34613681183272893, 107.50594746287953, -37.04630581323078, 221.19455916225257]"
60.38446427088328,11.39746978223284,1.0,0.14516911724132953,True,False,"[0.281459657508237, 0.46392449375191996, 141.93401171531067, 15.910570329603848, 155.51254615932734, 0.6139248122313248, 0.33095655401436225, 109.12718261341715, -34.35977139657585, 218.23335361698994]"
60.08254194952886,11.419351887039506,0.9996358655968712,0.19150552427763912,True,False,"[0.316849112615642, 0.39680206706412924, 140.43437871666504, 18.301021795991147, 154.66375690025683, 0.667262844935133, 0.36746792728096067, 106.36967318382082, -30.781844259444796, 216.00767738692983]"
59.78212923978121,11.405371294256375,1.0,0.39182660498697186,True,False,"[0.24881393919915193, 0.3820787549975725, 143.7626034031075, 17.126550556665997, 151.99284864994897, 0.72364057949079, 0.3944938307206025, 106.59952107001169, -28.909545237242618, 215.3923434836144]"
59.48321859358231,11.413585511087728,0.9998619165221941,0.2799387733737291,True,False,"[0.31518575323832193, 0.3159776398027012, 147.1555477940013, 15.582472513053157, 154.61050662199975, 0.671935582006006, 0.37320476826625937, 103.65911979903476, -29.939828994822555, 218.76597366231616]"
59.18580250061439,11.391818408405237,1.0,0.5720930888299257,True,False,"[0.2561345785759339, 0.25797943904815723, 148.81887130509503, 9.778839214947597, 152.70885109707652, 0.6375897512956239, 0.4304999257347158, 102.60569126219785, -27.252114385864036, 217.82155292272955]"
58.88987348811132,11.392665064704307,0.9999856231612876,0.6583645668934517,True,False,"[0.27191650277157164, 0.2917958599043866, 150.83060416535923, 6.478637431159935, 156.06543572186757, 0.6787060233036903, 0.42564940299658127, 104.04560653350285, -28.011890208206836, 214.69833322424125]"
58.595424120670764,11.370744588622617,1.0,0.5896062696450786,True,False,"[0.2433017500583773, 0.23785748891965572, 151.20040458854416, 0.1969306023171704, 155.42798096304867, 0.625253472705532, 0.48678207362275977, 105.56039311250487, -29.087605550632823, 213.21097340226322]"
58.30244700006741,11.387115702274027,0.9997192430809615,0.7193513085993704,True,False,"[0.16462088571469913, 0.2647725624384698, 151.7899249715673, -0.5615719728248063, 157.76415716577833, 0.6761898691147719, 0.46134542697937414, 105.98224426968815, -26.868163028259055, 210.1451379478483]"
58.01093476506707,11.394562404321093,0.9998716410252398,0.4306150644147829,True,False,"[0.12867279457532776, 0.2134845710942057, 155.15266380524625, -4.303205630658198, 160.5763921009188, 0.7555293917217403, 0.5028664294893105, 105.58419241915414, -24.06803471084253, 208.55430094225375]"
57.72088009124173,11.401664181591471,0.9998769710304481,0.905695384535439,True,False,"[0.18140305212972102, 0.23468113620201542, 154.41056651621489, -5.118374449286362, 161.22320991977818, 0.8281984497139493, 0.5074134580634572, 107.63886528018095, -25.335962835111992, 205.1345131717646]"
57.432275690785524,11.411750843783574,0.9998243883534617,0.9670771531951439,True,False,"[0.2359711687537019, 0.30781255011379943, 153.46667784680304, -10.887025809630774, 163.16714518651176, 0.8604491650447984, 0.45654747407343765, 109.89964693517453, -20.858376267840335, 208.74279821950824]"
57.14511431233159,11.411150805377307,1.0,0.47640821979268133,True,False,"[0.27527515875321396, 0.3765686220382132, 149.77307856165677, -17.20353105466275, 166.45807497279446, 0.8513175287129102, 0.46929462683903045, 110.04696881211986, -22.593861687074586, 209.4391511045609]"
56.85938874076994,11.411675469096235,0.9999907726532079,0.5351221271344393,True,False,"[0.21465219428100235, 0.31307238817551786, 151.84425208974326, -24.661273556607412, 169.82767879209652, 0.8591909707605814, 0.4109574624266268, 112.74974138761424, -25.933931662925417, 205.624864279276]"
56.57509179706609,11.414513876320257,0.9999498306422008,0.15361634107405497,True,False,"[0.18017956675969832, 0.24284148491548474, 153.08658921051003, -25.493009414189352, 166.28474129680143, 0.8493186101600905, 0.4486450435783981, 111.56159085131578, -32.26879019751793, 201.71461981412907]"
56.292216338080756,11.421769084160967,0.9998711235621915,0.0050548697773673545,True,False,"[0.15349426577732322, 0.2287439503317829, 153.6057918372319, -23.109875162195948, 163.1512112804229, 0.8286432420272151, 0.466234790986475, 108.24969851579225, -38.40140968468262, 201.15092483895805]"
56.010755256390354,11.430882455724243,0.9998373057075434,0.6446260037643338,True,False,"[0.20608429040529475, 0.25679954489516166, 150.79451045826082, -28.955138957524603, 165.367639386568, 0.8552533044759106, 0.5355720815151243, 110.15018172420886, -37.20030962348722, 204.87252970493296]"
55.7307014801084,11.43197792305293,0.9999803437506946,0.6978954344538079,True,False,"[0.2027860651081372, 0.23649669777977925, 153.64281137071816, -29.89145016368532, 167.79141004078542, 0.8528009249452334, 0.5491848806897496, 108.6301683983949, -38.83199449641109, 202.3764265308102]"
55.45204797270786,11.397317815585591,1.0,0.8309033477437308,True,False,"[0.18856719871798636, 0.23868505394658748, 157.14596988662709, -28.77950988504672, 168.08964244528906, 0.7793565156994444, 0.6048338947596508, 107.33644681914174, -39.531539434493816, 202.17772083848354]"
55.17478773284432,11.367647588476165,1.0,0.5183751292644487,True,False,"[0.20026603697457596, 0.1692497564117389, 155.77874557518666, -26.964558659010798, 164.254604041962, 0.7375677342214999, 0.6802060163969845, 109.74667829111905, -40.59617373351642, 202.6437294984782]"
54.8989137941801,11.354888062716437,1.0,0.8792801777584973,True,False,"[0.27482197012069276, 0.2432648221754446, 155.38028500753998, -25.11629520760413, 167.08367244694205, 0.7089855847436528, 0.7120079369318152, 110.9372912276321, -45.784369640915976, 204.87849912959038]"
54.6244192252092,11.342988799714597,1.0,0.01692208731673439,True,False,"[0.24655205437667835, 0.26969656189736024, 154.57388138162696, -19.581466572804246, 167.51834978240993, 0.666657299662047, 0.6600711067723581, 114.6449278745063, -44.973787038148586, 206.76117022049957]"
54.35129712908316,11.317387454835808,1.0,0.14891028952294727,True,False,"[0.1950500272338258, 0.2532910640683474, 153.80893294515894, -24.23966978384232, 169.3519081874371, 0.6048054355554275, 0.73082549625584, 113.52919476357376, -46.3980848812394, 210.13256562669136]"
54.07954064343774,11.310757436563968,1.0,0.6760166731027764,True,False,"[0.19115636610629722, 0.31872630192869883, 152.89891595622257, -27.16549273376188, 172.40268810751908, 0.5334521222879319, 0.7391506479253566, 111.88022896259578, -44.60150685181015, 210.04717272392284]"
53.809142940220546,11.282153860250057,1.0,0.18975483286805417,True,False,"[0.2358485143992974, 0.3159520888522188, 151.24889688142017, -19.65482113066262, 168.85061655681628, 0.5019260077858833, 0.7689322359583485, 113.63492008708954, -38.677550747873354, 213.9807465940576]"
53.540097225519446,11.272123838159828,1.0,0.6810232699072584,True,False,"[0.25933274945500867, 0.3785818388040907, 147.78765686595952, -16.787385604139217, 169.47143252309652, 0.4606994611092279, 0.8018281554348508, 114.48125495991415, -40.70910329503806, 214.9575334673438]"
53.27239673939185,11.268706561472182,1.0,0.3682765580802283,True,False,"[0.2650693253683557, 0.3982526994396303, 149.58992234827264, -16.382603181025306, 165.91448086532154, 0.5103987620143248, 0.8016766609128125, 116.30576518441815, -48.36097887335791, 211.0744801563532]"
53.00603475569489,11.247310934391551,1.0,0.4319297627918296,True,False,"[0.20096243356798324, 0.47479301692783404, 147.4162644456328, -13.073486697057074, 168.29806766376464, 0.5585109106128997, 0.8638959610557025, 115.5657992571075, -50.65518926522805, 214.46131366038153]"
52.741004581916414,11.194051355617551,1.0,0.7315790102894253,True,True,"[0.22874374756306617, 0.4870438924281372, 149.75424455114018, -17.76405108475135, 165.71735385758618, 0.5385972669101123, 0.9077295028180783, 117.31752936351874, -47.04650457522765, 214.79354335739353]"
52.47729955900683,11.24704090384382,0.9989907482992579,0.08446857993059798,True,False,"[0.22958894672924515, 0.42068476618551287, 150.01341186916986, -20.564590332899254, 167.2768834125457, 0.48560462250646613, 0.8492661250411367, 114.44381040817125, -44.77274447091679, 211.20031554808853]"
52.214913061211796,11.265694903598462,0.9996428095548263,0.8828493548073187,True,False,"[0.28042982341734446, 0.34346462912467834, 150.5994539290145, -26.762944099362095, 168.30046625821095, 0.5606469152847383, 0.8170122844312188, 114.14824616159139, -47.63801229483205, 208.8972815125812]"
51.953838495905735,11.205345252641587,1.0,0.27811788024891915,True,False,"[0.35122516647676755, 0.31688015176462997, 148.0917628194326, -26.52257372124056, 164.5061463835669, 0.5532972893593091, 0.8910087991281047, 114.09920586389732, -53.02225131812597, 211.87290180849763]"
51.694069303426204,11.241748034199256,0.9992960514097488,0.7364617897969826,True,False,"[0.4046486038100117, 0.2808078518722, 148.77545853871433, -29.699242528638784, 165.26209117122332, 0.5338911778921948, 0.8462068524767341, 111.47399419060426, -53.90058789380122, 209.46052147171696]"
51.435598956909075,11.200166863357884,1.0,0.18569701156140928,True,False,"[0.41730883295679533, 0.2691477345379141, 151.36782472478018, -23.60643943607853, 168.46049212452448, 0.5693024367316696, 0.8983843194062519, 108.18322106984951, -55.012187843099426, 209.35959305383227]"
51.17842096212453,11.189524976492027,1.0,0.9508160491818715,True,True,"[0.36725755174620184, 0.25806116274953755, 154.24972131511484, -27.067644673600842, 169.34775431608728, 0.5633471746880916, 0.9049860827629315, 108.48044058021341, -50.990289012949034, 212.00182459186658]"
50.92252885731391,11.27735319938212,0.9982767445397248,0.8479788868358036,True,False,"[0.35549643468003655, 0.2332415323958346, 152.32377404874552, -34.13046834124811, 168.29500147909891, 0.6188866767639795, 0.8276393897038529, 111.53530388667188, -46.12696487495139, 211.57542346924777]"
50.66791621302734,11.299456670366187,0.9995638531815395,0.8172722569507965,True,False,"[0.3660005569187176, 0.2291751405612776, 153.52463578964168, -28.70789284132723, 165.35625813409806, 0.665838142003887, 0.847864030642377, 112.04002650081547, -47.036010810258645, 213.30431992228498]"
50.414576631962206,11.291091001367736,1.0,0.6066745731484678,True,False,"[0.2955339692663228, 0.15410699286707552, 153.42519131163007, -24.24899964561043, 165.69305290536354, 0.65407878550978, 0.8253597944087595, 110.84023069146772, -42.88315511493844, 216.80094969769542]"
50.16250374880239,11.279968341311985,1.0,0.46135271077461093,True,False,"[0.3349888637291908, 0.1798365825221464, 153.57466898124653, -17.752940824980065, 164.89245277095196, 0.6400781012447279, 0.8419057515175591, 109.7185344697714, -49.98437720052738, 216.52083866613603]"
49.91169123005838,11.360253653870403,0.9983927457909952,0.8683248784119841,True,False,"[0.3612279451728516, 0.19217210273336655, 149.68104168236903, -23.894651763450852, 166.96815440227851, 0.7160367794328537, 0.797540634248652, 108.65566977563698, -57.27300153397121, 220.32754108403407]"
49.66213277390809,11.328547968756933,1.0,0.2304652965061348,True,False,"[0.31393859140202957, 0.16461926218025338, 151.64143837847223, -26.13953620574333, 167.5865119963139, 0.6783963474824519, 0.8533141893157747, 106.32612912140269, -59.95322652861832, 219.92139899359756]"
49.41382211003855,11.403144447169144,0.9984915111380874,0.27973009494174617,True,False,"[0.36599797365236775, 0.13794579801353235, 150.80260603312487, -31.341323868093397, 165.0754995298215, 0.7540940965357673, 0.8333840227474393, 105.64657720888913, -60.54329736351029, 223.1628816343072]"
49.16675299948836,11.421651098959163,0.9996236650156358,0.10852910056332588,True,False,"[0.28800905927509973, 0.18943619092423947, 149.66748096519495, -34.27753179586469, 163.65128274919655, 0.781484133856912, 0.7842797543717697, 107.17894242357934, -57.03493695260184, 221.03422518751395]"
48.92091923449092,11.422591807707127,0.9999807710133372,0.5514254385859991,True,False,"[0.25459880676955454, 0.22398444002293752, 151.52526844914067, -30.384605225287757, 166.58326154852713, 0.7810803334502737, 0.7609770879653128, 104.71615450709449, -54.63178224277402, 223.4568036686833]"
48.67631463831846,11.397483760287262,1.0,0.8909943373620357,True,False,"[0.2668409697259345, 0.25912507454787786, 150.68412693915516, -26.518681967025614, 170.16973189921964, 0.7378601126698752, 0.761176474282625, 104.09258288399676, -57.2354997046733, 226.32899934334893]"
48.43293306512687,11.353062284172735,1.0,0.08893154118081092,True,False,"[0.2993100427552497, 0.1958020429706952, 149.39014952660233, -27.09246519055528, 166.67559505712566, 0.6681763248698036, 0.750657639938146, 106.81196981610877, -63.200495140582305, 227.28749988142462]"
48.190768399801236,11.400793245125065,0.9990100317432515,0.296453705323235,True,False,"[0.30649889751712706, 0.23586402071949353, 150.28185520906598, -34.44291342016593, 169.01716382230816, 0.7261662398012394, 0.7830861788226906, 104.04805721509977, -66.05607532422889, 226.31639561595262]"
47.94981455780223,11.437950835467948,0.9992253735035335,0.4077479481675783,True,False,"[0.22687840061154518, 0.21352557681177348, 148.0505647602428, -32.13067266454082, 166.43741354326392, 0.7630024366043862, 0.8017072037241024, 107.78595391831536, -71.59502957487166, 224.21093300361792]"
47.71006548501322,11.454017991278294,0.9996632901147773,0.011523096695224,True,False,"[0.2366163309562313, 0.20423495181451634, 151.84763275539524, -31.266113397271354, 163.64641967916566, 0.7456088874399558, 0.8748859710833958, 107.01818334063213, -73.93878473972123, 225.48378856448323]"
47.47151515758815,11.5202521627917,0.9986057325854709,0.09834181369364603,True,False,"[0.27594242017429604, 0.2573665520356721, 152.39648634440124, -24.468646460100175, 167.2632326227041, 0.7989114869457221, 0.8320140742018536, 103.18976722497872, -78.91632149227819, 225.66846893634187]"
47.23415758180021,11.483758837347725,1.0,0.8263181710652469,True,False,"[0.30894457513369233, 0.24111027309682298, 150.9011950233095, -23.868269446075544, 169.17902572811337, 0.7590128707093277, 0.8357815848511554, 102.44779940190352, -82.32681342094166, 225.16523879056945]"
46.99798679389121,11.516965059631154,0.99929370391256,0.9106365873217903,True,False,"[0.30515229816913386, 0.24818026008165361, 150.81566085944243, -26.324959590871014, 170.1035522295546, 0.7989738992001854, 0.8144495305135415, 99.34453737839296, -74.37073646925123, 223.5762518665685]"
46.76299685992175,11.49065530122477,1.0,0.4217395511918117,True,False,"[0.2432405951842902, 0.28397498494757434, 150.96623646285965, -33.990448199295834, 172.81663515204554, 0.7506964686408082, 0.8330330493907155, 96.00429889655739, -73.99920818140387, 221.79718786786725]"
46.52918187562214,11.448775408404856,1.0,0.15157646139275782,True,False,"[0.28531060933442637, 0.2502527979247724, 147.79863877924208, -35.89098971027292, 175.5052456379095, 0.7479649585624313, 0.8188721717440246, 99.07723068829056, -66.9068835832005, 223.31268348484303]"
46.29653596624403,11.560544626696537,0.9975887092263217,0.10334595144150971,True,False,"[0.3130196556160012, 0.20805427252252368, 151.7066127449294, -31.658839908721248, 179.29458045158202, 0.8210819845408903, 0.8352198258357475, 97.44219487531323, -70.17861659633668, 219.54782584931624]"
46.06505328641281,11.698894708843856,0.9970011424635539,0.5073379753095318,True,False,"[0.3441581363716234, 0.235263035579049, 152.6691511048632, -39.328355445420385, 179.63230624293698, 0.8387238591793295, 0.8954964201149904, 95.84130188929826, -65.29640841431052, 219.4283046338147]"
45.83472801998075,11.631840503765844,1.0,0.7254074453787989,True,False,"[0.32440493456615727, 0.24309434606711422, 156.63066914651162, -37.705420849259, 177.0383918287839, 0.8302687414950106, 0.8829098217175803, 94.50389439724758, -61.92289670929661, 223.2667541155253]"
45.60555437988085,11.540775119030863,1.0,0.306738210220843,True,False,"[0.27675404310182644, 0.26306618921435965, 156.90456670083896, -31.65335314897905, 179.0013076896655, 0.7767968484319947, 0.8789202849106512, 96.85796727384685, -69.57570285251336, 222.9673177538829]"
45.377526607981444,11.421039477775368,1.0,0.5265865753863871,True,False,"[0.2656229156474684, 0.19248898914720916, 154.59089741321924, -28.507938558016285, 176.0186779971937, 0.7082348684952778, 0.8913284344884467, 98.01571998682152, -64.45213066702895, 220.37028585580197]"
45.150638974941536,11.388390255320838,1.0,0.9585120406697765,True,False,"[0.31305159645890646, 0.15488921846293335, 156.53053540513685, -36.242803142020485, 175.51123974336625, 0.6971541003013986, 0.8347623444065044, 95.60308696871643, -65.85647157420051, 219.3650472015573]"
44.92488578006683,11.37693933832839,1.0,0.16919409914104622,True,False,"[0.2723383962480167, 0.10104520495193772, 159.7637800581871, -34.462573467406195, 177.02245126698287, 0.6816820115624096, 0.8802800673865618, 92.9179979532543, -71.43485611747754, 221.16204562953445]"
44.700261351166496,11.34599262706087,1.0,0.3560553176506127,True,False,"[0.20070897623584671, 0.12619768698138395, 163.19818969161526, -40.03147781663221, 175.0263850324222, 0.6387032775887225, 0.851546644694795, 94.13836648653502, -77.24953399987078, 219.37062526218023]"
44.47676004441066,11.309982994853394,1.0,0.7235008289992694,True,False,"[0.26676555491528836, 0.09910133657584569, 166.85279357567387, -33.76395439006742, 173.4050742374266, 0.6036804942408468, 0.827410199218118, 92.91675860651131, -74.791013463828, 220.85906215302427]"
44.254376244188606,11.278341179879453,1.0,0.319886100529321,True,False,"[0.25496710421572255, 0.10113029818938733, 169.47842209961254, -41.43863078319924, 172.14738259045146, 0.537575797990994, 0.8383388600185717, 89.29268781411172, -68.16804402383569, 217.9723856990012]"
44.03310436296766,11.241260548635676,1.0,0.12766015983298906,True,False,"[0.272918759166162, 0.14195438448207912, 170.34110097715248, -44.889335125524646, 172.19598783590493, 0.591186661602055, 0.8860802900527691, 92.81385653009185, -60.25562617361478, 221.4484084120169]"
43.81293884115282,11.33182559893808,0.9979350503675964,0.2938013232847607,True,False,"[0.2426009100477176, 0.15314750211001366, 168.15245786391904, -44.6258487435489, 174.7383771758769, 0.6214145071740406, 0.8159661365978015, 92.33595426057602, -64.11439678560265, 220.84445693804423]"
43.59387414694706,11.384275881509524,0.9987975663259849,0.9327829045173803,True,False,"[0.17673209900962267, 0.2059611627701362, 167.29996507177077, -52.0783808825288, 171.96906276722348, 0.6780928530765669, 0.8931317440945934, 92.33194576982484, -59.11753553891469, 219.26325381345913]"
43.37590477621232,11.42056564696609,0.9991637156793177,0.9976627050266879,True,False,"[0.23651147265531042, 0.13879837028832648, 168.47324416331335, -47.18661690473786, 175.7712100279306, 0.7333798564730071, 0.8337777245073517, 90.81700223319298, -52.95224380834384, 222.2493593518274]"
43.15902525233126,11.393851787820232,1.0,0.26251258490635654,True,False,"[0.22001786210482904, 0.20577435541367328, 166.88292331919544, -43.37169351420461, 172.1532809694755, 0.6684979815243257, 0.7653484761678653, 88.40445888646094, -57.29604972636098, 225.2728935544404]"
42.94323012606961,11.391714305017398,1.0,0.09468058523366008,True,False,"[0.22274500508894585, 0.2532836639178795, 166.1825649711349, -38.252356398666784, 170.8534830181798, 0.6846185187008531, 0.8279613209988274, 90.34022942840572, -60.11541394977269, 222.18166181075625]"
42.72851397543926,11.429462713559506,0.999116942398227,0.7313665517273449,True,False,"[0.2637296131872541, 0.30715697026223215, 167.71725634255674, -36.52110419960516, 169.21578259905186, 0.7051868367277819, 0.846684792248803, 87.06972995006917, -60.46871779403562, 218.42508428744094]"
42.51487140556207,11.414676068045537,1.0,0.46671553845073965,True,False,"[0.18735436013529336, 0.2841763727352272, 164.87169625817884, -40.18647166265177, 170.7432728298093, 0.667976425787343, 0.836397334350937, 85.3316572720782, -65.79313689264475, 217.53417774587027]"
42.30229704853426,11.468956645016483,0.9987176638069669,0.12481645603145919,True,False,"[0.18244542609334155, 0.2316662950867303, 167.6759806935851, -44.26206337275083, 174.5015049527458, 0.7115984403436828, 0.7578947686755817, 86.20984764104304, -67.26057552528522, 216.35805454080293]"
42.09078556329158,11.405159078038302,1.0,0.524452659027114,True,False,"[0.2315649818287857, 0.205333690126333, 165.78146189527007, -40.26570991498082, 175.1928660122091, 0.6544080894963465, 0.7301523203899294, 89.74678715205481, -64.08066801458938, 217.97230547833553]"
41.88033163547512,11.397364200707692,1.0,0.6151355862726139,True,False,"[0.2759632412849633, 0.25304237286278564, 168.9986196058226, -42.10069645598706, 174.11998889611928, 0.6299076005568527, 0.663705743753875, 90.89289396895475, -58.655766841671536, 221.7202024295012]"
41.670929977297746,11.401890493378717,0.9998913859887543,0.8450541185557161,True,False,"[0.22001299218321557, 0.3121628051936047, 171.63033237923057, -42.22433097309935, 173.817014785489, 0.6819274270847797, 0.6981517570958483, 94.70111444310162, -58.89506367234338, 220.70064347833696]"
41.46257532741126,11.387178462908137,1.0,0.7607344270815543,True,False,"[0.14687231197330486, 0.2959052482398013, 174.9014632184786, -37.831052695845045, 176.48655057792308, 0.6174402370116414, 0.6647334544614084, 97.34200165706757, -59.596824078346906, 222.31535099534625]"
41.255262450774204,11.352194317481068,1.0,0.0651874070762044,True,False,"[0.11467363553742457, 0.22250959748820892, 170.93310808420333, -31.263228562594676, 172.7932642223911, 0.5559480607519076, 0.7325919845528167, 95.1647002450682, -51.80730500863316, 219.65297257822047]"
41.048986138520334,11.34989741067244,1.0,0.16792080302576984,True,False,"[0.09900770779067702, 0.23174966142541198, 169.27098911310486, -23.981353317250914, 172.77125630006955, 0.6042664579724247, 0.8070042054022144, 91.33609973669772, -51.88323862002142, 217.1863777435204]"
40.84374120782773,11.375749714940584,0.9993672439512127,0.7896610843688634,True,False,"[0.10469830488369444, 0.2755997041862415, 171.040825785715, -21.62990181448838, 173.81936583526874, 0.6161341439253352, 0.79169652713836, 88.02468682109324, -55.7777255364356, 219.3252478092664]"
40.6395225017886,11.294590390308386,1.0,0.9325145758921471,True,False,"[0.1786506605599213, 0.300098420468808, 174.65277655873905, -23.15410918113114, 174.7379274440661, 0.5552171181041079, 0.8506101877849427, 86.06406844914461, -63.389410013547014, 218.3230085662588]"
40.43632488927965,11.26074330208855,1.0,0.048699641852658404,True,False,"[0.22640093585672832, 0.28508150760418893, 171.23589179447896, -17.786913112318476, 177.97387571369293, 0.6038685687187153, 0.8979609432808903, 84.88121830104899, -56.76494282405494, 215.2401269495178]"
40.23414326483326,11.237591295474589,1.0,0.6509639689736522,True,False,"[0.26342529391263436, 0.3014079856776809, 168.47380049293983, -20.9063771028075, 179.39837808311228, 0.5288453499212638, 0.8758379925696153, 88.56238839562924, -50.674976495542325, 214.83623791509737]"
40.03297254850909,11.309146874243542,0.9982141803991456,0.8326607051612896,True,False,"[0.2464504715343458, 0.352185062428583, 164.7455105174394, -20.994662909270907, 181.81636620164846, 0.499099929947279, 0.8116528722640582, 89.42566738111591, -57.8793176994083, 216.1636376733919]"
39.83280768576655,11.339521648655516,0.9992377339716837,0.24918868271534278,True,False,"[0.208152957829051, 0.31915899166327677, 167.19758978320868, -23.7905144821812, 184.67373670958932, 0.5541293916841113, 0.7856188647682005, 85.82576789983786, -55.54629175807251, 215.57838229182232]"
39.63364364733771,11.323508859369806,1.0,0.01420580841750474,True,False,"[0.2647548410324079, 0.2860921714316001, 164.44635538695263, -29.70615297626625, 186.8003242124501, 0.5557336456880593, 0.8030379074031956, 82.74495312611543, -48.41602484821567, 215.3936497412113]"
39.435475429101025,11.326009990893574,0.9999365786215809,0.7041995773470253,True,False,"[0.29379064450712883, 0.3471389187081077, 162.6718477063352, -24.56472164080595, 187.33487364673087, 0.5813396781185811, 0.7970094417096716, 85.6442247791727, -48.375830387765276, 219.0909555980574]"
39.23829805195552,11.355771647097367,0.9992418026863901,0.6236348004538677,True,False,"[0.34749990551247595, 0.37041989288351745, 162.7082817256031, -31.438751563971927, 183.70522411261396, 0.5550707301337692, 0.7223646872712228, 85.59900265246299, -48.72138389905878, 219.41319857003623]"
39.04210656169574,11.325380417024926,1.0,0.9704278322305239,True,False,"[0.3530732521728715, 0.3864280010830553, 159.16908178553683, -24.777963901244377, 187.41420723719338, 0.5533508350679228, 0.7736224643407211, 87.71933299488629, -50.69184004932177, 218.7108243364381]"
38.84689602888726,11.374883783065815,0.9987264918710665,0.9755428023414189,True,False,"[0.37903712215383545, 0.3849886022185419, 158.29437806091056, -25.22589550894456, 183.71015695248568, 0.6323486292644056, 0.7353653631738409, 89.21535601799334, -55.95790979663716, 220.95064776668946]"
38.65266154874282,11.419537588992771,0.9988454088093845,0.23368079115882812,True,False,"[0.3094522119628657, 0.3768392188294187, 155.8785451181466, -28.384633209419725, 182.24868617526792, 0.6986297405452981, 0.747130836049752, 89.93619926203586, -57.65547434755207, 222.83811471938378]"
38.45939824099911,11.440238141778671,0.9994619005040566,0.7734769406304396,True,False,"[0.23334154167097873, 0.35195908293440126, 155.4829445835438, -28.026415949865026, 178.53334059412714, 0.7536381391214451, 0.6909427350779703, 93.90262277703084, -52.497165399710724, 219.75267085310233]"
38.26710124979411,11.419703029077912,1.0,0.31590644396811185,True,False,"[0.2966489927811062, 0.3440191214263183, 155.36421807210215, -28.06906714221828, 175.5877637158094, 0.7055700325409406, 0.6695640694047624, 92.03125621723672, -51.32713487571237, 221.7118461921949]"
38.07576574354514,11.43310485750915,0.9996480840273992,0.6644681515709847,True,False,"[0.25950612596506134, 0.29979816345732624, 158.6825294309662, -21.46697533480957, 176.78957036694342, 0.7520710174597192, 0.6635619793390946, 92.31351869178003, -52.05601286763195, 225.0765006307478]"
37.885386914827414,11.457283369542978,0.9993620020735832,0.7323854591433868,True,False,"[0.21261985328081287, 0.24161255182874064, 161.63221977769788, -19.447635290918647, 177.8576719748402, 0.7604055981268133, 0.5873684816416691, 90.09093379995399, -58.85271170705394, 228.73550180094932]"
37.69595998025328,11.485620268816016,0.9992485600256753,0.8411363909545416,True,False,"[0.16803495228939846, 0.2979158235818815, 163.75566140393136, -19.75576529852362, 181.42817616790578, 0.8185632537583539, 0.6147964717068242, 90.39644903850231, -54.79581362948848, 230.06578886368706]"
37.50748018035201,11.511016000212791,0.999323144725067,0.1399481432458568,True,False,"[0.11195482080862408, 0.24098855000517178, 161.25564002535262, -12.358576562650669, 181.916728214284, 0.847429373578117, 0.6174924352083859, 92.51155640570964, -51.169561898429535, 233.7357885516398]"
37.31994277945025,11.451942463377144,1.0,0.5333733899899842,True,False,"[0.16244414108222613, 0.18174773459776883, 158.5150974604955, -10.305597700945174, 183.4004297675853, 0.7855059598733817, 0.647516372432297, 93.68700101118743, -59.15024354634266, 234.68711243803978]"
37.133343065553,11.441968514888728,1.0,0.8654505956713773,True,False,"[0.1839923840426428, 0.1815278500216331, 154.78808384355713, -14.6308872542135, 187.07484773491808, 0.7457709969981735, 0.6116539713810494, 95.5432334505113, -66.72951672119814, 238.5308378432351]"
36.94767635022524,11.428982115388909,1.0,0.3420815262101,True,False,"[0.2280385009337637, 0.21656810974181367, 152.89025996258636, -10.541581803342293, 185.92360004687922, 0.6802085222854002, 0.6181187925943463, 97.1047954327783, -73.92174334887423, 240.53980040008753]"
36.76293796847411,11.415400668653744,1.0,0.35578342029541543,True,False,"[0.1678644442664322, 0.17682052618935767, 149.93372312263742, -4.729899236346666, 188.74576863000297, 0.6225415581337764, 0.6303789415355417, 95.04434913361185, -70.2648812308807, 240.77119396318378]"
36.57912327863174,11.420047891444366,0.9998729623024933,0.4142024787394325,True,False,"[0.24771633887897332, 0.21487572175291783, 151.43946928710326, -4.923640034734973, 185.56214954550595, 0.6465799052610982, 0.6227173873672296, 98.28041388237855, -77.47071568423296, 243.729275383829]"
36.39622766223858,11.417289769873879,1.0,0.5016875095288658,True,False,"[0.2657227353524305, 0.24990092621773355, 148.1454100836913, -1.0250473613196647, 188.76617752008937, 0.7039886827620547, 0.6938948196422507, 99.78554978445749, -74.81846884832636, 244.67607731756706]"
36.214246523927386,11.413463319359868,1.0,0.25657534415153793,True,False,"[0.28743740546700103, 0.31884801404137136, 148.96711325311148, -4.608713800061569, 186.1163739804815, 0.6523914788907764, 0.6168941483795984, 98.83322859669744, -69.6648390673884, 243.32678122135482]"
36.03317529130775,11.401304773251201,1.0,0.7516556211365307,True,False,"[0.3408638438769273, 0.3827891686245865, 149.44103043631782, -11.309891923948529, 182.26351014068612, 0.5949719649442973, 0.6197515052239678, 97.0468479581082, -65.00200507291541, 245.5499949178323]"
35.85300941485121,11.409451166916583,0.9997728093576781,0.8851218720574601,True,False,"[0.41368010485387946, 0.30393339710740347, 148.16243021867928, -16.163870782289116, 179.3945429456975, 0.6565662807413639, 0.6037804397636874, 93.19976742526725, -62.0317619310881, 244.4814883710868]"
35.673744367776955,11.419251633167356,0.9997253128223124,0.056043094241023717,True,False,"[0.4910365063154055, 0.3580690678053785, 148.51930071657108, -15.510608678385763, 175.64884241162395, 0.717096566334017, 0.6454119302990726, 91.24667455872805, -58.12771749452514, 247.0912153225127]"
35.49537564593807,11.462683176024,0.9987771651419611,0.30512969889035335,True,False,"[0.5536060304886846, 0.37572681106121375, 150.73844216171062, -17.545342763798477, 174.76487059005984, 0.7709093558910296, 0.5916739313484417, 88.9473894324788, -57.20872063809227, 248.05979783554]"
35.31789876770838,11.431036988221045,1.0,0.35397877639388453,True,False,"[0.5560356593077811, 0.41769335929332074, 153.67174468341838, -10.868040712863252, 170.9084628157192, 0.7467246806896993, 0.6342771028979062, 89.86800663787486, -55.272136440792856, 250.99797114980578]"
35.14130927386984,11.46188220692172,0.9991226369725255,0.08000168086844839,True,False,"[0.4796586782724479, 0.41773761710860524, 149.87686159567707, -9.52390251025687, 174.0982141230658, 0.7942002685188058, 0.6003037819938313, 91.23052102362306, -48.49621805948495, 254.16536473433317]"
34.96560272750049,11.423314415177813,1.0,0.7628403190126399,True,False,"[0.5002986821738142, 0.4149109145847323, 149.46653316507812, -4.086400979634643, 174.3539744865997, 0.7583417230207592, 0.6415659667805502, 94.33747789154442, -49.84736521423531, 250.5492123633472]"
34.79077471386299,11.414450895819257,1.0,0.43534005259712727,True,False,"[0.5006667622071254, 0.4384714352401691, 146.09373754684879, -6.280430485151463, 171.90891370845978, 0.701905113243473, 0.6395072935042843, 91.26689511929266, -49.9643797440754, 250.40683437659015]"
34.61682084029367,11.444707197865096,0.9991263471735851,0.2971543617900547,True,False,"[0.4497614030576329, 0.3901772139004325, 146.54548103391951, -1.3557390517291807, 168.05533187388917, 0.7759520398498445, 0.6313705293881435, 90.24092273814557, -44.829899410015955, 251.98405231691694]"
34.4437367360922,11.451771743306754,0.9997949171118591,0.1826397702779985,True,False,"[0.48173385355050785, 0.3585284655532327, 144.58588100895167, 5.913493446764816, 166.55464718076217, 0.8061696838852325, 0.6294415375957858, 90.52816065504484, -41.368334010946654, 252.1165120102523]"
34.271518052411736,11.447725590893793,1.0,0.4943920729547373,True,False,"[0.5250622898957986, 0.3710537438274044, 143.32109659590586, -1.1784502496693534, 169.33811416591618, 0.8059701809090318, 0.6011188939589536, 93.67425473195779, -45.26761993307089, 254.39317602978875]"
34.100160462149674,11.466343171998608,0.9994541814619117,0.817761498906027,True,False,"[0.5463323295133142, 0.29930079789244085, 142.2906929559077, 3.9239824430938253, 169.59140626726725, 0.8329065713071014, 0.5245682976881556, 90.01043453768257, -38.813577418517404, 257.2514030614313]"
33.929659659838926,11.487717867820688,0.9993702275610052,0.9874001035399674,True,False,"[0.5310134448019974, 0.2586007975335254, 142.32659696992667, -0.3764866471088233, 169.20553436711458, 0.8433682352328277, 0.5899598566167565, 86.03765232873717, -41.70851306618758, 256.6575753613116]"
33.76001136153973,11.423058307454452,1.0,0.6365617895194945,True,False,"[0.5787983521964755, 0.22266292542974503, 142.92050321320372, 2.808307228446015, 170.436834721667, 0.7681577356524878, 0.576742669903608, 84.34525725140418, -39.414970319243764, 260.0676496385118]"
33.591211304732035,11.422221885270233,1.0,0.04616355317983367,True,False,"[0.6492576903598509, 0.18388984103278835, 140.0533047468021, -1.1956822822291358, 171.3554868812891, 0.776765635062889, 0.5988553075100711, 83.97120715807638, -39.81418711941786, 259.6278500660188]"
33.42325524820838,11.410364516583908,1.0,0.6972591902645702,True,False,"[0.6648669212971909, 0.15444435237870463, 138.65856917568078, -7.055363104056392, 167.56331958104855, 0.7127462675942539, 0.5792285739617018, 81.22561906436532, -45.33523148796006, 257.0534537732212]"
33.25613897196734,11.381077315825959,1.0,0.6168949109287486,True,False,"[0.6053103104346415, 0.21112973044159217, 135.66316524385206, -5.391386848349004, 171.30602247816026, 0.6377303511426591, 0.5266530032120413, 84.59248947736553, -46.648474033315516, 258.8312313237433]"
33.0898582771075,11.379135579301483,1.0,0.8276882882547351,True,False,"[0.6689714463687506, 0.21075128535986637, 131.8575182388984, -1.2542957517896163, 174.2868939213223, 0.6890990740262106, 0.4666554220653024, 83.4394566672922, -46.439107576169825, 255.99328812067242]"
32.92440898572197,11.40280403987877,0.9992813855726305,0.24138129749448844,True,False,"[0.6105024667778189, 0.20906602079499365, 135.8493287407327, 2.553135628195804, 172.527570717782, 0.6812078922433206, 0.48533476867281056, 82.13151132913386, -53.59081001157019, 258.9839845004461]"
32.759786940793354,11.380084780756581,1.0,0.2323680317353174,True,False,"[0.6115838552787332, 0.27097968389343846, 138.25171448546598, -0.4712978458863013, 175.45063920261347, 0.6837263253914204, 0.49491090132495935, 84.64721276945755, -52.326720087278915, 260.79334784600735]"
32.595988006089385,11.371803949581928,1.0,0.5922974013960892,True,False,"[0.6504350420132646, 0.22898198856745788, 140.90321731747392, -6.113740393144042, 173.36648391984508, 0.6691297154566607, 0.5379538222558032, 87.92796313935277, -49.198553879977524, 261.0636581698814]"
32.43300806605894,11.391649374820563,0.9993882974150821,0.39793691191268254,True,False,"[0.7024542627180198, 0.25504590980838393, 139.5911786465882, -9.546093435162723, 173.48510213819543, 0.6381560189996592, 0.575825066604233, 84.4748571882572, -55.276921584546805, 262.3850614034126]"
32.270843025728645,11.399066366375724,0.9997701907176751,0.9660642184450411,True,False,"[0.7435545961865054, 0.21651015653543854, 142.57416314407448, -6.974404027494048, 176.7791476787938, 0.6251749568759614, 0.5255756223312962, 84.27089822192812, -55.17550982821533, 260.2216710066899]"
32.1094888106,11.378435583736145,1.0,0.12909039449347848,True,False,"[0.6736193106866291, 0.19397056681153407, 144.44843296859463, -9.751132278634433, 176.10882786642745, 0.5934994653577268, 0.4615114338997166, 84.5568514516522, -53.90611605854904, 256.6845201151344]"
31.948941366546997,11.39102100060053,0.999606154764126,0.4355464732040878,True,False,"[0.6682662963831754, 0.12024719930437357, 140.53907885935948, -7.6940798527999785, 173.77283889307887, 0.6564997683265767, 0.5406800337764991, 85.34539266385269, -57.73074582065212, 255.29428322549663]"
31.78919665971426,11.394050541097563,0.9999047035955324,0.4777700915367499,True,False,"[0.6615121120197192, 0.1797809261603247, 137.16690778067328, -12.215078547548856, 176.74846088535344, 0.6208275385791212, 0.5533822073152783, 85.67466793431677, -56.66041303057391, 251.64167126394884]"
31.630250676415688,11.380926116475713,1.0,0.45442209852133486,True,False,"[0.6031649366360375, 0.24775659858136984, 133.55780582508532, -14.51995654672746, 173.54023594904183, 0.6417959087164292, 0.5663175682207544, 87.42466016534239, -49.50181395579474, 249.67022085972204]"
31.472099423033608,11.40239551441136,0.9993180602159211,0.9781662014867722,True,False,"[0.604762942563352, 0.2929873781155045, 131.743319742093, -10.534398006784938, 176.96821253848518, 0.7020561216290343, 0.54750135569925, 84.35649804310913, -46.61538739455455, 251.92502838226332]"
31.31473892591844,11.362573082900708,1.0,0.6954137236190205,True,False,"[0.6223371874297224, 0.3020724762053496, 132.8839539272567, -3.271822034734784, 178.26573268095473, 0.6429039480187928, 0.625005488640913, 88.28337085895174, -38.64610133153928, 255.03106293931728]"
31.158165231288848,11.384711904002803,0.9992897220472233,0.014893056651093861,True,False,"[0.5849979469035906, 0.2765898172410908, 133.9077899846921, 3.122980339496353, 180.63245188601084, 0.6601925709262823, 0.6996616978778986, 85.28079015551869, -45.45960642363639, 258.7624367571091]"
31.002374405132404,11.409702181088088,0.9991942485620485,0.49829623269564427,True,False,"[0.6588958200572339, 0.21623075489909338, 137.69091919321693, 3.451624271445274, 184.3122386641596, 0.726189306301508, 0.6503923552815639, 82.87102451865037, -39.651582792863394, 258.70867378996985]"
30.847362533106743,11.462390489973885,0.9982934249968541,0.17850342427482413,True,False,"[0.6008895290083255, 0.16372276867752394, 141.3985664433714, 1.8302094089528076, 184.58969630619913, 0.7998752245377149, 0.64125321394614, 81.10233856732721, -45.8768657113545, 255.65112024010463]"
30.69312572044121,11.480601650393172,0.9994068457205323,0.9704643212606435,True,False,"[0.5845445796217847, 0.214238815105398, 144.67793289456037, 4.184472110567597, 185.97366225294112, 0.8126342205095801, 0.5969687260292497, 79.12549359899604, -44.960344774707686, 254.91736170273884]"
30.539660091839004,11.454032428749585,1.0,0.6576238849843504,True,False,"[0.519993628072134, 0.13474244345364755, 140.81397916456444, -1.7611376595410668, 185.98989221169384, 0.7809464144963507, 0.5656007689166654, 77.27917554280876, -38.18892311258389, 254.29101753843247]"
30.386961791379807,11.439063616531401,1.0,0.16859458373967906,True,False,"[0.5749367896855013, 0.17227798049145146, 143.9047192886804, -3.283175584417842, 188.98459237050162, 0.7166740547268214, 0.566494768325475, 73.61387822901888, -38.5432875382035, 253.55361458727168]"
30.23502698242291,11.453821931914593,0.9995119993091204,0.2068898651553207,True,False,"[0.6477526171688885, 0.12113452988526702, 144.64816913028753, 0.022333288734241563, 185.839624592438, 0.7925048345610439, 0.6117582893090564, 76.1534736161746, -41.072910412351824, 256.29853100150507]"
30.083851847510793,11.46865408135995,0.9995070945769611,0.5692752035532284,True,False,"[0.6693454982566972, 0.17775906046592027, 142.76120290331824, 7.001176048831914, 184.68657691582047, 0.7852368256305324, 0.6769767381979924, 76.12838699036945, -40.075894290531885, 253.1265745414991]"
29.933432588273238,11.518751877122252,0.9983277595661424,0.9416809702448302,True,False,"[0.6581196941133018, 0.24582669018713094, 146.2724831417133, -0.6292049233188717, 188.32054046471197, 0.7975822526179308, 0.7564047106618486, 72.60132636165154, -39.06713823145621, 256.47013770463127]"
29.78376542533187,11.674833078298388,0.9947732282241997,0.5289032231664708,True,False,"[0.6285501103105733, 0.19882182657935055, 143.68102587419915, 0.3356259748823618, 191.8097216697809, 0.8528886230081518, 0.7824516674581805, 69.40842053081397, -37.77092818147359, 255.20487325007517]"
29.63484659820521,11.531393606252134,1.0,0.5734830579175382,True,False,"[0.5745492547048715, 0.23396820931358617, 145.67269202239032, -5.509650952134711, 194.66753585016815, 0.81139504103408, 0.7202930618735002, 73.26315471060887, -42.03893189737819, 252.37862843767647]"
29.486672365214186,11.476915975577757,1.0,0.4962887017563963,True,False,"[0.5007487153147472, 0.22390413738870535, 146.16846137039312, 1.3775538019925548, 193.8223612151366, 0.7596634486503421, 0.6643905882416432, 73.23158574476196, -39.85027160942057, 255.27350110590427]"
29.339239003388116,11.445743382495419,1.0,0.49732184136844326,True,False,"[0.44528887588278887, 0.17366018626358148, 142.8089605630903, 3.132618745749097, 190.3019482420133, 0.6843171060487381, 0.7214145791293285, 69.2653488544027, -36.296516834314, 254.77041627780466]"
29.192542808371176,11.434871231797864,1.0,0.3841201491139212,True,False,"[0.5224894991794671, 0.11681953213812164, 141.17483251532, 7.419343240029381, 192.5321661322271, 0.6293993933432988, 0.6447902359764652, 67.99477882557807, -43.189780912828944, 255.1452671363669]"
29.046580094329318,11.409699377315757,1.0,0.2893293093372812,True,False,"[0.5557655659245959, 0.11119494979679287, 144.29063913982165, 7.299528523349567, 195.45516191475818, 0.5747484369988465, 0.690528199007856, 65.7066526871534, -38.857771910427374, 258.4916503486085]"
28.90134719385767,11.455059235660165,0.9984317588678872,0.9524534345891692,True,False,"[0.560072794483367, 0.14520816791562374, 147.98935689528915, 5.489108139079054, 198.49265188353996, 0.6484299774469864, 0.7265388814924133, 63.32813036340151, -44.48937558790812, 258.92006184888885]"
28.756840457888384,11.513155072454285,0.9979817952360771,0.9907990394435414,True,False,"[0.48689992267282545, 0.21912352910166916, 148.27072049628683, 3.6464746520862388, 200.6330035678044, 0.706618489279746, 0.6510544812589597, 63.22717581686096, -45.417580970161154, 259.88131543741537]"
28.61305625559894,11.50644903959303,1.0,0.8876074573256626,True,False,"[0.46407795576314315, 0.1441698983774544, 144.4383998577888, 4.647584510660733, 204.29589315996347, 0.7067509233352576, 0.6769665506066596, 64.59801269185743, -48.2338308571279, 256.33261846614323]"
28.469990974320947,11.550588571325937,0.998450813252831,0.32836166292280156,True,False,"[0.41271112159589546, 0.09864817034029233, 143.12547497628347, 0.35149106034548794, 206.6921837367166, 0.7533784618053005, 0.7451594105209249, 64.7376137316074, -53.08575870624329, 256.2534406435276]"
28.32764101944934,11.53957841440269,1.0,0.8630265237857426,True,False,"[0.3922199169562174, 0.15221264024741454, 145.7807919699556, -1.6099546664695676, 207.50805986478136, 0.7536614743889709, 0.8040698848514297, 67.26057738997537, -46.26722810771512, 253.61245182466413]"
28.186002814352094,11.479813466375642,1.0,0.12756381745981193,True,False,"[0.36969089237762326, 0.12994803431188953, 147.90556712613045, 6.105586718658056, 203.8857224706919, 0.6871914603575522, 0.8623140041491342, 65.3741781912494, -50.423101054912905, 255.06145777837335]"
28.045072800280334,11.6460736592494,0.9940892168621425,0.1955166393120753,True,False,"[0.37187609483172673, 0.10070179242000016, 144.6642901092712, 0.9550285761832313, 205.32642972182907, 0.7634099533115887, 0.8590470829148675, 63.62516081198356, -55.45862708592776, 258.7481867683958]"
27.90484743627893,11.709173535350047,0.9977413032754952,0.9305026578688534,True,False,"[0.4045985909830064, 0.17689430799135564, 145.4076658334034, 8.108102015109186, 201.5682369697272, 0.8017752400063338, 0.7896061447456717, 63.483921588768354, -60.64073176136225, 260.5556763559649]"
27.765323199097537,11.70051387467074,1.0,0.8181655516509294,True,False,"[0.4327964945402472, 0.25054583087282617, 142.5215377343042, 3.4957026316787285, 199.46080242978218, 0.7945056852182176, 0.7238837088808968, 59.765637574680916, -57.361138184309034, 264.45173939541957]"
27.62649658310205,11.584980305440642,1.0,0.7294448459725065,True,False,"[0.42340189412141643, 0.21401144237355585, 145.70642974196318, 8.087107074942026, 199.92065955664827, 0.7421514448731159, 0.7152704157035517, 60.612579512556664, -51.739444706672536, 267.0893099036572]"
27.48836410018654,11.647624411067035,0.997723663046265,0.1718162656037493,True,False,"[0.42110742866436396, 0.2555566976617728, 145.68768931331667, 6.856726621176824, 201.5533845005371, 0.7673377899877986, 0.7719244355777124, 61.32877489110278, -58.1333663091993, 267.2613600560908]"
27.35092227968561,11.56417515513631,1.0,0.3041408976352442,True,False,"[0.4498303077878081, 0.2209892272383134, 145.97923155126205, 9.504209257889356, 199.34863353266917, 0.6978561049566452, 0.8248655023943312, 57.80531560423802, -51.59953197137525, 263.65253306984033]"
27.214167668287182,11.497854406118668,1.0,0.8646572495190881,True,False,"[0.5006878561265161, 0.1518140428036099, 147.9069326518111, 12.400228388219714, 201.08583146516244, 0.6328442872217745, 0.8680065484548292, 54.13110645857442, -55.25679960904882, 263.15783314197483]"
27.078096829945746,11.606697887121637,0.9959884544273607,0.34401338083333266,True,False,"[0.43621914239515963, 0.16068736541650552, 147.9294873895835, 8.280747399734784, 203.13671234582137, 0.7025339334689872, 0.7917461509721625, 54.359138257026224, -53.08314529105185, 263.03778527234823]"
26.94270634579602,11.619815647783739,0.9995132423725482,0.576464817369559,True,False,"[0.45805889550415196, 0.16687424501150455, 145.55121277481086, 12.307112442979593, 201.91101430829832, 0.7127853953744232, 0.8257598019635886, 56.42861718124527, -56.457451585655335, 264.249080880805]"
26.80799281406704,11.516222263965627,1.0,0.047917390137721894,True,False,"[0.42601438958155485, 0.13090726804956032, 143.69023480864516, 5.784383781892274, 203.6961206885266, 0.6559644591658584, 0.7580313945868465, 57.14617134972242, -49.39423556324434, 263.7675634892246]"
26.673952849996702,11.485557183433736,1.0,0.3637043738755613,True,False,"[0.4081114152095085, 0.19602437945345558, 146.42544329327458, 4.4483871457249275, 204.25683758411319, 0.5941950479683822, 0.7206256103670399, 56.71891589485035, -43.068540584895985, 266.3038367471698]"
26.540583085746718,11.509457086005757,0.9990999012815702,0.83969697675024,True,False,"[0.43195694496806514, 0.23121497541516056, 147.77196427303366, 7.595853800229795, 201.7097225990513, 0.5735434486214045, 0.6475226665937021, 56.33832611546237, -45.68418404427395, 268.3391445280438]"
26.407880170317984,11.536682438512052,0.9989695756309374,0.16262422786882724,True,False,"[0.4199403659432931, 0.24170603778006325, 147.51611769757966, 1.9830282079315218, 200.89081183666386, 0.5715116980465647, 0.5680300829547984, 53.86588197154672, -41.97487622143926, 269.87472863321574]"
26.275840769466395,11.474902602122697,1.0,0.548901393789136,True,False,"[0.4577919853985174, 0.28256940229900573, 148.33297924030202, -1.7130317076772617, 202.58500576425845, 0.49608782059635576, 0.5012138338284973, 53.782460311465066, -38.9132048358016, 272.8809400803595]"
26.144461565619064,11.55583546714267,0.996909183768017,0.9253729032896113,True,False,"[0.4084957433873232, 0.26027171003761135, 148.07122848969038, 2.3336204751859597, 205.1337715295781, 0.5694847930903825, 0.46359438751168297, 55.55027159311226, -44.34146578775921, 269.8645834948667]"
26.01373925779097,11.561284796111515,0.9997905430589952,0.04801733604234648,True,False,"[0.39493116662242206, 0.21090267469551965, 146.48245442344432, -1.0654861750955167, 207.83908413347964, 0.5538993367173906, 0.40217811970555173, 53.848577116316804, -39.32924131893327, 271.98363435172917]"
25.883670561502015,11.577313993204449,0.999380913351845,0.3274004225931698,True,False,"[0.37088373011840653, 0.15801764469634294, 147.38372051546446, -3.938181607731636, 205.85417914063933, 0.5097122371935439, 0.33102872423770474, 51.765573150981915, -43.34998903048021, 269.57574472242965]"
25.754252208694506,11.557516987702137,1.0,0.2927621750608361,True,False,"[0.3709362693903895, 0.14794688840748113, 144.4467524720594, -10.247252853127208, 207.2730135053154, 0.48649224139193825, 0.3872184045644216, 53.09664116435004, -49.00011340466871, 271.3462386630835]"
25.625480947651035,11.476902092094408,1.0,0.3598988480101615,True,False,"[0.44315190080935735, 0.14661755425285966, 144.91303787946902, -17.984200748065046, 209.7610780743147, 0.45744909233112946, 0.3805921537422467, 54.81659456717044, -41.18522595690136, 272.1853597635368]"
25.49735354291278,11.47676421550701,1.0,0.28101658826099596,True,False,"[0.4063998944131769, 0.10313779256982195, 144.3410663927808, -24.309317589916407, 212.58683733621888, 0.48612475108828124, 0.377267922125936, 57.29547443563004, -41.21796470292108, 273.97795265909343]"
25.369866775198215,11.488791895219272,0.9995260192278845,0.311911997085891,True,False,"[0.4040540082709763, 0.1495932624282464, 147.71846184112184, -30.74429263904828, 213.83259377378738, 0.48711651465525785, 0.4212202541738997, 57.81071089402704, -42.58566642193834, 275.06413164190445]"
25.243017441322223,11.46509774694874,1.0,0.0471702707750522,True,False,"[0.37486129870474777, 0.20919408339706025, 145.17880349373914, -34.202363393625376, 217.23686927176144, 0.4185625935477848, 0.43072726398828753, 59.02724460478695, -43.33093686535773, 274.5576356574976]"
25.116802354115613,11.480306334406306,0.9993946688092501,0.6938883571135992,True,False,"[0.39557876898858085, 0.20278148419671144, 148.16673232579134, -35.357618466492426, 216.4251704822242, 0.4264300352573165, 0.43517200894372143, 56.59026885326289, -43.139955288480415, 272.19654473382275]"
24.991218342345036,11.516801439972486,0.9985407485614294,0.11783037816988928,True,False,"[0.4189501230943797, 0.24365005897297823, 146.45180520639127, -31.729262593951944, 215.6769732549398, 0.46228600100881534, 0.5054168543443663, 53.557233413518, -43.88757754793897, 269.69404506124965]"
24.866262250633312,11.63298154429332,0.9953386995956024,0.7319777221127465,True,False,"[0.3838641171092254, 0.3033713858719878, 145.30463971945187, -25.17444446235133, 213.9255611665353, 0.5296776637377462, 0.4626969013482764, 50.69720449255587, -44.73656963989577, 268.24825725839605]"
24.741930939380147,11.74104051142875,0.9956420806493431,0.9038812435606061,True,False,"[0.3078073208665578, 0.26963563632920673, 142.17938223694372, -29.312016524800356, 217.2619771743481, 0.5751770036002903, 0.41366773809273993, 51.14922641205231, -46.67406519454191, 270.1872794766335]"
24.618221284683248,11.71360458842287,1.0,0.7225247883744792,True,False,"[0.25926621909196407, 0.20562056307602877, 138.51425475067782, -21.572380387132966, 216.96801743837952, 0.5383496113162181, 0.45990486886234705, 49.249088162500115, -51.23151062487125, 267.44901183847884]"
24.49513017825983,11.611803411045905,1.0,0.5156935816645611,True,False,"[0.28114816829761563, 0.1684251251272181, 136.40579452614122, -14.014102489824737, 218.74097633003004, 0.5274958806296024, 0.45912654695548283, 53.11862054722649, -44.944203708475776, 265.3201370838288]"
24.37265452736853,11.577729786396944,1.0,0.8483799251837024,True,False,"[0.2569155293672898, 0.10344987566625097, 132.4159753719367, -13.315455866118768, 218.86338341472768, 0.5293070554778765, 0.43869056128847905, 56.23655266940261, -46.937911931546324, 266.6641605837473]"
24.250791254731688,11.63721614580314,0.9975500403512233,0.29285188492769565,True,False,"[0.203476484465081, 0.1817929259387946, 132.2676548004742, -11.113831088524568, 215.46646184739157, 0.5036551403937656, 0.46694209213137383, 56.82093119965356, -53.78494986305674, 263.4020628319315]"
24.12953729845803,11.63506469120043,1.0,0.36103435352572666,True,False,"[0.2834019822122561, 0.1241764078211195, 135.65497862969715, -13.161483446321634, 213.9615521583934, 0.4389847915183613, 0.4627987339771703, 53.146125833875736, -57.49711119578403, 259.83729777358224]"
24.00888961196574,11.591249199698694,1.0,0.15734589257289922,True,False,"[0.26137496383562064, 0.09565716909623581, 138.22019168159352, -11.850295030523196, 213.34044928501902, 0.39060491725687624, 0.4510051402269599, 54.26749918932248, -54.20224301422133, 260.79390578440183]"
23.88884516390591,11.562162673641344,1.0,0.9379054853663876,True,False,"[0.2726453487243843, 0.10413945458119776, 135.36953444713288, -11.031849452611466, 209.67392189983886, 0.3687682636310695, 0.46137532166123635, 56.712570094485436, -53.31907708457412, 260.05752365297826]"
23.76940093808638,11.649135054018647,0.9963476800166401,0.4071222563028585,True,False,"[0.24599102656939376, 0.13424007874983596, 137.61426437908418, -8.667039989079347, 208.7140684052768, 0.38747323315842985, 0.4828331535838322, 53.153046576657516, -58.8256066540188, 258.6996128566161]"
23.650553933395948,11.607013236928633,1.0,0.12598642721913933,True,False,"[0.30324114204450003, 0.13624233694701915, 139.09794608721313, -1.980084169016612, 208.87668115234044, 0.38867561346035306, 0.42385538617431484, 55.73781457398755, -62.71988578028273, 261.91459978671395]"
23.532301163728967,11.58838268004128,1.0,0.8421669354054305,True,False,"[0.25781427199646195, 0.15457229846413095, 141.7747010624937, -5.589431565900634, 206.7366423366658, 0.3768500935986562, 0.4960575601691915, 55.79054908984726, -55.23603098494736, 263.94202384997914]"
23.41463965791032,11.621944917024557,0.998567639941203,0.5666170907890459,True,False,"[0.20025639252662714, 0.11030945466709294, 142.3011299974064, -5.432769337763066, 205.19674973635597, 0.452106532324071, 0.5295386988039448, 52.45264382385654, -52.918997254640786, 261.57900499226656]"
23.297566459620768,11.619973974732709,1.0,0.0786295946734733,True,False,"[0.22117359841588746, 0.1443410674817544, 141.6262078037286, -0.6999367782583104, 207.51431992750636, 0.39102866179178164, 0.45300777846427087, 51.04344601506586, -46.33769269411216, 257.90057726049514]"
23.181078627322663,11.649503595259636,0.9987269436174766,0.38812058088666557,True,False,"[0.24423761028183044, 0.1311017778992873, 138.95044977699587, -5.97576140780988, 206.50972838538914, 0.44112131197455323, 0.48390444083493206, 51.28596097844264, -54.163811425317824, 261.09615010856675]"
23.065173234186048,11.615940652827021,1.0,0.7304324364376357,True,False,"[0.2960535254501706, 0.210917905018012, 139.63285010730408, -6.508304046350434, 205.19682104921228, 0.5055340003212914, 0.4751596380912032, 53.880531430670345, -49.734073061454026, 260.2518354607175]"
22.949847368015117,11.701128321376089,0.996294974936783,0.6301971547424705,True,False,"[0.36907276695034313, 0.2748643274330282, 138.14112895775338, 1.3781035234514967, 202.1101393308943, 0.5762519783335369, 0.4430001453864299, 54.72205814657174, -56.06865555614467, 258.52020389724623]"
22.83509813117504,11.652505350831266,1.0,0.5672866454442986,True,False,"[0.30144455688783833, 0.2490700485226282, 138.800729259982, 9.340420209734772, 199.5140976529053, 0.5593265589789171, 0.4326529816854727, 57.29356489258721, -52.93880245105569, 261.9342304323029]"
22.720922640519166,11.649393286321768,1.0,0.5240052398809251,True,False,"[0.3358447613762666, 0.180483430839308, 138.0059093525647, 11.889478152202495, 201.02215229063836, 0.628475333300589, 0.39012300202041883, 57.933714044450355, -55.23790321331136, 262.9719256405755]"
22.60731802731657,11.684551071175022,0.9984460579909938,0.0017148743395211108,True,False,"[0.29120966293922096, 0.19430674371265233, 137.40856370100434, 10.191465085901173, 200.5525194904843, 0.5978196581060781, 0.3397641633200583, 56.11336293475912, -50.55329561159259, 266.76431200721424]"
22.494281437179986,11.70723930058406,0.9989918863870603,0.19659755605871643,True,False,"[0.2312546959986055, 0.23484885120947396, 135.88608613736767, 15.45251414783873, 200.76472235991545, 0.6463298660757267, 0.3610016196964356, 55.134285823706406, -51.9292125062954, 266.7975980951373]"
22.381810029994085,11.744837127248156,0.9983215716177479,0.0962378974352407,True,False,"[0.2437519504626811, 0.3147478338240713, 132.84752955980727, 22.86189687460834, 202.98350313304437, 0.595666604272103, 0.4348971150926066, 53.72534198359079, -53.46325321126372, 270.78436392397606]"
22.269900979844113,11.7554515408642,0.9995234875774803,0.7486498502491857,True,False,"[0.24683644730958576, 0.3428276348680648, 136.0124223922109, 20.206439894614086, 206.3781145119033, 0.5643912781701388, 0.4266702634057933, 52.39075930607078, -47.607304316520825, 274.30184602244515]"
22.158551474944893,11.80025802967002,0.9979799573949364,0.7935232849303296,True,False,"[0.297164299216742, 0.4044430392479507, 136.027302880657, 23.53787065898102, 207.67266475631558, 0.6168854851859397, 0.5048264281386097, 48.90523997835699, -49.21747751737883, 272.0477552149787]"
22.04775871757017,11.74255655920339,1.0,0.7970655018214087,True,False,"[0.25570948485784656, 0.3286636274947462, 137.2808346236714, 26.364382341723577, 203.870025383708, 0.5684059360417286, 0.49161354624130793, 49.522235342226224, -48.41943498138955, 270.30595706745424]"
21.937519923982318,11.751961423207856,0.9995713805234552,0.565566602661605,True,False,"[0.184448133975851, 0.2970646582559531, 134.4334113645513, 20.439857721822435, 206.12809710666863, 0.5445215957291148, 0.49922952364955075, 48.32431953078136, -48.54223257947156, 269.01338536217696]"
21.827832324362408,11.760386342388518,0.9996141030691599,0.8614317652038549,True,False,"[0.1349614120698766, 0.28359263701692544, 135.02737707399544, 24.99527937172786, 209.60851404293487, 0.5275501413863698, 0.500825707643943, 50.01596013941411, -51.95835506301926, 265.8364359183779]"
21.718693162740596,11.647407946831398,1.0,0.7140553079018952,True,False,"[0.12460732037094141, 0.2196681186726082, 131.96945612224596, 30.26820802518667, 211.41877768068684, 0.5184440007222508, 0.5666571634049808, 53.92711350812821, -46.64129544586738, 265.20771924349606]"
21.610099696926895,11.640967736192543,1.0,0.3658400884598758,True,False,"[0.18387512598743183, 0.2262375629832826, 131.60682862656628, 37.67190707778474, 211.59744372736574, 0.5753197984409216, 0.548085906941667, 55.74754198590783, -50.77865104988586, 261.2948265266197]"
21.50204919844226,11.62483260972072,1.0,0.09501526835621166,True,False,"[0.11793194869598878, 0.23258957035300748, 131.10541117141236, 33.73231946907758, 212.17338042037824, 0.6079739464367682, 0.5954044676580494, 57.4780420264138, -44.60168821542677, 258.3483880406037]"
21.39453895245005,11.589026186675738,1.0,0.5822238998207755,True,False,"[0.1643254059058068, 0.22026112039827733, 134.02269344718198, 29.773667929988427, 213.0423482064074, 0.5710648435822167, 0.6146887818330837, 53.786360983798524, -37.85781877458814, 255.7436244263197]"
21.287566257687796,11.5973649295386,0.9996083577731046,0.4736199210212537,True,False,"[0.15270211894853425, 0.2548588442036506, 137.6583302099282, 37.40195428794702, 209.98617755977074, 0.5356187945511525, 0.605726922515854, 52.95102866987434, -36.44884839256855, 257.481697555585]"
21.181128426399358,11.603460863296517,0.999712241174607,0.04753090112439973,True,False,"[0.16570011713079769, 0.22653979037177893, 137.848180389567, 35.12504463011774, 206.8781661921164, 0.5596950305921733, 0.5857232159755517, 54.22392159791241, -41.96416932961901, 257.32682572587584]"
21.07522278426736,11.565275473334134,1.0,0.8049521426128905,True,False,"[0.1327435233010304, 0.1528257813241159, 141.08565680586597, 38.7971095200518, 210.44709262007132, 0.5381779168930741, 0.5868476149835085, 54.83859757908931, -34.57373859771617, 259.4268871141073]"
20.969846670346023,11.52472625359609,1.0,0.4469937711749481,True,False,"[0.15817862185239456, 0.13121901824584156, 139.57499962954142, 31.25164382236725, 213.14192645480364, 0.5395369080916318, 0.6237284201446345, 57.77962012250746, -39.092160073903216, 257.7790935034278]"
20.864997436994294,11.48900964974214,1.0,0.6155680138784352,True,False,"[0.19144617491986726, 0.1062001774260932, 135.97139941957892, 35.488801101563034, 209.92424995972385, 0.5745514244699157, 0.627972618900778, 60.14875110598248, -31.97618496856493, 258.660790686336]"
20.760672449809324,11.53125134350913,0.9979673708324699,0.48041701859430475,True,False,"[0.14187221351932564, 0.15323657847103084, 134.69569840467463, 37.82795837420689, 207.56152435031473, 0.5467200686014357, 0.5979677730591874, 59.85499362779088, -35.25147291762835, 261.36752805928626]"
20.656869087560278,11.542210143700945,0.9994696246682024,0.13156523165233824,True,False,"[0.19140483420614124, 0.22202489716966356, 131.89804289832915, 42.25546808103276, 204.584531191156, 0.5945078355870411, 0.6777047620769742, 57.30190524599263, -37.91051722222753, 263.302327202566]"
20.553584742122474,11.491056071029737,1.0,0.2424109802285136,True,False,"[0.20176980953219853, 0.24678458338532605, 133.06875569094873, 37.77675097460557, 201.96843456471444, 0.6196009190709859, 0.7572461150643488, 59.17052166226096, -31.39182104713575, 261.1063375622502]"
20.450816818411862,11.451693483128597,1.0,0.2357712239863261,True,False,"[0.2000536744300495, 0.2751413777682689, 131.31852484068838, 31.542271520247624, 204.6127005506504, 0.612219750456822, 0.8078841181716081, 60.82321892372403, -31.733531907071814, 261.02661639842444]"
20.348562734319803,11.388458555967233,1.0,0.4614365909344813,True,False,"[0.2580143967177553, 0.21949264270630825, 127.46633365294149, 33.25742370001049, 206.08334489640495, 0.5806828186736567, 0.8406821581930666, 63.039411344279415, -30.486453371174164, 257.1880807491407]"
20.246819920648203,11.361949705592298,1.0,0.7301859039309843,True,False,"[0.23278342322012852, 0.24909018556282425, 126.67945393232347, 33.29588019430116, 209.26055634347702, 0.5382114740407901, 0.854185876942336, 62.48106242547187, -29.09464039680182, 258.9471263929264]"
20.14558582104496,11.364124981227064,0.9998920280493405,0.44252032499182425,True,False,"[0.2986309476690028, 0.24845976668409217, 127.98651306912731, 35.47904754027921, 211.9820875608263, 0.5557698750793386, 0.8621186772144619, 61.0334001829366, -33.34515126050019, 255.99035193792838]"
20.044857891939735,11.483938781509746,0.9940405448230226,0.4315134798016065,True,False,"[0.24889875348650647, 0.2672152658347467, 126.95183791662403, 28.591367142491446, 215.2356641419135, 0.6314081937321958, 0.7967416520495634, 58.8508887190054, -33.11427111033744, 259.4574030320986]"
19.944633602480035,11.491350357795344,0.9996284614947043,0.575685717734946,True,False,"[0.3008296260180236, 0.1920393314879965, 125.18799024250772, 29.05620158880206, 216.90822976878127, 0.5810680461258452, 0.7318926861724179, 57.21997758255041, -34.559575055924675, 260.3366221808581]"
19.844910434467636,11.514848142805246,0.9988166296314388,0.1867349012592181,True,False,"[0.2860524170469655, 0.21410243603195367, 125.73924262037485, 34.35591489048855, 216.56028331146072, 0.5159972985779233, 0.6998893233674635, 55.41380724356481, -38.0892859866089, 264.10048128268295]"
19.745685882295298,11.565642809292147,0.9974308621354657,0.2279160881455241,True,False,"[0.22163235660539207, 0.17175275844153715, 125.45667641833202, 35.539546429408986, 219.9348432717258, 0.5486728741948925, 0.6270064514082422, 55.4831011437724, -41.86648943193558, 261.1524399814451]"
19.64695745288382,11.6375818414352,0.9963451090364591,0.9428697357201602,True,False,"[0.16071229770005604, 0.1425534755134273, 124.92629886986589, 28.734382036231885, 223.78772542217536, 0.5129309708328658, 0.5599913297031567, 51.61412843449328, -45.05182861040939, 263.45003130775626]"
19.5487226656194,11.619945786528328,1.0,0.3206406348151366,True,False,"[0.22218585363823057, 0.11617219900390656, 127.30674724589232, 33.56170825821961, 227.72212277005548, 0.4662991045619492, 0.5353041874511215, 49.436252376353686, -41.65613687420782, 265.8856438584134]"
19.450979052291306,11.666653211586386,0.9976015916331827,0.5160253330660766,True,False,"[0.15883890159170094, 0.19143289314231426, 131.09922953142214, 39.41877693599006, 230.2655338477001, 0.4849935424143684, 0.5149637318438262, 51.74047230618012, -47.762339915849715, 267.98699673224155]"
19.35372415702985,11.682368274884343,0.999188337880265,0.5990832425011505,True,False,"[0.10924291914760324, 0.18968452573646571, 133.36050418173727, 39.853110637459736, 229.48926163990683, 0.459472210613764, 0.4572097543596975, 53.29356672675186, -42.43730902903062, 269.7471191921996]"
19.2569555362447,11.706216096809202,0.9987623660761249,0.8776516537508705,True,False,"[0.16510358140567238, 0.20726314678466498, 130.86194119126145, 37.79917495595894, 226.03770352315433, 0.45914700627540794, 0.46726674855538014, 49.543473461046574, -46.25895167824448, 269.4362012031601]"
19.160670758563477,11.639846407693605,1.0,0.2496166724237553,True,False,"[0.22389892100236897, 0.15141420685622822, 131.35032621573063, 37.52460455052079, 223.79934741792349, 0.4240537280803528, 0.5150829018648106, 50.59563464804909, -49.002267066530216, 273.13163829324884]"
19.06486740477066,11.551170660114584,1.0,0.7910831613866978,True,False,"[0.2502122152539017, 0.11784066646273975, 129.0259741699454, 33.938905421135274, 220.48842995188093, 0.49101802061603633, 0.5937507008852363, 54.03946317469743, -41.434331420488455, 275.18632181508]"
18.969543067746805,11.582359864449266,0.998357178238232,0.8781037681377366,True,False,"[0.19542058621801345, 0.13635343083337742, 125.54948233330013, 39.30426111840461, 220.80089133515776, 0.5351073694325743, 0.5978529746648005, 51.77318445004441, -35.00770684358626, 276.4825620591669]"
18.87469535240807,11.554840019842075,1.0,0.042997465149288816,True,False,"[0.27194002811292883, 0.08961757493077058, 122.06069586686344, 36.64870417876632, 219.09184035801954, 0.5575915346095731, 0.5838529598290448, 52.18685636524564, -34.96717560656658, 273.75816482090323]"
18.78032187564603,11.622720871000189,0.9963920574560402,0.9152174480176818,True,False,"[0.24280486096869566, 0.13889555179523388, 118.09414595739375, 42.95898764596588, 216.2361029037207, 0.5278030705133453, 0.5760874003573486, 50.60823841899977, -41.493012666659844, 275.1842539710685]"
18.686420266267803,11.681442559518132,0.9968624531392465,0.13478756682655957,True,False,"[0.1864036551782996, 0.15336417360629234, 117.06526361750423, 41.948150319064496, 217.72605943100422, 0.5470818900875647, 0.5143533657307963, 47.88147596650003, -36.138414454653024, 273.61776772914425]"
18.592988164936465,11.655315658825767,1.0,0.11203393367882353,True,False,"[0.20841812795686615, 0.19606406141313262, 115.83126531641035, 38.984567920319016, 215.87158070615538, 0.47056549241423123, 0.5827877191892666, 45.44072253977654, -28.486801380376278, 273.85071781639584]"
18.500023224111782,11.673084790910396,0.9990399687047624,0.8829689908415159,True,False,"[0.1461476155289737, 0.24620371759749166, 112.76547558627882, 41.918501787257696, 218.1709818991253, 0.5232707719868372, 0.5977958681825627, 48.05327117468617, -27.55478544074175, 273.84697336021344]"
18.407523107991224,11.603592064081354,1.0,0.5162451263939749,True,False,"[0.18438396847608834, 0.27106793047182676, 114.02919218282291, 39.4607136987601, 221.23309748616995, 0.4921592040102324, 0.6268654312322826, 50.14594157044186, -20.319647751333626, 272.98033981900664]"
18.31548549245127,11.593892098953454,1.0,0.1499470921127729,True,False,"[0.17330240234883995, 0.2644055920280557, 113.03602057564895, 46.08702572914319, 223.71600755319648, 0.44969126747352456, 0.6370033020317218, 52.175748288888215, -23.201105557662316, 275.1998488215526]"
18.223908064989015,11.579658107651685,1.0,0.74144383337967,True,False,"[0.1491698879990661, 0.2013787992606193, 111.50565769379821, 49.751120722744226, 225.1371462282167, 0.47805706934119585, 0.6773617110566045, 54.341557566500875, -30.24206208831548, 273.57434835442206]"
18.13278852466407,11.59648857066503,0.9990722522037782,0.8138831928197702,True,False,"[0.20517227900214963, 0.17861378738292455, 108.37890985995868, 45.94527331222376, 227.77111791719, 0.4249383206698599, 0.6583901077006291, 52.74256797749063, -36.976929009107224, 273.07720978970303]"
18.04212458204075,11.567893687329327,1.0,0.34683384107815673,True,False,"[0.23570972500607945, 0.10836363687677056, 105.93142498153654, 52.59425420035243, 231.05336265001827, 0.35927552384208, 0.7171187729482746, 54.73768352547925, -36.2736511094443, 274.4247486099065]"
17.951913959130547,11.67403276103595,0.9941050340060376,0.2223477882924524,True,False,"[0.20653393142214613, 0.14809922921120452, 103.36973180817434, 47.79935229964143, 233.95503706262633, 0.28242564531603137, 0.6897658919078097, 51.079528481573924, -37.496358488566486, 275.61966757416496]"
17.862154389334894,11.753269656668738,0.9955738034045997,0.09683950973073374,True,False,"[0.1566630179873747, 0.18305845290669465, 101.95601305848514, 41.16935517422396, 231.1506353037463, 0.22708477122616133, 0.7463955298084469, 54.24102879130851, -42.95899871916964, 274.6833210528493]"
17.77284361738822,11.767560315790266,0.9991962504366831,0.8590961129781789,True,False,"[0.14529715996149978, 0.12468120194685114, 105.21046872403109, 45.10563548314353, 231.805221570877, 0.26977362754695133, 0.8006052907299779, 51.7005988725984, -47.578455172295456, 274.1112990786616]"
17.68397939930128,11.895246011540909,0.9928055881315565,0.8776098858450248,True,False,"[0.2123111071668876, 0.18690081632521682, 107.98463496168661, 51.14220522094759, 233.60143337946775, 0.22637624007047835, 0.8630704732932292, 54.61615684312184, -45.367295983480446, 277.5909706704834]"
17.595559502304774,11.788133593896607,1.0,0.1149919136678037,True,False,"[0.19818346748483356, 0.15561311972946934, 104.30476176101858, 50.63564204996847, 232.14210638857867, 0.2287571660779512, 0.7897698963403194, 51.28214975686741, -37.65220513259305, 275.39645736935694]"
17.50758170479325,11.773146394746334,1.0,0.9681389249674056,True,False,"[0.15956277445107436, 0.11490779462947068, 102.71533607348707, 43.04443646389017, 229.8458806130876, 0.20469301856529284, 0.7648431605795714, 53.40423624332858, -38.150268505296935, 279.3834711490555]"
17.420043796269283,11.741277296089336,1.0,0.11957372520296428,True,False,"[0.14727781431045645, 0.13204975483220324, 103.121737824112, 44.384595859072384, 228.85422644824635, 0.2181268205060331, 0.7657791721756568, 55.36651826345492, -39.063432964905964, 275.7455878913518]"
17.332943577287935,11.721965972263352,1.0,0.30137782908172284,True,False,"[0.17193766636534535, 0.20562448758765944, 104.319681238595, 45.57566508892401, 232.24599761612401, 0.25434182183949894, 0.7947649521950615, 57.232559870444646, -46.39280394285943, 274.7524424270087]"
17.246278859401496,11.652504702860734,1.0,0.4591216257922942,True,False,"[0.13654769569160485, 0.24983442208943699, 106.78440852614504, 44.602079814548155, 230.76686423043498, 0.3149374678117344, 0.7176695384868363, 59.82897584506704, -51.720462475543854, 274.3422878113397]"
17.160047465104487,11.667964000518317,0.9990995166986445,0.7244230524157287,True,False,"[0.14060630049842057, 0.313744058703673, 104.26512786447006, 47.57793587673684, 230.87989817864286, 0.3384993461253458, 0.6697535696823965, 61.044748840471044, -55.89504915522637, 275.01048170983904]"
17.074247227778965,11.699864393387802,0.9981334104687715,0.2120500140763334,True,False,"[0.15741111495535182, 0.39281227196819185, 100.92895640222955, 52.111294980478775, 232.04517279396768, 0.2836997272804606, 0.674734992013684, 58.470586222623204, -53.009642671092095, 275.9271968180617]"
16.98887599164007,11.628936796528858,1.0,0.4875681139581124,True,False,"[0.1647370792263081, 0.39149996530293657, 97.7267710390174, 49.28394332667963, 231.40548236893972, 0.25088339180595026, 0.6060113499304878, 60.9119928962991, -45.35742405371554, 274.35619791871784]"
16.90393161168187,11.566926296609628,1.0,0.9467639065321161,True,False,"[0.18155715238702258, 0.4006515066287751, 98.07524289607922, 48.37093623290577, 235.23320611344144, 0.18023017081560572, 0.558893773650337, 60.53587914128465, -41.58721408809837, 275.2106593387492]"
16.81941195362346,11.564773847557293,1.0,0.7885148614624042,True,False,"[0.15628613895376936, 0.33919468063560654, 99.18951766692022, 50.122528741327244, 236.80651440774147, 0.22869060303438388, 0.49269093892432525, 62.62351192382885, -37.05333335882295, 277.9110046090204]"
16.735314893855346,11.578955111438704,0.9991529733877647,0.6392642847132436,True,False,"[0.22132879775003822, 0.29842927295140753, 98.98389419508585, 43.42523725189069, 233.15248892319687, 0.22394325525531325, 0.5283305781648221, 59.44928411796006, -44.26409958342658, 279.510424365566]"
16.65163831938607,11.610113272695356,0.9981305726429208,0.5519910732125265,True,False,"[0.29963385428236256, 0.3088631534024197, 97.9465838870389, 37.75624580556157, 235.38657037092494, 0.24118568727016276, 0.5916253556915986, 57.92322100615304, -41.79031602294069, 279.75648165431215]"
16.56838012778914,11.612797949916203,0.9998379769353157,0.9508059266218305,True,False,"[0.3569513756091321, 0.2784412670505079, 94.53147018623976, 34.61276167603734, 239.1795739999567, 0.3056830613247865, 0.6554100052345384, 54.512577639758206, -34.552433549473754, 277.645652970494]"
16.485538227150194,11.619999270147048,0.9995632688786483,0.1517908274704327,True,False,"[0.38565972282275296, 0.31190453940755136, 93.90246376298242, 39.51613424228717, 238.56883483819536, 0.31162116397660333, 0.7112279271842737, 55.66524363173434, -38.80383848337962, 279.9851714564288]"
16.40311053601444,11.570289245564762,1.0,0.5468033875881809,True,False,"[0.33591804368368133, 0.38469456843750893, 92.16911779443915, 38.32510462614946, 238.7514162852364, 0.3763435095897836, 0.6427735655713788, 51.8416838475737, -34.002188792373495, 281.1840491844499]"
16.32109498333437,11.598883903583175,0.9982495277637823,0.1034921140564643,True,False,"[0.25835387615600347, 0.4477497288256957, 91.61074759101676, 30.944740477887393, 237.090241598266, 0.3445092931689148, 0.6682505915063146, 53.05837810108598, -40.070928777151195, 280.977385713354]"
16.239489508417698,11.602174830873517,0.9997973708558705,0.20053641181772786,True,False,"[0.24407573874944546, 0.5100217333848467, 91.40111259020641, 27.97090773801635, 235.91342161914497, 0.28149703982745466, 0.689733101178398, 52.09071484169777, -43.24429645000094, 281.32676879537354]"
16.15829206087561,11.757387004290793,0.9904402587236454,0.23329070477424318,True,False,"[0.31310619848043625, 0.4720541759822903, 91.17245778944044, 23.58956268734596, 236.74054003097805, 0.21752679187510485, 0.6317936028589982, 48.80396829167501, -45.816487496918036, 281.9544717457523]"
16.07750060057123,11.70489870172867,1.0,0.5924175335846026,True,False,"[0.38717457508484304, 0.4274451271363419, 93.24899925805873, 26.285949244811192, 235.52695514764375, 0.24953817902212486, 0.63199647524373, 51.00269674709979, -41.83443951338542, 281.6742866299351]"
15.997113097568375,11.638525860125895,1.0,0.6926933064870134,True,False,"[0.34614043107244385, 0.3543101064273832, 92.48014901558713, 29.195506355389327, 234.9085929257228, 0.2654392209191305, 0.5803850431473588, 53.02097582639235, -44.192704287862355, 277.8734958892657]"
15.917127532080533,11.58010157072789,1.0,0.1930503877794293,True,False,"[0.35697619425918403, 0.3730943247913346, 95.80049182319954, 36.48326808245392, 233.62770386325127, 0.33947457145036236, 0.5834338987936538, 51.884546921632925, -47.194912760579854, 279.4952858725531]"
15.83754189442013,11.641281310922245,0.9961444948170454,0.8148676677884055,True,False,"[0.37881757949829054, 0.41629176859326544, 92.67008809339387, 31.352102399979174, 235.0056889103305, 0.27907095433884976, 0.6021297522974897, 54.56432164515918, -51.34397598631577, 281.3787907305275]"
15.75835418494803,11.542135688019933,1.0,0.7054770341036016,True,False,"[0.3271675257246191, 0.39137014222823857, 92.50308771977379, 30.947421836305434, 231.22570961793522, 0.3285155505777198, 0.6009660012909109, 57.031151176711695, -47.5509558107968, 279.5620675594947]"
15.679562414023291,11.573267323294356,0.9980164784512832,0.5846177485943405,True,False,"[0.3903856354687622, 0.34914743839193035, 95.08227078248385, 24.9151095882308, 227.49025489489847, 0.3523962188652558, 0.6649404921226743, 57.244816156393846, -47.128325331173585, 281.09845254574844]"
15.601164601953174,11.616581988023597,0.997227476756339,0.3963273240248295,True,False,"[0.31610941177750657, 0.2971331807805603, 95.90607004467259, 26.312129484823465, 227.62772410369578, 0.31178203872898713, 0.7197832999431134, 55.60062767087632, -40.97142271961312, 283.1480509326552]"
15.523158778943408,11.66313766061184,0.997005382075862,0.5125219594722787,True,False,"[0.38030737052243824, 0.31908937232229306, 98.64433608651103, 33.97381506129954, 223.7614490353295, 0.28561834984199896, 0.7525679753969289, 54.1310047214987, -42.48598637061592, 286.99226579498134]"
15.445542985048691,11.773556459492191,0.9928765825325686,0.9284566594220688,True,False,"[0.33616854829678533, 0.24244685754997958, 99.83840257695054, 33.56169590766023, 226.30039459320676, 0.21580686014200562, 0.7978233029074929, 53.80176013549105, -35.26080520312413, 285.41525329173925]"
15.368315270123448,11.862159432017291,0.9942512858646164,0.09432743781418695,True,False,"[0.3124482710652113, 0.27262306623735133, 97.84323159320753, 28.851499962330777, 222.30858123558951, 0.17122452399615598, 0.7213690956764891, 49.93903885403721, -29.934847694971886, 285.9520873066327]"
15.291473693772831,11.73340285687167,1.0,0.14025463243552527,True,False,"[0.264404459841522, 0.33396624015774656, 93.88128942707179, 27.39933131836411, 224.27588080566986, 0.2391107110111475, 0.7141135743676346, 48.48044835109073, -31.558657779195954, 288.12159257022813]"
15.215016325303967,11.739740602562769,0.99958354130161,0.4409868122934233,True,False,"[0.22339924052798166, 0.363756368543217, 97.29571841320755, 20.2191446989161, 220.31746344184828, 0.27970053356882096, 0.7695197388393626, 46.601853966037936, -34.43931431174791, 285.53773638915663]"
15.138941243677447,11.670799148382487,1.0,0.0545080187786976,True,False,"[0.20883879944059935, 0.4057697067450135, 100.07366247440385, 16.714679060112516, 216.61324487259262, 0.30583270844993804, 0.7967778303072193, 48.73230860854888, -28.988363828041756, 283.8055963828705]"
15.06324653745906,11.717199967927737,0.9969243399010322,0.2549482595530691,True,False,"[0.1423793611061823, 0.38275069071712897, 100.98129133581175, 15.712579160811245, 219.09661893905607, 0.2591930917841712, 0.7657768114805644, 50.077164022308416, -25.139739115337143, 287.7310718614758]"
14.987930304771764,11.660748008520153,1.0,0.2590803859133949,True,False,"[0.17732124094465376, 0.30481137257954194, 103.85726468108344, 20.210897559160486, 217.31390393217953, 0.28100324532902554, 0.7991212914149423, 51.60146162259845, -22.96865630746324, 285.62606179148247]"
14.912990653247904,11.585644228895054,1.0,0.21267647011624824,True,False,"[0.1881873664194182, 0.346781205425733, 107.0160651118028, 19.828742675039827, 213.7859927980959, 0.338797723766542, 0.8767275671146278, 53.67471070740347, -26.286168797010475, 284.1217435147987]"
14.838425699981665,11.738758756496761,0.9897342708094761,0.7793140870233082,True,False,"[0.249343652049125, 0.34345053070031323, 104.4873665903386, 18.821039803757667, 212.0675561008094, 0.2883691363947042, 0.8722407783398904, 50.419096327269884, -33.49817853503582, 285.5744202191196]"
14.764233571481757,11.794419966529993,0.9962370941899996,0.35615802364791327,True,False,"[0.18898836078186154, 0.2748189310881495, 102.50926921650387, 23.82218527616218, 215.0073842114891, 0.2595482980343973, 0.8223410089531926, 48.00182582893915, -35.389726108315074, 284.8603109240809]"
14.690412403624348,11.724179225672538,1.0,0.09832048843803443,True,False,"[0.257277294373195, 0.34051903934974326, 105.20364630702667, 25.95927966346487, 218.99413256480003, 0.2656860073105959, 0.8135719900437937, 51.552132379165094, -39.18804362756103, 286.41030216026417]"
14.616960341606227,11.686280602567894,1.0,0.5295587239654413,True,False,"[0.33112666896279364, 0.38303127521068236, 109.16999687093099, 19.35034058181064, 219.49887264001757, 0.28785171014038974, 0.8630758876113765, 54.90153611403013, -41.67899032426419, 282.48383180242877]"
14.543875539898195,11.671683922781305,1.0,0.3110761496805451,True,False,"[0.3317503131093593, 0.3821079177291952, 112.82988872009525, 23.98323013564093, 216.4328239220298, 0.2928824930841861, 0.8311919143990121, 52.061519605174624, -41.13156380575087, 280.8221861947329]"
14.471156162198705,11.620926164118671,1.0,0.38048288922140794,True,False,"[0.3476315262598058, 0.3545564649791739, 110.37494578249247, 17.302597922953957, 219.34571148614538, 0.32225986740320645, 0.8195428400206691, 49.93474057014564, -34.38595065707576, 280.78005548369356]"
14.39880038138771,11.622579208433024,0.9998852022817251,0.6784110176635592,True,False,"[0.2937015429334443, 0.3626922638857384, 111.29440007727015, 23.68815940514021, 222.79270262589174, 0.30846104869367746, 0.7659438386795757, 49.16422894260065, -28.98799046395083, 277.35439933657085]"
14.326806379480772,11.601672206657993,1.0,0.40365152926883174,True,False,"[0.27374870868301315, 0.4050729119440691, 109.25406910496775, 27.397190536452584, 225.0390812379773, 0.36616963335498254, 0.7249336997398099, 45.27911150365206, -22.23513953453448, 278.4064714198144]"
14.255172347583368,11.651510070915503,0.9965099793407204,0.3601212707927509,True,False,"[0.2126515488473496, 0.3888610935768219, 107.17550789127266, 22.148240002291992, 228.2804952569914, 0.4186885358904576, 0.758605426174365, 41.81281901502734, -28.24508341024617, 277.8170194801967]"
14.183896485845452,11.668899546960697,0.9987747498963306,0.3652891053934938,True,False,"[0.21164828226835963, 0.3096267281107778, 106.43136733408429, 29.654583988232453, 225.12470942447337, 0.3589102930443679, 0.7524906018412811, 43.410049159630915, -27.931132627647294, 280.06023583822457]"
14.112977003416225,11.650859705420872,1.0,0.8955704726142958,True,False,"[0.2409977617905555, 0.2722453157481547, 102.73175880771608, 34.42811817460252, 222.08207224168066, 0.38883531328328547, 0.7638373836381586, 42.64960662819345, -25.79793386201456, 281.23477561848324]"
14.042412118399143,11.620418843796454,1.0,0.6651611090282555,True,False,"[0.23468277651241884, 0.2327076543933396, 106.50968672390619, 27.31074164082288, 224.82007099846234, 0.40591738607327943, 0.7863897076831585, 42.17846581501459, -25.89835696910574, 283.96724637070895]"
13.972200057807148,11.68794901033706,0.9951784804031035,0.668180852219303,True,False,"[0.22091260011449232, 0.29560232014275173, 105.32735543161283, 30.046448570685044, 226.33060934832483, 0.32764748602344806, 0.7474339624380708, 41.98162582010676, -18.088523404579135, 285.39686155605847]"
13.902339057518112,11.638173203039013,1.0,0.9421324990197565,True,False,"[0.1888979587516783, 0.29814030064052977, 106.20621358299934, 31.747820110776168, 224.1827387662843, 0.4004690504506106, 0.7569150475970957, 43.053152085658475, -22.201553753307152, 282.5946340852133]"
13.832827362230521,11.685126180390073,0.9966114388907417,0.7414010566559129,True,False,"[0.1341034394054695, 0.2506286340426832, 108.54070658023612, 26.469267354402838, 221.98253541747223, 0.3509964475193908, 0.7515153591453793, 42.82751221667798, -19.090925894208617, 279.41270515806514]"
13.763663225419368,11.674835889711591,1.0,0.186291841039533,True,False,"[0.12518191436617873, 0.22140527624089942, 109.49574524422428, 30.63095810150991, 218.73285951373745, 0.42144834379397256, 0.6937868393345502, 44.431994315987524, -26.632782914904844, 281.5257998926615]"
13.694844909292271,11.682234630258634,0.9994598885680015,0.9711107292408812,True,False,"[0.17266244920190116, 0.1619535801851134, 112.51658674493834, 34.980614900298036, 216.33302246422002, 0.3844057731806674, 0.6505739141590065, 43.97035326313035, -33.82021343242566, 278.6250472136511]"
13.62637068474581,11.671601557630492,1.0,0.700935025504547,True,False,"[0.15953364469188247, 0.12407538373515842, 112.65641893553664, 27.327093685946807, 216.83410924006913, 0.42518878066908117, 0.6479008863438155, 41.91661753446743, -27.87383384354009, 281.4668939736384]"
13.55823883132208,11.663783655462087,1.0,0.5364659725845764,True,False,"[0.21779831132534166, 0.0925295798013341, 116.26995380743037, 19.715047857643846, 214.66674429755173, 0.3583392725123499, 0.6059846861081875, 40.38345876675062, -21.010443345891307, 280.1134153601372]"
13.49044763716547,11.663218932240646,1.0,0.47337296760178194,True,False,"[0.17527753737508128, 0.1386385510827918, 113.33182189726423, 17.44150344789077, 211.31280032853417, 0.3187574448337392, 0.5493581085811154, 43.582486158034804, -21.301121753043507, 278.55264942044045]"
13.422995398979642,11.695873572033939,0.9975702180540519,0.8263717914228025,True,False,"[0.1328754832511669, 0.18886858187464478, 111.96575096074884, 10.622813002478551, 209.9175467191593, 0.3079841767923261, 0.5444188184691492, 42.95496168947168, -17.317448210107845, 280.7514952366245]"
13.355880421984745,11.73315233862249,0.997212704234421,0.45671889250859443,True,False,"[0.11958618354630939, 0.20901809885040884, 109.20023728430094, 11.578168742246064, 208.2824748441519, 0.31276506635319806, 0.5148998148833883, 41.96202395956038, -13.776866993715455, 281.6794851470378]"
13.28910101987482,11.679963831801345,1.0,0.6991187553022069,True,False,"[0.13932991266258546, 0.13956125971577577, 105.25968847947831, 6.346618198083778, 211.81807177662708, 0.3226811310139138, 0.5504547228777839, 43.49272947626898, -15.230947406878032, 284.4525983748255]"
13.222655514775447,11.674914615252565,1.0,0.8054541883481717,True,False,"[0.13801291129229049, 0.21032940595584498, 104.99933646997023, 5.726570888158433, 214.27425793229065, 0.3458898958893575, 0.5360906066739725, 47.43769679410279, -23.169664357441853, 281.98725239487834]"
13.15654223720157,11.658542832826686,1.0,0.4564644719647917,True,False,"[0.1606539847458608, 0.25140816687426754, 101.04387332083681, 6.654723755902205, 210.4592046501015, 0.4180509221610185, 0.5790615862198073, 49.34314002530824, -25.529171264644013, 285.519317024064]"
13.090759526015562,11.722138535656669,0.9951537207094104,0.00025156714589336104,True,False,"[0.12735515498728944, 0.27432904966126104, 101.21635763779823, 5.481719067452952, 212.03446067976864, 0.4085149444092751, 0.6187006456539826, 45.59081489548143, -26.503457736254333, 286.52120823753177]"
13.025305728385485,11.632059191107029,1.0,0.27686049481288055,True,False,"[0.18459143635640857, 0.22423545245964482, 103.27183602773107, 6.187973840450942, 209.4664943822439, 0.42170238982897346, 0.6229919071250578, 48.672128657957764, -28.332902992802502, 285.2310889875299]"
12.960179199743557,11.635466486606745,0.9997371295883335,0.2146892273368718,True,False,"[0.13883250992991975, 0.19222621531266132, 101.09387706750876, 13.095077163610854, 213.42987895516896, 0.45195816989921533, 0.6340590018939232, 50.083887227973236, -27.454818005538094, 286.50410068131225]"
12.89537830374484,11.651646253311297,0.9987460917988339,0.32076069925118245,True,False,"[0.20027818477859727, 0.26706875453621864, 99.92186743442146, 11.924769686976811, 210.54815522129687, 0.5050581212836738, 0.5833465375674076, 49.80458509680714, -26.44725406707491, 283.08542444622475]"
12.830901412226115,11.651595878707694,1.0,0.5475369174847574,True,False,"[0.1326648308902305, 0.22043926199643119, 102.1912276923166, 10.219894458157478, 213.61569756439383, 0.5584881339908656, 0.5692297842679045, 52.31784132865602, -19.58181687075423, 286.98940151821853]"
12.766746905164984,11.642257392780213,1.0,0.33320714116220074,True,False,"[0.1409723160775802, 0.2594059006147835, 98.56820429072863, 4.470657203413513, 212.66169386672624, 0.5050160289027035, 0.5633347536606331, 54.58655302282427, -18.355334736781963, 288.3220708888804]"
12.702913170639158,11.641944827145464,1.0,0.960206426623901,True,False,"[0.1302892840908651, 0.1842639792088069, 95.748103732742, 6.8232592857833065, 215.46063996966663, 0.5264996725920692, 0.5555795074829522, 53.929403171614425, -12.019489430794275, 290.6650312048008]"
12.639398604785963,11.552171024493806,1.0,0.32352022866991037,True,False,"[0.20716612179684973, 0.19214226332807322, 93.9805754588303, 11.355963996249766, 217.32344271667935, 0.48961913231237403, 0.6205955162466783, 57.448218532480126, -5.426072659670638, 291.5437958998071]"
12.576201611762034,11.508282707080713,1.0,0.18779944615378252,True,False,"[0.2798543085009093, 0.24467960156024648, 97.41232933662474, 15.29784993466908, 218.56975970357803, 0.44283927816513485, 0.6271027942249582, 60.852779521656494, -5.887429456897001, 288.4799673623269]"
12.513320603703225,11.52006794086897,0.9990586283091548,0.7221595205588237,True,False,"[0.2659867095153219, 0.3174524219981931, 97.38635702459374, 10.11684949717042, 222.22539079098667, 0.4562749890639028, 0.6459647457537219, 59.528630411513426, -11.539222748741679, 290.1312438258058]"
12.450754000684709,11.480045186086514,1.0,0.08757667505932454,True,False,"[0.3435823808596222, 0.38577296652655485, 96.92984710317671, 15.111814967216429, 221.91532908310617, 0.46326692529741476, 0.6028351916207426, 62.21424210382722, -9.267330094391896, 288.14937413485154]"
12.388500230681286,11.493288227659516,0.9989315925589015,0.9699594387398238,True,False,"[0.3146563454708672, 0.4647507019803737, 98.49126529596718, 19.06148310455317, 222.5811262470061, 0.43068376249516405, 0.6483998429214959, 58.315770970129996, -13.072016061365689, 284.9949639676179]"
12.32655772952788,11.485451953959767,1.0,0.10168110158526034,True,False,"[0.38398626317991, 0.42280323484761284, 102.10730213915194, 22.24084806708268, 221.98013838955796, 0.49038150488945115, 0.6463240140641091, 55.903687257705165, -18.181135881606327, 286.58375673939264]"
12.26492494088024,11.492128803988596,0.999455762428239,0.7878870017204354,True,False,"[0.39861686810948876, 0.45668055717578, 98.99539325323643, 21.658749209960398, 219.36462863434303, 0.49680472232571393, 0.6540286266704102, 52.21617304576729, -11.240327959974342, 290.4754865730864]"
12.203600316175839,11.530634347081566,0.9968497116899582,0.004694467224621746,True,False,"[0.38263836932641576, 0.3786358466106494, 99.7852778889415, 13.934111922234525, 220.43092126343677, 0.4768880013826205, 0.6513958699616953, 49.89172951973141, -16.205349490521723, 290.4130324826708]"
12.142582314594959,11.534493165045404,0.9996822582892422,0.9851032181054094,True,False,"[0.4141320525886608, 0.39657746029809593, 102.96348757346503, 6.613534461790632, 217.3428304203378, 0.5006740477583309, 0.5794005358357479, 47.128754491675714, -19.70574029261514, 290.16431003220237]"
12.081869403021985,11.636282442172696,0.9916104296411776,0.1620475516032217,True,False,"[0.41542093625090193, 0.3170520822577423, 100.37412589402214, 13.24274002379713, 219.77472739240312, 0.5771799350483636, 0.5495410137320911, 44.0757559276188, -12.269018886298971, 293.01445271743097]"
12.021460056006875,11.610738270916066,1.0,0.9671282745626282,True,False,"[0.3708247668735805, 0.33972716552606674, 104.1666793128464, 15.808272453818665, 221.626861928135, 0.5635998604961682, 0.584571386219764, 47.463386899642394, -15.865624521707721, 290.69124112607557]"
11.96135275572684,11.626457336910116,0.9986867085858184,0.7479052871053392,True,False,"[0.37306819959284115, 0.27916686411300573, 107.827499899561, 15.666415306259111, 218.63498432924786, 0.6076709174627061, 0.576939274373621, 46.53083031165178, -12.45952436989389, 294.02009242604584]"
11.901545991948206,11.631638404632419,0.9995647674546352,0.028173625758616927,True,False,"[0.33478256683468155, 0.3218837583224565, 110.56779795532714, 16.50812774960307, 219.24926452305058, 0.6512953482280547, 0.5731888957689073, 50.472480516882285, -16.378326339349165, 291.85318699210796]"
11.842038261988465,11.630979539765276,1.0,0.8106966438166615,True,False,"[0.34141573476675324, 0.3704126122838599, 107.04391469000656, 8.526668630534996, 219.78790235575872, 0.5776386272208902, 0.6079454646223315, 46.69297391679899, -14.14296697695748, 290.50698012052715]"
11.782828070678523,11.57191850075289,1.0,0.3006015822428534,True,False,"[0.39531425765065525, 0.348049363805663, 108.05598698457973, 4.8500373924670495, 216.7043500538105, 0.5068838995489742, 0.6048527238438777, 44.763394353243285, -11.472779242345954, 288.3611355021721]"
11.72391393032513,11.545999567156944,1.0,0.047868889670533044,True,False,"[0.40632732463475457, 0.4230996656298031, 108.70199325915513, 0.9071354426780562, 218.32393922162677, 0.5127795081781448, 0.6571478178878587, 45.589100727212404, -19.011437517091554, 291.5663406380002]"
11.665294360673505,11.523444027362258,1.0,0.6800065154751136,True,False,"[0.38165836021552374, 0.44088368640002384, 108.9647335610105, 3.5429520980836973, 219.96478220269836, 0.5352234079470911, 0.7311618552263701, 49.24784773530073, -26.904242008623367, 290.26936412945]"
11.606967888870138,11.575605155684102,0.9955161331147148,0.8536166114540293,True,False,"[0.368641137167977, 0.38106876022527725, 108.39998654908959, 6.579152307411599, 219.6239371226823, 0.5156231527050575, 0.6968741788796987, 46.66773812175136, -32.842824623453645, 291.3742274421965]"
11.548933049425786,11.502207189230916,1.0,0.9935638093400055,True,False,"[0.41383683984921393, 0.4347559146489794, 106.09603694227779, 13.400550081983315, 218.18574717412145, 0.5066586298467243, 0.7334109477941998, 49.80333343952252, -28.295055201971792, 287.76511364623326]"
11.491188384178656,11.508321253398979,0.9994680760848195,0.13021230236333214,True,False,"[0.3885943029549509, 0.3820338710562225, 107.17017156856934, 8.504588372798027, 220.561812159125, 0.4307720370835272, 0.6570856101622745, 50.89574239765144, -22.261346429347093, 289.2766923481275]"
11.433732442257762,11.52965965739239,0.9981354728303765,0.35970431476049136,True,False,"[0.3888878662105102, 0.38602786361351393, 105.44854530623391, 3.2161929703909795, 223.09817965784003, 0.3701235832620829, 0.6140254354581538, 49.742479359157294, -30.179840272157485, 287.5116693002292]"
11.376563780046473,11.587192728727295,0.9949556086991511,0.6217446788131424,True,False,"[0.40211264834293725, 0.3061378446108966, 109.4464605403874, 0.924543841349827, 226.3137717964101, 0.31455383043770907, 0.6690331308668966, 51.05101046609796, -28.110910238327605, 284.12909878395357]"
11.31968096114624,11.624698995485115,0.9966921153142773,0.13125491153942814,True,False,"[0.46116810859190543, 0.3455679670928613, 106.95391360583812, 5.924405174740917, 223.0589796282605, 0.2935551411040015, 0.6842210435816933, 49.544477812887706, -24.056206923175758, 286.40708972427774]"
11.263082556340509,11.580049860604642,1.0,0.5099244269445483,True,False,"[0.44861632565480203, 0.3941101981878082, 105.25519548453804, 13.169178783114745, 223.84484546307326, 0.34608086321431053, 0.7009206443467147, 48.52537829406682, -24.27135062510788, 282.57056092505655]"
11.206767143558807,11.616126001836786,0.996786036867494,0.887186825207053,True,False,"[0.38398856089266814, 0.35004132176689334, 105.5572633207855, 13.305186259169565, 220.55563816557395, 0.31602439722894576, 0.7413070733538107, 48.15538635442866, -25.017083825997076, 285.09177677169714]"
11.150733307841012,11.565015774560175,1.0,0.9318197063759575,True,False,"[0.4368899408364446, 0.3805109803045929, 104.4656737550928, 17.55585861959964, 222.9614793933867, 0.37002796931390874, 0.8042221504129603, 47.46885662266946, -25.519868473488316, 283.1703281217834]"
11.094979641301807,11.560072240940308,1.0,0.30270221543791787,True,False,"[0.37933809286001036, 0.3385577172336107, 107.90578763624303, 13.617284275064481, 225.2050128195925, 0.43853620184981135, 0.7272178454586611, 45.206215525681735, -21.36688826916533, 280.4903197245209]"
11.039504743095298,11.600380931707132,0.9963553446139013,0.5342087524542161,True,False,"[0.3013337280731748, 0.283250399638843, 111.81548099731094, 17.24430884672996, 223.7024909864647, 0.395533165191549, 0.7707886707067084, 41.58378107726386, -14.979319840512908, 283.49986022953965]"
10.984307219379822,11.60248685317554,0.9998082974588517,0.12140715643716027,True,False,"[0.29591389436269316, 0.24908536201106185, 110.57774469616561, 9.300654201585953, 223.83909147211307, 0.3671006612139539, 0.7645285251466285, 43.545777257480864, -14.20595770313961, 287.3990143468035]"
10.929385683282923,11.56405717712401,1.0,0.6918272496983722,True,False,"[0.32221510958835753, 0.18757587426912242, 110.85712069498541, 9.774640016574729, 226.324743940379, 0.4422045453016684, 0.7722983757789801, 42.20841716280556, -15.967964515831806, 290.4624712612657]"
10.87473875486651,11.565046241906586,0.9999090534652665,0.26566988708221484,True,False,"[0.25696619763179285, 0.1587739249214032, 112.62887019256678, 1.7813160810475068, 227.79653545455645, 0.43931388008646327, 0.7349705294975213, 45.09271571438761, -21.43486498172119, 287.6761535105433]"
10.820365061092177,11.54579088462875,1.0,0.033143392159570184,True,False,"[0.2666695093240576, 0.17012614006673504, 111.3896187600668, 2.103301093014341, 231.47115454601968, 0.4329844376807412, 0.7224928238391652, 47.519019958821296, -16.49187981725418, 285.73493546305247]"
10.766263235786717,11.54024470412077,1.0,0.6454566999527869,True,False,"[0.33039962671062106, 0.14231264134286697, 113.3045511324087, 6.214817722059099, 230.44967091657904, 0.5129646765024186, 0.643618720034526, 49.09646016840125, -12.441266663787307, 282.81781159622756]"
10.712431919607782,11.529137260600919,1.0,0.5562860522338919,True,False,"[0.35012446898309635, 0.12800053816639848, 110.65906313522986, 3.541348168299878, 230.0603175010061, 0.5208245756213868, 0.5746698481358141, 51.70726796299795, -4.458413102377273, 280.1308090864934]"
10.658869760009743,11.543044736667111,0.9986960712319151,0.47694578597581405,True,False,"[0.2962538875363952, 0.0900289671911976, 108.56786079605536, 9.504933743267678, 232.56689382572046, 0.5754124633665337, 0.5209300518926576, 51.838589364914185, 2.540932341846325, 281.4715188669419]"
10.605575411209694,11.546308319450794,0.999692324030671,0.6901557464324075,True,False,"[0.3365490652236789, 0.09255620825468068, 111.81511706757473, 8.45860777057778, 232.66897379136495, 0.5903018882048247, 0.5958017993888234, 48.97035071302553, 1.1498507646126992, 283.16533584838623]"
10.552547534153645,11.60146754257258,0.9947865373356269,0.5959920805717556,True,False,"[0.3615419191816813, 0.148991480027757, 114.45090818259716, 7.3953491447044275, 235.62347750111863, 0.6468911486360791, 0.6158683360787068, 46.68755349053698, -1.0140928279191463, 282.5144099710371]"
10.499784796482876,11.645546396067342,0.9958107274975461,0.039817287777492605,True,False,"[0.41773469596993557, 0.1765600156825825, 113.56244209388096, 8.213848494154194, 236.03206542667346, 0.6611659644754707, 0.6309893184536672, 43.134274887407, -7.791829987240952, 283.21355750168755]"
10.447285872500462,11.639885578148387,1.0,0.6010419818153802,True,False,"[0.3873190515293936, 0.09680535327854078, 110.14532158899097, 15.480517924621497, 237.6988376986466, 0.6784848043156264, 0.686254727843009, 42.67929608347183, -9.961263250417765, 284.19916215286685]"
10.39504944313796,11.6327214328516,1.0,0.7784704541628819,True,False,"[0.442119784988008, 0.1664947273805728, 110.14907036278386, 14.617968878978564, 240.90633740343412, 0.6851077527617342, 0.6682466765883299, 45.39386740767164, -10.08287682752365, 284.4002098256703]"
10.34307419592227,11.607613596568534,1.0,0.24058062442750416,True,False,"[0.3952825681491815, 0.09771908964919125, 112.42677745960265, 10.486333471276152, 236.94137913688624, 0.6428475663017704, 0.6174441363335685, 44.05291986913724, -8.933246537160421, 287.9734797000831]"
10.291358824942659,11.59005112329029,1.0,0.9735116403229394,True,False,"[0.4707501684036818, 0.1521037684415019, 109.37334547186606, 16.70448087931707, 236.92729883412593, 0.6126049883546926, 0.6303039579347008, 45.4477288390278, -4.734258579418869, 286.8127120436072]"
10.239902030817946,11.59226835221455,0.999783495106841,0.11927121186717315,True,False,"[0.49553319337095386, 0.1946299290039379, 111.40600826305214, 20.405681135158012, 237.70532749815294, 0.6373083584019114, 0.6912477752542561, 45.446973767772604, -8.428634792303884, 285.0837717110084]"
10.188702520663856,11.533608834451577,1.0,0.21897878742476184,True,False,"[0.5007321883649557, 0.20942973156203631, 111.66786347700815, 12.46919744349578, 233.91131699044735, 0.5974826515441214, 0.711892650782761, 48.83591903580852, -5.198770603695179, 286.26417261904675]"
10.137759008060536,11.56781603818894,0.996631449124366,0.19197562243349364,True,False,"[0.4239221076544983, 0.25632139014506855, 114.84993540104179, 6.384962744640708, 232.44101883796452, 0.6198482027600565, 0.7184713235759401, 46.27392256873932, -1.4603282850215304, 287.45558137343403]"
10.087070213020233,11.627516062378813,0.9940990094702301,0.03855828636417602,True,False,"[0.44613296630699123, 0.21996447796517316, 111.4012873322252, 3.2813499037816385, 228.85718524928168, 0.6438091151441725, 0.6948230191679522, 42.94281341937176, -7.484680296579276, 285.83994356075857]"
10.036634861955132,11.63292712255273,0.9994610143862465,0.3089484006445241,True,False,"[0.4745473908557978, 0.17513755499015649, 113.94703435436132, 7.107651332844412, 227.84017749017943, 0.7029499129223451, 0.7583124644499429, 45.83015357115064, -11.854560877335897, 287.9686754120465]"
9.986451687645356,11.714182737044252,0.9918964272633026,0.6320742989676401,True,False,"[0.432411263968764, 0.25097330869920664, 112.056323545069, 13.215302550931764, 224.94423068315302, 0.7704192007604965, 0.7462802960191216, 48.19926461041158, -19.807273472350104, 291.04916294097137]"
9.936519429207129,11.794503893766652,0.9919491533191515,0.4537796339757164,True,False,"[0.4404885801736421, 0.2786209997237086, 108.6567841294428, 20.96263465921378, 222.30219197040154, 0.785202143539746, 0.7166248311503747, 45.42265301765619, -25.402784619698515, 290.1352716507087]"
9.886836832061093,11.821063379360048,0.9973172568785558,0.23251027902766386,True,False,"[0.5009049679479717, 0.34840475034173146, 107.52144556010435, 27.981529109937927, 219.55554342431958, 0.7953649771425797, 0.7920552465754989, 47.03099157697818, -21.055507164866096, 288.4108398868466]"
9.837402647900786,11.688121511281075,1.0,0.08190097517998174,True,False,"[0.5091596736317645, 0.41431356892061794, 110.52183216869648, 22.616268591137946, 216.08036612559238, 0.7545443771665737, 0.7713294342727429, 48.65702754666489, -14.26654044496926, 286.315761410697]"
9.788215634661283,11.646199222241252,1.0,0.8660997697224666,True,False,"[0.4717523080958426, 0.41107394755758897, 108.5385574159942, 18.227404320520083, 212.15995951405813, 0.7070913558801547, 0.7225861834919312, 47.63000829426597, -18.367540345370315, 285.5600097359076]"
9.739274556487976,11.629803835738056,1.0,0.9679002096584342,True,False,"[0.44516503173291877, 0.35947901782886604, 106.47881412248084, 13.404538083177721, 214.21563331744645, 0.687076138981705, 0.6888397778618753, 48.72516254118421, -21.052766749940638, 286.01226873146254]"
9.690578183705536,11.667316431676294,0.9961364448556231,0.42118616294930467,True,False,"[0.46957138316821834, 0.40843840434530576, 108.16712342429759, 15.754764626972737, 210.5597370282183, 0.7571480589944054, 0.7422264335549713, 51.45220897025513, -16.317145438008843, 289.7858475069385]"
9.642125292787009,11.825887725402751,0.9836888132785409,0.9737443722991056,True,False,"[0.457837182725903, 0.402220842041204, 107.60269064482968, 14.695638255513837, 213.34802828673668, 0.8327941632940355, 0.7385439883768875, 52.02139735293937, -19.552683323495337, 286.4134856697256]"
9.593914666323073,11.644746651339386,1.0,0.3654627038584404,True,False,"[0.48309097280244795, 0.34733188731445425, 110.82704280647548, 7.714482032927126, 210.11165697562765, 0.7703589221917895, 0.7899457720316614, 55.60460230888935, -11.845402144964142, 288.68260413953726]"
9.545945092991458,11.694251104881362,0.9948275092996136,0.8610976491176593,True,False,"[0.4296698872251368, 0.40463315923524223, 110.90230196872787, 1.1824459707633803, 210.97594497278055, 0.7590023722378265, 0.8515363836917875, 53.44695460658563, -5.6376160600091705, 291.2907012256294]"
9.4982153675265,11.682154145688887,1.0,0.5799455818376973,True,False,"[0.4885716477905063, 0.47123503521307764, 112.37147808467599, -2.2508939952777833, 212.40199706915416, 0.7500631279349204, 0.8469757308280662, 51.66346395025001, -4.576149254226767, 292.98011861596643]"
9.450724290688868,11.589170538830718,1.0,0.6970464799365086,True,False,"[0.4198890616489329, 0.540765400075529, 114.00894512979009, -9.051810730311766, 209.84198248913796, 0.6831933615662747, 0.8801274881388625, 50.4525044835644, 0.943179787592678, 291.70799450613526]"
9.403470669235423,11.66691366478952,0.9917665889403643,0.31508580016790444,True,False,"[0.3490843118643572, 0.573514844017317, 116.94817608909156, -10.40594892928966, 206.35631457381947, 0.738093249115276, 0.8236684725043695, 52.0001068377366, 6.322753891992178, 292.0325447593692]"
9.356453315889246,11.723623862926365,0.9939572527703769,0.8596345683182082,True,False,"[0.3230222627615529, 0.5320156870852962, 115.56334235874662, -14.907937355769517, 209.00906501061658, 0.773809855260547, 0.7983581079187064, 51.29936497641988, -1.3390398569723043, 290.3199078285602]"
9.309671049309799,11.711206339172529,1.0,0.9609716015359006,True,False,"[0.29265190783165784, 0.5019573935224505, 116.05586157226227, -16.481475289649477, 211.3282930910332, 0.7422092622484133, 0.7935845706444944, 48.16384519707562, 6.367816847957133, 290.65168830208466]"
9.26312269406325,11.63155738741714,1.0,0.7877182935575515,True,False,"[0.3254042857076524, 0.4598405177425758, 117.88280419288829, -21.134844223146317, 212.41116173752638, 0.6914279352993147, 0.7913888850403616, 48.03201759286787, 10.380305447374027, 293.2483182811999]"
9.216807080592934,11.704109642503688,0.9921591668108055,0.33395919007497366,True,False,"[0.3662039125202918, 0.3802978992052628, 116.28432476332765, -18.26504939758842, 210.03853658920832, 0.7617864838739408, 0.8085002533509607, 50.4676098387717, 5.414821592160159, 291.07748109708325]"
9.17072304518997,11.62646102215102,1.0,0.19241664815180604,True,False,"[0.42391833852879574, 0.35142037748053095, 118.80895016117103, -21.338571351535315, 208.64717629493245, 0.7020408411579303, 0.8485946174752711, 49.34355523695299, 10.384575944172552, 289.2047197820951]"
9.12486942996402,11.534689783475887,1.0,0.756190601972871,True,False,"[0.4792754590469287, 0.31049619316391963, 121.67913081449962, -14.814451027480782, 209.6470846664694, 0.6452803586276541, 0.7775206789588864, 49.37107393450498, 10.22983731072328, 291.0995338270255]"
9.0792450828142,11.564975989801113,0.9966697948593126,0.7743453493730291,True,False,"[0.5533022088785041, 0.34929085554669076, 123.39903290850077, -10.75324501844557, 209.33628754880777, 0.6489333189825174, 0.7353068612310336, 46.04077234128252, 13.358934585988772, 293.4911016310998]"
9.033848857400129,11.68020322946591,0.9873259458891983,0.3342350826235545,True,False,"[0.47534188077777073, 0.39916554945636007, 126.11445463999688, -11.368743452557856, 206.69710361537142, 0.7027979984589968, 0.8115963316200345, 42.58721715601827, 14.149471654630565, 296.37765940330405]"
8.988679613113128,11.600828585624214,1.0,0.6043596747158971,True,False,"[0.46403699746132876, 0.44747837911993144, 124.07242375163435, -18.92504053530671, 207.9528918930778, 0.6613310879737664, 0.7718575432164497, 45.340423593961205, 21.968577926908644, 296.10577655423685]"
8.943736215047561,11.568435693861286,1.0,0.17339952756528787,True,False,"[0.5239975128714748, 0.4194885949482043, 121.15152073099195, -20.11733379005742, 211.73331210203776, 0.6399027991847872, 0.8197128580798138, 43.8861075265792, 17.812689113769032, 295.7103526565957]"
8.899017533972323,11.68695528769512,0.9867700173601733,0.06464182425340581,True,False,"[0.4854172902898176, 0.34051817738312645, 117.213169044934, -24.020007888670428, 208.68107964611653, 0.7191971710584704, 0.7548801022722297, 45.22570842400313, 21.16514507491887, 299.13329190989646]"
8.854522446302461,11.6534644657093,1.0,0.1551558138281257,True,False,"[0.519594311034, 0.2794084730974174, 119.56709483349914, -25.053137831999337, 206.93146043730326, 0.6964859789690296, 0.8274317928311562, 46.215060506485116, 21.97338926769477, 298.8438192128482]"
8.810249834070948,11.59301984591244,1.0,0.05197979735620972,True,False,"[0.47443291202478216, 0.30934366179033645, 121.78158920140663, -31.4270245619377, 206.18403464274058, 0.6690753103047331, 0.7769532164669444, 47.55955915848182, 19.127451625761605, 297.17591009773383]"
8.766198584900593,11.558021108254136,1.0,0.4273838599507952,True,False,"[0.40909351525300774, 0.3891511153840147, 123.60505368596176, -23.933449213614058, 205.5871959304463, 0.672876909637286, 0.7978202421355887, 51.270821471125274, 15.634947818177809, 293.49178475167446]"
8.72236759197609,11.52719830021774,1.0,0.39924739629115624,True,False,"[0.4842447537861434, 0.434621338314833, 120.34656523413703, -30.168732806526968, 208.68515421391882, 0.6483118808858633, 0.7306358973621913, 53.050040460544764, 21.023868468035587, 296.64451057592356]"
8.678755754016208,11.54559983685366,0.9978819496043747,0.969808941023135,True,False,"[0.5509128069700112, 0.3911773013189531, 116.77810430246697, -28.71929346452609, 207.1481533694776, 0.6485247829250511, 0.7264004272451238, 51.35239422147584, 29.019804969898047, 299.41645986098473]"
8.635361975246127,11.481103595572135,1.0,0.6870752677670948,True,False,"[0.5365764212184998, 0.46463962892450306, 115.76559600868953, -22.16881504675336, 205.07639606898397, 0.6182468967389663, 0.743664951548115, 53.168676807416624, 23.867555132740343, 302.54260417423023]"
8.592185165369896,11.498584919734753,0.9979675073952252,0.2831220177265842,True,False,"[0.560418279103461, 0.4086833874670393, 114.74239561947505, -29.103897850949664, 207.68572546855697, 0.5977761278421243, 0.6971509062318608, 51.34266525511988, 24.127818671497366, 304.7827701712718]"
8.549224239543047,11.500904684517595,0.9997286946720136,0.2371724236228515,True,False,"[0.5144357118007404, 0.37211595913265255, 116.67520741610258, -24.235674842669823, 210.36306933390276, 0.5412976952912052, 0.7549743125804609, 48.580970204106265, 28.62127333257375, 307.78030642757864]"
8.506478118345331,11.502349481066304,0.9998301678040369,0.08379433181512708,True,False,"[0.5837136945723288, 0.44740842493191285, 116.80192525565079, -30.914582407755823, 211.1715401275356, 0.6141873412520314, 0.784755438897512, 49.53011370810425, 24.962102457356643, 304.6042599552209]"
8.463945727753604,11.466370195704338,1.0,0.6710999052386968,True,False,"[0.5686436675493265, 0.41143385243568853, 114.59874551746549, -28.70799314209154, 212.62919668437206, 0.5625249891293049, 0.7362954900841628, 53.3964552781133, 23.275192425901956, 302.22684489262514]"
8.421625999114836,11.518075419472758,0.9938792313978426,0.6278315395448563,True,False,"[0.5590186740200904, 0.3336686394364029, 112.36259885977954, -23.33127369003737, 209.3150842091295, 0.6012343419231091, 0.6811666338254406, 52.20695570291788, 24.101204428066808, 305.0427491233844]"
8.379517869119262,11.471841005509358,1.0,0.0036022913197832906,True,False,"[0.5576737009208348, 0.30526555684032347, 113.41629831777605, -20.28346311733965, 212.45682001434676, 0.5566438180400033, 0.7364650415433792, 55.548652373005055, 24.148959463004807, 305.4144614307208]"
8.337620279773665,11.486148564487287,0.9982854472310061,0.7077634792879666,True,False,"[0.4889425120549098, 0.33412766843814734, 113.75495208252246, -14.084054393260589, 213.43522336026055, 0.5936606593526199, 0.7340971963730617, 56.498286614162524, 30.105884038167098, 306.2426264727094]"
8.295932178374796,11.536842486405376,0.9939079360510346,0.7663584604859707,True,False,"[0.4177671932654649, 0.3120099084418504, 116.54699492518421, -21.960790830578446, 210.43087853536446, 0.6707990679476579, 0.7582499854556084, 56.50141698932365, 24.34329411633408, 303.82801703914924]"
8.254452517482923,11.540308705168517,0.9995801670566928,0.3063738471271389,True,False,"[0.4809617870035253, 0.34172314676844034, 115.97714630296112, -25.173100121834445, 213.96422771751068, 0.6704190118398712, 0.7059564881297012, 55.014758649162225, 18.163113353208736, 302.5539272755055]"
8.213180254895509,11.475471617902034,1.0,0.7629393121700861,True,False,"[0.5085091178316422, 0.37572216995247776, 112.80769230505607, -22.85290804758613, 213.78315930674603, 0.6161304233169366, 0.75139999260164, 57.865842838735496, 22.58321787958631, 300.07516508018045]"
8.172114353621032,11.420972588686496,1.0,0.5486244806027828,True,False,"[0.48073098221890614, 0.42354825189330075, 109.94778449102633, -19.953286883069516, 210.54525735179277, 0.5391753889624884, 0.7601331877290116, 60.349783979359174, 24.75463748738799, 303.93471186398426]"
8.131253781852926,11.433689872917043,0.9984372220034949,0.0619018849063272,True,False,"[0.44900794419766793, 0.4671862117800903, 113.58087081582931, -15.442860357256098, 207.7491789566521, 0.5844884766760882, 0.7544970228982083, 61.28177085633646, 25.32003655620059, 301.41331473383593]"
8.090597512943662,11.370011744109547,1.0,0.6391002279785774,True,False,"[0.4157770371354515, 0.4348440556149241, 116.19550583456166, -15.02643138396363, 211.06824248759466, 0.5107238880503938, 0.8106156831684078, 64.39530947490563, 27.610543024702473, 298.1380556697177]"
8.050144525378943,11.32203197114909,1.0,0.6227522112120045,True,False,"[0.3805697038444895, 0.3910398711473563, 113.53607628743758, -22.109074430029224, 209.78763217496504, 0.49962200170301024, 0.8694782871087655, 67.33565435772152, 19.808021031325254, 299.67750407811343]"
8.009893802752048,11.380366474679139,0.9927436492599877,0.9678780419715655,True,False,"[0.4155187101587583, 0.4578672629606031, 112.1186518675975, -17.472559170676128, 212.8405567476554, 0.5503010670716374, 0.7955358643334948, 66.68513946507446, 15.098764414257728, 302.28855806819485]"
7.969844333738288,11.375091038037485,1.0,0.655526745245964,True,False,"[0.4381595824349752, 0.5285085937501421, 111.10317627567358, -11.206413850645694, 214.4631658187112, 0.5735679803251863, 0.8083655941282316, 65.75085588447607, 14.130421909628952, 301.4400368901877]"
7.929995112069596,11.360169062052377,1.0,0.2665729879356328,True,False,"[0.4922743692145072, 0.4566788534944889, 111.49645311017987, -18.984939954361813, 216.72881733954534, 0.537811499050775, 0.8214146134354889, 64.24823272433272, 13.728565135021556, 302.4422742312999]"
7.890345136509248,11.388909957682525,0.9963640862718859,0.1851926067779397,True,False,"[0.42944981110667585, 0.5047447967224802, 107.72341373275106, -21.38857684257963, 218.70586783693497, 0.5348959796272339, 0.7939861448096548, 61.6674874525618, 11.14781373192475, 304.2826849242212]"
7.850893410826702,11.507362473855231,0.985025474840854,0.8730979269856671,True,False,"[0.38310361283298217, 0.5209727844764829, 109.50356953943114, -17.36426235583852, 215.93938846756922, 0.6014896671293857, 0.7140110710656998, 60.20269550797735, 14.198304688435277, 303.73661293244504]"
7.811638943772568,11.51082055606578,0.9995574146564219,0.8384575990844806,True,False,"[0.34902979330738126, 0.48133213800578284, 106.23415061742618, -10.464042609772338, 218.87789719561283, 0.5794357113197822, 0.7274717385660168, 57.09708047260046, 21.306604162313114, 304.3885041822858]"
7.772580749053705,11.484332836262935,1.0,0.3613619875916333,True,False,"[0.41580808664486907, 0.5160047428656899, 110.04368776446896, -6.928740967009606, 220.31494289585657, 0.614175597329285, 0.8060973135135223, 55.35289520707948, 29.0643714839506, 306.561452336839]"
7.733717845308436,11.472723316076493,1.0,0.9235011839496211,True,False,"[0.36075051132333436, 0.44497177520682496, 109.84907346789896, -2.186523505153458, 218.51561270628432, 0.5740341729755114, 0.7666736861839618, 58.245506564297244, 31.51679143238298, 307.55246680133627]"
7.6950492560818935,11.512293639363996,0.9948708897467978,0.9858145827826743,True,False,"[0.31347723382703185, 0.3710705901311184, 111.22823655281616, -4.70269245803016, 216.09378453776614, 0.6141056447243867, 0.7366323162266512, 57.89848341166966, 24.981965420232257, 304.96986982911255]"
7.656574009801484,11.483009449421118,1.0,0.46427839122526227,True,False,"[0.3180578293744879, 0.33746456535709224, 112.47257227582996, 3.0252415728849336, 219.95566069387073, 0.5445623528247676, 0.6739607928099562, 60.15487586359632, 19.97650840686498, 308.7073575250008]"
7.618291139752476,11.467334459215216,1.0,0.5248219831369673,True,False,"[0.28001069053061145, 0.3196491006533962, 115.54969495933008, 8.674000102169126, 218.075773564178, 0.540808676322118, 0.6770563001804506, 63.30813598921179, 19.50627202202076, 305.6740206018463]"
7.580199684053714,11.401433335651245,1.0,0.7606769699711937,True,False,"[0.3583402132207519, 0.39477743639551, 112.80561079953783, 15.218310775855565, 221.36567478995755, 0.5166532511625204, 0.7512050678210864, 67.11676339331336, 12.601254795523214, 307.94476017016547]"
7.542298685633445,11.427277080310105,0.9965793560600894,0.9268089738445251,True,False,"[0.3405281411756485, 0.3177698463981453, 109.5080953413613, 22.260982103746116, 225.00658249082406, 0.4960149237199254, 0.7405670386150365, 64.21007806392201, 10.513277546911024, 311.5216645297934]"
7.504587192205277,11.453195195792214,0.9965523205440897,0.3265128385490943,True,False,"[0.2630819267100187, 0.3931088529215297, 107.8001995842107, 17.702339277676025, 224.70917409215127, 0.49248755253882415, 0.7053183952494253, 66.12667974975044, 6.846424906473347, 311.0489108950355]"
7.467064256244251,11.427376052688013,1.0,0.6385580949558214,True,False,"[0.24057221326681782, 0.40350257612032225, 107.22637485512293, 14.426633565944709, 221.3700319102682, 0.4247494522046739, 0.7703497287555594, 67.34267453688106, 13.513496276714013, 309.5869248891096]"
7.42972893496303,11.402257455995734,1.0,0.4648561492453068,True,False,"[0.16410228748769534, 0.35747286886059615, 108.00426817429552, 8.059485759889235, 222.37837980004156, 0.46037203520361075, 0.8237522950285137, 68.00025079283253, 9.72702775315718, 308.5167360257216]"
7.392580290288215,11.372208607634626,1.0,0.8810203333752497,True,False,"[0.1870506406901489, 0.3424202047839057, 106.3490905129823, 11.392797588445541, 220.92088080728522, 0.44618018507102053, 0.8663225464627429, 65.99069854842648, 13.37583996309624, 308.9742771858623]"
7.355617388836774,11.410591203918894,0.9947954569335667,0.028650721953307978,True,False,"[0.17896390387498345, 0.3936839304099983, 110.0160748257954, 12.242197904759259, 217.32513241063938, 0.46516654771623117, 0.8134307990992576, 66.38994686556643, 19.79296397761759, 312.8133399993819]"
7.31883930189259,11.431218021769645,0.9971856495517639,0.6835487982346206,True,False,"[0.1698025052071921, 0.38396398539195714, 109.87216756004145, 10.626415791340794, 216.56147686525597, 0.5356017709102765, 0.8091428721065616, 63.85985502247574, 16.46232560204765, 309.27630310670776]"
7.282245105383127,11.385574748045794,1.0,0.4378837590883832,True,False,"[0.21572259597064825, 0.3248118672662486, 111.57616351497367, 13.466933481579847, 216.11998956339357, 0.5740276046808546, 0.8639406640127141, 65.2376367753673, 24.096608200968646, 312.3041876890123]"
7.245833879856211,11.37042656113234,1.0,0.5065322905565091,True,False,"[0.15856039255815874, 0.2955682419492118, 113.52053305866131, 20.190226802362822, 218.7407768606772, 0.5484119804297194, 0.8703463335192512, 65.77446471293521, 23.491584824699945, 315.38792348225184]"
7.20960471045693,11.434096732105282,0.9912075829148986,0.7701367355090925,True,False,"[0.1569688775574541, 0.316014091718955, 111.52882543747883, 25.919815082789157, 219.61212634003152, 0.5366471224221009, 0.8184194924361627, 62.80543505302376, 27.515662234787925, 316.09082049947676]"
7.173556686904646,11.41330096661778,1.0,0.1784470982487849,True,False,"[0.2238551148112733, 0.2860747327710288, 115.37417945147119, 18.777756517367166, 218.20937417997538, 0.5759866428555671, 0.8602615112275178, 59.09441787909496, 29.87656494872897, 319.98134647338827]"
7.1376889034701225,11.459388861831314,0.9935638241837598,0.500613932534308,True,False,"[0.2882792844351302, 0.3335332955298702, 113.96412410239549, 25.312852803206184, 221.17496256063802, 0.5712168754935785, 0.8229820553310386, 56.2979642951032, 35.536141259334656, 317.2335742275613]"
7.102000458952772,11.483211760962547,0.99665122690059,0.9753737131316276,True,False,"[0.2257823405166033, 0.3658632757538593, 116.00634918730596, 27.968188972769696, 219.29813970957196, 0.5707448513260284, 0.8256362081189508, 52.44085866181858, 30.18435650119038, 318.7341633066325]"
7.066490456658008,11.49817870842173,0.9978842243387877,0.3830388391887545,True,False,"[0.15188018045711354, 0.3475216707659877, 115.8254315978928, 20.25181622015964, 216.8469806292815, 0.5103895022690552, 0.8136524432027247, 51.612823302419166, 36.4739938066414, 322.69266969612465]"
7.031158004374718,11.541348045759705,0.9938790901433743,0.4922154198864903,True,False,"[0.13778333485528274, 0.3337384159658275, 116.6288512612194, 14.668984294015171, 216.68249759751595, 0.46724890873061975, 0.7623235579581544, 53.01402225090058, 42.54332287411833, 323.1872391434492]"
6.996002214352845,11.554730147162374,0.9980890070691725,0.216023485578548,True,False,"[0.19403470171496096, 0.3447703701984939, 117.00976258229251, 6.969345506716202, 215.94989893564954, 0.4225073739034862, 0.7358113226826076, 52.11613873235312, 45.845407510979655, 320.3829847177889]"
6.961022203281081,11.591107996195447,0.9947876965187292,0.8927866220578341,True,False,"[0.13679247798293453, 0.4118494096889071, 119.16197108010009, 10.771548287480522, 219.64132827134108, 0.4007523648143396, 0.7093084760173701, 53.304006632408374, 42.23779259770973, 317.19317149567377]"
6.926217092264675,11.629733419475661,0.9944388225885469,0.5434459035818898,True,False,"[0.13757169024100363, 0.4182324976531861, 115.45205925550601, 9.653248845609562, 215.9790995385459, 0.35160382252781397, 0.6977654702457936, 51.03786714967372, 38.89857123582263, 313.8129817578826]"
6.891586006803352,11.619167832238503,1.0,0.2545141926718534,True,False,"[0.18736649503420205, 0.4227603792636484, 115.97210671551656, 4.609748403112244, 217.2479403059668, 0.2960588819621389, 0.7466926355682696, 51.14863990854475, 43.59128374604895, 313.77384523176767]"
6.857128076769335,11.690970412446827,0.9895834003114455,0.16365149796877587,True,False,"[0.14034086073744814, 0.34874586483827175, 114.22163482420791, 9.071720789453623, 218.2791950131579, 0.2507474300258411, 0.7951601209998961, 54.30139038264898, 51.05058565249081, 317.356640431826]"
6.822842436385488,11.69027731575662,1.0,0.33510031648893324,True,False,"[0.1494511746152264, 0.3824745711647539, 111.24397498134614, 3.532224599330938, 215.58388757975163, 0.20651402932358084, 0.752969481061051, 56.15853457913077, 46.46902900896755, 314.8965419123342]"
6.7887282242035605,11.611347732761471,1.0,0.750867011570839,True,False,"[0.22373403782070644, 0.4206858698695975, 115.09588951465393, 0.5228737695617269, 218.48738313746856, 0.23586439445611984, 0.6921031902562469, 55.506051093910806, 51.40073751569645, 312.1133202117252]"
6.754784583082543,11.704404222343046,0.986318078542069,0.8209095274381119,True,False,"[0.212350105496865, 0.4222725267223835, 111.82611262282123, 6.658309503870965, 222.17322963726156, 0.18418662208091396, 0.6962045811240406, 55.281122879472576, 52.502458848345874, 313.6711680949356]"
6.7210106601671304,11.579431649874422,1.0,0.144419340782328,True,False,"[0.13862564830778762, 0.4858483098645163, 115.39297652786748, 14.009562063528923, 224.70114776150461, 0.18859210718511848, 0.6430578554940398, 58.29043296799624, 44.71416193931765, 315.8411458554514]"
6.687405606866295,11.60229924639049,0.996586337888011,0.8347537833964834,True,False,"[0.13151299190412635, 0.46355675014138276, 111.84675987494772, 9.84672282138956, 222.34693898723597, 0.20273167096302094, 0.6439670254785679, 60.01628532244802, 51.566764225711616, 318.935516175914]"
6.653968578831964,11.596474896779188,1.0,0.15956397523987476,True,False,"[0.16450706809794996, 0.4201169978916848, 111.36217173365166, 10.80834692243794, 224.52696736922096, 0.24668482000952752, 0.6818998804293334, 60.774496272564036, 58.53742580213171, 319.5375799100499]"
6.620698735937804,11.672152649144586,0.9886346015463718,0.1296018075127532,True,False,"[0.19188374704728994, 0.3961385144603152, 113.67479323725405, 5.317363489667738, 224.9907898262609, 0.18833270499434043, 0.7403733740902064, 61.16911723594898, 57.71930499979229, 323.388353575939]"
6.587595242258115,11.666493440967766,1.0,0.9644295642044194,True,False,"[0.11935965162509148, 0.47205856983902, 111.8229754715535, 6.63797948122814, 221.51712209506485, 0.2668651557545215, 0.7896885699178695, 58.56503087002787, 55.21952475328358, 320.01036764621085]"
6.554657266046824,11.584941757849554,1.0,0.3323401082424242,True,False,"[0.166038088487819, 0.4600335821182481, 109.20565709221799, 0.7455136490985872, 221.89603660213072, 0.29510132359054536, 0.7705153005382277, 59.93595936675668, 53.29884188399414, 321.4835840977613]"
6.52188397971659,11.515332603043719,1.0,0.3279288158671413,True,False,"[0.219001784959501, 0.5222973808250476, 107.02661602221299, 2.9628088763555827, 222.5585048637324, 0.3483680748723711, 0.8311345312294627, 59.91593258632487, 52.7739165086733, 324.7886976711977]"
6.489274559818007,11.544210478134676,0.9955597940235129,0.655444519008635,True,False,"[0.2142338811872486, 0.5707213966760423, 109.42905410457895, -1.1333378354506305, 220.0350231849035, 0.34976768272488235, 0.8236394189282642, 56.0816396439925, 51.95183637078974, 321.17950588989135]"
6.456828187018917,11.590501977344422,0.9928562518785714,0.39860530612015377,True,False,"[0.26090360968754467, 0.5450810640613097, 108.97976605666373, -8.188690667573415, 221.9665351361532, 0.2929853602713204, 0.8401740021370633, 56.39936889369847, 53.43419022525463, 317.61315875305615]"
6.424544046083822,11.595567959259553,0.9992117751781191,0.10555737253187258,True,False,"[0.20168471617934594, 0.6022877736947119, 106.87863865606462, -11.183953987288435, 218.56040674550923, 0.32978633352374365, 0.8039918089511043, 56.16055672590918, 56.25915082373523, 316.9953456957491]"
6.392421325853403,11.580132439718097,1.0,0.5223343917388348,True,False,"[0.2100662125787067, 0.5665603150120248, 104.65126264157118, -11.043810749575092, 218.85691267197336, 0.33172715399448083, 0.8486703269853927, 56.0414581534747, 53.59771374838081, 313.07302897452473]"
6.360459219224135,11.529176790701424,1.0,0.6858880937570746,True,False,"[0.26136913750991286, 0.5925527288621057, 103.98256025344915, -10.90367284278206, 216.9858731965154, 0.3491123375508996, 0.9151010907051698, 59.15940868903831, 52.551150928917544, 312.3798000028126]"
6.3286569231280145,11.57946363994876,0.9920855892595632,0.44704152403471775,True,False,"[0.24295883635234852, 0.5928687834056, 104.37377483963103, -7.642099766891542, 217.4266475976968, 0.31979188350147325, 0.8766736335307141, 55.73558895519188, 49.376084257582136, 315.11850106278166]"
6.297013638512374,11.478687326669931,1.0,0.18557665270918922,True,False,"[0.26767795604214667, 0.5988145231201546, 107.23698954978144, -9.445590196199047, 221.28902188292108, 0.3756008107501261, 0.8081452443132374, 59.030953611083014, 51.35615550575101, 312.256605097414]"
6.2655285703198125,11.496433164330355,0.9971717101870285,0.5455245607639678,True,False,"[0.23436371901908504, 0.524940881558836, 109.1807250392172, -4.920733585773515, 225.05210857899397, 0.40951670084824376, 0.8207306547507942, 55.45836919164761, 49.34336608119017, 308.9428209502064]"
6.234200927468214,11.559772934242556,0.9898913926402706,0.7813056602492966,True,False,"[0.23019694342869354, 0.4597765860796701, 106.39405105538195, -10.625310515448888, 227.73419013439337, 0.35766611921595676, 0.7667278098555751, 57.19118464037368, 57.25936155172842, 308.1294788480987]"
6.203029922830873,11.564852522827959,0.9991814469044401,0.28436203890690137,True,False,"[0.16950629581113966, 0.4264294186632212, 103.99674765461931, -18.611766296913572, 224.44624741099548, 0.40803441437861293, 0.7814900174611119, 55.24346239924626, 49.53505128631127, 305.93950845853885]"
6.172014773216719,11.565659498143877,0.9998692610771562,0.7174032296430042,True,False,"[0.19520962128155758, 0.3551247233681869, 105.62095369984115, -16.089123128754814, 226.79535099168052, 0.3980958437883672, 0.7473492876485074, 56.68159214618669, 54.781688910336975, 303.84489651389543]"
6.141154699350635,11.568599692315171,0.9995213456441534,0.35578516751029443,True,False,"[0.23016893682021417, 0.29689147980703723, 108.02895115374596, -14.410699466061416, 227.7358692954269, 0.3307845608642602, 0.7751037045205259, 59.010062019807854, 57.94077567459329, 305.29955304324193]"
6.110448925853882,11.563636106813508,1.0,0.6557153830977004,True,False,"[0.204791134924672, 0.30874070158244016, 105.5126166137026, -21.33981039425354, 225.48753835838133, 0.35863093245064426, 0.7930240747212645, 60.713382849481796, 65.82636329862346, 307.9812576398313]"
6.0798966812246125,11.62055535401884,0.9906818085614763,0.9612777346085647,True,False,"[0.14985007176590687, 0.22897688180050235, 109.50275712453521, -27.840041223794753, 223.92344244450558, 0.29635987963278676, 0.8487621949163485, 60.607062045797626, 59.11125615205657, 311.32525434826715]"
6.049497197818489,11.50182299515837,1.0,0.8563731801032732,True,False,"[0.17643835016256137, 0.2787396480887147, 106.06464756983274, -30.50074117021592, 223.06398364136473, 0.35951317542066585, 0.8712464859379565, 63.88125740971558, 59.45165134143759, 311.98077861053974]"
6.019249711829397,11.503786926628502,0.9996737780939511,0.9997859503350143,False,False,"[0.13261307418988166, 0.3014298709356428, 102.94097454108103, -31.331642625569707, 222.6486087460739, 0.39488342785583164, 0.8978247661939689, 60.453984621654804, 64.66046864676154, 311.59102432050514]"
5.98915346327025,11.438141202294727,1.0,0.157711853583401,True,False,"[0.21612134024549515, 0.23421260846668046, 108.67264822427254, -38.09009851990885, 221.23765031428215, 0.4153088758729957, 0.8351945341675118, 65.59722731572482, 53.84966874613906, 312.69232244353617]"
5.959207695953898,11.444055052109356,0.9990081036493306,0.7613790316318515,True,False,"[0.14506140601807432, 0.2761354624373045, 105.19237313844464, -43.232052917773025, 221.21851684059854, 0.40906567808080674, 0.863550836496903, 67.97562306284038, 50.38445714344962, 310.019053210887]"
5.9294116574741285,11.500369816682959,0.9905474291798348,0.9173711162004601,True,False,"[0.17583929306452295, 0.2927866910437702, 103.42099594616977, -47.30074806864738, 223.63125860415062, 0.39157037565945607, 0.8060324221227634, 65.68936159405882, 50.8713329967703, 313.373613868319]"
5.899764599186758,11.437847113053692,1.0,0.8432087261080371,True,False,"[0.16433812018291774, 0.24333469430225976, 106.56686176493476, -47.061963767492514, 225.23998753481987, 0.4217067112968708, 0.8347129560925031, 69.01211603249082, 46.825790042774614, 316.4727108001855]"
5.870265776190824,11.461948733889177,0.9959027048793537,0.7164962405618323,True,False,"[0.21544738229262456, 0.1672496861372559, 110.34262601484662, -52.41525578904263, 224.38191576802035, 0.3422291611410623, 0.8262197850317464, 72.4920526863348, 49.54113454860768, 317.7446219462791]"
5.840914447309871,11.436666433628314,1.0,0.13236573920162154,True,False,"[0.2901442506878532, 0.15404826034870506, 113.78775648152184, -49.83317152472151, 225.67470441685478, 0.3773407727664637, 0.7902606042798646, 70.02970679887221, 46.955432759059704, 318.1678487146224]"
5.811709875073321,11.462460001002857,0.9955716279845035,0.7382270979236303,True,False,"[0.2429742182131162, 0.15194883590427796, 111.27792061460246, -43.97601537374095, 225.30680202518806, 0.335433389400465, 0.8413940636642872, 71.15635633147468, 54.22348696874777, 316.57868320087124]"
5.782651325697954,11.704287808253223,0.9590428356798556,0.7326318954079684,True,False,"[0.2940966660310704, 0.18215057080009237, 110.09699634624255, -48.627011087961264, 228.51828037338794, 0.2760623497995786, 0.9173617753439686, 68.19847654869059, 56.49825488350699, 316.2503406592167]"
5.753738069069464,11.581400757691789,1.0,0.121905941033846,True,False,"[0.26536417651986155, 0.2447951167878249, 110.55612480852545, -49.349242201118926, 226.7702754755069, 0.296974848910274, 0.9001814134709967, 68.16793801922688, 52.01466048789915, 314.8468037199881]"
5.724969378724117,11.51805753358682,1.0,0.8454432493012654,True,False,"[0.3207832224407539, 0.18141871748359428, 109.60964532028842, -55.91373221623026, 224.2959693989431, 0.306810363346377, 0.8466481757245156, 71.01848584742204, 57.867082124590326, 312.4661705015299]"
5.696344531830496,11.578890779553044,0.9893774737172616,0.4796354938390752,True,False,"[0.35781315946843684, 0.16492507321816519, 111.71995346696488, -52.52017933547326, 227.3296671225267, 0.25724740042105354, 0.8167117995237461, 68.05348493943967, 56.61771345644172, 311.23524818908527]"
5.667862809171344,11.583368302730417,0.9992103275596163,0.34340586350590085,True,False,"[0.3500518403657615, 0.1166126426997437, 109.94179377651095, -51.14420692275367, 224.2295998954175, 0.21461650268984747, 0.7769631079712662, 70.45340231904534, 55.628093959856116, 309.1712750742302]"
5.639523495125487,11.526580870977037,1.0,0.05240491731706176,True,False,"[0.3515627782664724, 0.09607904718534221, 113.25345670425425, -57.869372766120875, 225.2530467839894, 0.2494724607742137, 0.8339712062690994, 74.0403674217246, 53.13647080415407, 307.8649421878341]"
5.611325877649859,11.774528680953795,0.9567749976543283,0.03251783486844817,True,False,"[0.3197651724086956, 0.11243135316274576, 116.46580901487889, -50.09547731060059, 225.9771627083963, 0.1754627180904264, 0.9126879102829746, 76.91925747515225, 45.7521323944046, 309.73653318053465]"
5.58326924826161,11.508453292930238,1.0,0.4505316662016494,True,False,"[0.33770242686558183, 0.12836349860844043, 116.42308199900845, -42.770132953651256, 226.63642869114616, 0.2505004727392568, 0.8347633900536048, 76.10170919689303, 49.8274250452594, 313.37086145489684]"
5.555352902020302,11.628748986295284,0.9785787503565561,0.6671669027154118,True,False,"[0.37484741962730683, 0.11178463575239787, 115.048522085824, -43.01926220327046, 229.1481842499079, 0.18854223841315698, 0.8592002734673106, 73.30942951714671, 45.83778864733116, 313.38711073293763]"
5.5275761375102,11.746569771481553,0.978910470656841,0.8385073883597485,True,False,"[0.30943197157551516, 0.16469675229594072, 118.77259552087834, -38.016939786159234, 229.80918721568207, 0.16820077203918196, 0.8809646109717333, 71.67312855977137, 48.77201584022964, 313.1800256019027]"
5.49993825682265,11.56219766902598,1.0,0.8706167791835951,True,False,"[0.265261925882486, 0.22048605733639814, 116.2628609012678, -36.19608554887411, 228.39131830884136, 0.24109552971221143, 0.8272307114142886, 69.07663424106443, 44.02998295918947, 309.4550028384674]"
5.472438565538536,11.740145157433892,0.9680059575801432,0.9122710789172119,True,False,"[0.2349032821418474, 0.2710373135265847, 113.13397594280003, -41.29868508476562, 226.76093034327766, 0.23016993807474345, 0.9058425417023043, 67.33112391045773, 44.72098420934539, 310.3392974239637]"
5.445076372710844,11.894991169640868,0.9719627448975644,0.7598711394885332,True,False,"[0.249236055433827, 0.33921133614278187, 110.05891719597187, -46.30232761780192, 228.6887240819908, 0.15836816026585385, 0.898177383205482, 70.64513407064952, 52.46774942287078, 309.32123947698244]"
5.417850990847289,11.838397077742552,1.0,0.16948023222591446,True,False,"[0.18603125138278523, 0.3459778040175282, 111.86528910614274, -45.62624862556617, 228.04651908860808, 0.19330121054888313, 0.9142956273509837, 71.95400001240161, 46.95521014673999, 309.9682322145479]"
5.390761735893053,11.656587069038725,1.0,0.9798208122311998,True,False,"[0.23810399650719727, 0.401545070255416, 113.02058344497672, -53.02793523629225, 226.53064659839313, 0.25339290278433474, 0.9035166463272525, 73.83128843687591, 54.699982251506796, 308.5905333696796]"
5.363807927213587,11.62675647105975,1.0,0.8779754022645399,True,False,"[0.28214452245431815, 0.35711860733150924, 116.18460235022991, -56.66011940610697, 222.5436555967386, 0.2101500059002289, 0.84877486070708, 71.97271779953935, 48.128445329034484, 308.0777008048786]"
5.336988887577519,11.506176878079899,1.0,0.6269977812935136,True,False,"[0.2637860357491989, 0.3202667401028613, 113.47254101046548, -50.8621857515503, 222.9101098451144, 0.28256907662403835, 0.7927300127091066, 73.18732068964663, 49.97795395589895, 308.5047574703739]"
5.3103039431396315,11.496330791098618,1.0,0.894604613771618,True,False,"[0.3086036754556255, 0.31589262148614367, 112.26229531896853, -44.97335689085925, 221.7762477438227, 0.29971344654083154, 0.8230029694003341, 70.20645516662842, 42.47330381385552, 305.5273910665306]"
5.283752423423933,11.456948749329364,1.0,0.9195772891008238,True,False,"[0.2332521763445248, 0.2573984408131367, 109.9130966907305, -47.17589670307756, 218.7835388703921, 0.3436741229274294, 0.8737983333609622, 69.87524764713409, 38.993552980219484, 307.53644575037566]"
5.257333661306813,11.524164704938881,0.9872962035065038,0.779514736842825,True,False,"[0.19255459171054753, 0.18800169710515394, 112.99092026182751, -43.71306853102017, 217.08848052063155, 0.3047053700994667, 0.9042913265523314, 72.22659250436473, 40.464571167242866, 311.47967956091946]"
5.2310469930002785,11.408095698160082,1.0,0.745363175334877,True,False,"[0.2502673240792876, 0.20767172073509477, 116.86381238205114, -49.143864246712724, 217.3839116871486, 0.38096764434168234, 0.838366457319864, 72.53327694125248, 46.27526536130049, 312.219952905236]"
5.204891758035277,11.410275506190704,0.999581287806936,0.889876254650022,True,False,"[0.32974247653442157, 0.22894882289646767, 120.17367514673106, -54.924276061849234, 219.9404082947087, 0.3904145837803659, 0.7866332370088418, 75.91158534383635, 49.14772364360692, 313.8743685121255]"
5.178867299245101,11.385505542441875,1.0,0.4904042877359194,True,False,"[0.3954070331684394, 0.2453589447893327, 120.91822078537433, -54.49053391968324, 219.08881449401918, 0.3648473644650452, 0.8513913070000376, 78.07405535526459, 45.11187162091391, 317.7085993014856]"
5.152972962748875,11.332953610895576,1.0,0.7387696468770921,True,False,"[0.4648736870003634, 0.2831934528497952, 117.46835091666493, -51.510358964354054, 217.1745435459705, 0.38571266024238887, 0.9068454664841767, 77.79912110471035, 38.418739882237006, 320.79703824106394]"
5.127208097935131,11.336012306605978,0.9994036162599379,0.8620768701378766,True,False,"[0.4101745928557897, 0.24483604930389305, 114.09142944106404, -49.78066885782448, 218.95258159868752, 0.41355773969313037, 0.8827926554386111, 74.79160704111708, 31.386461554211387, 318.961777771984]"
5.101572057445455,11.374379999448902,0.9925074513614396,0.7258120952221443,True,False,"[0.4181625161252946, 0.2127105438812306, 110.33855451459391, -52.121559967028496, 219.02722391416063, 0.4309045812571764, 0.8317782638932713, 75.11329912816706, 37.950854876180394, 319.29498625562945]"
5.076064197158227,11.365614895785537,1.0,0.9515940813774048,True,False,"[0.3756625144653568, 0.15881455813916912, 106.3520961497346, -55.98671326543804, 218.30347541141057, 0.5040064369034977, 0.8257830837727791, 78.55527177467741, 36.99896102484304, 319.5416742037702]"
5.050683876172436,11.40019135971238,0.9931774823122366,0.5260187809042134,True,False,"[0.44871736629076364, 0.21429263174918717, 107.83104956800884, -61.537391728921456, 220.72445848286873, 0.45030549443638146, 0.7706272223352164, 81.46262881616835, 38.49479809288369, 320.21947652719047]"
5.025430456791574,11.371303209663399,1.0,0.2812732156290225,True,False,"[0.4601706480939205, 0.16013574603310105, 105.09857577016251, -59.10699579629823, 221.77964010703204, 0.43562130550539746, 0.8050876003099453, 85.21200422059212, 35.805906873074754, 322.5284782254589]"
5.000303304507616,11.397354069279418,0.9948036918730352,0.707520315775517,True,False,"[0.5153141058902301, 0.20678004269490902, 102.05209640028241, -58.69127724636702, 221.51742152519805, 0.4661820929609569, 0.7520116119257625, 88.31520452274634, 36.87399664539323, 322.68723674551893]"
4.975301787985078,11.37789037290747,1.0,0.2662979770583598,True,False,"[0.44831086293469424, 0.1278822296527532, 104.29457976102549, -63.250463659523476, 219.35160155205773, 0.503552822975712, 0.7669404997589495, 86.78165616871783, 37.8995507918939, 320.69348811529477]"
4.950425279045152,11.368047470716716,1.0,0.5858934640347336,True,False,"[0.4743504264078579, 0.10238839827823706, 103.77779907815815, -68.78361822289271, 220.1044915878057, 0.5491794906182303, 0.7966564540334177, 85.12741056277224, 39.60608070671086, 322.3408769353647]"
4.925673152649926,11.40203472631684,0.9931237279936622,0.4571103241178166,True,False,"[0.432238124876404, 0.13971251633004475, 102.2262117178336, -61.36569343227558, 219.13260242732392, 0.5801310820962065, 0.7692677801071816, 86.07863870311778, 36.3675694695973, 319.8238170740722]"
4.901044786886676,11.329217967641505,1.0,0.08654591744934681,True,False,"[0.48893364021322017, 0.10237140999920366, 104.8096741305262, -61.838224595893344, 220.32705852729416, 0.5261992053187587, 0.8362140852683683, 83.51785863726032, 34.64376021340006, 316.86923430455596]"
4.876539562952243,11.388738245093094,0.9878687510637433,0.9917140951212541,False,False,"[0.5471254154517798, 0.15335301175179894, 106.53832973947654, -69.03685791202581, 221.4326243113721, 0.5353106454418715, 0.8016392368175224, 81.28604990672412, 36.87000024854739, 316.02901456278767]"
4.852156865137482,11.28964677351668,1.0,0.9106537143158544,True,False,"[0.46263968353392726, 0.14246321700182762, 106.55080378086133, -58.76789214187146, 222.85191694007585, 0.4853114709711297, 0.8890305949249803, 87.31981146164819, 37.838355123097145, 318.3922144588241]"
4.8278960808117946,11.360154418291783,0.9855019067651875,0.03777164778561992,True,False,"[0.522375393554726, 0.21362008791429726, 103.40166054047545, -52.9041826090551, 222.47518910991064, 0.46499178694115223, 0.8135315205274227, 87.8642077561186, 35.34937658380898, 315.09298004333743]"
4.803756600407736,11.370152831990334,0.9979207906382581,0.9792952674095643,True,False,"[0.5434507515574425, 0.27986606298351485, 101.50625171711656, -54.1034097093252, 223.25715629512683, 0.44800365676395715, 0.829647958974835, 84.54768524858812, 39.040610634553104, 312.84551691188335]"
4.779737817405697,11.325928336539818,1.0,0.8437367411771911,True,False,"[0.5100290877913629, 0.3528893023544949, 99.11256664080453, -49.48208207238518, 225.31939945710164, 0.4519199368657152, 0.8822681494875253, 85.8420968303501, 44.75195689779683, 312.80798487595877]"
4.7558391283186685,11.335710187700645,0.9979453051096898,0.26936840166060305,True,False,"[0.5588844879858402, 0.289451665993654, 99.57455798800324, -51.74437528220511, 225.75631802639586, 0.4612818282775996, 0.878952756402935, 84.74379220551897, 49.90360229280239, 315.78820963723484]"
4.732059932677076,11.371623294931979,0.9924394082396513,0.05098676134851199,True,False,"[0.6371105049535735, 0.2900801147206542, 101.23065259137483, -54.47141658762513, 226.50832448933474, 0.4891255000405074, 0.8418442382334518, 82.75672534184416, 49.186392336357386, 317.1145256088324]"
4.70839963301369,11.39493034496315,0.9950621313412261,0.5789614214721077,True,False,"[0.6394449762000403, 0.3022309361114367, 98.2449059142791, -58.33914170682722, 227.8351726736391, 0.4678331731831486, 0.8346899935982885, 80.40662900656847, 45.862245018359715, 317.161114577768]"
4.684857634848622,11.433968767150589,0.9917017283028768,0.2660167596800125,True,False,"[0.5862287816287836, 0.2825374216467079, 101.4049902773738, -60.31878515000208, 225.82794948740113, 0.42597435870191475, 0.7875179272367182, 79.41895855973652, 52.266386118403375, 313.93479355959494]"
4.661433346674379,11.457496015879803,0.9949655024053703,0.8774979283979273,True,False,"[0.521574104851089, 0.23205845599789288, 99.06484805839035, -55.702304994749674, 224.00230789556898, 0.41021379037416594, 0.7692474207177596, 75.59031724201084, 52.953432204847424, 314.76303854418126]"
4.638126179941007,11.429221063670653,1.0,0.5660160068607264,True,False,"[0.49165066585446315, 0.15667104435761214, 96.9326783788458, -50.21185721239951, 220.15217186871647, 0.47115149337497986, 0.7892868995669917, 74.96570570988499, 56.95472019047862, 310.9066728841174]"
4.614935549041301,11.438061599201028,0.9980861979072237,0.6148997180224006,True,False,"[0.4871950800074428, 0.23082021002496078, 94.58872390514547, -58.02014138146119, 223.51612275139965, 0.41780152319118646, 0.8441532401030519, 72.64723229295733, 52.77432712902538, 308.47620509059686]"
4.591860871296094,11.354688474230727,1.0,0.8741038158879664,True,False,"[0.48142840699444633, 0.2945941378466029, 91.78967038924581, -57.40449283522605, 226.7929460619244, 0.46660806000125127, 0.9174064261495372, 70.03942354568872, 51.689302528017535, 308.51031717665694]"
4.568901566939614,11.440476015724473,0.9813987745875159,0.6620701724590761,True,False,"[0.4424029938660512, 0.3080281728544289, 90.57165345309592, -57.4212032850904, 223.0191307369649, 0.49178513180249406, 0.8528102062261383, 68.08022761560801, 51.10974702273836, 305.81906627447506]"
4.546057059104916,11.48742949036823,0.9897247593551927,0.9801408236578368,True,False,"[0.40319466775604906, 0.38298032508463686, 93.93353817318462, -52.13009679054633, 223.2771596860479, 0.4965631758754134, 0.7745406868753576, 66.8483386741743, 57.00079147174189, 305.35413700783954]"
4.523326773809392,11.441623339227371,1.0,0.3385488729100732,True,False,"[0.46486976135275776, 0.3760227395289183, 97.78821662748057, -53.359873266300426, 223.24124533174236, 0.4850938644670386, 0.8354801906779429, 66.23593630110678, 59.662258609394556, 301.97985279011044]"
4.500710139940344,11.46368324942362,0.9951105636238591,0.579452120739597,True,False,"[0.5016389640988459, 0.4447171095529215, 96.21512162378005, -52.8550253822218, 220.39972102257005, 0.4233823432217582, 0.8129034530650714, 64.1968619397441, 52.049327684503176, 298.6623533064509]"
4.478206589240643,11.452498261671025,1.0,0.43661989890962394,True,False,"[0.5196898643156882, 0.4714385681205313, 98.44691405374589, -48.573853476785985, 217.18815010576927, 0.42559799923655356, 0.7846492006091115, 63.8333134255275, 44.962083676492696, 301.8391972095474]"
4.45581555629444,11.457825097072252,0.9988052349695349,0.40367234683331643,True,False,"[0.503702507437088, 0.4530644819742896, 97.61436009124697, -56.1416956958625, 219.11057531970127, 0.44944988158705906, 0.7779518796418549, 64.43780798818064, 47.79953811516095, 298.4681193630376]"
4.433536478512968,11.467685650859371,0.997778388288031,0.30371941719818385,True,False,"[0.43671459037131144, 0.37453016859480376, 100.35796821285854, -51.01329565830343, 219.04846576670343, 0.3751865647403336, 0.7839192288373117, 68.3593755999829, 40.973772201125456, 295.968416963618]"
4.411368796120403,11.450276790707282,1.0,0.09869304791474132,True,False,"[0.4078243122750275, 0.4322164954111892, 97.87097363721253, -54.268810869318656, 221.91895251193588, 0.38977386673421544, 0.754732673153142, 69.45618336625405, 33.68614060802365, 298.97105332911514]"
4.389311952139801,11.424540601841311,1.0,0.24544558779739223,True,False,"[0.3950209238304956, 0.47955232483148874, 101.73038865506066, -46.6487972409328, 220.43640806048563, 0.34272300857573196, 0.7019009321647316, 72.73251017493055, 41.184096712270325, 298.2380606555187]"
4.367365392379102,11.399507906210111,1.0,0.6142120990945658,True,False,"[0.3168027969223048, 0.45090186806464294, 103.89829902386421, -41.76763350349934, 216.81368792890274, 0.3301647864911563, 0.6250069712704635, 71.9596862714401, 40.052091684538, 295.0551187499847]"
4.345528565417206,11.474940137705666,0.9827912062341916,0.5704307842605588,True,False,"[0.3593949687655145, 0.376440910239469, 103.64111541338396, -45.96013849917519, 212.85597157636678, 0.32561359748839, 0.663654849448517, 69.05676887843275, 40.174499313420256, 297.64484210840965]"
4.32380092259012,11.482807905174546,0.9981820130733412,0.17303922170697428,True,False,"[0.3448212910869226, 0.3890825777450123, 102.96069652755277, -48.512410796694226, 209.16031184023254, 0.3576947555429532, 0.713170047957755, 66.97234078114892, 41.733535816298854, 298.07222973972824]"
4.30218191797717,11.443449745278565,1.0,0.5632065907462447,True,False,"[0.3790259437484871, 0.40359225141262467, 106.58212355031968, -52.60756284130443, 206.690273999924, 0.4240849043066303, 0.7665385537558078, 67.34466915703572, 41.37581057994209, 297.4783966309833]"
4.280671008387284,11.482000087938374,0.9910347521398178,0.04012895143870876,True,False,"[0.29927642787447295, 0.472266947268678, 109.49580491161927, -56.78754544728639, 203.25736059695691, 0.4752485097899464, 0.740800693055425, 65.04197165269764, 34.23131256816104, 296.1518148488705]"
4.259267653345347,11.453470833260365,1.0,0.24681345337710947,True,False,"[0.3610918826710914, 0.40387085192102873, 110.43610551960165, -61.994945323025746, 201.1291904274521, 0.4543789229836925, 0.7228190810243966, 66.89491877065049, 28.109864572096747, 299.0037436825315]"
4.23797131507862,11.444773513229322,1.0,0.677417702129451,True,False,"[0.38236404771515703, 0.340302516004811, 111.24721582286733, -61.9961452871588, 204.46874436430173, 0.518313697232116, 0.7721939787790386, 65.21829404337487, 23.103195388237545, 298.82417828282485]"
4.216781458503227,11.464012904953085,0.9954478153584135,0.8590771670790383,True,False,"[0.4286541474365066, 0.3623591405693152, 113.94993419072846, -69.28149822820444, 202.2515117091099, 0.49632184175139504, 0.7049980611238578, 63.50707622343626, 18.026044791469623, 295.0474868100237]"
4.195697551210711,11.464951988878283,0.9997762043549681,0.2696495222768487,True,False,"[0.4890069297657683, 0.31817588200359614, 115.16121638632697, -70.92421258265416, 202.08796665582307, 0.47348615471141775, 0.6893088019794225, 64.50941729447183, 20.196903731288277, 297.05417752471766]"
4.174719063454657,11.495571144731517,0.9926924081632457,0.90800672731281,True,False,"[0.5176426790242405, 0.3257857550615393, 114.61399557216735, -77.10202086985026, 204.87734618389138, 0.3975249518167913, 0.6274362525950614, 65.41902261303218, 20.263107360928764, 297.6512857798259]"
4.1538454681373835,11.499765373079292,0.9989907877915691,0.7319262115987426,True,False,"[0.5687304676323027, 0.38785491916706527, 114.04832775738944, -77.9765243552239, 207.41328217533334, 0.42099997520254184, 0.6795301593868421, 62.359683525038236, 16.692670133807795, 299.3822231904454]"
4.133076240796696,11.455259286052438,1.0,0.10369229688640302,True,False,"[0.5583515467126761, 0.32250595607366483, 116.81700478842242, -72.33937489422956, 209.8516165024806, 0.43715569275611466, 0.7447202088869563, 65.05200857827194, 18.231552907027137, 298.2035676655043]"
4.112410859592713,11.4363279705289,1.0,0.49517034815050753,True,False,"[0.48921934936370326, 0.3553656400504615, 115.64883116715356, -74.89169286612682, 206.05248697982233, 0.4524917755684789, 0.7721305041578874, 66.119291011151, 18.237323443965234, 298.586477080061]"
4.09184880529475,11.403968124715753,1.0,0.3290152290721574,True,False,"[0.5549091377887695, 0.3368897857110998, 112.51244421219883, -75.74000468273076, 206.772698466472, 0.5112401993842073, 0.8418788768843694, 65.2309602348624, 12.499942723242834, 297.8292739297405]"
4.071389561268276,11.436842134999052,0.9919581146938538,0.440695321245113,True,False,"[0.6212885336256052, 0.39166919194558614, 112.36117189295011, -81.2689486006433, 208.780463422698, 0.5417097918456971, 0.7968166186021364, 68.20641420626097, 13.192229090173084, 297.92884843882945]"
4.051032613461935,11.4088070683502,1.0,0.795021072312418,True,False,"[0.6024953654121178, 0.34155391676716523, 111.16653058276057, -73.7984794039021, 205.73870333140766, 0.5839902939156831, 0.8561317898632164, 69.61847315397183, 8.161423240359028, 300.26977343510515]"
4.030777450394625,11.46471985368885,0.9862243011877531,0.5307540094603324,True,False,"[0.6256508169523785, 0.3147544087522926, 108.47357580894939, -69.82917467113741, 205.854006943991, 0.6397388750232672, 0.8820195796726735, 67.46917649073617, 8.766801188062892, 297.0539586877551]"
4.010623563142652,11.462204837603254,1.0,0.9220368689066042,True,False,"[0.5555761771195854, 0.36929008033078115, 108.82822232126236, -64.52164264247509, 205.94634721953574, 0.6527235154282194, 0.8709547165686046, 68.56092331403168, 1.1774541872629563, 299.8252225020383]"
3.9905704453269393,11.452324951193521,1.0,0.9126462980463966,True,False,"[0.5908709719377815, 0.38976597868403773, 112.34735395848035, -60.622255935069305, 205.10325624624107, 0.6687093646931338, 0.8417373011379748, 72.35387398941762, 2.807906448832874, 302.2736933472315]"
3.9706175931003047,11.429240844320063,1.0,0.9060674387444344,True,False,"[0.5252796931721851, 0.3208903672176703, 114.66582115542013, -59.87663510091178, 205.53589405832957, 0.6405063279722485, 0.7892470333025862, 74.4360980064435, 1.054729792805695, 303.92948638079685]"
3.9507645051348033,11.45319393861045,0.9939554412406595,0.931463631301113,True,False,"[0.5538837460938613, 0.31694659664209407, 111.52614271186563, -57.87395158785685, 206.98442979132608, 0.6814312935514341, 0.8084248795616136, 76.44333365505314, -5.508063670102494, 305.111947731555]"
3.9310106826091293,11.505368478508917,0.9868151408780412,0.5001930291537221,True,False,"[0.5261069733184481, 0.34663578421014857, 108.74733619162674, -63.55361317625679, 203.01304946899765, 0.732037880936383, 0.8024608534363095, 79.44733967264676, -7.278507934758787, 303.1745303571534]"
3.9113556291960836,11.473200193854053,1.0,0.04010619877738042,True,False,"[0.5046793026734911, 0.3046115979652042, 111.59368153741116, -64.68089676106226, 201.11429198721294, 0.7147012215908152, 0.7878689825261104, 83.19561766913954, -9.990196796565376, 305.0244943516055]"
3.8917988510501034,11.466829688788032,1.0,0.6507111192900884,True,False,"[0.5375183216936723, 0.320467269165476, 107.88088961422652, -70.89534048220537, 198.53877951193036, 0.6787872264153203, 0.865633391455397, 81.83874312387024, -10.443478439783389, 302.726463759724]"
3.872339856794853,11.425807405376496,1.0,0.47467581401483516,True,False,"[0.5437583921148279, 0.28085009465768374, 109.18592216732233, -75.8091243925539, 195.91011051776948, 0.6337972227070715, 0.8654567687240543, 81.2554750062324, -7.712139937409296, 304.03195137747]"
3.852978157510879,11.474115370009383,0.9875404463865359,0.2963622564325288,True,False,"[0.535976547355816, 0.23519045670163252, 106.82008044988079, -81.2798753344085, 194.0508642984643, 0.6550912624578836, 0.7962436068087673, 84.75598744533261, -2.519809259013881, 306.7919598595249]"
3.8337132667233242,11.515621904844624,0.9892316793483328,0.055312302331686825,True,False,"[0.5954313455354112, 0.23030064812131879, 104.4308996292517, -83.75738547326237, 191.74400225630134, 0.6978184362231438, 0.8109925474791051, 87.16889138583983, -1.2690595149643915, 304.73106000325873]"
3.8145447003897077,11.56901335650145,0.9861006914057495,0.7202928740352054,True,False,"[0.5545174413533261, 0.30986183664095013, 101.14996151810863, -90.7192509295743, 189.0323238435045, 0.682622311112093, 0.7835784889007699, 84.66706056392604, -6.955124556149032, 306.72278080424434]"
3.795471976887759,11.60994733429852,0.9892729984607808,0.6918460476460148,True,False,"[0.5946578481662815, 0.25442787399462685, 99.89854511055802, -98.38456540428074, 190.38045085537985, 0.6510871927206244, 0.8002215568010392, 80.94782615515675, -12.210163648667486, 304.1937224564321]"
3.7764946170033205,11.610010813943575,0.9999831909964195,0.08615106536290706,True,False,"[0.5899663720126168, 0.33292107315564506, 102.48993998865257, -90.76895240432778, 189.83580884971823, 0.7185050335043154, 0.8073106126425283, 77.82488773885902, -8.695931581485695, 302.63810140751434]"
3.757612143918304,11.624820501621164,0.996066506846312,0.5625957334662172,True,False,"[0.5560017358610914, 0.3338390142809817, 102.84577408255888, -93.87871478166016, 191.26444109378718, 0.7108131025777742, 0.8513002189504111, 78.97461019104468, -5.0469795998486315, 301.53028652011113]"
3.7388240831987125,11.797846805119349,0.9547762414006399,0.15620191366755964,True,False,"[0.5084141188363415, 0.39176501388831236, 101.8210789639633, -93.66562839515362, 188.42940562332788, 0.7880460583916439, 0.8879093847218741, 78.00490537054777, -11.766736850600184, 299.1171153888961]"
3.720129962782719,12.015854045393993,0.943081994430355,0.3798266629575269,True,False,"[0.5126802079335678, 0.41846167149636776, 103.02349289999091, -99.63639425070198, 186.92430806841026, 0.861490499736261, 0.8828942774754824, 77.53503281706452, -15.42603187054798, 301.1696744592518]"
3.7015293129688054,11.87777068191356,1.0,0.7894206350067883,True,False,"[0.5758138045859713, 0.4058001353601885, 99.91270485722588, -98.97633152222153, 190.88890671554108, 0.8358700330516589, 0.83283795023489, 75.45896295374143, -7.500115394731587, 300.82887057390474]"
3.6830216664039614,11.671178254564534,1.0,0.569666268364342,True,False,"[0.5401635269156655, 0.37406252485401287, 101.82021688643846, -92.18848516817036, 192.07357727174428, 0.756506972316166, 0.8271487784121229, 78.14624764675874, -4.376804395428232, 302.16244669792843]"
3.6646065580719416,11.73664284124823,0.9822946005645097,0.14820848991175517,True,False,"[0.461846789196535, 0.2959110028990723, 102.67927937688286, -95.4056825833624, 193.07372502909163, 0.788929533888438, 0.8612331028001347, 81.97383857185108, -3.339181336077667, 305.795930206268]"
3.6462835252815817,11.651331125796624,1.0,0.13998441969256425,True,False,"[0.5014390384902518, 0.3458498250802989, 99.16796350225279, -88.66372032301156, 194.29189599402665, 0.7498505866477938, 0.8634107939280585, 84.85651307765283, -9.631121568488242, 308.4556182583663]"
3.628052107655174,11.727881185820301,0.9791215439902936,0.43402057640061054,True,False,"[0.533101433761378, 0.37510539568167794, 100.1248986943239, -92.07096080278284, 194.52982579544144, 0.782096484664711, 0.8782572845507061, 83.73904456647223, -3.8768521665784217, 307.06061100297063]"
3.6099118471168983,11.772264903222371,0.9877803154005992,0.4816774464216358,True,False,"[0.5900420938943671, 0.4376027268899122, 102.78394072542487, -96.08699813496531, 194.07510220478542, 0.7979792268444141, 0.8826796718093813, 82.26245975362339, 0.45134006416592953, 304.0804233772335]"
3.591862287881314,11.648316428999745,1.0,0.7206634886487789,True,False,"[0.5478749907739027, 0.4326764062828917, 100.65397121198833, -92.89072668803065, 195.64241223272666, 0.7635706325461967, 0.8120700590621897, 86.17892306598712, 3.0297335269239234, 306.63575992783683]"
3.5739029764419072,11.691522463672445,0.9879834683357943,0.04144840558324181,True,False,"[0.6269263428668664, 0.39949989871687897, 104.19832439240592, -97.92252761286053, 195.36662823752923, 0.7976034587175167, 0.799178179783462, 83.14899757553412, 2.2652760175928286, 306.05382678314334]"
3.556033461559698,11.633381756321736,1.0,0.7024100646014901,True,False,"[0.658862130595987, 0.44636822231398354, 104.12446059323652, -93.73227913867186, 191.91971149726373, 0.7737030664332412, 0.7894054184254646, 82.10643259579717, -5.667684752129302, 307.93001868615846]"
3.5382532942518994,11.587221364126922,1.0,0.20072969094640547,True,False,"[0.6553733952013537, 0.4699645049630949, 102.12884720395344, -89.62823222816529, 187.94903661933384, 0.7188412702052974, 0.8431013665318084, 81.60499596636609, -5.737392547759759, 311.2571310543867]"
3.52056202778064,11.474137534528865,1.0,0.7791003132850794,True,False,"[0.6515153050910015, 0.4594492074639018, 105.35535582500407, -82.77010625710052, 186.78568796277915, 0.6473545136218499, 0.8949818150361477, 79.64304759030328, -1.3098332721250259, 311.752753457317]"
3.502959217641737,11.474784576695857,0.9998153040409783,0.4969125926642839,True,False,"[0.6496612058662712, 0.40768633209363886, 107.18032817856822, -79.7305288562993, 185.14288293316912, 0.6495354569782932, 0.9146410502539529, 77.60975861113278, -6.180351416855903, 310.31965356524626]"
3.4854444215535283,11.360661389031474,1.0,0.3066898041986251,True,False,"[0.6474410917218667, 0.41160161376955406, 110.19430117900306, -73.81175700371523, 188.8564709611398, 0.5840065775406806, 0.9069573303005916, 75.88739248570404, -10.769508336281199, 311.3746627279109]"
3.4680171994457605,11.363357251774394,0.9992229521812872,0.8210370979242356,True,False,"[0.7077644573033488, 0.47784550192367103, 107.13540734327137, -74.33499884158228, 191.52584213252, 0.55714036415909, 0.8982350916848085, 77.48196979642906, -14.459482065646197, 308.0895488824855]"
3.4506771134485317,11.366212783014095,0.9991728145068457,0.059302331198984315,True,False,"[0.6974201492933735, 0.5528949070688787, 106.6374165881334, -79.9236030747098, 189.8838209245505, 0.4987445384162182, 0.9067236553656915, 73.51168648145203, -20.02000964710897, 304.6864664600008]"
3.433423727881289,11.349041408940995,1.0,0.8788334802425533,True,False,"[0.6199176224281441, 0.5852202038247409, 105.84014054097062, -72.31025722110527, 188.9655080760092, 0.57852789053812, 0.8701774753717734, 76.38545901283761, -21.579246453039943, 302.42504686452116]"
3.4162566092418825,11.275556958137592,1.0,0.024088129136107916,True,False,"[0.540398700429339, 0.6299039417406249, 104.06387165618824, -68.67793867425166, 192.23776404238575, 0.5096008607083871, 0.9092160732033084, 74.01413215520903, -19.69726236149983, 299.3977008334739]"
3.399175326195673,11.340807725882366,0.9809870127382917,0.20926935621887188,True,False,"[0.5910136802022636, 0.6253044024987483, 106.32244332032998, -61.47226728721852, 189.76963581950707, 0.4348382910727496, 0.8572025178082163, 77.90483133084977, -13.515903373193998, 296.97405375908755]"
3.3821794495646946,11.329724190576174,1.0,0.8048774219956446,True,False,"[0.5422721975747445, 0.6182946581999562, 105.0774431134529, -62.42502406269424, 186.24653449591017, 0.45386185254858924, 0.8133241573529643, 77.92818704110543, -17.34673023972929, 294.4259714982714]"
3.3652685523168713,11.35603756217371,0.9922113895667692,0.162743032602379,True,False,"[0.4819448995114159, 0.6048806241002388, 105.42432125622389, -66.36958054352743, 185.09496085840817, 0.4043346181239344, 0.7495184367065912, 78.79693749661467, -9.874494137750304, 295.30291855094316]"
3.348442209555287,11.434361888041,0.9768801821409915,0.02537465770722369,True,False,"[0.5460103352172251, 0.5599202314013941, 101.49469756805756, -64.24339798489763, 182.42452253836623, 0.4169295792855011, 0.7059549078775049, 79.59871361051839, -4.553154407213672, 293.1978375404096]"
3.3316999985075104,11.396921244858648,1.0,0.5311163825158657,True,False,"[0.4841561713781152, 0.5575097102335799, 105.35277340760716, -68.52768771563653, 180.23972078261258, 0.3761553786565864, 0.7525759703737851, 83.49734199146589, -2.6546036430928606, 294.74420815175745]"
3.3150414985149728,11.358307525424514,1.0,0.41757360499162466,True,False,"[0.45004124711507165, 0.5571200235165386, 104.46509645985246, -76.2259137213143, 182.7037487028018, 0.4507447167989282, 0.8004031526354151, 87.18163570311278, 1.8131516354788175, 296.07793201610906]"
3.298466291022398,11.331378043679305,1.0,0.8622786644502576,True,False,"[0.48757599486353936, 0.5477891568933936, 104.3332382173629, -71.56167349396617, 184.9238984005353, 0.4792904411354459, 0.848924285907768, 89.24534639199567, -5.958466258905254, 295.25565616382073]"
3.281973959567286,11.379008894736021,0.9855919371942823,0.7713823079435216,True,False,"[0.44402794060506245, 0.5016284567715067, 102.64936663447223, -73.3161496402764, 181.7688692355769, 0.4380288604885054, 0.8514814697282488, 85.87156774813212, -13.417934308178497, 298.119800481863]"
3.2655640897694496,11.32887432046332,1.0,0.21180018520010302,True,False,"[0.4804059104383707, 0.5189811197501534, 100.3130978499045, -76.79600495898546, 184.0528282895083, 0.49903730568908705, 0.9177837884686192, 89.10467276575123, -16.95017194646514, 297.3173698813902]"
3.2492362693206025,11.388596653484015,0.9817874679924878,0.5152825833603094,True,False,"[0.5093238331190397, 0.5239323888879994, 100.3516111352827, -79.36156090884863, 183.15857006333636, 0.4419186436476969, 0.8755319876306218, 85.17550394040643, -23.50025216925038, 299.2799468044249]"
3.2329900879739997,11.39060106783798,0.9993802043706828,0.006926109864336838,True,False,"[0.49699282554767865, 0.49533820781165594, 103.51056954088926, -76.36725869424622, 183.97787578829016, 0.42886477871831735, 0.8533229515833958, 87.1141794329316, -31.235782451276627, 303.0737091571752]"
3.2168251375341295,11.377041450088297,1.0,0.7045549927964807,True,False,"[0.43509126640144724, 0.5184078844053168, 105.73776286041432, -75.86943357989543, 184.0633645144894, 0.4702737831770701, 0.8155478774341186, 87.41483450688422, -25.23717340167609, 301.51645174114157]"
3.2007410118464588,11.424154947162874,0.9853882438430378,0.9586352337465445,True,False,"[0.4251941575567611, 0.5758950252300591, 106.16651757546762, -77.43935573886763, 182.81633229737352, 0.5338169061618302, 0.7641715188219925, 84.97860947487315, -29.44688331848421, 303.7995039812432]"
3.1847373067872264,11.420621952348764,1.0,0.7011640079134018,True,False,"[0.3916066383794842, 0.5433665935257566, 107.91460640581768, -71.1493248077403, 180.38266383465657, 0.49972451353478675, 0.7354925265174521, 86.96913744474028, -34.2750570706704, 301.7593208963721]"
3.16881362025329,11.32451611714101,1.0,0.07320252098729274,True,False,"[0.4353269441823451, 0.617368073327494, 104.47967334789382, -76.2699719475968, 183.47329326761047, 0.4520896293909572, 0.7907508135819834, 87.44550477768237, -36.20183286021072, 304.80282835781964]"
3.152969552152024,11.360234097767965,0.9887355622275019,0.9701146994545443,True,False,"[0.40754047158508855, 0.6364155860960966, 101.35162518446222, -74.78441387593058, 187.10969114755514, 0.49046270075381015, 0.8409594889010374, 86.50865604490022, -31.561916457388325, 305.59783791033556]"
3.1372047043912636,11.375690722070148,0.9950852393257806,0.7067190928659765,True,False,"[0.37595262942940616, 0.6027911304010711, 101.36818965807461, -79.65886168091473, 188.6281579687846, 0.4486462133986622, 0.9067398114387544, 85.37610810704209, -35.92895965113297, 307.76763372702953]"
3.121518680869307,11.453181093944611,0.9754810216315553,0.11206388318298,True,False,"[0.45370282099589865, 0.5521962371563428, 100.40349834476649, -82.84733815173259, 190.02406484186213, 0.3771716761059111, 0.8417414126078242, 81.38850607240781, -31.278012687758654, 306.62967203065955]"
3.1059110874649605,11.457864352597024,0.9984932828207782,0.947483150428065,True,False,"[0.44568512193500187, 0.5131051713657179, 97.84212627882944, -78.9951010614375, 189.20710339408413, 0.3772564120529266, 0.8065154180907647, 84.6813134191494, -30.389666589111254, 305.9230173916236]"
3.0903815320276355,11.451407959124147,1.0,0.22701526120265125,True,False,"[0.383273766626769, 0.48933552638109556, 99.08730722436478, -80.04246537587828, 185.71194227669778, 0.38445719635111403, 0.7289992627050502, 86.09440900835207, -27.34947810544263, 307.39255026094054]"
3.0749296243674973,11.504362036436603,0.9829262055714711,0.2884065513881271,True,False,"[0.3761888015564232, 0.4165668844522753, 100.88334835517453, -86.4426476784521, 186.1334371776736, 0.44429306991073403, 0.6580876705024925, 83.60614690041781, -29.197720917360133, 307.1175763415894]"
3.0595549762456598,11.57970674747363,0.9756747110155564,0.32858465149341154,True,False,"[0.301057240906617, 0.4202916615563967, 99.12239979276444, -84.4115286649816, 183.62040977220886, 0.4337552935322376, 0.661233436017619, 79.97781528954368, -21.64285065168197, 303.322666116066]"
3.0442572013644313,11.589930375129377,0.996647300470331,0.34607264281568373,True,False,"[0.3217501074735033, 0.34380343272861175, 95.90201481214845, -87.1646052842793, 181.70574899613678, 0.4158788682446224, 0.6759173034289329, 82.77929458089592, -20.816781367704976, 301.48397219409657]"
3.029035915357609,11.647618913705685,0.9811350321542414,0.6200785966353384,True,False,"[0.2477095229026981, 0.3660365439640484, 92.37368969629286, -85.09455086108514, 182.46690118382125, 0.46612839861493055, 0.7403117536813765, 79.75896429257656, -21.51921835845425, 301.9749108531973]"
3.013890735780821,11.707163054968696,0.9804373127751724,0.645786733637576,True,False,"[0.20579372645958463, 0.3590429475118581, 94.95813294177748, -84.59535924461191, 179.73805323551807, 0.4747142725610128, 0.6661581720867613, 80.55389221114064, -26.535403117825062, 298.7932753543814]"
2.998821282101917,11.635562147865485,1.0,0.08095273980062578,True,False,"[0.22584739050844746, 0.29089076872469044, 97.96378751629841, -86.82705027702977, 182.42252784089501, 0.43116098114730117, 0.6402806166510606, 84.1417191644916, -19.10812520524084, 302.7081766559141]"
2.9838271756914074,11.904341849382021,0.9138591304784203,0.8301795126582219,True,False,"[0.16260215286201132, 0.3620131239497295, 98.28510300935923, -92.11130830782486, 185.29609422530382, 0.43722767561738685, 0.5710872957664933, 83.03606002155732, -21.717117674974894, 301.7132344336551]"
2.9689080398129506,11.831973014276539,1.0,0.5429322777557289,True,False,"[0.2119821804870745, 0.3477959481181565, 100.03663224614641, -94.47865082321205, 182.24246427102835, 0.5001761732808269, 0.5462616377587703, 85.64391908070633, -18.242530298879842, 300.2814385019507]"
2.954063499613886,11.990036027510275,0.947899325721208,0.27142637197803954,True,False,"[0.2494111164197148, 0.4272476108467321, 102.2081680721153, -99.067181627624, 180.99716075491, 0.5340187593753801, 0.5473414005733197, 88.05187980121785, -25.069365744017674, 303.5496369271365]"
2.9392931821158164,11.739287969611421,1.0,0.542369881668895,True,False,"[0.29717702245555505, 0.4330736088677259, 105.52165851806244, -92.45460562932338, 180.20994077344662, 0.5937612998434405, 0.5995802966485273, 87.00059661046885, -28.800786853742373, 300.4294692833394]"
2.924596716205237,11.611509914860711,1.0,0.9291516701999989,True,False,"[0.3509555531735644, 0.3838847922644435, 107.81028671509908, -96.20179104165237, 181.66710341085837, 0.5203030746421295, 0.6254865998015025, 89.10317992924476, -33.63626132026151, 296.43101809680894]"
2.909973732624211,11.692015251812064,0.9727138660723958,0.18474300253591525,True,False,"[0.3251978870333893, 0.39791610941194744, 110.56711757663636, -100.63951630131466, 178.2878971608252, 0.48743655775073874, 0.5917754652208154, 91.52195427488199, -34.70119508276977, 298.7908904661888]"
2.89542386396109,11.556949620282865,1.0,0.6877767704711819,True,False,"[0.3858946848216809, 0.4318147609734927, 113.1800024970603, -100.06893317429261, 176.38815859941155, 0.4992244368164075, 0.6441579476835053, 88.16552254527616, -30.588706650650604, 299.5810747963567]"
2.8809467446412844,11.443300937435827,1.0,0.7625627247866081,True,False,"[0.4193326611498785, 0.4217570309169806, 110.81472693658831, -92.97327224298756, 176.02449726663468, 0.46356961003115627, 0.6166986641576403, 91.68767810520158, -33.492639094933104, 297.4755086170074]"
2.866542010918078,11.402459340023267,1.0,0.2634192984346688,True,False,"[0.45793434011154516, 0.4736630589508677, 112.40417351723043, -86.15175367430328, 175.4359051827507, 0.5129514698177225, 0.6766964629054927, 91.97956376405098, -28.27935268334138, 298.74977334166897]"
2.8522093008634877,11.43856828591194,0.9874198089464198,0.5394071922392807,True,False,"[0.43727527611099004, 0.460467115132644, 112.03682052319557, -84.35253418857448, 176.06223290835234, 0.5345679900010927, 0.6827908127959637, 93.68795814493615, -34.588382452326464, 297.02881783845964]"
2.83794825435917,11.477861303210554,0.986249836950567,0.894836287318294,True,False,"[0.4349628970639128, 0.5139102386098595, 112.88714276719732, -77.19616526134239, 175.20330489308023, 0.5715126598221082, 0.688115079824779, 90.19648494106963, -30.457482467074083, 299.0735117353099]"
2.823758513087374,11.384659793293618,1.0,0.5398172487191785,True,False,"[0.47363624033997187, 0.5568562207679045, 110.9369940873512, -81.33791410394812, 174.41659109426826, 0.5508140129793165, 0.7632949521027756, 90.31479516955663, -37.0045758785419, 297.91874335642575]"
2.8096397205219374,11.477968535309282,0.9673351888746796,0.14671384323109682,True,False,"[0.45189145133507613, 0.497577512411295, 108.81368933156618, -83.26351262367811, 176.98146416168976, 0.5950106743333139, 0.7303648054575169, 89.51911918845991, -30.476389996899222, 298.9464741308237]"
2.7955915219193277,11.456243491193499,1.0,0.7344449304322043,True,False,"[0.4563539365029101, 0.4864116821734147, 109.29553338139816, -82.80676478292538, 175.65056960611005, 0.5976152182526728, 0.7937262141714972, 86.20034830759806, -34.767473729006326, 295.5513244904785]"
2.781613564309731,11.409768610239114,1.0,0.687215144348092,True,False,"[0.513323437649895, 0.4931125388293149, 110.62675146410905, -87.09592351943273, 173.68235893142193, 0.541982180692116, 0.7419224278579308, 89.28531091688302, -29.496588714364933, 296.3064250117558]"
2.7677054964881824,11.46529412627695,0.9801379707365242,0.7054619073396415,True,False,"[0.5143132388951217, 0.45426338689863294, 107.73768608249685, -85.95236267404943, 171.3176091818067, 0.594804933309436, 0.7228459860805582, 87.85615109934655, -26.13610854342034, 293.66322710656493]"
2.7538669690057413,11.432522982240275,1.0,0.9546170821848605,True,False,"[0.5287874593139014, 0.42811759090588486, 105.16356220696451, -81.16331990548146, 171.9875348540937, 0.5212038823048921, 0.6659140277301472, 85.44085634810565, -32.89662157672184, 293.7959354150754]"
2.740097634160713,11.459845820018248,0.9900780671135646,0.5001015426395184,True,False,"[0.5399158481200078, 0.3816972467456317, 109.06264918871615, -85.49620028066997, 169.6463952720003, 0.4704136665634746, 0.6322434318758295, 86.49392259080615, -29.891696505814853, 290.0500429651315]"
2.7263971459899095,11.529933192267762,0.9746206542217614,0.8674786175255406,True,False,"[0.4631398731673361, 0.33169409284707585, 105.92558599394613, -92.97490075746214, 167.95191732159552, 0.4203223172069464, 0.6206423294427973, 89.9586962935223, -30.682031722460785, 292.04877382900105]"
2.71276516025996,11.55803127092259,0.9896957303679381,0.12531202321278856,True,False,"[0.4069205426431964, 0.28183090282568635, 104.27723845627904, -91.49389174523085, 166.72572994974792, 0.4328316915572928, 0.6636741643049416, 89.01682942031013, -25.99389760322616, 288.2092001628437]"
2.6992013344586603,11.574859626902068,0.9937848259614117,0.9997739987473215,False,False,"[0.3496370931227367, 0.2861012142013847, 107.56359816259152, -94.95131313753156, 167.85037599899957, 0.42359401291636944, 0.597806374033695, 89.31939834647028, -31.984676853355797, 287.18055518867254]"
2.685705327786367,11.52844444592909,1.0,0.6495418460374153,True,False,"[0.3979847556877804, 0.21700497186942908, 102.5196541957388, -84.09087458487411, 164.36819643994238, 0.48017265976285917, 0.6553495519435977, 87.53246935462556, -18.487206395227147, 291.8150923343]"
2.672276801147435,11.499289896934428,1.0,0.8306839792266164,True,False,"[0.3397503595876137, 0.21406681909873204, 103.05726025681322, -77.91756778800452, 166.52014748029256, 0.45552892182338917, 0.6389057431420925, 91.11624744868897, -19.62701378468192, 289.468843003435]"
2.658915417141698,11.477866330540541,1.0,0.009782101998895842,True,False,"[0.31511188604420526, 0.13962837457844685, 101.19172358531365, -80.49664275816836, 168.58696049098668, 0.45196176772985613, 0.6895646560850869, 92.6631607376429, -12.94141935772917, 292.7610145816802]"
2.6456208400559893,11.539079261899802,0.9771281640457115,0.5531677693957922,True,False,"[0.26530660031653447, 0.18456828657168145, 101.79272519109858, -82.61075428232682, 164.6574237781722, 0.39692250196954926, 0.695993497500163, 89.8436100689769, -15.427140784049726, 296.3919270235965]"
2.6323927358557095,11.543939333184863,0.9981554471297354,0.7395621915768559,True,False,"[0.2502364791709881, 0.19017744339562717, 103.26801912646116, -80.36903490344683, 161.63090635190144, 0.39526119340692617, 0.6489417243746233, 87.64999374141688, -18.67071882439099, 295.4751616761911]"
2.619230772176431,11.539912475674218,1.0,0.7470044505816569,True,False,"[0.20663497418881333, 0.23390388403661633, 105.88104189752093, -74.12778969826756, 158.1263805098632, 0.31635942439019493, 0.5936726436477903, 86.01215633540019, -21.04719695821803, 298.8037154184032]"
2.606134618315549,11.563753091935759,0.9908938309418129,0.5997049196345215,True,False,"[0.23583910280140696, 0.269825556889563, 107.56754106001696, -77.80453538099961, 158.83370537024572, 0.3813481958074511, 0.5708664402349312, 82.30029749860756, -28.36681242816801, 302.07245718058834]"
2.5931039452239713,11.58101914487493,0.9933636683691843,0.2953953689083565,True,False,"[0.283849443145298, 0.26153070965409914, 105.31941295678419, -85.16930488216748, 156.3762041041068, 0.3369833067381312, 0.5608269467588235, 78.81215914804145, -31.785160579783344, 305.8034292032348]"
2.5801384254978514,11.563843852969873,1.0,0.8114975726811665,True,False,"[0.3019232767489929, 0.32010989176571664, 106.85972656595314, -80.41058724317833, 159.02947644401408, 0.3981018099489333, 0.6221802910837694, 75.6178580431379, -35.388788296776006, 303.72113240353656]"
2.567237733370362,11.552343492046294,1.0,0.8918561054717538,True,False,"[0.3371160275286787, 0.2712668758173432, 104.68907806880794, -79.06103550580067, 162.6942424108816, 0.3695277482814561, 0.6095806966928838, 75.03368300514293, -37.10811954807256, 306.9580347235967]"
2.55440154470351,11.54295819715911,1.0,0.0757194856467941,True,False,"[0.3593206905296633, 0.20654170880908662, 107.49202803447778, -82.86241165370633, 159.9390466568688, 0.35837994520430305, 0.5819448329066067, 77.1702951170405, -29.877798854352328, 308.50679607318193]"
2.541629536979993,11.525679386735078,1.0,0.08931332169033601,True,False,"[0.3408989448998674, 0.1353993397455067, 109.9722346593364, -87.04287792716471, 157.47147405625645, 0.3981845642957787, 0.6364998683204321, 78.80117442462884, -31.271927562302736, 306.95377993923813]"
2.528921389295093,11.58021563220344,0.9786658405621432,0.9164162309938152,True,False,"[0.3081818210248621, 0.18175952674808005, 107.92556034830535, -87.49847790896895, 153.86838467716154, 0.3920532993673751, 0.6432295521441302, 77.30600604775785, -23.852285033313834, 308.7002590571819]"
2.5162767823486174,11.607306514519493,0.9892914917941903,0.5868628708690335,True,False,"[0.3467198025702295, 0.18595413831258156, 111.85543670539272, -94.21162105336232, 150.8287246956597, 0.3776727074605405, 0.6304411300502689, 74.73670770958373, -19.720463071419932, 312.39107843031974]"
2.503695398436874,11.579812194387468,1.0,0.6360339900590393,True,False,"[0.37364409964667955, 0.24550801457113164, 110.39299119427749, -87.39486793235272, 150.89206736966554, 0.3834187706761637, 0.6871821965003722, 71.27299550823925, -12.02941034581988, 311.1534849520858]"
2.4911769214446897,11.60980237431485,0.9880336147061979,0.4515685816097399,True,False,"[0.3920745996818707, 0.1987902123681605, 108.91094660152547, -92.67576459500846, 150.09017643377211, 0.4081590090460333, 0.6612783468118245, 72.45524851370945, -6.251333971269881, 309.26964844019386]"
2.478721036837466,11.598137594926243,1.0,0.5992352491396061,True,False,"[0.43918167622031035, 0.2652098394227159, 109.08380474801174, -91.8532197366688, 151.16571439493123, 0.3894734289435422, 0.6135149379106398, 72.11596073399194, -7.781386159895716, 312.16577086109703]"
2.4663274316532786,11.656251558759521,0.9767124831866355,0.25063656323272154,True,False,"[0.393030837596198, 0.27903923426582183, 108.37073461381384, -96.36340907877707, 152.15923218741202, 0.4110705540273813, 0.6451027239035529, 70.24430456898463, -11.784328879603057, 311.4070630428859]"
2.4539957944950124,11.67923738356486,0.9906770379961999,0.21146051075651306,True,False,"[0.3186923501292176, 0.25743039830848524, 111.40920280744722, -95.59551589359529, 150.33055738525636, 0.4448064955712345, 0.5938769880950655, 68.98680838655713, -15.534668129029274, 315.2349323597653]"
2.4417258155225374,11.6631833557614,1.0,0.8254668423051611,True,False,"[0.28364775522274716, 0.2726813376116999, 110.66793081894538, -89.10834262935239, 150.10486734966221, 0.4450919671959785, 0.63282635957486, 66.47768053004998, -23.45694360790931, 316.19553245906883]"
2.4295171864449245,11.681698232738956,0.9924081596052157,0.5764733396341029,True,False,"[0.2884124011713053, 0.3042636523828069, 113.88370216986519, -86.66316584302523, 148.64021737004862, 0.4896712115457799, 0.6085018650259844, 63.014538581932484, -27.831818801058514, 316.95679870206806]"
2.4173696005127,11.69621689614591,0.9940120239835168,0.49620470998365285,True,False,"[0.2230459052860682, 0.3232507024253072, 117.09717921466174, -84.62077116998695, 151.11412370463123, 0.43519712184809634, 0.5900937978139085, 64.2351554714873, -32.5393144527452, 320.7893665808212]"
2.4052827525101366,11.649446054331467,1.0,0.1867844759452092,True,False,"[0.18355160816841964, 0.3137614551908406, 117.58802260570195, -79.84417208966431, 152.17202148658913, 0.41518852301031844, 0.6644019540364715, 63.20235551399831, -32.033721292948485, 320.7168740780294]"
2.393256338747586,11.701319047047875,0.9785585576134204,0.8760204889908717,True,False,"[0.24453820352174144, 0.38963584811840896, 118.86789652428169, -82.8042196425675, 154.6545150860813, 0.4732938690026071, 0.6322757360384383, 60.20249322867742, -31.64727428698334, 317.8979145017385]"
2.381290057053848,11.648587323673066,1.0,0.06902259371564379,True,False,"[0.1646612411150623, 0.3440044462912795, 118.42842111210875, -79.44902132393186, 154.38328518687317, 0.502108631691579, 0.7009059143343619, 63.01989917207213, -30.36711486313318, 320.75989637953404]"
2.369383606768579,11.705462997402972,0.9762813968541603,0.7810894356307777,True,False,"[0.16011737576299606, 0.33366705077682624, 116.19550018959494, -82.21729313985718, 152.38076456045317, 0.5153893683286469, 0.67790857523965, 63.43217790310978, -33.73880132403638, 323.98963764081344]"
2.357536688734736,11.637852809076465,1.0,0.5521012360706767,True,False,"[0.23275785530346005, 0.30086713248831476, 116.56884118097436, -85.98299044233949, 151.51785463080313, 0.4813838723653613, 0.7208834522697648, 63.98539891331956, -40.96533028187387, 324.8011375869263]"
2.3457490052910623,11.642755979169088,0.9979119465647589,0.5878018741963462,True,False,"[0.15951705521636594, 0.3337347099126383, 116.72581534634563, -80.16861522980084, 155.43080838004698, 0.544236828232469, 0.7800379084666631, 60.717199119438405, -44.42251195635032, 325.92996728723693]"
2.334020260264607,11.69359500214806,0.9784537688510714,0.9391594114747519,True,False,"[0.14695610849075674, 0.2624284872797637, 114.5425735173471, -81.99932805621361, 157.1572895508033, 0.549666172130505, 0.7722731972546634, 59.14794623549858, -50.13740883805069, 329.13789415301005]"
2.322350158963284,11.649688796363641,1.0,0.7742910050231433,True,False,"[0.14579827792811065, 0.315402455985738, 111.15109039484227, -78.1682502028219, 160.79295088069713, 0.5757949695840959, 0.8079931566206848, 62.942856246800275, -48.64716602924156, 330.54750883292735]"
2.3107384081684677,11.67474305827973,0.9892160334791482,0.7758107940554616,True,False,"[0.1790902344659748, 0.3158289553850061, 112.04308664527261, -80.92575658193148, 164.08923020091254, 0.6057622435767541, 0.7298637302648588, 66.47248397159231, -54.36412774751855, 328.59856109806793]"
2.299184716127625,11.674224457357735,1.0,0.2816209466000481,True,False,"[0.20888628754044536, 0.33259114966760905, 112.60940997124594, -83.47978456468917, 160.9496288331833, 0.5317175659076754, 0.710394452075992, 66.99887346688145, -57.02748256114376, 325.7863436508819]"
2.287688792546987,11.713357880198908,0.9830393830980628,0.8902936493642317,True,False,"[0.19636553218212954, 0.3631591409736376, 110.79510889996362, -85.5657217278624, 159.1965879479417, 0.5951106716866693, 0.7625475251065518, 63.43508619485671, -51.75277810064531, 327.6095074065513]"
2.276250348584252,11.675625985064194,1.0,0.12678257726325182,True,False,"[0.2259083336461126, 0.3371312304973111, 109.47375874128797, -91.40581678811957, 158.94643160200013, 0.5309444867281035, 0.7913499689602859, 66.83920123252852, -48.72631269037914, 328.5495239611457]"
2.2648690968413305,11.783973004861059,0.9532881180518038,0.68151294788861,True,False,"[0.16825510529482712, 0.37256313863472534, 108.24104188416449, -84.59023021895942, 156.2265857862836, 0.5668578695508714, 0.7294756500446967, 63.00761571428487, -49.75263153381515, 330.1610472713137]"
2.253544751357124,11.604376142376065,1.0,0.7592191493601512,True,False,"[0.20726089095060585, 0.29425187197576175, 109.53456488106427, -76.72074178513228, 159.55759445451264, 0.5385428658978118, 0.7872196408101743, 60.67384165289618, -45.65780128098446, 329.85915566601017]"
2.242277027600338,11.54233618849062,1.0,0.12584974899906098,True,False,"[0.17085506676310688, 0.2711499607866267, 110.44839580847986, -76.44694435811203, 161.7577399506497, 0.5142871118096679, 0.8398897266714704, 63.65602584941578, -43.546769241348784, 333.59186955368233]"
2.2310656424623363,11.567194165618222,0.988920088749607,0.02993962340918188,True,False,"[0.24339154286156284, 0.31039395069728276, 107.48811054721446, -72.03074350663609, 158.00022418141205, 0.4881183845260903, 0.7900809961051494, 61.68297105821707, -44.714024352596816, 333.59269926993585]"
2.2199103142500247,11.579604830101513,0.9944249831456567,0.874993711127521,True,False,"[0.22861024884995418, 0.29345093797220845, 108.00731542827616, -70.95001334812848, 160.24734430112323, 0.5657394001127817, 0.7512740260538433, 64.26198231457555, -38.5729631759214, 331.28462661031307]"
2.2088107626787745,11.540850943067099,1.0,0.6624512185398759,True,False,"[0.17843807641772408, 0.34443683021297566, 111.60929487253756, -65.96893653369887, 162.1423497492285, 0.5944753755237336, 0.8042792411449348, 65.1368343822989, -31.820152324007417, 332.4599167356009]"
2.1977667088653807,11.571845352098208,0.9859962931870352,0.11511843832419655,True,False,"[0.2390471184446638, 0.3398427658816804, 114.60764788925265, -71.97024432410427, 163.60351326297467, 0.5761518848640759, 0.736751934819813, 61.85138380280708, -27.580948974426786, 330.5209073753774]"
2.1867778753210536,11.580158031086919,0.9962058792356516,0.14930585555452247,True,False,"[0.2374712302571855, 0.40917555018696505, 117.16051948575225, -74.79568187029695, 167.34763827994803, 0.6423230402403182, 0.7925222174807542, 62.33706935069955, -25.138203244431118, 332.6541419807977]"
2.1758439859444483,11.627362410233147,0.9785388939348411,0.9510152743664482,True,False,"[0.16791186923850798, 0.42294547710048824, 120.96175318978045, -74.06802111331498, 167.02328980531618, 0.6967167431397652, 0.8617246235503472, 64.2180806306697, -27.763909287272025, 332.6459394949925]"
2.164964766014726,11.50398378595165,1.0,0.004485591061892946,True,False,"[0.17804911041964214, 0.44330277084018943, 120.90973670371375, -67.60883049620861, 163.91680240807864, 0.620649158214914, 0.8618574218565171, 65.65356599112229, -34.34281738570263, 336.20151478588934]"
2.1541399421846528,11.516726407966456,0.9941020511010471,0.43409333716562093,True,False,"[0.249912009955375, 0.46434405693004976, 121.87676652451292, -71.21197565049313, 160.48853114011098, 0.5641777627476157, 0.7993742800220696, 63.29840479878151, -33.06029292760453, 334.59659139448763]"
2.1433692424737294,11.584200723319965,0.969009861041612,0.23719856191044508,True,False,"[0.21676795772749086, 0.5111710257546824, 122.05120385872222, -74.41827759687261, 163.03800353660387, 0.4869726644067102, 0.7823686471920125, 60.471400230113304, -38.72126530851384, 336.3625297428427]"
2.132652396261361,11.623071209992926,0.9819387372309275,0.612364053691188,True,False,"[0.2321962005857124, 0.45832221558240477, 122.23299269642213, -76.16781977665568, 160.98283509652924, 0.49755970195224664, 0.7100646938123002, 62.37212483872689, -41.453279056811894, 339.4622665490657]"
2.121989134280054,11.641706691413347,0.9912563683850902,0.320006554844533,True,False,"[0.26158251729094406, 0.514833070076291, 123.12952539462992, -75.53888129451134, 157.5695201601278, 0.5501999275278315, 0.7216037800362257, 64.0199967463064, -46.269335326599204, 338.0972495090814]"
2.1113791886086535,11.585013264254464,1.0,0.06091345043971863,True,False,"[0.20266795852589858, 0.4715915430364973, 119.29209467735859, -69.94909234264892, 155.19029294002598, 0.5374200493882448, 0.7639835616856627, 64.26102864597752, -45.02218998715618, 336.0673935822994]"
2.1008222926656104,11.661501902865743,0.964245928183333,0.9219295038117952,True,False,"[0.18973603757588592, 0.508899646753534, 118.86370557802826, -64.0133784991807, 157.83020536560707, 0.46978714303788804, 0.7163305326795977, 64.59730326592387, -52.134841571357114, 336.3233707786826]"
2.0903181812022824,11.782315243608299,0.9438418796425206,0.5288480891863228,True,False,"[0.2176197145152997, 0.47364722695094325, 114.9227816708873, -70.06992322028448, 161.67022921487066, 0.4932207841998262, 0.6490951672684075, 61.06876011588535, -54.84017321606989, 333.41163699167794]"
2.079866590296271,11.802012150998351,0.990574427393718,0.4548794835274591,True,False,"[0.2443090307367068, 0.45347777463177885, 113.45948805639819, -62.608804521866524, 159.04920250623476, 0.5574887856368201, 0.5988973895194012, 57.603846308196154, -53.73952133413985, 337.399294095612]"
2.0694672573447894,11.791735688194098,1.0,0.9034517586130725,True,False,"[0.27844232320289813, 0.4873919034116967, 110.74503852250233, -55.42386662242879, 160.7138176789843, 0.5204592800577255, 0.6437092742624907, 54.80843175429028, -47.310651400072004, 334.04069834451303]"
2.0591199210580653,11.685469456576648,1.0,0.2999877804259842,True,False,"[0.2638086612616, 0.4240237186101714, 112.34090770976833, -50.47552468911041, 158.62915904656646, 0.4556645303704838, 0.5983464331066554, 58.754539467691416, -44.300474424030014, 334.23782132331195]"
2.048824321452775,11.604544695993875,1.0,0.9268369322222088,True,False,"[0.32598616659089963, 0.4116478538762854, 111.74287158555443, -49.80100748369092, 161.26508900144407, 0.46709455798171434, 0.5720772868050019, 61.351474411080915, -39.42902810281253, 331.39341844916464]"
2.038580199845511,11.676106987435613,0.9655050117269732,0.05570835654824269,True,False,"[0.2747990800405333, 0.47590163077091097, 112.42786027658985, -55.81408634915007, 160.42549330583273, 0.5162661004342363, 0.6199667708654074, 65.30755212356593, -32.166036891683284, 332.37836555718707]"
2.028387298846283,11.631927487311241,1.0,0.786129982818557,True,False,"[0.29768384407750526, 0.4241968078882491, 108.78128008291303, -62.65597281524377, 162.35556432899838, 0.5773229286299802, 0.6112063375088467, 68.85357315389138, -32.6895736986003, 331.0976793251502]"
2.0182453623520518,11.758235661782663,0.9393349435218781,0.379228667435073,True,False,"[0.327509713383901, 0.4388018696789703, 112.48466998739971, -67.39292004000633, 166.1177912911262, 0.5917104576124185, 0.5442277211101504, 66.95709668955678, -31.405968934941445, 327.46245824978536]"
2.0081541355402917,11.790798119340572,0.9839156386923968,0.411950668758726,True,False,"[0.38444669511685026, 0.5061882521569032, 112.5661260666833, -68.17561176266072, 169.958057156639, 0.6704867447714763, 0.5541976299523941, 63.23796088331783, -30.049352582517315, 324.32444439352196]"
1.9981133648625902,11.673821879756426,1.0,0.45407277310190597,True,False,"[0.34807993349577854, 0.4457446298288532, 108.94875076275466, -60.37671769186879, 173.78610345824106, 0.591611281186394, 0.5841329666336963, 67.09999727912003, -26.108269401881305, 324.69051392015285]"
1.9881227980382772,11.671705973378039,1.0,0.39521287509773806,True,False,"[0.29208097543294786, 0.5033338935900226, 110.91246878249562, -61.58215005692709, 170.58461834526432, 0.6066103058110605, 0.5213892322387574, 70.65649547683283, -25.356346274950646, 324.06059488822314]"
1.9781821840480858,11.631232867857745,1.0,0.33829892232605174,True,False,"[0.30391056215362566, 0.5584734500060876, 107.8321913505371, -55.73995332679606, 170.71214631705755, 0.6788069574038028, 0.5270961734444133, 70.08621645096822, -28.81949556410597, 321.6164821966953]"
1.9682912731278452,11.61506363383672,1.0,0.2803965737780876,True,False,"[0.2621504836289925, 0.6337635910271416, 106.14911585016988, -55.01332751051711, 167.3850488441063, 0.7457026139752897, 0.509567696467928, 73.28899444507232, -33.20527011916328, 324.8377309890998]"
1.958449816762206,11.60547169667295,1.0,0.6665847437222833,True,False,"[0.22318639317827327, 0.6202111074568736, 106.37856924985786, -49.26856625350432, 170.2765678752715, 0.7030498398906291, 0.46901954303307336, 71.67652945295917, -25.816713774411213, 324.69730258169375]"
1.948657567678395,11.6088879811769,0.9982483881805757,0.09831508986274673,True,False,"[0.19997977678921602, 0.5784005735675528, 106.26297199515665, -46.04058879184789, 174.03863116463074, 0.7058170617856331, 0.4793989499344198, 72.87419647434577, -31.009196118818554, 324.8751972308679]"
1.938914279840003,11.625295184175961,0.9915736455073327,0.026100582884829415,True,False,"[0.1385362656945644, 0.511509970572332, 108.44544697864227, -44.48421813768546, 171.67489210375726, 0.680579553122807, 0.5009503770881404, 76.06154711248647, -34.89554629808789, 324.82850632621376]"
1.929219708440803,11.634028777970366,0.9954832230734808,0.31739625306177377,True,False,"[0.1561823323496158, 0.5039170282833334, 107.62676942568679, -51.04925478433138, 172.01863741072395, 0.6057714718142292, 0.4712576226703745, 76.98327438967023, -41.63105164683082, 325.434911175658]"
1.919573609898599,11.638561725925586,0.9976413511772994,0.2590741119414339,True,False,"[0.21899689262050415, 0.49867641342363567, 105.20419085690011, -55.94665855885898, 174.03094064189494, 0.5382709203513608, 0.42293558082067, 78.63944257131214, -48.489407973190474, 321.74283910411873]"
1.909975741849106,11.624736111613839,1.0,0.2986622156609413,True,False,"[0.20927933014725958, 0.47892538479183955, 108.2370834322619, -50.99664334141938, 171.04230409463588, 0.5536596025729353, 0.41163868050297403, 78.48957028737368, -52.648464808753985, 325.33795759130726]"
1.9004258631398603,11.681717400226194,0.9704616125473048,0.9489264802255004,True,False,"[0.14370253851585554, 0.5437692466356909, 109.91575703214875, -55.59981426119377, 169.27089179668477, 0.49548597783282544, 0.4695582312877452, 77.31403032098052, -48.48639263243647, 324.70212275732257]"
1.890923733824161,11.606726673220123,1.0,0.3247692061959594,True,False,"[0.16974386548960008, 0.6129907408188554, 110.89889415313314, -49.022570055317345, 167.16760841994218, 0.43361467159039613, 0.434919154214337, 77.59127255960581, -56.093769158655775, 325.79479580582154]"
1.88146911515504,11.600148364149206,1.0,0.24988684813582007,True,False,"[0.20423023296145293, 0.6605177694945218, 111.8828831911613, -51.610184718158465, 163.23174368550048, 0.4413722141769731, 0.49537661711134134, 76.46143367570133, -60.51040539801606, 328.29568773680234]"
1.8720617695792647,11.570189441695536,1.0,0.18898249309903947,True,False,"[0.22295019997702803, 0.7087580197047515, 110.95587851659438, -45.50887012700259, 166.51931461792512, 0.4997725131370712, 0.44214064968544, 74.84104424848927, -55.45268206123415, 325.71270117815374]"
1.8627014607313683,11.502764119522823,1.0,0.9991264128424353,True,False,"[0.2919830939179483, 0.7386075442529406, 110.547364683971, -43.78537778693361, 162.6613115323813, 0.48288255093254145, 0.38238618103710215, 76.7343048974068, -51.262864312976326, 325.71365620406925]"
1.8533879534277116,11.557400856997457,0.9709508933564271,0.8956374291599575,True,False,"[0.21806577342335307, 0.7247549005587675, 107.11471287515127, -37.27172559992739, 161.41178208102082, 0.512600102633625, 0.3557717304079599, 77.00994446818112, -49.85365519750746, 322.41962202789074]"
1.844121013660573,11.611168961735178,0.9712644547399841,0.761182876016251,True,False,"[0.15813764891972304, 0.7062005812131872, 104.04416789549644, -32.39022246244001, 159.32983272770122, 0.47205082098077067, 0.3820312706188239, 77.92405380734249, -54.455752445263805, 323.5472712264461]"
1.8349004085922702,11.565646945622937,1.0,0.0794768335388053,True,False,"[0.2298559371867781, 0.7546091676227179, 107.0918670598009, -34.42785937894893, 161.5010771013008, 0.5141069093745452, 0.3754724831766787, 76.2718878798768, -58.463397163230596, 325.7226872536014]"
1.8257259065493088,11.522639969344443,1.0,0.7459461681095052,True,False,"[0.23796036464952675, 0.7187925842581089, 106.48871507378792, -28.029964315831627, 159.08528143653305, 0.437610096403935, 0.4221548246679578, 78.92809192140159, -57.91007199824661, 324.6629831022246]"
1.8165972770165622,11.555450295653614,0.9821007099244827,0.31721730253222036,True,False,"[0.17468517417315535, 0.6779758408972961, 104.40454935870149, -30.4121624030913, 157.17548218041756, 0.40612085201428116, 0.40012334573632347, 82.4524717639779, -53.697068242106354, 326.626158928088]"
1.8075142906314794,11.588457424148292,0.9819046620048366,0.4239780261500018,True,False,"[0.16862724707409174, 0.7339647365428201, 107.55058904399651, -36.97238919111793, 157.33404680407673, 0.40653328099336083, 0.33279993180521505, 79.6175704726193, -56.06990019742485, 330.113445230943]"
1.798476719178322,11.522041392899558,1.0,0.9643086383178321,True,False,"[0.23257818835547295, 0.7272718441862485, 104.44209063942995, -37.66010872393957, 156.9928081594685, 0.3584536541526426, 0.3530459608388618, 82.2019456159495, -52.70978947185427, 332.7330416277266]"
1.7894843355824304,11.468319807460638,1.0,0.3645622447395752,True,False,"[0.28713590173919207, 0.6602893632195527, 101.92079336791149, -39.367421582443306, 159.41935694338113, 0.40621037907658225, 0.4145438866481008, 82.67575296540474, -52.573072884428456, 329.53135666775745]"
1.7805369139045182,11.422044157861386,1.0,0.19244770292309255,True,False,"[0.32790087743175245, 0.6648396253068912, 104.02492551822009, -33.19612760295521, 158.04363014614262, 0.4175396471543791, 0.45521835314847486, 80.44739861362821, -48.411879125955565, 329.20077110063215]"
1.7716342293349956,11.383442941223127,1.0,0.5587111043964194,True,False,"[0.3263737250480515, 0.7206829892962824, 107.40707719152503, -33.56028935823488, 161.2333174284685, 0.3600143267077953, 0.5221871393420853, 82.69077119382571, -52.14716955788858, 332.88457885101496]"
1.7627760581883205,11.362810186096333,1.0,0.2712134076272499,True,False,"[0.3990391947447274, 0.74546137072621, 107.040635716404, -31.070630429705012, 163.50708118014876, 0.3836243639372515, 0.5085756147149103, 83.65714259925255, -45.655429993546655, 329.2838483364517]"
1.7539621778973788,11.350497960845114,1.0,0.2904885225125622,True,False,"[0.42621622557896643, 0.799621059122286, 107.86528132083336, -36.20545894150447, 164.24500154873238, 0.45368390004135367, 0.51234985384672, 84.90561034424948, -52.46575949422565, 331.09899621330607]"
1.745192367007892,11.337560634301354,1.0,0.089891802998471,True,False,"[0.46934472601074245, 0.8784021757321884, 103.89907188870647, -39.2567510758549, 162.22302100656725, 0.40092853819477176, 0.46003180047625863, 85.34695541159837, -58.619315035610086, 328.0075720035466]"
1.7364664051728524,11.418957144910328,0.9542068594702948,0.20517654128293183,True,False,"[0.4169253299940296, 0.7985934390594429, 106.36329689227493, -41.72792020529954, 158.7088751984968, 0.32862698131672274, 0.4178988588004289, 86.62658838300882, -63.41302614739209, 326.3234899426258]"
1.7277840731469882,11.429487137689051,0.9939240264629666,0.5788539249115159,True,False,"[0.40301453888015176, 0.8493214718197127, 104.12247908288062, -39.211630409593475, 155.49042437252115, 0.2919557722251449, 0.3420498673248308, 86.60630815235659, -68.9761969235709, 324.34542599489856]"
1.7191451527812533,11.46329663209475,0.9805256661392447,0.6411393071785753,True,False,"[0.3418902685839704, 0.8078997373690968, 107.92553837163248, -33.77175808269263, 157.38606491592657, 0.25607055250467314, 0.315519523202172, 86.2618113277814, -61.50882589561059, 326.98182557501354]"
1.7105494270173471,11.433140532806659,1.0,0.2796781324672174,True,False,"[0.3522031387158371, 0.879124555317863, 110.76361179494792, -31.11588035309125, 154.9122247135551, 0.29294206050429716, 0.2783621522491925, 88.39237125194778, -63.632390941099025, 323.0591095723713]"
1.7019966798822603,11.543205809975534,0.9373783152756398,0.9540695287669024,False,False,"[0.2807951197321209, 0.8650900463388385, 110.27703255239932, -37.279299347174714, 156.5718241307802, 0.2704704870361814, 0.22249938259174623, 88.05383095890753, -67.6035623408343, 323.2373718131478]"
1.693486696482849,11.381497375564699,1.0,0.32220603502740985,True,False,"[0.38502558370453316, 0.8764907943714108, 114.01199720714551, -30.513569420726164, 156.64871557763223, 0.2591347168450007, 0.22497268078854743, 91.31653788002254, -63.99104278372579, 324.12506220352674]"
1.6850192630004348,11.341624237076097,1.0,0.5586161315093445,True,False,"[0.43828546784043165, 0.8310128477715224, 112.67019573465637, -25.912805396774818, 153.00281905634745, 0.27568449931494554, 0.16050657578793204, 92.906134287765, -56.36273854601702, 326.87080335383564]"
1.6765941666854327,11.391893296667146,0.9704621836736319,0.8390364575405682,True,False,"[0.3959343770420605, 0.8058237279742612, 113.86419387571465, -27.41285705776177, 151.6289491406578, 0.2578654909655963, 0.19709409483125792, 89.72752178588696, -58.59911455227978, 328.3533896562241]"
1.6682111958520056,11.361886242078288,1.0,0.6363838546514341,True,False,"[0.4584997676514504, 0.736559017137884, 114.54551542178729, -30.15247171877655, 150.64973698414755, 0.29860671212207224, 0.11997191886386233, 92.63007591223915, -54.648294923564066, 325.25173688821934]"
1.6598701398727456,11.401936900236276,0.9761599819438216,0.43301342928878916,True,False,"[0.40033599381729523, 0.6768747495931707, 114.17319267017393, -36.42372127837259, 151.4802991982483, 0.2747532828574011, 0.1734456989861627, 93.6146696784374, -48.56548776306391, 325.4264323453205]"
1.6515707891733817,11.369031964898317,1.0,0.21010511669851406,True,False,"[0.4405987257723336, 0.7565176254349973, 117.20927194344662, -36.71875992339845, 152.02614986167237, 0.25498764765763127, 0.2115366304329936, 95.98665476296978, -44.981871765556576, 321.51615623351927]"
1.6433129352275149,11.347827971241017,1.0,0.42133943047819955,True,False,"[0.49571598398730754, 0.7795596039063851, 114.60532920146572, -32.77745286679796, 155.00937513776694, 0.23791469043683267, 0.16217690769012139, 98.01130426338439, -52.44559148567851, 319.34190916926144]"
1.6350963705513772,11.362474609715802,0.9910823396318819,0.8276827587564038,True,False,"[0.4967216575107784, 0.7329768863086447, 114.86294695878287, -26.685144492526675, 158.57548854909194, 0.28264712146285687, 0.18178266579294158, 100.25336055396073, -59.40545591035296, 315.8497077298733]"
1.6269208886986204,11.339764769954122,1.0,0.6114329251265526,True,False,"[0.5107731718458891, 0.7609848610035252, 114.99370094484344, -24.8070761282905, 158.03798158851748, 0.3059926735139797, 0.14915973922969394, 100.0102152311677, -56.6957503136, 312.5084223793762]"
1.6187862842551273,11.39255084928438,0.9679174927905154,0.24689136575846815,True,False,"[0.47653702635502365, 0.696291172297463, 111.30265562630706, -23.770214599396457, 158.85642081136407, 0.2579090631109933, 0.20878325607681408, 97.08174820560136, -57.143216140801776, 312.1467386792081]"
1.6106923528338517,11.411164573993062,0.9885101680464039,0.6227775079036122,True,False,"[0.41415991998291674, 0.7645658852912222, 111.90409367528451, -23.77443535846064, 159.742714244101, 0.21143952730889715, 0.25280065082253017, 93.17070970019459, -63.4030816325173, 309.843180322485]"
1.6026388910696825,11.452212953475078,0.974712236606892,0.8571997592201096,True,False,"[0.45808315368877633, 0.6908881825571609, 112.79271846750319, -17.50956549219908, 163.57561948610243, 0.1740804198313465, 0.3071138940801493, 95.07961404794186, -70.11193614221496, 309.11649514817935]"
1.5946256966143342,11.539621516756274,0.9466607651154506,0.36222361416570026,True,False,"[0.3981706022896447, 0.6298862088574368, 113.55877529750124, -11.012739855490915, 166.70926211222752, 0.1352846423786446, 0.35183675942458376, 91.38074884728724, -65.9201594567174, 305.18836040121005]"
1.5866525681312624,11.487415498997155,1.0,0.11960123998882721,True,False,"[0.448557501232048, 0.5631820298186389, 117.09545030308168, -7.889237711104023, 167.13350309690998, 0.17541202725464478, 0.33012961792271955, 92.81196680385042, -62.12361405162203, 308.1784773886707]"
1.5787193052906061,11.500834064927346,0.9915363671453336,0.3286523879157096,True,False,"[0.49760931190163665, 0.6039282634860357, 115.34854870166477, -2.9968087032786173, 165.80235476543524, 0.16700892964854663, 0.38843210799455735, 90.58210483897273, -58.68632064773583, 309.7433896060215]"
1.570825708764153,11.4375216205569,1.0,0.7350863049427624,True,False,"[0.5496886743997902, 0.6290809740570917, 113.85993887695457, 3.8614466485862184, 165.84384940815696, 0.19990156001768167, 0.3107918587063373, 93.46194049551752, -51.066943789422126, 309.9569986522377]"
1.5629715802203323,11.552453750510441,0.9291042122435744,0.32893130423086914,True,False,"[0.5581571140882085, 0.5735024873226457, 110.57226658718507, 9.219982293278777, 163.84367225882903, 0.13328255712522746, 0.3555916495037909, 90.00052756223398, -58.49193824594149, 309.6507490144681]"
1.5551567223192306,11.496105008341024,1.0,0.10216026652977561,True,False,"[0.6036115897862201, 0.5552804202611464, 113.52787591248733, 6.060811064172739, 166.42495401188822, 0.17586875091748855, 0.4192276109465954, 93.72921192118302, -52.4312099389404, 307.5062748436392]"
1.5473809387076345,11.512127472016005,0.9896988543722868,0.08018189205273996,True,False,"[0.6827338224362439, 0.524632860334894, 117.50807507592182, 11.992865722722089, 168.64580833759763, 0.17662963588387975, 0.34111485802329333, 90.02658904118526, -59.60111537036167, 307.58888766857854]"
1.5396440340140962,11.507926134721313,1.0,0.38356097718402116,True,False,"[0.624423593126531, 0.5055723255222029, 117.3292630817794, 6.464783539512281, 168.8629771840555, 0.16623843462710686, 0.3334255543907503, 92.98569534710388, -62.79628206880595, 309.1660344394763]"
1.5319458138440258,11.493987404561878,1.0,0.8210493733591332,True,False,"[0.6668222886039523, 0.4624202821069692, 113.71003509056222, 12.108603924946536, 165.96637405547557, 0.23764597504002044, 0.3089327019635922, 91.93957084328763, -55.92936900912953, 312.0086678412781]"
1.5242860847748056,11.503311490756978,0.9939016523583135,0.9995134361921083,False,False,"[0.7107990585821786, 0.44867159760926134, 114.62538480607891, 6.723216195958699, 164.69918571825283, 0.1611205335563533, 0.2839055634135377, 95.60435995568098, -59.468723298102574, 313.6030717497058]"
1.5166646543509317,11.505334041386988,0.9925466064020959,0.6679588851452953,True,False,"[0.6239522195271365, 0.48971403059614393, 112.52375510782595, 19.95513094081994, 165.2921895986903, 0.17101398263349588, 0.2953829210619107, 93.61591491299993, -60.06120022635838, 312.07684157242255]"
1.509081331079177,11.49915880883226,1.0,0.7072666789549009,True,False,"[0.572648582806081, 0.4455389447376805, 109.44197253058417, 16.0995326037242, 161.35100590569175, 0.1890148391874677, 0.27217106595375007, 94.31650023203436, -56.13614262615921, 315.84198863221695]"
1.5015359244237811,11.487303910963194,1.0,0.2772863763337169,True,False,"[0.5826743385376809, 0.48711436578937517, 109.00229929169093, 19.257284679160872, 159.71996085984858, 0.2623394296866664, 0.27444431769866856, 92.19415914311486, -58.92799798845498, 316.4501220959457]"
1.4940282448016622,11.54557006755051,0.9617513174455675,0.5100042431878227,True,False,"[0.5415618953914594, 0.44093297603389553, 106.07432452790178, 16.416347856924602, 161.37474559533632, 0.23180446800992427, 0.3396350210359582, 94.09633607331341, -63.71649822755189, 318.3794653083793]"
1.4865581035776538,11.528283519695856,1.0,0.4581830639181249,True,False,"[0.6027668858650228, 0.3949089018147309, 108.09215996979754, 11.395424358635438, 160.90571909105572, 0.2853613405138494, 0.27446965826909, 91.83397437898084, -61.62899365129792, 317.1380886064591]"
1.4791253130597655,11.542233365607297,0.9906131883567398,0.16217335302245928,True,False,"[0.5536368432660055, 0.46565054832159525, 108.46109421012207, 12.679916030707679, 162.1565196700981, 0.2673585206578889, 0.35172948259190484, 93.88033624474845, -68.49428404126381, 320.24462142424176]"
1.4717296864944667,11.559558061943342,0.9882973583725781,0.4801036684640626,True,False,"[0.572655954276587, 0.3952038374795455, 110.1374808556501, 16.0012829336164, 164.31412378070158, 0.2333660196691728, 0.3651243388535464, 92.58359106815223, -68.33518928570611, 318.4076235389899]"
1.4643710380619943,11.512088824727154,1.0,0.47678645611460235,True,False,"[0.5614913090089104, 0.47476993107273036, 107.82205375813373, 10.219468702866163, 160.94309760476523, 0.3005330509417954, 0.2860967856368675, 88.99501998836504, -65.3614404026337, 316.960002493752]"
1.4570491828716843,11.484543766651875,1.0,0.3553239179083084,True,False,"[0.5100937904669856, 0.45252704926869636, 104.73616404916048, 14.385746129325822, 162.28257971088067, 0.29877306593810127, 0.2618945380472348, 91.52180269820768, -58.841651660775774, 318.77831051680585]"
1.4497639369573259,11.5147111154739,0.9794065462340542,0.711819854322828,True,False,"[0.4396639453554848, 0.43082885055935705, 100.9754427710471, 7.9219792235577255, 159.97239432969778, 0.2766510372146438, 0.27140024998834805, 89.28178682886178, -61.135796174782584, 316.4492229644966]"
1.4425151172725392,11.421546034754215,1.0,0.8008379445931918,True,False,"[0.377549508926103, 0.49963333267054316, 102.89549112107949, 9.12110181035487, 158.25155102708035, 0.3080915125978811, 0.20824575928247485, 90.0881860592534, -61.54313834069392, 312.46442095550816]"
1.4353025416861764,11.49520774104068,0.9499733196189203,0.20228316589271367,True,False,"[0.42629411708656323, 0.4208946662719195, 104.24055197574042, 2.036190746041001, 159.9869521984614, 0.23776983596175605, 0.20734439559863505, 88.45277533889487, -63.19736878204117, 308.61301898512835]"
1.4281260289777455,11.476952216206119,1.0,0.36543417236120257,True,False,"[0.4899145589443877, 0.4630366711560746, 100.88316970925383, 1.576122800290852, 161.42385307557313, 0.2171827147975957, 0.1283563969686708, 91.5843904971686, -70.39561366196084, 306.86062083028435]"
1.420985398832857,11.495685038192116,0.9869035349632602,0.6874744429682075,True,False,"[0.5515716435348043, 0.46650757395972214, 103.20110493713736, 0.3626691172577594, 158.09503518443688, 0.1520317678120236, 0.12090206446551044, 94.19346223276067, -67.37700863770125, 307.4223555331135]"
1.4138804718386926,11.463227549795079,1.0,0.3786187200626602,True,False,"[0.6099204612038673, 0.4475440016705523, 102.51760168192337, 0.6065672189528701, 155.96541926645463, 0.22802639101019812, 0.10450030922846246, 96.81268878439741, -74.17807284270728, 306.45572181514126]"
1.406811069479499,11.474000520633503,0.9923715217055982,0.1204678384400667,True,False,"[0.5917209319318756, 0.3914272154134553, 99.14265139782742, -2.2335922479071026, 153.6610539103177, 0.25763341762330144, 0.11505745604688797, 100.71505706963354, -77.11009223047665, 302.6647874154347]"
1.3997770141321015,11.460994001947494,1.0,0.4282979401920255,True,False,"[0.6006854448314646, 0.40462494628441165, 101.79208140974325, -3.4729554017627375, 156.5644216335824, 0.2783269899857257, 0.11591372030903581, 101.65978192375002, -79.3932504983438, 306.0428081345488]"
1.392778129061441,11.506820102629073,0.967632747540468,0.4778142515138576,True,False,"[0.6275335382340099, 0.4718918692370621, 99.4921544931152, -8.696869840735111, 158.95430715872806, 0.22815475426732007, 0.14537552406996057, 99.04593686088482, -83.97195906025922, 303.8521256395632]"
1.3858142384161338,11.517211949429868,0.9925293153328912,0.5881337891592195,True,False,"[0.6014352847291624, 0.49349745222063834, 100.37886643597292, -10.717124472942938, 155.0090893487237, 0.2376899797517516, 0.2109158113391616, 95.40343476241672, -76.42847690576203, 304.2871112646714]"
1.3788851672240532,11.484312286215689,1.0,0.8813819165746991,True,False,"[0.6466401704421951, 0.552997687090445, 97.36555675672574, -8.47247312713371, 158.2261059606948, 0.30902331241366177, 0.15544704966393091, 93.14583863641111, -72.43883109752673, 305.12507994405723]"
1.3719907413879329,11.465247384486865,1.0,0.03320105870666801,True,False,"[0.7141536362733519, 0.5012583826550889, 101.14632973468849, -10.313450728822856, 156.91392014760632, 0.2401691087894262, 0.08578928685864445, 96.01609389203499, -77.29664750360833, 302.4606244301858]"
1.3651307876809933,11.51857484081144,0.9616891680634012,0.3410393000253127,True,False,"[0.6587078230529448, 0.4797738329208067, 97.26630125429217, -11.877282148129023, 157.37284551954923, 0.2631783734536156, 0.14123737896838956, 95.2661882636841, -82.15596958110973, 299.954111491159]"
1.3583051337425882,11.515588108160337,1.0,0.9824538220554396,True,False,"[0.6484407385788801, 0.5237599716834374, 100.279965046019, -9.855417884891617, 160.18914371445294, 0.19052220098355588, 0.1073245897128475, 94.42677477693512, -86.68648408620783, 302.5372235755827]"
1.3515136080738752,11.513998841283662,1.0,0.12023112773000566,True,False,"[0.6514537994351437, 0.5801791661160955, 103.98209883695145, -10.191270591858965, 156.9624027635386, 0.17108985745676972, 0.159801960395906, 96.63446197751911, -81.67659966795675, 302.1716132420386]"
1.344756040033506,11.522586801949448,0.9936340895879903,0.16234320922013235,True,False,"[0.7235209584762402, 0.6596108744567049, 105.01252064247531, -11.987568675936034, 154.99255278378465, 0.19516565967275878, 0.22639886479661608, 94.4595741176885, -76.86614927572718, 301.50827775745756]"
1.3380322598333383,11.541334126331936,0.9860865834691078,0.9349107661434074,True,False,"[0.7246351149743528, 0.6747251985845484, 101.9008733835454, -15.113826283101334, 153.10428473680363, 0.15596692552947625, 0.156542626104136, 91.52382405573121, -73.13431901494047, 299.40089348558126]"
1.3313420985341715,11.451427373862689,1.0,0.20504327951075452,True,False,"[0.6769920727673419, 0.7217529062205487, 98.71810781526872, -13.372450554908237, 149.62561008523147, 0.20416166535519542, 0.09372936131136046, 92.67620685961742, -70.66465245174784, 302.4007200092139]"
1.3246853880415006,11.474141493315404,0.9829993667362701,0.8362170016520969,True,False,"[0.7253292879964117, 0.7241451243474024, 102.16645400106565, -9.78406742047058, 153.00843706040817, 0.28085024411315196, 0.15314931569767992, 93.83189683322692, -67.41616457605356, 305.13277591162114]"
1.3180619611012931,11.48240352143689,0.9937512894797982,0.6629676881089706,True,False,"[0.7977402201514036, 0.6778383529429152, 104.80682638348749, -3.8309917102076394, 151.00677243510842, 0.25079089413511757, 0.10555292293002363, 95.17515633709434, -67.38949339768595, 308.0972128288149]"
1.3114716512957867,11.544858230280711,0.953494280894979,0.7021376345373768,True,False,"[0.8501538501373558, 0.6327845249839331, 107.51594268349305, -5.365778547315649, 151.81180941382476, 0.19437656957833815, 0.16860532493743313, 96.62118761512188, -69.45467549936194, 307.4040921580591]"
1.3049142930393078,11.51863294056036,1.0,0.6831965433204897,True,False,"[0.8016124841107048, 0.7037422084094523, 106.53130343218832, -3.0438151513655054, 154.70782886936726, 0.16195139954206006, 0.15651434526885763, 97.74143030761915, -65.18294682392632, 307.5240348326173]"
1.2983897215741114,11.46329971631062,1.0,0.9663212809790469,True,False,"[0.7854641135582836, 0.6692791277511911, 109.28489237200043, -3.7422853398643205, 156.95372553938216, 0.19914883432369543, 0.10329568493679238, 100.43413415046035, -71.33154179245234, 310.81412502845046]"
1.2918977729662409,11.46138198072501,1.0,0.9041499692705156,True,False,"[0.7717745446200152, 0.7281583161910969, 108.73038173321058, -7.70029192848639, 155.73159355875356, 0.18149357493083945, 0.10752895723045279, 103.64630202272835, -70.73626699275779, 307.4749375169264]"
1.2854382841014096,11.49335885192461,0.9754306238987479,0.6356793478053127,True,False,"[0.7028846279641863, 0.7052855150779871, 105.75849037936554, -5.536884902768598, 156.83421736000787, 0.1265616540937689, 0.18741727335505604, 104.97242222245372, -71.59846644665893, 304.4775069362665]"
1.2790110926809026,11.476121364391574,1.0,0.12125950580861822,True,False,"[0.6919951833105449, 0.68281343471896, 103.79348987560854, -11.364378791021036, 154.14916914307517, 0.15498310323164527, 0.2613370929360848, 107.60352821535068, -74.01354893788147, 306.23419818757384]"
1.2726160372174982,11.448869052652483,1.0,0.7566549640288717,True,False,"[0.6447105439678207, 0.7179810250311509, 100.60678926854717, -8.682202215330658, 151.14245415646332, 0.2064327253775714, 0.2674391410271058, 107.62781589844302, -80.23157435584167, 305.7734368119807]"
1.2662529570314107,11.432182001514157,1.0,0.15872842602053305,True,False,"[0.5978463217072703, 0.792030729849597, 96.89330360072593, -6.237806863587256, 147.96213325693398, 0.19256103565378396, 0.2961555337446248, 107.1057857986074, -88.1855013947097, 302.69644157068353]"
1.2599216922462537,11.510338710063522,0.9398518814512088,0.2725574989510209,True,False,"[0.6296960139641193, 0.7148387266173916, 98.75396620550386, -11.759388599809158, 149.0845554414287, 0.16575891611105195, 0.3392695137228122, 107.54170540477335, -94.27333292339698, 300.6123380079501]"
1.2536220837850225,11.492417672942363,1.0,0.9659950572582265,True,False,"[0.579273732694395, 0.6691265110894228, 96.85753836092208, -11.761563001921763, 146.7943084791666, 0.2121981429433158, 0.30228601310524394, 106.95495528567875, -94.34467331625855, 303.4706524440197]"
1.2473539733660974,11.486399804551949,1.0,0.5347750640994059,True,False,"[0.6400862161110186, 0.6034744206049507, 96.03410279463345, -6.311827891266034, 144.08051959738802, 0.24387478111258956, 0.2756038573332652, 109.88304051429026, -86.39098244324676, 303.80355433629177]"
1.241117203499267,11.477012560632785,1.0,0.5639876658297945,True,False,"[0.6084980195262265, 0.6568598331516697, 92.18820624514659, -11.800479087367576, 141.01647267371897, 0.3106664671913561, 0.2523571828152888, 108.89229434194536, -93.75133486828595, 304.65379089549754]"
1.2349116174817707,11.465287963663824,1.0,0.7287480695752568,True,False,"[0.5575987017685812, 0.7304773866228811, 92.71571715729402, -9.141386129740944, 137.3752376215204, 0.2584464630107766, 0.2759946718552688, 108.95115993895996, -101.50533463657386, 302.41617928179517]"
1.2287370593943618,11.448090592918529,1.0,0.9225265676617308,True,False,"[0.523938695273648, 0.762881405949791, 90.73760356122057, -6.409941804004301, 135.9438689756757, 0.2307020282447844, 0.22455668162842007, 105.64504365230911, -97.90438450879249, 305.2339964226948]"
1.22259337409739,11.381822697126008,1.0,0.6796036950892889,True,False,"[0.4625695488669038, 0.836947577339344, 93.22171351474404, -6.419717707020414, 133.68132492822295, 0.27909048414564885, 0.1668904471566599, 105.017499408681, -98.17081013665948, 302.2145411330394]"
1.216480407226903,11.338757796873285,1.0,0.13964522116344757,True,False,"[0.5342942726921714, 0.8696985540114419, 91.50348853238192, -1.7803231859153126, 134.49834920887966, 0.2293011869722969, 0.10571564704149611, 101.84240350158173, -95.13667199217119, 302.5882957473672]"
1.2103980051907686,11.457665814509127,0.9064324442482784,0.219431068513529,True,False,"[0.5710101382126999, 0.8395079978754767, 89.58352737706662, -1.299042547995299, 133.18186563101733, 0.1613620707785549, 0.16440601778226405, 103.02757788004294, -102.16608806288427, 302.30531480801096]"
1.2043460151648147,11.42793275285435,1.0,0.1326309666202663,True,False,"[0.536376235714647, 0.8361875719613023, 86.67854165109911, -7.169923349778937, 131.92211965015997, 0.21810129824326435, 0.15895732963406722, 106.8444907059919, -109.35697181149752, 303.53614766557433]"
1.1983242850889906,11.442321464441834,0.9880644402688816,0.7683110113091677,True,False,"[0.5536409148717993, 0.8477629929744428, 90.61282635175635, -12.592718752225984, 131.49694655304305, 0.295361517662898, 0.15797727482806206, 102.95095411140632, -116.66982404075063, 305.4510559505122]"
1.1923326636635456,11.422548096622418,1.0,0.005689958161179676,True,False,"[0.588700686951624, 0.8093652377924381, 94.2690143168698, -10.504449482740602, 130.22980953676512, 0.2895854575249777, 0.10452608208571179, 104.67194699316696, -113.83875451121989, 306.17802474820917]"
1.186371000345228,11.453365820654943,0.9743580214585409,0.15099849840226354,True,False,"[0.6024324844154753, 0.8091515356032427, 97.1490115505271, -3.4046900155883275, 126.4374045211691, 0.33601419538658117, 0.1633977215749508, 107.24685107090255, -117.2216901892933, 308.02962117371106]"
1.1804391453435017,11.451187611831962,1.0,0.07191917269202142,True,False,"[0.6328009060178105, 0.8121705097167949, 98.31794076998324, 0.4338282142944099, 125.03098500239881, 0.3705448635726701, 0.23086419048964324, 108.52589086015537, -110.28463991569573, 311.615715705862]"
1.1745369496167841,11.4450656388235,1.0,0.46976659542543986,True,False,"[0.6027962236831383, 0.7993077080786216, 94.53538663552858, -6.699592695756621, 122.50728041303063, 0.43605904976598814, 0.21162900567496967, 111.00834929534429, -116.94967598022149, 310.08817788292265]"
1.1686642648687002,11.5049299325599,0.9500653153739942,0.838737414016561,True,False,"[0.6571876833002805, 0.7719118937439396, 91.01496727293389, -8.659137909620558, 124.4758681141528, 0.40982738352124287, 0.25296919582609556, 111.07236959224747, -116.99623722597664, 311.1484017195551]"
1.1628209435443568,11.478041721046772,1.0,0.903329239340539,True,False,"[0.6723230060357174, 0.7864554077132758, 91.3993885160129, -9.945308399746894, 125.41248914408304, 0.41387075605441614, 0.2955615620071407, 115.02073385974106, -110.71394634804814, 314.87571252972765]"
1.157006838826635,11.495533009340656,0.9849959936374568,0.5291984826315108,True,False,"[0.6254935432562777, 0.7227312172489947, 91.22405341127833, -11.982963592566634, 122.1788307031389, 0.3791897454492518, 0.2912943279421121, 111.98105414247308, -115.05202738535263, 318.0742442568675]"
1.1512218046325018,11.459502096278904,1.0,0.7860293105212278,True,False,"[0.6275093501322838, 0.763301061574231, 87.39429512126587, -10.829164488757952, 122.52411896308904, 0.4562374830452695, 0.2521175939920489, 115.03017785258945, -112.99612148771374, 319.74105861267316]"
1.1454656956093392,11.419626183154596,1.0,0.9491522367010562,True,False,"[0.5627087687668331, 0.7190962936438821, 90.26163200649685, -11.690662588886374, 119.14659431967351, 0.5313627540782181, 0.32605999515656026, 113.48436009617994, -106.98389398075537, 318.69193817271685]"
1.1397383671312924,11.409300029344003,1.0,0.8502538533101281,True,False,"[0.613239897821292, 0.7921464944366937, 94.1690857308357, -13.877029696864215, 119.73246643986941, 0.5704149666546509, 0.249405515337695, 116.30859261357082, -109.97657318652695, 318.1210816874146]"
1.1340396752956359,11.341469536800023,1.0,0.7869203762958534,True,False,"[0.5496885917185478, 0.8425715018394055, 95.39001741172632, -14.738049277000071, 117.195731140775, 0.569158906564661, 0.19498776299454054, 115.71377893707977, -106.67968457001223, 315.34602237501457]"
1.1283694769191577,11.330822499978822,1.0,0.9827856588465147,True,False,"[0.6077395314292673, 0.8780554585395597, 95.34083887036078, -18.453364747747273, 117.85903997895647, 0.580669564653201, 0.11802623254045916, 115.78454891281588, -111.73766371093758, 315.6908155682606]"
1.1227276295345618,11.343419666213924,0.9888425665619107,0.8211398862133091,True,False,"[0.5544827013368501, 0.8373396435823174, 94.4621338508829, -20.230776944124784, 120.22502200407955, 0.6508085757946772, 0.14904946071732844, 118.4016199620079, -111.04179008024788, 312.7431119306371]"
1.117113991386889,11.330948452870667,1.0,0.18610502099114945,True,False,"[0.485120981865639, 0.8408215655777789, 94.15085010919195, -26.24738805970513, 122.24250562904858, 0.6856630232815539, 0.1339253508624941, 118.24042030005307, -106.10437829320651, 311.7674829963145]"
1.1115284214299546,11.355261248059005,0.9783641854412725,0.24974187440581452,True,False,"[0.4227324764888594, 0.8727585033984078, 92.02014934841824, -31.29154934560529, 118.6552508456363, 0.6082834582153596, 0.16716606931444927, 115.56600103961402, -99.70656211037809, 313.185675993385]"
1.1059707793228049,11.407352055415437,0.9539923527572577,0.832750797297336,True,False,"[0.3782332811727565, 0.8335746052185217, 91.8306305116513, -25.28053722897352, 117.18610578419833, 0.6793820090581367, 0.213568839301925, 118.76366446975275, -97.97241467432622, 311.8415950258418]"
1.1004409254261909,11.499029978961058,0.9200657236855717,0.7149444488158426,True,False,"[0.3117441431472535, 0.834960529344931, 88.58884496589965, -20.11001279649915, 113.6717288924155, 0.7493548530682607, 0.2679263938967429, 118.57943796410564, -98.29267787438512, 315.83741663202073]"
1.09493872079906,11.541230582435315,0.9621917529462307,0.7011015243986565,True,False,"[0.26750513889254846, 0.7737916307764867, 89.74739456735509, -21.49211710362762, 113.0537894241276, 0.7943760943881185, 0.27186359922911457, 117.0999940997895, -93.5541018448106, 312.6485068061932]"
1.0894640271950646,11.47436832824475,1.0,0.26370281812934215,True,False,"[0.33794987173062074, 0.818051407596887, 93.68738129233385, -13.672645919390119, 110.17529889906815, 0.8466685313110253, 0.3088319085578951, 115.3559985284545, -91.7441428899823, 311.58107615817556]"
1.0840167070590894,11.447986978536889,1.0,0.41228062202071236,True,False,"[0.3533266559424281, 0.7931971727772489, 95.1798654418369, -10.989002065077438, 107.4218181440287, 0.7862883718473606, 0.32571734456931756, 111.95302585590991, -89.92182026516781, 307.9727597103408]"
1.0785966235237938,11.475936566927242,0.974419938065903,0.7917314492838453,True,False,"[0.32722281597914227, 0.8472130327772642, 95.35036913723329, -13.572654584132476, 104.66786893251754, 0.7268506851964222, 0.2619557894753826, 109.03066638753708, -95.78648080834888, 306.9687791407731]"
1.0732036404061749,11.43105997464253,1.0,0.17541613404533263,True,False,"[0.3524629847888551, 0.834203704079104, 91.67470427395837, -6.877270643957333, 102.43733708191222, 0.6882442618393, 0.3099690522441115, 111.1948176469697, -91.45572890199794, 308.4656152862055]"
1.067837622204144,11.44018955934966,0.9914868437358691,0.8267468662141216,True,False,"[0.33728617040948333, 0.8171298407560103, 95.25837869362701, -3.2867610859855425, 101.70886000748887, 0.6224972480431887, 0.27541414476536846, 107.55794809494041, -89.33674689761514, 309.7192382926203]"
1.0624984340931232,11.525745842113135,0.9226330563676778,0.0027389715019479066,True,False,"[0.2805679457356752, 0.8161862572412824, 92.89759766820461, -4.110102900540658, 101.57344187335399, 0.6820258516101709, 0.21371085746475904, 105.77138760497698, -95.05139410190725, 313.52529816124894]"
1.0571859419226575,11.472572627785626,1.0,0.3649695604385166,True,False,"[0.35567545818929935, 0.7537692601270789, 93.86776398685744, -6.234549337308151, 97.64441803580453, 0.7566536568553294, 0.24899671949237673, 106.48878453750203, -94.3807150011726, 309.5764625888379]"
1.0519000122130442,11.464549444042206,1.0,0.5127952032796527,True,False,"[0.4239431993447567, 0.6878088565866455, 97.81313910752728, -13.533565468562351, 98.89967780465987, 0.7416793109607436, 0.29392067850936765, 105.16254335188647, -93.91662071762437, 308.6484708427712]"
1.046640512151979,11.45721706624223,1.0,0.361930490857193,True,False,"[0.3666260281996429, 0.6914729882776129, 97.52640543296383, -10.98233944260786, 101.04834603687682, 0.6669197328149009, 0.2892122839519043, 108.81544863713393, -93.46281172524316, 309.09625388881017]"
1.041407309591219,11.445977610541508,1.0,0.727336818373327,True,False,"[0.3846234326221075, 0.7350821523132429, 97.54286437768295, -9.07687141270776, 100.99781279635448, 0.6459625816557472, 0.31506522735200526, 108.32534935240662, -99.00597933556095, 309.3296474558143]"
1.036200273043263,11.38693031501848,1.0,0.2423753545484808,True,False,"[0.4160570258078764, 0.7806211734775348, 100.69102368715083, -6.9329522085525745, 101.35328184525814, 0.6975316240626844, 0.2620816968716801, 112.1889892399432, -92.1721779886386, 307.1382118435739]"
1.0310192716780466,11.342927574477342,1.0,0.5376158901108523,True,False,"[0.49295083042206383, 0.825537292103277, 96.82207648803586, -0.4797345151349557, 99.52394416478747, 0.6760291711718669, 0.2562104104539676, 112.36550172375533, -95.14159794445591, 310.40227929041305]"
1.0258641753196565,11.314093656873506,1.0,0.5419529902729443,True,False,"[0.4698628635033758, 0.8657885049177463, 96.6569674587201, -7.849917673253717, 101.74669699734022, 0.6118999292263766, 0.2695236501033388, 115.4476045052452, -101.55120151647856, 312.863321639003]"
1.0207348544430581,11.358587823084255,0.9573460758688679,0.16283504901732637,True,False,"[0.4579264303620981, 0.8455692077424966, 93.95889389510967, -9.712666362742278, 99.28235889025792, 0.6622665762813024, 0.28533977888040085, 112.94527921603581, -106.22211950015384, 315.4554706965513]"
1.0156311801708429,11.403438336412753,0.9568006306019287,0.9999295535513554,False,False,"[0.5350253037930999, 0.7779969122911569, 93.93416976086097, -9.076973553682251, 99.14964324379763, 0.6117913288621694, 0.34133732136715955, 111.97282414596667, -110.71230760086969, 311.5701654461063]"
1.0105530242699887,11.413923863717404,0.946714058199209,0.6493032550760923,True,False,"[0.5164035899706945, 0.7906955461883913, 92.9902478222743, -12.941788261453192, 97.71394474995148, 0.7189192067034419, 0.32296145999999726, 112.00960398356008, -110.72561984423248, 312.9936253214153]"
1.0055002591486388,11.367174065729488,1.0,0.39359129894113176,True,False,"[0.5341831478789878, 0.8386019604331221, 90.95522029115475, -13.305381422738385, 99.11529673502005, 0.7003130340506288, 0.3012089701779263, 112.49917738067883, -105.34818515331371, 310.19728221281025]"
1.0004727578528956,11.37354320786626,0.9936540883914726,0.9775258941790386,True,False,"[0.4562129402183003, 0.8551646485274855, 93.86029705393474, -17.040970616799257, 95.58511141068577, 0.7645710902124235, 0.353950961831973, 115.74138855242931, -110.76341968188285, 313.3178724014179]"
0.9954703940636311,11.374223308747181,0.999317037837643,0.9917863225003924,True,False,"[0.534932290973182, 0.8417291706865229, 94.19407277232524, -21.94367987114491, 99.48806187580563, 0.7967845643287093, 0.30925687133406776, 117.4664761620526, -111.06556369672603, 313.28058735966437]"
0.990493042093313,11.475364919913014,0.9029280664647114,0.3001549204892944,True,False,"[0.5542696876898012, 0.8199051693877888, 90.85151048858516, -28.70797279979191, 101.85802264925717, 0.8548827687243518, 0.29265046192065214, 114.76158782450055, -116.21508486944713, 311.8350705692679]"
0.9855405768828465,11.429796750273258,1.0,0.4357258602502716,True,False,"[0.6230324466694991, 0.8487589131726003, 90.35718113946567, -33.06723242342046, 102.16535600928972, 0.8349968757706003, 0.2675054823976117, 118.44571788927793, -108.38559026407971, 309.53957256205695]"
0.9806128739984322,11.456068270238571,0.973564774254265,0.47586400295746134,True,False,"[0.628669933734669, 0.8098793636830145, 90.81491179564665, -26.552436484173455, 102.73336759990569, 0.8666102325872473, 0.270520032550627, 121.20728855603826, -102.76696031698998, 308.562340436107]"
0.97570980962844,11.442392358637434,1.0,0.5475001092546775,True,False,"[0.6280099680291038, 0.8587233444508763, 87.9000194295974, -24.45391201692599, 105.49758963939698, 0.8616328992204426, 0.28044740736229223, 121.81433818465302, -107.6694624698406, 307.6033011147218]"
0.9708312605802978,11.443973753752896,0.998372417633385,0.6562370137054572,True,False,"[0.6060378415944973, 0.795875339076776, 86.35134406619977, -17.2116392067058, 102.82853711497094, 0.7956230003750189, 0.3443403036684841, 118.62371157729004, -110.12159332533034, 310.41124821730244]"
0.9659771042773962,11.471984052092948,0.9714195192604207,0.35971300385102933,True,False,"[0.57843074785657, 0.7520813375620439, 88.10721734346188, -9.315029825822355, 102.6530853587997, 0.8513237741205043, 0.28654048755624106, 117.06893166321535, -105.40539569115326, 307.8886761102069]"
0.9611472187560093,11.471388807197684,1.0,0.6985517693143258,True,False,"[0.5961501603133422, 0.800097770723493, 87.17015553012939, -8.357230488874286, 101.09815347199292, 0.8405460229535683, 0.3571526426737467, 115.45401066127693, -107.81309807983617, 306.1573557641688]"
0.9563414826622292,11.40572728669649,1.0,0.5117954996714752,True,False,"[0.5854859277743564, 0.8676479653719644, 89.47643425285175, -6.442696888907166, 97.76109544175938, 0.8288715631330735, 0.41916360449406787, 113.06585556696578, -102.44763102176344, 308.39897074751025]"
0.951559775248918,11.490422747481247,0.9148391890318268,0.6503846918336195,True,False,"[0.6408937735208662, 0.8319902934833736, 87.34700568236705, -2.355599212824675, 94.68345647214119, 0.8164908462517495, 0.40463912364866417, 111.22446104602413, -105.72774671718702, 308.2960913216314]"
0.9468019763726734,11.440154381340367,1.0,0.9831588695567379,True,False,"[0.5809164543954431, 0.8172848649672254, 85.24282017077415, -8.90961843511826, 92.20846966039066, 0.8249039584506749, 0.3600761078224459, 113.26831718303188, -102.4405581521511, 305.23333554546036]"
0.94206796649081,11.486961112239154,0.9515290241401259,0.0353091330594415,True,False,"[0.5482632098180811, 0.7435911056288442, 83.34186838989073, -16.21233289138664, 93.80706410079317, 0.847512105552224, 0.35482169809419767, 112.91354223837688, -95.91724507445653, 305.0371859753528]"
0.937357626658356,11.492069284475791,0.9945652771851746,0.03160911021052404,True,False,"[0.5136314683284895, 0.6715030140371224, 83.67120553525365, -20.066649030470487, 92.9569273105269, 0.7733667321411846, 0.2977831381533551, 110.40109821503457, -97.67357576081945, 302.74090021649886]"
0.9326708385250642,11.54659086510998,0.9432183515172862,0.4998569458502049,True,False,"[0.46667778960493406, 0.6327594566173602, 84.61454142282604, -13.755568826309016, 90.27621074384483, 0.8438486942917184, 0.318279785028293, 111.32511444176798, -97.38052002450249, 305.9862110025912]"
0.9280074843324388,11.543623384357836,1.0,0.36403923693663964,True,False,"[0.46915588016583376, 0.5715617476889208, 85.3404379954486, -8.542118619217884, 90.77092012191602, 0.7927551295257844, 0.24876781569096001, 110.13569984260742, -105.18642684870166, 302.84398822571285]"
0.9233674469107767,11.593494800624814,0.9474222828993374,0.3410340373332563,True,False,"[0.39064666282250654, 0.5816018238302916, 85.97066827536777, -3.890265963169824, 92.10671245539925, 0.7256723874982358, 0.30798865675325654, 106.80567629440048, -113.09631840153752, 299.89413568250535]"
0.9187506096762228,11.615869982237555,0.9759402409199316,0.9949802891899832,False,False,"[0.41462606455213824, 0.6292319882821455, 88.73350465517152, -9.651253623500867, 88.77886116666177, 0.797577709432111, 0.2663982398086659, 103.03669580483339, -116.0757048478779, 303.8922557088749]"
0.9141568566278416,11.612373157674565,0.9795606603997469,0.70695257417536,True,False,"[0.44299481872367846, 0.5142579894505753, 89.16012600992673, 3.6225061225136432, 95.01495116583143, 0.7326515353129099, 0.2934652706448414, 106.39478920890295, -115.46364101279237, 296.55027063435716]"
0.9095860723447025,11.633681336386775,0.9768460273094239,0.8282650791832512,True,False,"[0.40019441589428556, 0.4711772641023862, 85.63323334273625, 1.63082465515512, 94.1940738870652, 0.7790717226559342, 0.28593287702608483, 107.6835476055927, -110.07374012832263, 298.8599069041376]"
0.9050381419829789,11.68792409918924,0.9418264768876717,0.614754804330345,True,False,"[0.41367696783761254, 0.4274474015211701, 87.32920344585187, 4.251530047011716, 94.05923806882566, 0.8457797730875598, 0.27871485149352326, 104.8523154551067, -105.35827866935752, 298.63860359849326]"
0.9005129512730641,11.738651398287985,0.9452256851601963,0.2692645685412549,True,False,"[0.43918066323381255, 0.4355137592932517, 83.78006997521359, 6.197801941790678, 94.60116258297963, 0.8223747881993733, 0.3446275681262673, 102.64094892890108, -108.06632756259516, 299.94045073762817]"
0.8960103865166987,11.766044317107323,0.9698905007856576,0.17407246540615795,True,False,"[0.43627372541501097, 0.4953459517385866, 85.29705770535024, 6.352578285497135, 92.21943898014862, 0.8382386399269238, 0.33394184637589647, 102.65475526839266, -115.31588054438618, 299.40175451762417]"
0.8915303345841152,11.699774778716826,1.0,0.11794270417993091,True,False,"[0.38147741430379023, 0.5333349965347658, 85.75324002193395, 10.218097916790587, 93.31203574625475, 0.7884527956389358, 0.3706591834865504, 105.79568870507626, -117.69211957879807, 302.20150741201155]"
0.8870726829111947,11.657359122720496,1.0,0.6896924065626129,True,False,"[0.32384175693201106, 0.6102049682193851, 88.42273023211465, 3.0812552820850723, 91.8904377326366, 0.8176270098464502, 0.33535476404527437, 106.91389927062909, -115.78628048572364, 302.7725424276488]"
0.8826373194966387,11.651066867996072,1.0,0.48026211322874035,True,False,"[0.334077346951893, 0.6179276354909422, 88.81618738745466, 4.610782763006112, 91.74476555843668, 0.8259855588197681, 0.32767127678596103, 108.08341001800409, -116.02986433716795, 301.631961614245]"
0.8782241328991555,11.626028998647097,1.0,0.013571881086409388,True,False,"[0.3538344150964169, 0.6303780471280438, 89.46373992946222, 2.896024925975553, 94.5952996259576, 0.7853940423633289, 0.29002134463182383, 104.20872867550263, -115.53118888999308, 298.4039439049245]"
0.8738330122346597,11.690051155825646,0.9293536872495336,0.921818670324503,True,False,"[0.38148637366760674, 0.5668043961154974, 86.81485932586423, 0.2726471078054402, 97.53884409356274, 0.8185393325515234, 0.32914813690809175, 100.79203574924063, -111.60122512426155, 296.3248891232539]"
0.8694638471734863,11.684985604579802,1.0,0.502622103389619,True,False,"[0.3334554457623247, 0.6229390739943179, 83.78627359732805, -1.578432319916315, 94.42489460107416, 0.8425167019797574, 0.30721321291796677, 103.18904595233336, -109.40410766691846, 297.3687826701813]"
0.865116527937619,11.610479321873356,1.0,0.20746109678535962,True,False,"[0.40011410712178985, 0.6465645866048069, 82.229559980809, -0.2144721555661544, 95.87731884026422, 0.765378094203263, 0.28526625755167434, 105.884354948379, -116.91234446865855, 297.6485452388934]"
0.8607909452979309,11.57162109328894,1.0,0.6793642303376892,True,False,"[0.3881380768132411, 0.725342528132049, 79.35091521332347, -4.808860987799054, 91.91722271098453, 0.7337238253903581, 0.21675691228681668, 108.03400845804589, -118.70738755103193, 294.5918744309391]"
0.8564869905714412,11.518531908225377,1.0,0.3152622980020916,True,False,"[0.4005416621482707, 0.7426087333730459, 76.04208735522637, -7.326586190692582, 91.49930545309081, 0.696467252152505, 0.1395576118358962, 110.56185662092541, -117.19175097876317, 296.54019108597777]"
0.852204555618584,11.596143088288805,0.9129528257600907,0.06157027298156614,True,False,"[0.33172810892316185, 0.7276602947928772, 76.25493430856191, -6.407372185930601, 88.57131917082218, 0.7603169006145173, 0.13476666412505411, 108.43119914417451, -120.25472892378943, 299.42734571575267]"
0.8479435328404911,11.595636660219565,1.0,0.7613659413254406,True,False,"[0.3352624270355749, 0.6733148055723754, 79.61796479303271, -7.32087621821908, 87.25210095223974, 0.6877683269774042, 0.16693893709947605, 108.03165292294659, -119.26933185608917, 296.3349622999519]"
0.8437038151762886,11.59850460902755,0.9966065343586774,0.4974208586244213,True,False,"[0.2677250489250692, 0.6373873772375683, 83.48108255727354, -9.915749823568838, 90.48629498938116, 0.6451266298629843, 0.12610503118800914, 112.0311231635522, -125.35547271891912, 298.7141776806804]"
0.8394852961004071,11.606088042300673,0.9910072469405646,0.9582603517822134,True,False,"[0.26404432004069006, 0.6937216160580943, 82.01428266570232, -10.214385562927271, 92.17211073133691, 0.6314669652689718, 0.20175503805719874, 115.44834310211901, -121.19881817615246, 298.98904240412645]"
0.8352878696199051,11.59694914803022,1.0,0.5975165948131708,True,False,"[0.2565610370448296, 0.6375713952660842, 85.71379286181197, -13.625174579243318, 88.28278764616542, 0.6220019220754042, 0.23172120069908297, 113.85084190881526, -115.99749158948008, 297.9024106358132]"
0.8311114302718056,11.60760666984,0.9872586506292673,0.5088485771547246,True,False,"[0.2972594734973599, 0.6928527564428784, 84.99746986346241, -20.113039038000338, 87.69808283732749, 0.690179054248166, 0.2663829270529057, 110.92776546160323, -115.98981250252224, 300.6080295086656]"
0.8269558731204465,11.5911113793117,1.0,0.7699890516869471,True,False,"[0.2990536009007801, 0.6555011297841553, 83.8704504163668, -15.723687910964603, 89.81694291714662, 0.6409904702905964, 0.326537154674795, 113.9595945342636, -116.7884703514015, 302.08093475927166]"
0.8228210937548442,11.605801390765489,0.9823051980331816,0.004696193314381092,True,False,"[0.2360005007935477, 0.7079528896540443, 83.9420923291812, -9.117207146124983, 86.86983060818291, 0.6716276170423161, 0.3319871412001871, 117.33225769344351, -110.16408722483673, 299.7390516516341]"
0.81870698828607,11.605135348193471,1.0,0.16835517460869054,True,False,"[0.241429054443342, 0.6367616051625455, 85.11620768930369, -9.717447893328789, 86.37522584089957, 0.6585676324733258, 0.33367401248945616, 117.10188391047166, -113.28825841386141, 297.92340238113974]"
0.8146134533446396,11.666931052384253,0.9269469625903224,0.005100521838930283,True,False,"[0.17920161685353847, 0.6905966408924392, 86.38019247680316, -16.40585730860076, 90.10790900413289, 0.6743486972535503, 0.25803492614179435, 114.94309933526262, -111.56116724258995, 297.68315988043537]"
0.8105403860779165,11.731596295584634,0.9233190770416513,0.6131577752837568,True,False,"[0.15340871816279925, 0.7336090530106125, 89.26205106759045, -21.705092658250095, 92.97027064858543, 0.6730801978117723, 0.29852426051382686, 111.09503763796764, -107.17760481709499, 300.2211224862825]"
0.8064876841475269,11.739666233957585,0.990043620197777,0.3756675294384443,True,False,"[0.13318514862490366, 0.6568368957058988, 92.09365907385269, -27.285729830120292, 92.59229886654103, 0.6147485471106467, 0.24508076417523483, 108.91594529490777, -106.67813015104306, 303.3005745108802]"
0.8024552457267893,11.660525853910382,1.0,0.7029980108008401,True,False,"[0.14364734963296405, 0.6120847534721697, 91.61985047390054, -20.39874473598403, 94.79324195533441, 0.5782611645178259, 0.2633999701160858, 109.18469523612893, -101.40030590252098, 304.7784415051373]"
0.7984429694981553,11.64047883144793,1.0,0.23301335840557136,True,False,"[0.18598089363819004, 0.6004319489890644, 90.22973951591783, -25.11000946979192, 92.41981726285145, 0.6397156130887902, 0.25985129221546555, 112.45597545913088, -109.26913072857383, 301.12221945652954]"
0.7944507546506645,11.69607368537799,0.9324134184908801,0.6587948205208505,True,False,"[0.15954292585592939, 0.5817175931432854, 86.70355852305498, -32.96041366232516, 95.02961624361988, 0.6031121158917867, 0.19347534033721192, 108.96704408943117, -103.35177289471592, 303.45473006190656]"
0.7904785008774112,11.706961133259611,0.9863211798737815,0.3148152210811873,True,False,"[0.18491895882393855, 0.5686621083482652, 84.42270525466654, -40.15969970613623, 93.30610942079181, 0.6160947720867187, 0.23874289632101597, 110.41366273145985, -96.56940192416815, 305.5670259221687]"
0.7865261083730242,11.846914856448176,0.8369934210786752,0.9985630756961063,False,False,"[0.16750975523122458, 0.5362132348047632, 82.10981754405064, -46.388997878030295, 92.56181903192424, 0.6595321577992284, 0.3067076370889629, 107.88309129669614, -95.87252883723991, 307.8674324276316]"
0.7825934778311591,11.63083445639009,1.0,0.48133691894746766,True,False,"[0.21421019670767133, 0.5990550022195729, 84.79334083373996, -33.255846643818344, 95.878362910147, 0.6247318803297781, 0.22823187384252297, 109.85781442566241, -95.27028164996432, 309.1785254788253]"
0.7786805104420033,11.581365310004678,1.0,0.9337861335039943,True,False,"[0.2642455233140759, 0.652183092461836, 86.84025179136671, -26.349737325264794, 94.66901990515034, 0.6783030072080645, 0.1696217218837103, 108.71668077517293, -103.12767064148373, 306.52459257986914]"
0.7747871078897932,11.564821987360757,1.0,0.7254979058198774,True,False,"[0.32690108241550636, 0.6347160287216767, 86.30430611114284, -24.255514729880073, 92.32280265797566, 0.6918749146721397, 0.2378306459842695, 108.93718797927612, -104.94623805409414, 303.226181231565]"
0.7709131723503443,11.525250117554059,1.0,0.09142340853648034,True,False,"[0.3739468744565878, 0.7127513577162755, 84.42592179074218, -20.05095842536863, 92.74624410749622, 0.7545645360539107, 0.19035150282301083, 107.68708618601094, -103.52431165445617, 302.84503307845563]"
0.7670586064885926,11.492992109534821,1.0,0.1288524683858766,True,False,"[0.38888072158858955, 0.7212273104773756, 83.88307396691906, -22.107983704792368, 89.406576879958, 0.777735897333844, 0.12672502951174427, 109.16579712695753, -101.74983470098883, 306.8104585846742]"
0.7632233134561496,11.46995456789719,1.0,0.5001099820655215,True,False,"[0.36570525851399627, 0.793550245338869, 85.89039511958329, -15.410759518024813, 88.1690838751049, 0.8103912724277191, 0.16597514288716997, 112.1891183767718, -97.45005848116654, 306.88180850057955]"
0.7594071968888688,11.482624895094457,0.9834539182259017,0.16580723515248452,True,False,"[0.364218078673605, 0.7483499801569348, 84.8384542049724, -18.57388011642565, 89.49962015698009, 0.7589611591579973, 0.22004544032188267, 115.86620933730592, -97.44405060752342, 306.92245650875475]"
0.7556101609044245,11.442703702197765,1.0,0.480880271936981,True,False,"[0.42748267817165236, 0.7340300299372227, 85.61802976824586, -19.253057570824907, 90.27820975944606, 0.7404637669213848, 0.2710628581936583, 114.76806620150404, -89.90179926707034, 306.6355754872616]"
0.7518321100999024,11.353181737770331,1.0,0.08700548005204811,True,False,"[0.4934369524848618, 0.8131470061597809, 82.9656888577928, -12.032640973066275, 92.79247512798737, 0.6838170433646741, 0.2158169345713028, 117.645844454314, -87.48417290878325, 309.45521072302745]"
0.7480729495494028,11.31976402681097,1.0,0.5206642893592599,True,False,"[0.4558156493484994, 0.869930982624406, 80.47870179068492, -4.38484414669667, 94.36107115934509, 0.6719906286329004, 0.28987982310542015, 117.21820782698151, -89.9618314925121, 312.9768647165515]"
0.7443325848016559,11.372580428024285,0.9315009522000167,0.16263682888851216,True,False,"[0.4759846169610875, 0.8058081996518671, 79.45328495352737, -11.142533755271407, 94.31600641297419, 0.6964279418019771, 0.28898005344040645, 118.54098502244798, -88.64681404291318, 312.98452392734447]"
0.7406109218776475,11.40067537716584,0.962775683296801,0.32984776596844223,True,False,"[0.4674091640272931, 0.7773517877844635, 81.21807663691112, -3.8904445079567846, 96.05399047715618, 0.7760443760401791, 0.284885649297661, 121.14810067707995, -93.72488332374542, 309.3418814181544]"
0.7369078672682593,11.397662073098216,1.0,0.4842836810637947,True,False,"[0.5332032316568284, 0.7465308705678, 78.42712516177868, 3.9400751886659844, 95.55533033503195, 0.7027754917382162, 0.31588294357090213, 123.26929938663075, -86.8151765781021, 313.3334412420502]"
0.733223327931918,11.347176965453205,1.0,0.2171175261569932,True,False,"[0.46219807941072394, 0.8210361232733726, 78.2106749888456, -0.5296800208206225, 94.95235605800148, 0.6670010831104526, 0.3348623412027193, 124.0540501137041, -87.41090322107851, 315.52961374972415]"
0.7295572112922585,11.362208677050315,0.9796069264487488,0.70788745268026,True,False,"[0.42180972770062936, 0.7963865623199959, 80.82025616140832, -3.114499310735157, 95.34371445100165, 0.6242402889119513, 0.4148245186268973, 123.7430157811401, -79.63600853337643, 318.3940828416253]"
0.7259094252357972,11.39669442637121,0.9536038369561254,0.5232345606610246,True,False,"[0.36354147317429875, 0.8010853583727651, 79.19959808260518, -3.7612989488521844, 92.44632062783249, 0.5673537386562353, 0.4631776556521967, 124.69447588278025, -75.65254363181876, 317.5122662297979]"
0.7222798781096181,11.447307713327145,0.9323245067740101,0.3764943510409503,True,False,"[0.3368741566914354, 0.760655627756363, 81.61963323436954, -9.117533033327655, 91.96791185637642, 0.600805953982205, 0.44941515308606095, 121.96140227898168, -79.40660605384717, 313.63206187625605]"
0.71866847871907,11.416218112977461,1.0,0.20682478590038966,True,False,"[0.3490219304565034, 0.7449113915929781, 83.49272733130026, -2.1622294935695283, 94.6549193643425, 0.5483819356000597, 0.48077262305714386, 121.23257504858893, -75.85940307694274, 309.840928097271]"
0.7150751363254747,11.48746360553131,0.9051690334239539,0.2768460991208881,True,False,"[0.2750953045469503, 0.7033197972851316, 86.97531324913356, -5.648422540990065, 92.47094278818896, 0.5294263239610384, 0.49738892419958686, 122.71094354997973, -82.29297461663883, 310.7008392995023]"
0.7114997606438473,11.385246546897715,1.0,0.2699099142544207,True,False,"[0.35101156092420505, 0.7220507631258317, 90.01996265940775, -11.26466414380294, 93.19769320278988, 0.46706574108880605, 0.5640420633914482, 121.84547451645471, -89.53400988361344, 314.28717182202075]"
0.7079422618406281,11.325607549160953,1.0,0.13679374559726631,True,False,"[0.41166241737553566, 0.7156570268487069, 88.36034552768419, -7.965165823131693, 93.32920760694836, 0.43874837147494555, 0.498970696766719, 124.48636624046826, -96.3949440264092, 311.8166360072917]"
0.704402550531425,11.420331589283872,0.8741753446187512,0.623174028027156,True,False,"[0.35943664079564897, 0.6465596951604469, 86.38637688537742, -4.417664961094097, 94.42127416585966, 0.4862271242055343, 0.48068476994910336, 126.65008856419371, -102.38911714443029, 309.2420649918381]"
0.7008805377787678,11.422769392307636,0.9965278414510499,0.1161059017514603,True,False,"[0.3231899870859732, 0.6964872469022663, 90.30230030982592, -7.985748895030678, 91.86732037892556, 0.4552711182433349, 0.5324211457165501, 128.68891767125092, -106.18920809455524, 306.5236819467145]"
0.697376135089874,11.503307014744653,0.8909324804075845,0.2519626106939493,True,False,"[0.26200759175179783, 0.7139292171265237, 86.53053435044166, -15.689361272476328, 88.82815454845276, 0.4484819268612764, 0.5435074486790369, 131.49198932141928, -100.96441122117706, 305.180548684245]"
0.6938892544144246,11.497371117316407,1.0,0.7794955972792507,True,False,"[0.29995194790247814, 0.7082707385026271, 83.57083446782357, -15.368960717134959, 90.77180539468692, 0.5252604726591847, 0.5531744983879455, 131.7284442829275, -94.98393344788997, 305.1417046023221]"
0.6904198081423525,11.583475317894733,0.8827503753074666,0.8054192522492325,True,False,"[0.2239247013093954, 0.7340996175623374, 84.92890122629454, -19.671056185791965, 92.1290577791107, 0.5821132698195163, 0.5418185764343146, 130.98488782587182, -100.5360756697514, 306.71461333348054]"
0.6869677091016407,11.515333321119709,1.0,0.4805124757972453,True,False,"[0.2772067830733608, 0.7915151279406212, 83.18589752918126, -13.655138381317656, 94.69017952139231, 0.6066939170663347, 0.4701479201492954, 131.99806165543365, -97.56415537661665, 303.1707821435762]"
0.6835328705561325,11.5776926621784,0.9128068899360435,0.9977732142911477,False,False,"[0.22311206220454594, 0.7237792401303476, 80.39128224991374, -8.461339402392463, 96.67173759787558, 0.6311543472564598, 0.5450036324819196, 134.18000145497555, -100.72448823544836, 305.34542116482953]"
0.6801152062033519,11.460443686001451,1.0,0.9185824262160641,True,False,"[0.3163722782889396, 0.8085961395827028, 80.96686334046926, -18.504250143065722, 98.18956251321794, 0.5655937433981771, 0.5172127935638956, 135.4093405070506, -91.38277144824974, 306.9154683627373]"
0.6767146301723351,11.396053157516281,1.0,0.5044194528096153,True,False,"[0.34252510651523027, 0.7849235773331323, 79.29790814340706, -10.62343935192827, 98.71727724556438, 0.48947124142515136, 0.5427503348139978, 134.79800878193674, -87.02719776416659, 307.2511255793823]"
0.6733310570214734,11.383683159471122,1.0,0.9278927353127685,True,False,"[0.35247886306257414, 0.8457495041117028, 82.69203250459637, -11.390686906025513, 97.00851419897099, 0.5400087553517277, 0.5079916175874684, 132.39897003123596, -85.51319984741679, 309.21170730441895]"
0.6699644017363661,11.526110776162081,0.8084876885174072,0.3611127220106829,True,False,"[0.28138893464873826, 0.8441929162470632, 81.82889303759481, -17.800387444129797, 99.41621452873035, 0.6054755102617542, 0.4948738255795004, 132.9178288439618, -78.86845651595921, 310.5471391852964]"
0.6666145797276842,11.61802964297189,0.8711953249956842,0.05267872368831583,True,False,"[0.2357971131908858, 0.8445076633577184, 83.49963062266764, -20.214863173884165, 98.57491290719162, 0.6471368006918476, 0.5434721175677713, 134.9971548909209, -79.91343520457534, 310.8372155726022]"
0.6632815068290459,11.490953326321106,1.0,0.23618378496908154,True,False,"[0.2979869954867921, 0.7657060900130871, 81.61782843967035, -22.969996459273716, 100.70286730935352, 0.5887203315247506, 0.5976852031960737, 138.1934802064882, -79.16531257113043, 314.02982490603796]"
0.6599650992949007,11.43276341980747,1.0,0.5426818117409146,True,False,"[0.32831179093177176, 0.8409680909591484, 84.20085882208996, -24.567305814209448, 98.97198949869043, 0.5869945030467121, 0.6567826975988345, 142.13008261963617, -79.14143062963028, 313.57772424813544]"
0.6566652737984262,11.377485861774417,1.0,0.95515956014502,True,False,"[0.36799580675451204, 0.839512899056436, 82.9349277036219, -28.042666605813352, 101.99245279959014, 0.5923722534540024, 0.6300859568455282, 141.3619210372764, -71.63875068890984, 315.6353923588334]"
0.6533819474294341,11.484005792080783,0.8495669084605021,0.014463149239817175,True,False,"[0.300016335872227, 0.8213937039912785, 81.05846271839286, -22.934967085790397, 105.60784615219443, 0.6066989227673416, 0.7034498062698017, 143.05189302186756, -64.02290291025706, 311.8206634083124]"
0.650115037692287,11.611924136678885,0.8213855824961688,0.08368886243661977,True,False,"[0.2257117941780462, 0.8300086077963753, 77.07028982125756, -18.188286055118418, 108.99430881805293, 0.6509359033784217, 0.7822061238296315, 139.7735232483413, -69.43263227556832, 312.5438843338505]"
0.6468644625038256,11.513521152452405,1.0,0.9062750973825138,True,False,"[0.2992561308331467, 0.8669727081535655, 77.81501502442475, -18.173853387221726, 108.91627561645899, 0.6750483571569944, 0.8183236138203209, 142.96039674252768, -71.64658115574132, 310.94863806189954]"
0.6436301401913065,11.591971290114767,0.8852484086217097,0.7053685371326318,True,False,"[0.28559297202943507, 0.8825461044826076, 75.83235115997968, -18.290192679582336, 112.88360845845443, 0.7001755898411537, 0.8458862226064414, 145.15649732399132, -73.99696085798647, 310.2283372284686]"
0.6404119894903499,11.637772748877326,0.9309788306070681,0.46683967473694044,True,False,"[0.2374547358985831, 0.8501368827453899, 75.2628771427699, -10.934985635992666, 110.59857592949461, 0.7509843072254245, 0.8496682568600465, 147.38679923331355, -73.52542891836332, 310.45623644782313]"
0.6372099295428982,11.78660578645222,0.7917022810871615,0.4546165583121887,True,False,"[0.17097386422488514, 0.8611620551374238, 74.34403834032607, -6.73371615966855, 114.49231062818168, 0.7123965384318053, 0.8898432203517921, 143.87441430179751, -75.24627304242114, 312.79160881328846]"
0.6340238798951837,11.750508019563945,1.0,0.930753138023464,True,False,"[0.1903801191277435, 0.8734384045196819, 71.4540318613707, -1.4359892705404604, 117.67332952304687, 0.6741583231811533, 0.858447509807686, 143.6820723758152, -73.17168144892126, 313.2389034633844]"
0.6308537604957078,11.688008050358007,1.0,0.7505614891960596,True,False,"[0.16180529595671211, 0.8226770114859256, 74.45847304718404, 1.9754224009321284, 115.29993267663586, 0.6153665467432948, 0.8038118635039778, 141.9829766054999, -79.17381646030245, 314.9460241232047]"
0.6276994916932294,11.559403053860935,1.0,0.327437700506229,True,False,"[0.22990238072282787, 0.8286525335116138, 77.61310569954799, 5.614324141250057, 113.86153327538409, 0.6472083722589453, 0.7447633376609271, 141.55647201264242, -72.20302308172386, 313.8111566640719]"
0.6245609942347632,11.644218541459276,0.8730170722885788,0.9855968645385401,False,False,"[0.16203569427339287, 0.7955231871978636, 79.09177092153439, 0.0389379382450894, 114.72118053579254, 0.656700095320229, 0.701049062462778, 143.1164881376454, -78.65993473427713, 316.6100560298391]"
0.6214381892635894,11.605290371709634,0.9288198119986665,0.8737921210940441,True,False,"[0.17349608170269512, 0.7851447644458611, 80.18965800891206, -0.34603617112945706, 112.75642926783014, 0.5799513174839326, 0.689899688325296, 139.63398237238763, -64.23390230897677, 316.17128082220574]"
0.6183309983172715,11.794474870063391,0.7364161396932427,0.14847434091077083,True,False,"[0.15163632289357326, 0.8623831463596165, 79.9006147518267, -8.12050971399504, 111.81797341960338, 0.5982318030312394, 0.7510870119308439, 135.90769006511647, -61.216282138576645, 315.4770557534893]"
0.6152393433256851,11.657912194810429,1.0,0.7698254484850415,True,False,"[0.19399260093101933, 0.8255019669487556, 78.18768909458055, -15.364518419595798, 108.32711083599645, 0.6523485212940943, 0.6958407228349707, 134.89394564547618, -57.65321999494461, 313.5225892319968]"
0.6121631466090567,11.593960065700294,1.0,0.10968946182267125,True,False,"[0.22008021165425948, 0.809553715020664, 80.00051903471584, -13.9069479768811, 107.98556952162534, 0.716761279743989, 0.7345132849583278, 132.7695629289667, -58.439905793334205, 317.07765554130367]"
0.6091023308760114,11.534718391681519,1.0,0.2652381031415417,True,False,"[0.19623567629708646, 0.7564957947381152, 83.91916233541767, -9.73990074947351, 109.34742078758988, 0.6799127955327705, 0.8097458359887894, 135.07502505680395, -56.11073011623257, 319.4460749248565]"
0.6060568192216313,11.53348993190756,1.0,0.44309981188869285,True,False,"[0.23909245980132918, 0.8220664782261374, 85.14882083300213, -14.620756640488848, 106.26696920050169, 0.6091764501616642, 0.7320510469924593, 133.34691360112964, -51.68614460059628, 316.5411241221368]"
0.6030265351255232,11.505046577451193,1.0,0.8833500437792539,True,False,"[0.2627034933686534, 0.852560295748242, 87.80032482181343, -11.127481766140166, 108.97577299428075, 0.6067640277794069, 0.7238823365547045, 130.28418678748193, -54.95456316335742, 319.3254549512215]"
0.6000114024498956,11.42662109919812,1.0,0.8833760870205273,True,False,"[0.3108937333350563, 0.8434260850827128, 89.02485662324008, -4.966345595652829, 105.76113044022766, 0.6436399841320646, 0.7890732988090953, 127.57142631756776, -59.90888010953864, 320.82159240280834]"
0.5970113454376461,11.415916605555672,1.0,0.1415754515538098,True,False,"[0.3710433399950166, 0.790338855517753, 88.47966014421574, -11.387767050776537, 107.98843913564963, 0.6625463861397105, 0.7698233420692762, 131.04802056541456, -59.07317939646251, 318.53792110929754]"
0.5940262887104579,11.385191346330371,1.0,0.19582786469100144,True,False,"[0.39693532877683846, 0.8586954595458869, 86.2680301313128, -17.568332484602685, 110.98810577933807, 0.6179580777656247, 0.8363705190872284, 132.34261725011356, -59.3779031158499, 315.4729082654056]"
0.5910561572669056,11.391600069474642,0.9892157387332265,0.6920652159888283,True,False,"[0.38142879042356115, 0.7925380097618284, 87.59217710937398, -21.080997132535707, 107.4522539211381, 0.6275678926131336, 0.8753480128361362, 135.5555182131392, -67.04742349123316, 315.73254797368816]"
0.5881008764805711,11.434933340243479,0.9289657599850011,0.9031308698739463,True,False,"[0.4090795890492764, 0.7527377149218726, 87.31359042876538, -14.719226405564504, 110.50269121114549, 0.6549883369096945, 0.8225755037802298, 135.78155737353333, -67.72656172209963, 312.87737554008027]"
0.5851603720981682,11.371886905591762,1.0,0.9374145623362644,True,False,"[0.3383913694757479, 0.7904471047282893, 90.74816949935284, -7.643803399937713, 111.02968224739898, 0.6674395500302857, 0.8707384908357181, 139.7436726460814, -65.17053900331555, 312.5997040973794]"
0.5822345702376773,11.326903576269409,1.0,0.7252138858202557,True,False,"[0.41655323875151345, 0.8397158683573132, 94.68638280866395, 0.3395499645251352, 109.00847406149127, 0.6666476936570938, 0.8663585250306046, 139.81938245419533, -70.72598578936645, 311.7169868228845]"
0.579323397386489,11.335650444770708,0.9850149887528568,0.48103107055031147,True,False,"[0.4151383879281829, 0.8439401745460777, 94.09399859988514, -4.418945167093824, 106.4055392194141, 0.7141409024099038, 0.7898226463576594, 137.97015754694243, -69.53305451608662, 313.27057407414236]"
0.5764267803995565,11.315284471453717,1.0,0.13698722381297757,True,False,"[0.4809075530783394, 0.854686700288417, 97.30044268167838, 2.9743255331419256, 106.03233279052064, 0.762915026279193, 0.7439562362089072, 138.85718639545567, -73.1624684970917, 316.08943280820415]"
0.5735446464975588,11.381244240502703,0.8913628262970297,0.8617010287311383,True,False,"[0.5338602537698244, 0.852967462848176, 96.88447778974721, 6.658010533041601, 107.33323948963708, 0.813943351435015, 0.7534159892488443, 137.3371084765178, -80.38247618267692, 314.6660388816185]"
0.5706769232650709,11.415544083215863,0.9416667982629366,0.045038727668866074,True,False,"[0.5971643719072268, 0.8302453262790965, 93.01993264488141, 3.674564699251924, 103.90438095131144, 0.7922430147100503, 0.6927775721786451, 139.94940841606942, -80.78346978277806, 314.424613560336]"
0.5678235386487456,11.420106911988041,0.9919965538031751,0.28980222997312033,True,False,"[0.5741324558771226, 0.8619213670999976, 91.85776400224928, 3.0825637847723364, 106.38862788516772, 0.7377527655669082, 0.7553986676177054, 141.5974493987318, -86.75436065845018, 313.1147623036162]"
0.5649844209555018,11.468964518842212,0.9171575374655856,0.3545340490144462,True,False,"[0.5469148333200229, 0.8133409915472035, 93.32472647800908, -4.332918109823952, 107.98516694936623, 0.7996643645208718, 0.7677496164442636, 140.21553461812698, -93.8164129034405, 313.1632132498164]"
0.5621594988507244,11.395929093901138,1.0,0.36562748832470127,True,False,"[0.523496838121272, 0.8567199064090413, 91.89961924589757, 0.02519351574612294, 110.84723454132022, 0.8432240433137973, 0.7660923232094909, 140.22617059732633, -90.234542845832, 314.93777829447754]"
0.5593487013564707,11.481398663227093,0.8582996957927852,0.16487468377500603,True,False,"[0.5313829136753004, 0.7891001046787416, 92.2079650626451, 2.8767344764275737, 113.57204067188817, 0.8236665934903489, 0.8089626253473591, 142.88796161162102, -91.61772288798396, 314.32553492357783]"
0.5565519578496884,11.489115778168925,0.9862297513327127,0.1638795041340767,True,False,"[0.5152056717646842, 0.750986006000812, 89.80947939251068, 10.73389368803082, 111.28514681701981, 0.7954120465153639, 0.8454576622690417, 144.72554039606746, -98.90986490562462, 312.5033015558048]"
0.5537691980604399,11.401805591320716,1.0,0.8453518709808849,True,False,"[0.572680854274876, 0.6788543239533475, 89.76954984463738, 4.96923314439748, 111.89650954327745, 0.7418509166906835, 0.8785127380113225, 148.22602670603197, -91.04212180931509, 312.80476474919226]"
0.5510003520701376,11.287879516327255,1.0,0.26563543368006926,True,False,"[0.5847943145775303, 0.6869183384660107, 90.06757154982988, 2.8679698353727865, 108.20753546197176, 0.6777728054686865, 0.9040839980475647, 148.88693337214585, -85.01415315785412, 310.3079805344364]"
0.5482453503097869,11.334026861058685,0.9192723946005655,0.8294523857517538,True,False,"[0.5109883310616508, 0.621935464461209, 88.22720727334892, 9.06785223854347, 107.14439233409175, 0.6736378143908449, 0.862154593103051, 150.20894340024583, -86.88884191069715, 307.96552196492013]"
0.545504123558238,11.415173826209404,0.8617794364825694,0.5780755332715776,True,False,"[0.568134500487694, 0.6271036471962255, 88.59681793612336, 3.349136055825179, 107.27954818592507, 0.7272884504214483, 0.7877284970668756, 146.4522930473855, -81.8232377142963, 305.14240141302884]"
0.5427766029404467,11.466770458360266,0.9093178907789361,0.8401047735715382,True,False,"[0.5296539066683842, 0.6386104844356342, 85.90384978940325, -1.5223997628793509, 111.18523117202746, 0.8027712565204308, 0.8596138698469233, 149.6744848267892, -79.28032575563986, 306.828795169176]"
0.5400627199257445,11.515653522260319,0.9134618381839626,0.20871075460049726,True,False,"[0.4546592342966771, 0.5703799857224244, 83.48990543065015, 5.30139491015183, 111.7075398559526, 0.810333439950752, 0.9076958453216104, 152.71374956991482, -71.53858855167255, 304.57522037353243]"
0.5373624063261158,11.438357274348675,1.0,0.1211798455026829,True,False,"[0.37720311009074736, 0.6214064945763573, 85.94140097740211, 10.287890811114883, 113.97109748833182, 0.7662981597283627, 0.829386695056934, 149.10061595719685, -66.4456096576606, 306.80527151480993]"
0.5346755942944852,11.433229263838495,1.0,0.9014759751287735,True,False,"[0.43457271293497673, 0.6678470179844777, 87.03812401606744, 7.363362120297873, 115.78983770583567, 0.763946170496865, 0.7866726301848347, 145.55723803152273, -64.2407244452612, 303.4642908639579]"
0.5320022163230128,11.376070072504032,1.0,0.5502283145114354,True,False,"[0.46200350918612765, 0.6092566372245521, 89.77610342893487, 12.0418104882755, 111.83737110203369, 0.7026266575892915, 0.8399593441931997, 142.20609762840385, -64.06894584839822, 307.3128425846838]"
0.5293422052413977,11.409014173769286,0.9396611719983521,0.44497776270339506,True,False,"[0.42600481385384337, 0.6492591317427815, 93.77463311059284, 12.243957777868586, 110.34385176573281, 0.7172103584353358, 0.7773466084173776, 143.08813903349554, -67.7832504006958, 304.9852471455806]"
0.5266954942151908,11.439037383359224,0.9445912600990269,0.7365105251254854,True,False,"[0.408901439426498, 0.5873969184896884, 91.24368160398124, 9.453719098134922, 108.2515703069803, 0.7284607885641206, 0.7151496532226349, 142.48451480146647, -72.38139974516835, 306.07228811869044]"
0.5240620167441148,11.44370919761649,0.9911249964263509,0.7708198106889806,True,False,"[0.3315346742646393, 0.6309094893201939, 93.40895899398579, 3.2118471600920646, 109.76935946033419, 0.7044612405317887, 0.6746305946829563, 141.04619441417321, -76.5859141775304, 309.8206259113181]"
0.5214417066603942,11.466407259108855,0.9574043750196211,0.8711372458321401,True,False,"[0.2614572820535343, 0.6909268547656784, 91.52749718080416, 8.478222083792113, 108.10164268507445, 0.7719486460289255, 0.7439300295413962, 144.52759137597542, -73.42122844699328, 308.61001115126044]"
0.5188344981270923,11.43721120153974,1.0,0.4659175135502084,True,False,"[0.2984633105657908, 0.7492116962555729, 91.14226082300235, 6.772482503937384, 108.29356831948489, 0.7276101832960526, 0.6823346090273162, 142.0402175595157, -69.91920517156704, 311.6044987843717]"
0.5162403256364568,11.467486273061844,0.9430412015279429,0.5007847149457224,True,False,"[0.2654118756829233, 0.7644692379194514, 94.94149896504099, 11.654119958758656, 111.48086668876562, 0.7878144649934166, 0.6967062262036665, 139.98793333333606, -76.75665819720453, 310.0012268464318]"
0.5136591240082745,11.389582806992156,1.0,0.41471899709610716,True,False,"[0.3376351834563832, 0.8386986137605588, 93.02425720464203, 15.231073926825083, 108.71069729887432, 0.7236260688686638, 0.7685167333166533, 138.74184307233514, -73.23347570982521, 312.87021358575936]"
0.5110908283882332,11.486673507852737,0.8269859233071106,0.47217958200101373,True,False,"[0.2868878905448866, 0.8656563860956771, 90.67465660361226, 16.854684227740684, 109.23081098531176, 0.7606912869599776, 0.8007760555887473, 138.59212811177014, -75.92445662288748, 313.1359724202932]"
0.508535374246292,11.456654119162957,1.0,0.7452821199770481,True,False,"[0.26567987594049686, 0.8068218605177193, 93.2161093521365, 12.905285917962754, 111.52582803079679, 0.6846739160229175, 0.7851615422082002, 135.81046663521278, -80.95411069782796, 314.0441910340183]"
0.5059926973750606,11.517911852302344,0.8859768468655936,0.07092232975470292,True,False,"[0.2314923474709726, 0.8472583205601241, 91.52076416327826, 16.54065603826912, 109.46174043135699, 0.643831854884885, 0.7256422040238562, 139.42004647434462, -79.01235061196012, 313.95597151958447]"
0.5034627338881853,11.475117788024427,1.0,0.6655040801683948,True,False,"[0.27838387077191373, 0.8440435544359585, 87.85393574171273, 8.864476647494127, 109.63123250714538, 0.6630535479682862, 0.746089903115578, 135.84954449557438, -86.34970669214225, 315.9371909506454]"
0.5009454202187443,11.5550198927239,0.8525677375845601,0.346293450259321,True,False,"[0.20743735325111648, 0.8356350107124979, 91.77393177958454, 10.906351749494526, 112.8301715052038, 0.7104294210193232, 0.7949197411731587, 137.60416345449184, -91.10206442015263, 314.83013466765755]"
0.4984406931176506,11.575780209804531,0.9592049391288827,0.7554249899578238,True,False,"[0.1920950650587216, 0.7796024013480276, 93.62901056749773, 18.15023246398424, 110.17001776854788, 0.7592318692662395, 0.8471326513913291, 134.72396449999658, -96.70021312462568, 318.62121544772754]"
0.49594848965206234,11.713501823188512,0.757529057961355,0.5672958602362452,True,False,"[0.18944784690078587, 0.8344725769398419, 95.85177069013784, 19.550638833998757, 112.40780783123424, 0.8291476955071275, 0.8917165358619705, 132.34902529431014, -95.89250647521558, 319.92367086044146]"
0.493468747203802,11.679642453478408,1.0,0.20349032672237333,True,False,"[0.24820359939336412, 0.8557056908257453, 93.89518633976931, 23.33500842219342, 111.91680788305116, 0.8073223948295387, 0.9063051725850022, 132.30700223831022, -99.59679328787169, 321.2910516062352]"
0.491001403467783,11.540507565035973,1.0,0.12350609548884373,True,False,"[0.27779805860291534, 0.8086287533093885, 95.93689562067776, 21.360706029786613, 115.56218338967493, 0.8339812042477232, 0.8279046760105152, 133.10997006656268, -92.17052668747402, 323.7490989086109]"
0.48854639645044406,11.522103850260933,1.0,0.79332202232948,True,False,"[0.3516217699467133, 0.7359941975555981, 92.68438970525966, 28.045497326253027, 118.94954242317293, 0.839836411009582, 0.7965449270070993, 133.68011837383068, -97.09232264262901, 324.3549660999845]"
0.48610366446819187,11.533372629268325,0.9770847912342743,0.14395863643524553,True,False,"[0.2724911873818522, 0.7963609597561598, 91.82118692618636, 22.741358506632814, 117.55307732538556, 0.8366521176016619, 0.7510011277211556, 136.82823203297548, -97.38105512226488, 324.5501868589743]"
0.4836731461458509,11.529114334925687,1.0,0.9210153862124396,True,False,"[0.27803934872413494, 0.8122486984672702, 88.13463227599955, 27.43841447022556, 114.3825493101663, 0.7802372423841155, 0.823003405063853, 138.3165246821615, -98.29511404284673, 324.4261836852107]"
0.48125478041512165,11.537558247762277,0.9826074094478404,0.04492067680922929,True,False,"[0.24465096822366175, 0.7894971779930985, 88.84679898649107, 31.6382862794208, 116.43696956076664, 0.744702801495989, 0.8435090067066261, 137.98553742551903, -95.17483710339003, 326.29262162594677]"
0.47884850651304606,11.579244329463279,0.9166268234107915,0.29062757620848045,True,False,"[0.20952037507498875, 0.8596277814977584, 92.22365043876803, 28.677577913663956, 117.5457153153929, 0.6863615788511228, 0.870652662965141, 135.33126565875938, -103.0659637538286, 323.2620403123339]"
0.47645426398048085,11.574798396982294,1.0,0.3588064916036392,True,False,"[0.21201469605649476, 0.7933093878376603, 91.66543401172912, 24.15189112854767, 115.61834698637914, 0.7422156377423073, 0.8778027827078052, 136.04774128778314, -104.52996505643281, 320.54706653929605]"
0.4740719926605784,11.522103015129705,1.0,0.7622724913239084,True,False,"[0.204749938740155, 0.7443443425549969, 90.16772121098732, 23.54641260331089, 113.05493787318707, 0.7040592992747338, 0.8935179427815048, 136.5748245059682, -98.6681705974592, 323.95655532228585]"
0.47170163269727555,11.605418870018553,0.8380912497728101,0.9518935152708632,False,False,"[0.15664424568136173, 0.6809824233242899, 90.42946596949331, 18.334611933375875, 115.59533609130841, 0.7726189785744161, 0.8643246752873092, 137.4643381251479, -101.75324245330103, 322.7790175700912]"
0.4693431245337892,11.584001851587056,0.8764426792732637,0.8716701962003379,True,False,"[0.2015579623704339, 0.6871601177012137, 86.41638647818725, 21.900948553206533, 116.96817020168038, 0.7690575039684304, 0.834619049757555, 134.74461201153525, -104.98131946750794, 320.2053622490892]"
0.4669964089111202,11.566122187281328,1.0,0.31269291667929,True,False,"[0.26071192355934164, 0.6463899489810191, 88.12535897329474, 24.174226950826032, 118.60247278607784, 0.754525966802098, 0.9041111881487387, 137.8993445694186, -108.49639377526773, 322.6870375346052]"
0.4646614268665646,11.558586891476798,1.0,0.06924005690586499,True,False,"[0.3015850762580354, 0.6350438609267606, 86.2532778578777, 30.866315227892585, 116.26711100075568, 0.7743083988508911, 0.8865137485731528, 137.61556943071437, -102.76190021295628, 322.5181920506425]"
0.46233811973223177,11.566681134436088,0.9826451669078651,0.9617690677253983,True,False,"[0.2361974038231847, 0.6007050708081536, 89.14409481666003, 35.4649534422686, 113.98698314438938, 0.7575556648711705, 0.8881247255140687, 138.2107550964726, -104.27223584455885, 323.15485232518586]"
0.4600264291335706,11.59440175334584,0.9415208808266191,0.33441121796525586,True,False,"[0.18096319187159426, 0.6196573036482228, 88.64364330427884, 39.76051008775407, 113.79879606764004, 0.7370073541223174, 0.843526524493344, 135.54887317309928, -105.12717300288155, 326.4185051656818]"
0.45772629698790274,11.602121759244348,0.9832754472320209,0.9391513090173372,True,False,"[0.14150662942590608, 0.5770117183819726, 90.34325463916433, 39.05827297122544, 115.39082749342317, 0.6666945271429258, 0.7851540589094044, 132.9363441051419, -102.22961259521324, 322.54711525332135]"
0.4554376655029632,11.601690825596226,1.0,0.808742602583258,True,False,"[0.2137054607388768, 0.6519996648654186, 91.45282982034033, 45.47216784330942, 112.80447372806951, 0.6068615112323055, 0.710381147901136, 132.4336988678079, -109.5281226067842, 319.7405348472885]"
0.4531604771754484,11.613390942114705,0.974511532996877,0.5840325647859334,True,False,"[0.18654414551252174, 0.6078905217677834, 87.81940053330597, 37.76388718201138, 110.93649597721702, 0.6353383573855718, 0.6503385838404918, 131.64881841917594, -104.56960355126827, 319.09106479079384]"
0.4508946747895711,11.567479542877779,1.0,0.4559994638193252,True,False,"[0.22317137097072015, 0.5751965674079037, 88.98902781871962, 30.314519033937422, 107.6271792770941, 0.6099295432274507, 0.6247780094022065, 128.5596583331263, -97.2168753142321, 322.9693159169302]"
0.4486402014156233,11.575196423506277,0.9829464858352329,0.9987110781094813,False,False,"[0.19223714853178803, 0.6266692805062799, 90.02100340909183, 27.033063155840196, 104.3043498627824, 0.6629603180224429, 0.6154512417786658, 132.20874793077917, -104.0748347095198, 320.6891853694055]"
0.44639700040854513,11.586199041706237,0.9589324515155466,0.7684834064172796,True,False,"[0.17414276565765358, 0.6447857937848829, 88.9466568924345, 23.491837107583123, 105.02491101073922, 0.676410108633427, 0.5938770300009827, 125.79151354878815, -91.05840715017916, 323.5724277175509]"
0.4441650154065024,11.579137480338236,1.0,0.58405274934879,True,False,"[0.18283439199520837, 0.6368671989484891, 85.78702042309901, 18.17246157123759, 105.81508992829791, 0.5980384114823464, 0.5882140146253149, 127.90502468708388, -86.57295964938254, 324.0356529940633]"
0.44194419032946985,11.563855785364327,1.0,0.9264672426872482,True,False,"[0.21650070591745874, 0.580894111122585, 88.63418323172418, 25.833128313635573, 104.45116129062063, 0.5957720531934714, 0.592441384672636, 128.6527936732218, -90.6603437052478, 324.06834856731024]"
0.4397344693778225,11.519814340583707,1.0,0.31811791676339474,True,False,"[0.19268460595249878, 0.5263939962688617, 91.3005251980349, 24.52021676286582, 104.14217046454006, 0.605146331405743, 0.6514796787364466, 131.23346523561966, -85.5991607206121, 320.59979749980005]"
0.43753579703093337,11.48812432452243,1.0,0.4049538074724457,True,False,"[0.26503945436747844, 0.5796811009076064, 94.27607074114913, 19.83587048900136, 103.17019642937223, 0.5717040981678109, 0.6736253837110977, 132.01275859852126, -83.42325365371335, 323.7071682441012]"
0.4353481180457787,11.491612992855384,0.9920185083938786,0.7881252048764967,True,False,"[0.2361749447374313, 0.5583389775990504, 91.18325757293486, 24.176561417653467, 101.12166183415022, 0.5583451437931057, 0.7202650601165363, 128.2593947872896, -88.25108082886894, 322.27813763837725]"
0.43317137745554984,11.531053560637023,0.9129713996402512,0.6935795542078382,True,False,"[0.1623243837186733, 0.49261436830574645, 94.80188378538341, 27.48529487295096, 100.77154916292575, 0.6285355118476514, 0.6861774486599966, 125.66539973251066, -89.51554550587406, 322.0746489137761]"
0.43100552056827207,11.46398376486521,1.0,0.6331463207498623,True,False,"[0.19262963526842136, 0.5118356307250183, 93.1904918805779, 23.4554664532086, 99.8614946499054, 0.5948639655815116, 0.7586806172937872, 128.39376689542584, -83.3163273281262, 325.3838213070244]"
0.4288504929654307,11.452011384631394,1.0,0.9085272005120444,True,False,"[0.18683837297233968, 0.44449468247164586, 96.58261763669739, 18.86710179084838, 99.60074815460423, 0.5963265852595926, 0.7040947661183343, 131.36640078646334, -80.42368975341826, 322.23802266706315]"
0.4267062405006036,11.430576486408857,1.0,0.5500840019108686,True,False,"[0.20594396543928772, 0.4445711182604106, 95.99894685107162, 21.440834022568858, 103.2631008379526, 0.6109403071178512, 0.7387961218183717, 132.79792835235386, -77.0010844755405, 318.3791731560461]"
0.42457270929810054,11.458626650243847,0.9360683249800613,0.3874923981139159,True,False,"[0.17874582000515774, 0.46932322413684835, 98.30334331033723, 22.254343012089322, 102.52662433326111, 0.5794430269603696, 0.6632200559586172, 135.99265386786985, -70.8869562680269, 316.98192134963034]"
0.42244984575161004,11.420309397130104,1.0,0.23034538532938031,True,False,"[0.2508039876721282, 0.45486062399616595, 98.8053985559664, 26.618644052680224, 102.64648796258024, 0.5439696946618738, 0.6759977352108386, 137.91934716017857, -70.38295515728616, 319.6283993813886]"
0.42033759652285196,11.437831501293543,0.9591711157866238,0.34854329851007515,True,False,"[0.26791865578877405, 0.45652537530834025, 100.95817150580183, 31.087651542117747, 101.63817825224658, 0.5223968651749152, 0.6288406729489957, 139.71545232446718, -73.01891929698857, 322.10648845516016]"
0.4182359085402377,11.416454256356104,1.0,0.77905508127453,True,False,"[0.24754193113001255, 0.47967979299827895, 102.61473893584353, 27.502566223875554, 104.2947768377128, 0.45971447369619645, 0.6728234854843874, 143.2749551686491, -79.48151047276619, 322.8751021990485]"
0.41614472899753646,11.48659908358438,0.8448816416320442,0.44852408224914897,True,False,"[0.2441997466798754, 0.5523103762370737, 105.06517685484759, 31.761396205370538, 106.3569412250397, 0.4647321570118403, 0.6550843137057066, 141.2042481534311, -78.20475917567771, 321.62092984444627]"
0.4140640053525488,11.51735772802443,0.9284072847818885,0.22349846996272482,True,False,"[0.21586769931963523, 0.6135736717274012, 108.21893069122986, 35.22807541986559, 109.24397033297937, 0.4819420137405425, 0.6090725697030781, 139.51855428612512, -71.29311448609008, 322.1231457378814]"
0.411993685325786,11.544564309300362,0.9360967863985767,0.41239064615831833,True,False,"[0.24919570764810156, 0.6713560046857366, 106.25606246666105, 29.16262218641399, 107.777027118718, 0.45522029749468884, 0.6015233358190689, 139.05102009170858, -77.40342064181996, 319.9206798967343]"
0.4099337168991571,11.530944814044119,1.0,0.3863314836263364,True,False,"[0.22314876055838362, 0.6870320461776926, 102.9199754604052, 22.218465672154334, 109.62242954208486, 0.46905221245906537, 0.6740013149019856, 141.04711464715024, -77.39197916147417, 317.93399535959236]"
0.4078840483146613,11.478264567436415,1.0,0.7439836678275804,True,False,"[0.1748392536386873, 0.615207150270007, 106.39352588240384, 23.646609763934354, 110.45502776810343, 0.5406933170465588, 0.6471341570282511, 138.5824365351013, -79.48076926050126, 320.5744830391371]"
0.40584462807308797,11.488123751813477,0.9759996979579355,0.3198919900796541,True,False,"[0.13199037694386678, 0.6521851847317661, 108.5451221085491, 17.443520816068336, 113.98091383178895, 0.5729187721964176, 0.6721729248591927, 140.55904605062506, -73.24457933034304, 321.88778246290894]"
0.4038154049327225,11.469078380042951,1.0,0.8617002654446997,True,False,"[0.16247198300115967, 0.6739163278090433, 105.26320830288752, 19.18919874444704, 115.51127451990833, 0.6460196101402134, 0.6517316172010601, 139.65645965849404, -68.25818545128806, 322.72859816290935]"
0.40179632790805886,11.449928291290949,1.0,0.8648506129793059,True,False,"[0.18436766817097544, 0.6258766194668781, 105.10878965430277, 13.804590170406513, 116.40906329531376, 0.6993825001181886, 0.5809186059880109, 139.37414676605465, -67.69271908738408, 320.12321092542714]"
0.3997873462685186,11.48913653823907,0.90658294181166,0.9960510838221835,False,False,"[0.14695904626620504, 0.6564006438435392, 102.9967682743126, 16.443077470520777, 119.18916662112429, 0.6613368987762731, 0.5838749185903137, 138.0582721125335, -61.25174727034411, 318.0755634398739]"
0.397788409537176,11.418674468536867,1.0,0.11845174713590889,True,False,"[0.2519063553817226, 0.6250935727462578, 106.08801853520406, 17.437250424879984, 116.48076525231487, 0.6917381120656848, 0.5906173484400528, 141.3443373896568, -64.3844788127474, 321.71787381766546]"
0.3957994674894901,11.419468658344666,0.9979954658445226,0.7868470633212594,True,False,"[0.25516506354386587, 0.5751536001908104, 105.46257681617057, 21.809149658056178, 116.22303036684664, 0.6885649216655084, 0.5645667436255047, 144.11560305547368, -61.10296381964154, 319.7539276121285]"
0.39382047015204263,11.41694609735347,1.0,0.5609488164257634,True,False,"[0.27862791754263727, 0.6173357474176148, 104.35280412597054, 17.503761829650323, 114.45205328464586, 0.728549423664071, 0.6081309877271424, 141.18063579069715, -59.69802364575032, 319.08852105114715]"
0.39185136780128244,11.428629443618604,0.9706243450857833,0.6115154204462399,True,False,"[0.22237903047370441, 0.6636199216727201, 106.05367938049604, 20.34298428529705, 116.0576902177446, 0.7094747992988802, 0.5875328598350168, 144.65630478746732, -66.1283207140062, 315.5299288306126]"
0.389892110962276,11.436275812467574,0.9805795551899049,0.8340858421345981,True,False,"[0.19040808822336636, 0.603446203263352, 110.0084146492304, 13.685758791569878, 113.96224151963638, 0.7872204430727501, 0.611193035799102, 147.0020992609249, -73.84557306726042, 311.8120161804702]"
0.3879426504074646,11.470013365071118,0.9167088963071401,0.0676215006194768,True,False,"[0.16731175552640312, 0.6564047443940433, 110.5942319688431, 8.29409823114982, 111.33722888864528, 0.8260549643185912, 0.5943698557975309, 144.94164925973675, -79.287456119439, 309.4039017391969]"
0.3860029371554273,11.451233275592857,1.0,0.6594496023924266,True,False,"[0.216215070237594, 0.6693669735440019, 106.69014454578516, 4.809042830542596, 108.51514708691985, 0.7842924665161171, 0.6383479003285253, 144.68888431224556, -84.25273792611469, 307.965047960433]"
0.38407292246965014,11.454564954020963,0.9913629171931932,0.33123956470182825,True,False,"[0.19125434271806818, 0.6087292351258692, 105.4144914705876, -1.6488540635806057, 105.51943389756197, 0.7348578598284351, 0.603653219464159, 145.59645044475815, -86.63897839057627, 309.13761402796604]"
0.3821525578573019,11.445814553698181,1.0,0.34311573469500545,True,False,"[0.2516306327653099, 0.5522403452403785, 101.71703650687923, -0.294544549341472, 106.14195285024753, 0.748325041115648, 0.6693724589312052, 142.4856901963491, -87.84607304506, 309.80372595956135]"
0.38024179506801536,11.455649352002352,0.974467032810683,0.8298100820465522,True,False,"[0.29128338381692265, 0.5215339513521823, 97.78918032355477, -5.648765103556039, 102.88718042789381, 0.6827903590000783, 0.6022914377556745, 146.46603762149832, -95.0171200842381, 310.4317740534965]"
0.3783405860926753,11.447427090339737,1.0,0.39009539106955415,True,False,"[0.21917388621079958, 0.4567780831004583, 97.81454494097221, -7.726409636061776, 106.13193794305302, 0.6125367604624088, 0.6683807611752574, 142.77869161504077, -98.39194307265781, 309.96812289442624]"
0.3764488831622119,11.466626655550495,0.9502769737608766,0.4474700835322538,True,False,"[0.19786956430812538, 0.49807927422007864, 101.61841508903865, -7.987512941511088, 104.4198413133567, 0.6036831952003999, 0.6073453543428492, 141.09064529900328, -93.33854410699304, 312.49857260828577]"
0.37456663874640084,11.484119359162875,0.9543725416213387,0.9096893393806764,True,False,"[0.16709259730289017, 0.4499799204410387, 103.36040935755999, -10.605702620110293, 107.42222600033374, 0.6569614071338915, 0.5528342156456917, 139.82025400095972, -99.76347431928752, 313.4300797985281]"
0.37269380555266884,11.474337308860871,1.0,0.32956585215845935,True,False,"[0.2433568087527359, 0.38332783057118736, 100.95507899783449, -10.52230617896138, 111.14205043839543, 0.7242560932290821, 0.5214177749878108, 136.32608927303284, -99.64402461400229, 316.4179899845494]"
0.3708303365249055,11.497596471006155,0.9392046837206922,0.00636380501468603,True,False,"[0.2687756135507622, 0.3732795533016325, 98.2260022246557, -8.614539277972876, 110.1744363117495, 0.7577126465631204, 0.5295724851836804, 134.426864300068, -107.30475967850103, 315.89161845500735]"
0.36897618484228095,11.510768266723074,0.9649314395111905,0.6828704290769936,True,False,"[0.2746380294437565, 0.348837072547108, 95.36067856977368, -3.5848817608219417, 108.71576608028576, 0.8115111215102843, 0.6037778180153383, 133.5785497988458, -107.37579667923038, 318.0009117710103]"
0.36713130391806953,11.500613125464916,1.0,0.07710943765495137,True,False,"[0.3480936211398306, 0.3339304367906516, 97.23125834372026, -10.860356227350351, 112.36553595072046, 0.7490573392814636, 0.5325903760612001, 136.8987787385549, -115.3004548125671, 318.97946192831347]"
0.3652956473984792,11.516136729932295,0.9583942974230826,0.24073220963135677,True,False,"[0.2758399151025963, 0.32238253978681836, 97.03498311300999, -11.20822194237988, 111.66048896939758, 0.7221080228047914, 0.5225276984436946, 133.64379519699156, -118.34835522062517, 319.83606997020354]"
0.3634691691614868,11.51902971552967,0.9920722219223468,0.9768847950194609,True,False,"[0.31370857090444043, 0.27006281352401923, 96.45653926421373, -15.279682948505318, 109.55809193428281, 0.6806251570865107, 0.4515294796233615, 134.18783540751514, -115.89607788336005, 318.465521611457]"
0.36165182331567935,11.552701206146052,0.9110980879578934,0.5462977778090548,True,False,"[0.24829202621933144, 0.3431412715480399, 96.01334378905186, -13.348681155602897, 111.70635358666628, 0.6118563682036606, 0.38187760040858804, 135.1101911719983, -118.43382940731391, 321.842140867207]"
0.35984356419910096,11.571992504423285,0.947801453726563,0.682139995074048,True,False,"[0.17552814524730792, 0.37576135642912484, 95.6364568851986, -11.295290075131382, 111.47742946715863, 0.6913319221910833, 0.42761551673362064, 132.85980000665927, -124.14107338191687, 319.55543000435205]"
0.35804434637810545,11.549311640374812,1.0,0.6392905485964421,True,False,"[0.19168606436301994, 0.37901820545475984, 97.82114905403226, -8.729610517891796, 107.90736561065762, 0.7690912829682527, 0.46657689102467076, 135.62440190106253, -123.85844394377389, 320.6454747802963]"
0.3562541246462149,11.526305536553359,1.0,0.19404013443959367,True,False,"[0.20231898782772825, 0.3172428834354193, 99.02185590617229, -11.526064138962981, 104.78260051342421, 0.6914535417173009, 0.5333254166804021, 133.73835700282248, -121.74375582988206, 318.5682091075837]"
0.35447285402298384,11.539883682325746,0.9624191868994425,0.8273073660837805,True,False,"[0.16997774585312986, 0.38304243007403577, 99.01859135579262, -13.423466413925556, 107.24768160636481, 0.6138091839267837, 0.565549930393654, 133.52248704031808, -119.96566606798598, 314.64742557854316]"
0.35270048975286894,11.594570984700349,0.8563697077386777,0.09355953615463508,True,False,"[0.12343660894519998, 0.41034377028571584, 100.32478391997233, -12.383063803093707, 107.41062983187035, 0.6114695954295478, 0.5384363512160333, 134.64640031432432, -121.06042611864974, 314.55622364833243]"
0.3509369873041046,11.539003374722942,1.0,0.5824444825238956,True,False,"[0.14293147850465893, 0.33328494709863166, 104.32398940526083, -7.28274471953382, 110.70422438315497, 0.6064656329757739, 0.5735181006652547, 133.09350991996678, -126.73368250946157, 315.7371394807808]"
0.3491823023675841,11.509485548671474,1.0,0.06919452364049905,True,False,"[0.16245310851508843, 0.3381870061186037, 107.72764742254509, -0.8976661403980408, 108.71289519580309, 0.6062813998148904, 0.5866376332948354, 134.49429101072406, -127.24527306885555, 314.2742304727677]"
0.3474363908557462,11.544506669627747,0.9041150534502073,0.4469814906063172,True,False,"[0.1347287304501103, 0.3903252351712613, 110.08508676042834, 4.996268028032636, 111.15359759502728, 0.5331233288039888, 0.5620110387956079, 135.6317579894576, -127.27277713961132, 314.388085081022]"
0.34569920890146744,11.467965255365623,1.0,0.03375966317651824,True,False,"[0.18528411869506695, 0.37313006508020036, 108.17966698963224, 9.288858255360616, 112.38214553112685, 0.5485201568671209, 0.609255826225245, 138.12664804807264, -119.98614054157387, 315.9937624539849]"
0.34397071285696007,11.47389206583122,0.982917030127814,0.33973325275183963,True,False,"[0.15663278192328772, 0.31231502765240815, 105.41282794239677, 8.786397309562858, 112.30892761697127, 0.5287556236615747, 0.6603014937075596, 134.32257324957828, -123.93127479016107, 314.0207713533458]"
0.3422508592926753,11.479054055399665,0.9850306971717324,0.7818915282800436,True,False,"[0.17986322277316763, 0.2845918098066932, 109.40178182659554, 7.099520751763597, 114.69937353534907, 0.557610616489374, 0.616721858743441, 131.7081229205185, -127.49018754397636, 315.52043889410936]"
0.3405396049962119,11.50503443177081,0.9265458093845254,0.7978253492114744,True,False,"[0.1841674321022096, 0.2442385833918554, 106.69011202684094, 12.88056149381275, 115.15994315777318, 0.535379947083077, 0.592450911262337, 129.9403581975827, -132.0856079226849, 312.259345457627]"
0.3388369069712308,11.511867322712138,0.9800362460731847,0.7262509240283416,True,False,"[0.17280191196746475, 0.17792608903353702, 108.04726214279236, 14.607324185925926, 115.25095394000245, 0.561830610268725, 0.5181286348451338, 127.92516549284407, -129.7358685935074, 313.7319138690882]"
0.33714272243637466,11.528383014445083,0.952193278831398,0.8068736597259595,True,False,"[0.18348613616714038, 0.16098227740642707, 106.13109579909342, 19.803497118052988, 113.10418186798846, 0.4945694410478516, 0.5072100547416214, 130.30863890839714, -137.56884435303274, 310.3962024523849]"
0.33545700882419277,11.520503884603649,1.0,0.021040191375474193,True,False,"[0.19078666428836824, 0.12223903111704561, 104.38275513828461, 22.529941593585605, 109.1856736239864, 0.5199001497675653, 0.5235500893633274, 126.9410829180914, -136.58206993134726, 308.3816395814442]"
0.3337797237800718,11.483687276551375,1.0,0.31838058653875034,True,False,"[0.2594113339122975, 0.187535069815111, 107.2056566414135, 24.96360782232498, 107.28837291347212, 0.45754805043366464, 0.5781635455455071, 126.91379454605763, -131.87734974785263, 310.9216100423578]"
0.33211082516117146,11.523557907865907,0.8868741510663025,0.9467998945639823,False,False,"[0.19654309350714896, 0.22183546169667828, 103.51699327051551, 26.741354289399048, 108.89059951869422, 0.4663258917607998, 0.5758040871936971, 125.04130364368552, -128.4370531804879, 309.653546987715]"
0.3304502710353656,11.47925863442726,1.0,0.10491450096779131,True,False,"[0.3195872507339227, 0.24716968376607928, 103.77538183867969, 19.823182971988356, 108.53722378753034, 0.4040552654225078, 0.5006420259369778, 126.30798627908453, -138.17095430832958, 309.7821983451201]"
0.3287980196801888,11.624229740227145,0.6434491058059573,0.7328807840025734,False,False,"[0.2734342912415865, 0.2613741406291189, 104.03047423304172, 23.878436305729416, 110.65369050159524, 0.4835725242127034, 0.4424266869013758, 126.23302582988312, -137.68774521621387, 310.12135618060097]"
0.32715402958178785,11.438433045554879,1.0,0.9849404060794786,True,False,"[0.378574110061714, 0.17587117415965164, 107.2001328621215, 15.506696211149192, 109.85164750562193, 0.4321398630466926, 0.4420024206671703, 129.47278851428723, -140.17061206474793, 309.16730526551123]"
0.3255182594338789,11.429045002422052,1.0,0.12861299382739955,True,False,"[0.39454370987096654, 0.1389600166680336, 104.75244845880647, 11.339605114158955, 106.73637486607714, 0.4841901337308171, 0.44964878764376337, 130.54575755457142, -135.148991987231, 310.5551131038917]"
0.3238906681367095,11.430464834192271,0.9956259182164503,0.4646965927665684,True,False,"[0.4220109553763789, 0.1347644225428609, 104.1727750602076, 13.180718101196689, 106.99195927961937, 0.4258413914409902, 0.4695292223883535, 131.03161418039406, -140.02914546555985, 312.9578940447979]"
0.322271214796026,11.43000635618124,1.0,0.6324816966854538,True,False,"[0.41753116262478207, 0.1502199709078684, 108.13928201984118, 14.055626072077173, 110.57968479817694, 0.4064002888832306, 0.49743154734375017, 130.125430514213, -137.9630152791455, 315.89332332610064]"
0.3206598587220459,11.412463928586426,1.0,0.9307788366228906,True,False,"[0.4509688121964058, 0.11633620174333292, 104.66497763565012, 19.231423488807046, 113.87275118980851, 0.33542570404348826, 0.5337776368492849, 133.94118529070417, -131.5816666451185, 318.9830291562028]"
0.31905655942843564,11.47295079220087,0.8273062157751366,0.8748818718915605,False,False,"[0.4784916681801025, 0.1772578929779885, 106.7222154603319, 20.969231945279617, 116.05586358802069, 0.2742139169244028, 0.5633631820592218, 130.23377615145895, -131.1282400756708, 315.3238276286611]"
0.3174612766312935,11.44359445261827,0.9065937318391574,0.43311727134923506,True,False,"[0.5217176817440717, 0.1541522271930661, 101.49634815386644, 24.268648708555624, 112.33304443126984, 0.3460422148269506, 0.4859195054279584, 132.57874833487497, -129.61436551419857, 314.9929281078967]"
0.315873970248137,11.419845113903834,1.0,0.24831070892121543,True,False,"[0.5188309931499293, 0.12306073650539658, 103.15354422412237, 16.85933444407475, 110.51117063461787, 0.3298001002479547, 0.5036300598392707, 134.07585259342412, -127.69533881742649, 311.62092712076384]"
0.31429460039689633,11.407801954792497,1.0,0.38146384874692174,True,False,"[0.5239958189733865, 0.19727009489530412, 104.01992059208564, 18.246059241109485, 113.19069481372172, 0.3989113476230664, 0.48289471752797364, 132.94103259342538, -122.31071483536307, 311.78767400982883]"
0.31272312739491187,11.386649968805244,1.0,0.41776808561031276,True,False,"[0.4786217784176543, 0.1799881624064251, 102.65960652436347, 23.206615294182384, 110.03519152981615, 0.4189244039891954, 0.4542844020174023, 130.35438159926912, -118.61406290078617, 312.55750450369305]"
0.3111595117579373,11.392399747501369,0.9816911250149342,0.7987448725633632,True,False,"[0.4663800930881127, 0.17579300021647298, 105.9527531452877, 27.77046979169563, 112.381152633864, 0.3867759290903481, 0.4809838953989882, 131.47746702658856, -116.26447473205418, 309.98190146526485]"
0.3096037141991476,11.370100147783255,1.0,0.7929488777308402,True,False,"[0.4277589412026531, 0.17949764242535626, 105.49627520603546, 25.977690302848096, 114.00711007819729, 0.4537792285239125, 0.43709214558573894, 133.1292499044322, -120.51283733795931, 312.31772605640975]"
0.3080556956281519,11.371246706279724,0.9962849982707799,0.592598949520889,True,False,"[0.45333715575390454, 0.21695678786013692, 102.7024598131659, 21.326130777759733, 117.10251615196681, 0.518208377597757, 0.4272496434090315, 134.7191019202307, -120.27980133050227, 309.1995844073178]"
0.3065154171500111,11.378972236797635,0.9751106002488412,0.11068845188332399,True,False,"[0.5263881329760265, 0.13705014073350122, 101.28429122985935, 25.33130497752729, 119.84565638289315, 0.5817473044365181, 0.4895654590766026, 134.57722612381679, -114.56680291162107, 306.38679483418963]"
0.3049828400642611,11.374944837125089,1.0,0.6096810346904838,True,False,"[0.5868451583057277, 0.16124704505862297, 99.84813071937457, 18.527952218423895, 118.1587265898398, 0.5324424191320094, 0.4672063886711378, 136.0824423205545, -116.87050436206049, 305.88159201983945]"
0.30345792586393977,11.3942678379514,0.9383089192897336,0.4710728655774904,True,False,"[0.5920242657427737, 0.22233680448208715, 103.77505464369953, 18.419337177070997, 116.19763645421303, 0.45919607306727417, 0.40985499789139884, 134.6071079396552, -109.91752662981366, 307.28179808045337]"
0.3019406362346201,11.358761948913298,1.0,0.3066151639932556,True,False,"[0.5894314106666851, 0.20109722562698004, 99.89147841484574, 11.469117028974738, 116.8524989877354, 0.5196474998877709, 0.4563878012997102, 133.62733537648282, -102.97948022551785, 303.6164834176017]"
0.300430933053447,11.357259802102654,1.0,0.8716996736849854,True,False,"[0.5207348504965824, 0.1297054301896184, 99.71384895254641, 8.351414595096484, 114.04857554058094, 0.5822475066985967, 0.41034948413750544, 130.21862132578957, -106.0623051161477, 299.6385424834228]"
0.2989287783881797,11.387028210074288,0.905214258448796,0.4018142928890336,True,False,"[0.4842921674265071, 0.14787016419832538, 101.28402427264564, 8.03716106688324, 111.597344408177, 0.5816305043631518, 0.4471501124041054, 127.95195993169774, -108.06229546581343, 295.94027720962697]"
0.29743413449623884,11.38456494408996,1.0,0.909028210281025,True,False,"[0.5330723554856572, 0.2113123417757009, 101.65510721342355, 4.630650910132273, 110.35598482805975, 0.5964161215722799, 0.5110711640226349, 127.97352147961136, -106.17171581303593, 299.61840879735394]"
0.2959469638237576,11.391075639836087,0.9782406894129331,0.18381335987966296,True,False,"[0.47927792707024547, 0.2053634884364302, 105.21157532454296, 1.4971114391391946, 113.4233702730937, 0.5535387880086903, 0.5870168292747211, 125.86894596809962, -107.25869938743676, 299.68032487604376]"
0.29446722900463884,11.379070096681707,1.0,0.3826157880081128,True,False,"[0.5465440383183129, 0.15824284804151073, 102.65413890098125, 0.8240528754844565, 110.79757651435742, 0.5090255872776719, 0.6347959057846905, 125.30667024962592, -105.0093575811293, 298.6902627646152]"
0.29299489285961566,11.376119440374467,1.0,0.22795931190042396,True,False,"[0.5660265196408119, 0.1369367990751755, 98.85861030066805, 2.9383514481600947, 114.30959699013926, 0.4718448211976711, 0.6409423427491204, 123.83220905513932, -98.8142051845437, 297.7183841508584]"
0.2915299183953176,11.370217374096182,1.0,0.4310141301731625,True,False,"[0.5785494089749259, 0.16050836220529874, 100.7326799798751, 7.0733900095574285, 114.78103667981784, 0.5007282662733343, 0.6844947343666902, 120.8371245560175, -92.66917583213069, 297.2028375249551]"
0.290072268803341,11.378519090267828,0.9717861826322901,0.46861454655177126,True,False,"[0.5379212112850289, 0.2248250725869007, 98.68322224303294, 5.002268430741983, 113.72647021034032, 0.4576960599147546, 0.6480300504043724, 122.11939032833375, -84.66918229083275, 301.11225520131273]"
0.2886219074593243,11.351179846418317,1.0,0.24437078380124921,True,False,"[0.5111230843100057, 0.1894449994266874, 101.65054790505292, -1.3241716662227425, 113.97619269757888, 0.5183451593791307, 0.722586205290298, 125.25580237711499, -88.69502242593406, 297.83632398900056]"
0.28717879792202766,11.355065340440042,0.9865612396698163,0.36419999640474066,True,False,"[0.5184106361550563, 0.224546785394167, 102.46232660964856, 5.37866822033604, 110.37199176980424, 0.5729501526150137, 0.73151189395325, 123.52989331860269, -85.7730522649483, 301.04972233702887]"
0.2857429039324175,11.353867385542971,1.0,0.6680715510148113,True,False,"[0.48747802575493726, 0.24491073643864733, 101.31567439283546, 8.169068693472694, 114.02738291709612, 0.6223544109394213, 0.7746840796414127, 124.02240452243203, -78.94478704622287, 303.2466132337356]"
0.28431418941275544,11.311760225813881,1.0,0.5786331498547653,True,False,"[0.43538317468869825, 0.17993329078599896, 104.74260352788714, 7.281299531804661, 117.67387410883657, 0.580480100320689, 0.8169454920555047, 126.29775188172934, -84.94362792903098, 300.44958960972224]"
0.28289261846569164,11.288863272023537,1.0,0.6662330696319257,True,False,"[0.4490054642465312, 0.17238546235652202, 104.30330861680932, 7.471020192805506, 117.41253875960606, 0.6306108745212321, 0.8954559280181501, 124.78318056291937, -80.15916939387117, 298.3945946364079]"
0.2814781553733632,11.296988885771317,0.971545036921022,0.14679813470049374,True,False,"[0.5266377873013582, 0.12889466665035065, 105.81355790582543, 10.002827890657061, 116.827330883217, 0.6439892653727434, 0.8813802364247527, 121.45261337212682, -81.44321892900273, 299.0819778215543]"
0.2800707645964964,11.291930462033413,1.0,0.24279515874780888,True,False,"[0.5738250929998471, 0.14783916760960558, 108.94429875129687, 12.195152528665943, 118.84574790861737, 0.5824855741592558, 0.8344017617308387, 120.84113754431374, -82.33946146666678, 296.85130960664475]"
0.2786704107735139,11.32702341622912,0.8816765956241209,0.7631467072447964,True,False,"[0.5361809093132516, 0.1467339593259965, 107.83628944062407, 6.536593865630385, 118.68729214189193, 0.656432088212247, 0.8680561860992919, 117.1004166650202, -82.77694291447087, 294.694056774192]"
0.2772770587196463,11.35184683738414,0.9143647709926901,0.04106924344780094,True,False,"[0.5654080515024145, 0.17621136460879544, 111.37836917053222, 13.294353108851476, 117.08440737988484, 0.6573403543996713, 0.8212058171999189, 116.56242966188877, -86.80608602518713, 292.3409009509777]"
0.27589067342604806,11.373143731871114,0.9257109535496884,0.7780279015570656,True,False,"[0.6207246662811496, 0.23618934146715265, 112.44897106844638, 11.968245217798207, 119.72443394261458, 0.674626449970392, 0.8294463311962303, 116.46736551791805, -92.61722693289728, 295.7552085769095]"
0.2745112200589178,11.424063864177217,0.8306939769263821,0.7522659585378837,True,False,"[0.5789141899023331, 0.2536634375373867, 114.35468795818994, 15.161384941731459, 117.99756482095192, 0.7147238329476983, 0.7740565783810125, 114.19459336006528, -99.8830520999324, 297.10702957351833]"
0.27313866395862324,11.397345108940206,1.0,0.8937015180418165,True,False,"[0.52609779909952, 0.22727931027311044, 110.36430001440003, 19.320990848732325, 119.13917147954265, 0.6530880723175618, 0.8307121654041395, 112.22468840773917, -106.92139278447013, 295.172062661572]"
0.2717729706388301,11.320922523919027,1.0,0.3674972231211787,True,False,"[0.44816228584870055, 0.19672517115035215, 108.53429231901791, 17.63639564878917, 121.2357222769495, 0.6226670303948547, 0.907858139232245, 109.32162721876446, -106.59369655543603, 297.26924741808966]"
0.27041410578563596,11.381390089658426,0.7996261369260952,0.6735221649758948,True,False,"[0.5074000887522917, 0.2464448814530748, 107.15170232837573, 20.623946845749863, 120.12674998160819, 0.6363566453204117, 0.8598121385686033, 109.2516420380548, -104.74541582687087, 295.3399508448763]"
0.2690620352567078,11.464259612642024,0.7349196442149863,0.9782505266191944,False,False,"[0.4985524889226328, 0.31861589468947266, 106.22161975587842, 22.40861095650503, 122.66211441499127, 0.6811082762551385, 0.7893173796227508, 105.70570856699956, -105.92437072009398, 298.5899631232294]"
0.26771672508042427,11.360616571106323,1.0,0.820272581593055,True,False,"[0.5810442206476868, 0.18260081550542856, 110.52474493081759, 21.368792477759815, 123.53187479860092, 0.5734230755517643, 0.8278672184557406, 109.30693951402148, -110.07646293688727, 294.61242196837964]"
0.26637814145502214,11.407029810525666,0.8400967894778323,0.22551018022598868,True,False,"[0.6566102511973476, 0.18806617951251936, 109.12045899373885, 24.705437540594446, 125.28654955106992, 0.5856123320834509, 0.7547347700734054, 112.60235083334227, -112.19397285976122, 294.62157622777994]"
0.265046250747747,11.374287589673742,1.0,0.21788861622482292,True,False,"[0.6688154156526234, 0.22797007110375822, 105.91276592125304, 19.68623765469735, 126.25108068273057, 0.5371449324744562, 0.8313965152560752, 109.06240504159496, -112.69523646367993, 291.523982408238]"
0.2637210194940083,11.407405285987078,0.8819865048085137,0.13171218914997218,True,False,"[0.6314049498923011, 0.21239776270192665, 106.917061814821, 14.224166189593937, 124.73398855491087, 0.5882490648133877, 0.7596565565907337, 110.07551246169224, -108.96712726624718, 291.98739297382303]"
0.2624024143965382,11.412650562011805,0.9802090290920672,0.33414892473055324,True,False,"[0.7062656604560611, 0.1970282751731765, 105.65014060853383, 16.139483528604497, 125.8537891084346, 0.5305005040379069, 0.7874990911203055, 106.226151834189, -112.28134985723246, 294.00203293287575]"
0.26109040232455555,11.384567918930099,1.0,0.9523133080223848,True,False,"[0.7200777974817746, 0.2614464456445736, 107.73010907255123, 21.775324976148347, 122.0211787712174, 0.5017916811147415, 0.8146121252755988, 106.80277747923097, -104.6227823736393, 295.9554416461976]"
0.25978495031293275,11.41156925032093,0.9012818577998917,0.9674639331121136,False,False,"[0.7023273436603519, 0.264532706393812, 106.98209340524458, 20.571238979716096, 125.28287042906054, 0.4686055970071138, 0.7988595266941215, 104.20840431906674, -104.46273836231171, 294.3525045420709]"
0.25848602556136807,11.426186987506355,0.8512827889020079,0.9248460170171986,False,False,"[0.6502372522551447, 0.19968164593075555, 109.48513110409066, 26.493070501454426, 121.36721712323529, 0.4718773703888429, 0.7498689720710937, 103.86654431633245, -103.7024283764017, 293.9388824553291]"
0.25719359543356124,11.326347197404708,1.0,0.03545795931195639,True,False,"[0.7495310167219432, 0.33773459100870784, 104.04523447173281, 27.50418023205595, 124.04131879971226, 0.5454246933179073, 0.8870188948959824, 105.93700067658962, -98.77699586803722, 297.66027509112917]"
0.25590762745639345,11.370379867145811,0.8419246969203827,0.1975530878758499,True,False,"[0.7275014218417366, 0.3218918105804704, 107.01778816538783, 31.00573368445647, 123.06164817002114, 0.5115400102810574, 0.8331304740214296, 104.22006950424496, -93.84864636130946, 298.1917046076169]"
0.25462808931911146,11.399361101500407,0.8924204510356569,0.9389718331431716,False,False,"[0.7832563076458257, 0.36448907365752276, 106.52123143323769, 28.26531895109816, 125.32401159812242, 0.5110320917018888, 0.8305453927134867, 101.97777382101073, -100.42845777767147, 298.59453733899426]"
0.2533549488725159,11.420268321580139,0.8212634693762,0.8474872044429446,False,False,"[0.731715914352007, 0.34483538384866064, 103.13202561459948, 26.70560831077953, 121.51319376305074, 0.4794359961683108, 0.789333694866322, 102.80436117295886, -95.37329214156178, 295.70320789274825]"
0.2520881741281533,11.43257974685109,0.781344921109426,0.654386232704324,True,False,"[0.7612887182026636, 0.364096318605317, 109.46626980328513, 30.41529396192295, 122.85518228537259, 0.4974431410600719, 0.7537436178307086, 105.88321278497497, -99.52083464332037, 294.6087689947189]"
0.25082773325751256,11.425228561353318,1.0,0.09330946502779824,True,False,"[0.7220394844203282, 0.34675333025326305, 108.11405684025294, 36.63384682476053, 119.89446177734013, 0.4836356220891764, 0.7608617453984574, 107.24273385008811, -96.62590070908088, 295.06344197917826]"
0.249573594591225,11.454048352700717,0.8909418441418161,0.01664178905019187,True,False,"[0.7901393856345601, 0.37685358580070877, 110.04324064819902, 36.27262452477386, 116.84646732479679, 0.5511979447883054, 0.7092473744985737, 106.25631757190678, -92.69495002761522, 297.6851832670121]"
0.24832572661826888,11.461424561958953,0.9707330551619242,0.8553271986536125,True,False,"[0.7894667990944814, 0.4013644220029689, 110.33496108355598, 37.808119945157344, 118.657722244495, 0.6068143801318531, 0.6948936583842519, 103.19718043480773, -88.41086395240069, 300.6671956731921]"
0.24708409798517753,11.488091765821089,0.8976925500776551,0.38506112411011584,True,False,"[0.7685081175920421, 0.45098851355863556, 106.86282390463634, 40.7135838376348, 117.69364420234723, 0.6309173614617878, 0.6400632143701634, 103.62479151351702, -83.97918034143028, 297.14165272514555]"
0.24584867749525163,11.46547675824346,1.0,0.7404281046664575,True,False,"[0.8314185167773516, 0.38932705586227684, 108.41279687869527, 35.52603750846718, 118.71941819958784, 0.6678216502753351, 0.7167685646818647, 106.77230403350539, -83.64338244594481, 300.4145848290717]"
0.24461943410777537,11.477702568100554,0.9512494971241596,0.6884692928936887,True,False,"[0.8160889909684379, 0.35677653013606886, 105.69601492870679, 36.83195461574192, 121.09362466622582, 0.7280736275561938, 0.7793909382657543, 104.30482358366885, -76.2047057397081, 298.5978935411394]"
0.2433963369372365,11.535514061066335,0.7885811353472104,0.8348089114569941,False,False,"[0.8696590458837153, 0.30920991994779573, 106.01743824129173, 31.573450509943356, 124.89976189425978, 0.7573273251969417, 0.7704165313583287, 100.50887655365857, -81.02775712874771, 298.77386016351085]"
0.24217935525255033,11.44108139728612,1.0,0.8014071441306693,True,False,"[0.7984191238038828, 0.3725406989579649, 103.0414927256462, 33.085709112271076, 120.68642802202444, 0.6690659115346564, 0.8416241499793633, 101.08917770945712, -72.84387554374061, 294.65895974068474]"
0.24096845847628756,11.428966868411367,1.0,0.4938206673016169,True,False,"[0.8230601836304692, 0.3252094172781092, 102.68837927341548, 38.57787820453004, 121.96742148470005, 0.6510976745636705, 0.8689208291698028, 103.75809268652738, -70.07239778372336, 293.6090256715933]"
0.23976361618390613,11.40616499065763,1.0,0.2683047979979911,True,False,"[0.8653540556840142, 0.2862872728998778, 101.88304682077569, 42.157709281890384, 120.7825361262038, 0.5994689036816211, 0.8983340780050231, 106.55984215441535, -71.80048413920188, 297.00151334358293]"
0.23856479810298659,11.452148056810287,0.8246891529050654,0.7915863875034561,True,False,"[0.8002710986794741, 0.2909348060291961, 102.77585714711353, 48.74370755104089, 118.30372113243854, 0.6466238064791445, 0.8269420997031784, 104.47243078368628, -69.13886177190231, 298.0708416684937]"
0.23737197411247166,11.46265392782718,0.9567060384788265,0.8223591674885122,True,False,"[0.8493489807047435, 0.2613418908671933, 99.63502285216762, 53.38193318507615, 121.30770050828443, 0.58050485705449, 0.8473912356188058, 107.7730957086523, -67.11430745196435, 297.90665584501096]"
0.2361851142419093,11.360986026952185,1.0,0.2602986154411423,True,False,"[0.8408661687130667, 0.18301023408776385, 103.39314572777735, 49.23720955927229, 121.12026958684507, 0.531235891019953, 0.8928242523531076, 106.82564966184522, -73.60101873467174, 297.66655757750044]"
0.23500418867069975,11.393899207608591,0.8693116463778799,0.6217156927231418,True,False,"[0.7934870695503012, 0.21637834881655918, 107.37747587837015, 54.208989716022145, 121.68237070799904, 0.543591559296613, 0.8415668673885163, 105.05412764031986, -73.96263401363436, 301.35399867410416]"
0.23382916772734624,11.40961611464856,0.9349938379666846,0.9834424065000699,False,False,"[0.7484873736202369, 0.1826831402961719, 103.74193091150826, 47.57074932664239, 121.25738452569311, 0.5763896061093662, 0.7912961280596617, 103.20953435843583, -75.63229056851529, 299.9129827138072]"
0.23266002188870952,11.393803837460556,1.0,0.162874046974824,True,False,"[0.7737385189993896, 0.16649503195506, 110.41477784326435, 53.420441807610096, 125.57939180790893, 0.5850582868708641, 0.8115805603613065, 102.18345842130269, -72.74136967459489, 304.4714142889971]"
0.23149672177926597,11.370052240997378,1.0,0.6468228352310856,True,False,"[0.7151886920624738, 0.1721142367312999, 108.64644877241206, 50.15670292344127, 127.23625339651163, 0.5222795732893057, 0.8002255316493473, 103.93302895037118, -65.18044252068977, 307.59543211239304]"
0.23033923817036964,11.407771271985677,0.848950619243303,0.20192192004918696,True,False,"[0.766179994735244, 0.15108180880085015, 112.08444102635343, 57.110624982063555, 130.2867724516765, 0.49060191967715694, 0.7482441674796078, 102.9042508919949, -68.40491642627605, 309.194716619961]"
0.2291875419795178,11.404849657738374,1.0,0.8300701950238939,True,False,"[0.802575373213587, 0.1879337408558011, 114.51779648773172, 59.25397254283612, 133.86808812087818, 0.4423482781135784, 0.8248188674038511, 103.5132083456516, -74.7203850279797, 311.6617450721536]"
0.2280416042696202,11.416356416735354,0.950792878331892,0.31523079837630297,True,False,"[0.7393008583681513, 0.19077863857987715, 117.57847062191848, 60.686633685588035, 136.1033774138837, 0.5101489705289461, 0.7633873952522064, 99.8773790171114, -81.91376048812128, 314.0889124037477]"
0.2269013962482721,11.392883154000177,1.0,0.3402713273333603,True,False,"[0.6771681377502383, 0.12983829016651988, 118.16789200199476, 60.4613092804785, 139.48321660980704, 0.529646966657017, 0.7280505781272905, 103.03038561150369, -86.15277356723642, 313.3390503920967]"
0.22576688926703073,11.395436617322563,0.9887535432820409,0.3753043536670603,True,False,"[0.60104099907492, 0.11622757642958681, 120.52769452634323, 56.508333622832176, 135.9515183839971, 0.5797515403482588, 0.6881462782803289, 101.8873733157318, -91.23806295832583, 315.648129710852]"
0.22463805482069557,11.402799181425877,0.9677560568559499,0.7819498497934665,True,False,"[0.5936354338866949, 0.1361817802891931, 117.96583462001458, 51.123835155002034, 135.02464779506508, 0.6065491412572351, 0.6506515393825458, 102.22298262299265, -84.29434633909095, 314.3845951434999]"
0.22351486454659208,11.411972145417577,0.9597911070530795,0.3044988195369701,True,False,"[0.528439669022801, 0.1906020342007752, 119.04760293611005, 51.62673808428299, 131.4897116370525, 0.5414121610782966, 0.6677249609035012, 101.61491225310108, -86.84588648251358, 311.50449053173514]"
0.22239729022385912,11.402013106375417,1.0,0.612098242802516,True,False,"[0.5934482786152794, 0.20872713686369532, 119.43181056642182, 47.43606763052182, 131.72214294416412, 0.5418270432516443, 0.6469362121632176, 104.10305106227723, -84.22755683276932, 307.9783670752497]"
0.22128530377273983,11.413275623582962,0.9503775888886573,0.819389172721133,True,False,"[0.608025290944181, 0.2520031425627944, 120.91669015568209, 49.79898448043086, 132.61160030162284, 0.5024288348617666, 0.6216913983105942, 102.14083369401095, -82.54436713100966, 304.59266704214355]"
0.22017887725387614,11.421091338523947,0.9651255185493985,0.561741569679353,True,False,"[0.6668757522585053, 0.24228333007558972, 123.81433107707817, 44.435515588146686, 131.15124984830112, 0.5160161487513207, 0.5707261740833162, 102.52708701702036, -86.58052063306394, 306.95620324764593]"
0.21907798286760677,11.453157828460327,0.8638378442380643,0.24916669150715842,True,False,"[0.744972505198574, 0.31882834661239273, 119.9916394720011, 43.61190372666416, 132.4947608309318, 0.47225766554453225, 0.6278616150349108, 102.51820829528589, -84.69904460489816, 303.0104081422746]"
0.21798259295326874,11.46470153847384,0.9484207682969464,0.7090386174956856,True,False,"[0.7819546204627621, 0.2900815247883355, 118.97287614701867, 40.71423105197731, 128.60058901031928, 0.5215895008977802, 0.5901379439556751, 100.16603939727761, -82.03283691324425, 301.99033593134965]"
0.2168926799885024,11.421298292931734,1.0,0.39746899859949314,True,False,"[0.7448890751130691, 0.21282376608429035, 121.44322447449171, 39.500894945062726, 125.19482917887053, 0.47961827354835446, 0.666357805094466, 97.61308395538855, -74.46319133466602, 298.39850667852676]"
0.2158082165885599,11.448311173970854,0.8823462098349489,0.8538134634494121,True,False,"[0.7329095215607071, 0.2904759988284155, 125.42888513459239, 32.34587607025348, 127.32104676698839, 0.40740952525004304, 0.5902899915505475, 100.1934256885386, -77.56306166908125, 296.8287652246485]"
0.2147291755056171,11.463250850686826,0.9327906305312792,0.795749321128609,True,False,"[0.7940607467367822, 0.3114803103616446, 125.1173950566882, 31.56857561566703, 128.59161294161296, 0.38994302491005084, 0.5797779382459322, 104.17873974393865, -81.40866808689297, 296.1938215270097]"
0.213655529628089,11.4832449222619,0.9106643637688793,0.13583250697289595,True,False,"[0.7387322689903869, 0.30558693836118966, 121.98199716577099, 35.66580521482432, 129.70609936241866, 0.34075796380831425, 0.5804726204410858, 100.85594789362219, -80.53122496974639, 295.6404385892121]"
0.21258725197994857,11.495735157168816,0.9429392202711927,0.9509539756392191,False,False,"[0.6838083221675018, 0.25682005546387787, 119.91527331317604, 28.181899271605545, 130.5977472660148, 0.26305906518669697, 0.618570569691186, 99.58183970668829, -81.80539425448322, 292.9956271831683]"
0.21152431572004882,11.494498757527412,0.9481870308054122,0.05389998367121007,True,False,"[0.7940750895517038, 0.3779821494245283, 118.15221209950867, 31.725232322032586, 128.26505539929713, 0.29873039188635947, 0.636499276888213, 103.57978681964458, -77.6440379066468, 296.3724893629215]"
0.21046669414144858,11.559438902388747,0.7345089698969228,0.04721270343016748,True,False,"[0.8573932608863953, 0.33314595237861044, 115.76801486090669, 38.14405833226016, 128.600670328082, 0.2635252541543317, 0.6013210695086061, 103.61382187025383, -84.3240615728368, 295.4792973815593]"
0.20941436067074135,11.496509174353331,1.0,0.4069325051481808,True,False,"[0.8545143667899663, 0.29460944804496275, 117.17228130704538, 32.425091034327295, 130.32390473234915, 0.30226517131711816, 0.6720960332019917, 106.53822645671032, -78.4098447146286, 292.99878005018263]"
0.20836728886738765,11.48980373378739,1.0,0.04701025071210152,True,False,"[0.8041297564882449, 0.2890313751237066, 116.11174115030325, 33.575228805398766, 128.25415363991823, 0.3299264823797777, 0.5984903070423299, 105.32798855984576, -82.01852270123288, 295.2726821534609]"
0.2073254524230507,11.513248806822226,0.8930761487479828,0.8323864954779094,True,False,"[0.8048258988424616, 0.2736432556759263, 119.1253876093061, 27.987173267300435, 128.33287105154233, 0.268398800807638, 0.5893722493999193, 101.83757741488499, -85.16467701860124, 296.7671906052991]"
0.20628882516093544,11.606697321930593,0.6357191280561916,0.4987789106222025,True,False,"[0.8771137601796123, 0.30811136347515033, 119.99105889664081, 35.07330886401756, 128.86303064959446, 0.20011896329548468, 0.5775918847522112, 98.98947131040978, -85.35509021464016, 300.594633125538]"
0.20525738103513078,11.56453533500892,1.0,0.40876890048480596,True,False,"[0.8318273513727066, 0.35071598534244075, 121.17713315048151, 35.77485922881966, 125.26240094123732, 0.21802453075681216, 0.5209846311900339, 96.02998337941592, -78.13017615878448, 300.49472119782877]"
0.20423109412995513,11.539833331573508,1.0,0.909331742390505,True,False,"[0.8690214343872754, 0.27095048328411186, 120.37463895053482, 31.72095899342591, 123.26145232880734, 0.2854609688439022, 0.5778222131069899, 94.69433691728302, -70.60425526029893, 298.05013724309305]"
0.20320993865930537,11.503878704680883,1.0,0.2556849051041733,True,False,"[0.7934041036631649, 0.2641327942397039, 120.43995022440528, 29.352626430618876, 123.70629211425911, 0.3503303193710393, 0.5274655013482171, 91.1072883090255, -68.281500869435, 301.7782569366127]"
0.20219388896600884,11.51336221162834,0.9541799156487247,0.23030776840710077,True,False,"[0.8215750614533323, 0.23283587817950355, 122.63759924335989, 25.85056621399725, 124.72494750793366, 0.2924311221760856, 0.5908240505107976, 91.55238965944818, -74.62783048821677, 302.1668964519546]"
0.2011829195211788,11.507948455984977,1.0,0.09312209681731876,True,False,"[0.8298158078569642, 0.16642490992880046, 125.73764894898515, 23.334336345324033, 126.46790723418582, 0.2827184116831072, 0.5121334716693577, 89.2731948500345, -71.63558604329809, 303.00018097688337]"
0.2001770049235729,11.503963712606,1.0,0.8327942510166151,True,False,"[0.7655603245462537, 0.23216262381284591, 126.47767137046941, 23.38712718432962, 127.49295906059368, 0.3056454442578911, 0.5611843958399343, 88.01346783039344, -72.9059390949833, 302.87381265195734]"
0.19917611989895503,11.53012453468183,0.8769150340905495,0.4899805223977086,True,False,"[0.7703335690548131, 0.253371803612045, 126.22525631530903, 15.524567774396468, 127.73420707767967, 0.2516488376785148, 0.48349614236992694, 84.19944424132906, -65.71215611052622, 301.17832442754366]"
0.19818023929946027,11.558074565155302,0.8684603155408097,0.5036313922730147,True,False,"[0.7292925945617673, 0.20308687275449389, 122.91469206802739, 11.782100906511923, 128.2720138588577, 0.20859368342214735, 0.4821978087878302, 83.07204761971106, -70.3328752657888, 300.4597607798771]"
0.19718933810296296,11.588813312453924,0.8556580742478532,0.9023079838561835,False,False,"[0.7947375504165385, 0.20024601125104974, 123.12452285524967, 17.77883138848747, 127.50005012962033, 0.20121275653004317, 0.4087742784169448, 80.54483033383015, -69.9999406333585, 303.6221975413992]"
0.19620339141244814,11.539922807356664,1.0,0.8441926688712957,True,False,"[0.789044472308583, 0.2331565302782379, 125.22271421830638, 9.673700412093371, 125.82442596103179, 0.24073356142670496, 0.46677134974728685, 86.09802586214921, -72.27855064378512, 301.609597948664]"
0.1952223744553859,11.490419257780953,1.0,0.6953732213781308,True,False,"[0.7480718017514139, 0.28072431570940115, 125.82209926277288, 5.334782707891067, 128.92432111531969, 0.31905960234635194, 0.5232781068042731, 88.85468623875377, -68.55016146078366, 302.0072133714492]"
0.19424626258310898,11.490851480812761,0.9977773445599759,0.03683924813650852,True,False,"[0.7735312105499134, 0.25599902476586156, 122.41684583925262, 3.629489880322412, 126.15341955912375, 0.38381723924809347, 0.5165274612891086, 88.00431034858721, -71.0319249542327, 305.9491680933646]"
0.19327503127019344,11.486337504811766,1.0,0.26429594874355633,True,False,"[0.8091405698961401, 0.19405686006165587, 126.03190639673497, 7.34057494450542, 128.60202593581587, 0.3913432990635447, 0.485140215648678, 87.64268442996409, -70.61806674965892, 302.3399601474146]"
0.19230865611384246,11.535296448646534,0.7752379751819902,0.3521627068117533,True,False,"[0.781009465690311, 0.23675752134256317, 125.64070858118387, 8.359460493835481, 127.74735221290113, 0.3287467729641921, 0.434546773324247, 85.01271328988662, -75.45888730675898, 305.4927457826661]"
0.19134711283327324,11.545110984158365,0.9500014312381807,0.5798198935636241,True,False,"[0.8003543194826039, 0.30244929234003604, 125.49112871196772, 2.583048611983731, 126.28553453982329, 0.3093430946201108, 0.3966287560243178, 86.74819325128446, -75.1077797195787, 305.9099622182205]"
0.19039037726910688,11.551069543051613,0.9691881333395402,0.6268400262844773,True,False,"[0.7565043937195448, 0.30778166656475076, 122.18445282073091, 5.503911301517348, 127.12539017318909, 0.24401403677742672, 0.32632716124120076, 88.97558627074199, -76.64228207707203, 308.55819056684953]"
0.18943842538276134,11.549327810251459,1.0,0.07654591239166098,True,False,"[0.6983033408035393, 0.38065124614610396, 121.68238290953718, 4.98556093234099, 128.05050149914933, 0.2123059687992891, 0.3068665954774103, 91.47618161539587, -78.46396808029095, 304.98477982386436]"
0.18849123325584755,11.526726582650605,1.0,0.36186486982671306,True,False,"[0.7389142135980424, 0.32684883004206133, 125.33338359122206, 12.47969647639235, 127.37868671051736, 0.24316611786170417, 0.2286279922317122, 92.07807728204399, -76.79991930892673, 308.4541136593948]"
0.1875487770895683,11.532139659870431,0.971550299105528,0.04827828130286138,True,False,"[0.7104211439600023, 0.30615599164491464, 128.5288140805521, 5.520028844354478, 129.2884321599039, 0.23575086572895063, 0.1994827846106447, 88.66739935734792, -76.6146659688455, 311.51283054202594]"
0.18661103320412045,11.57411510565046,0.798567725911564,0.9683648763362886,False,False,"[0.6319335478498607, 0.2729668767043869, 127.71700075025669, 9.444803238611907, 129.05072842460135, 0.23026505491516172, 0.2546699023170573, 88.2593020979237, -82.98912758996585, 312.950874088347]"
0.18567797803809985,11.541838159912384,0.9491077898929583,0.17857258291512568,True,False,"[0.7444767232251955, 0.31174113912220347, 126.6553079509187, -1.3256412524503443, 128.47483236835794, 0.2107671394163737, 0.15057202921911597, 85.92624026844291, -77.20338371695951, 314.13615053328215]"
0.18474958814790934,11.467814793870204,1.0,0.583165691168383,True,False,"[0.7627706243818677, 0.3797477423466286, 126.92892844638371, -1.7325115826639426, 131.65507014974423, 0.2776040634004981, 0.08972081099392441, 84.85639940640425, -74.23197231066092, 317.1240726710618]"
0.1838258402071698,11.47633482003486,0.9547093219988558,0.892233790484311,True,False,"[0.8066527835199288, 0.44668188236016504, 127.83686911557531, -8.86306206214934, 133.09979017646776, 0.3553747396096419, 0.1175812048539147, 84.34377391679469, -67.82586928421775, 313.50467319320984]"
0.18290671100613395,11.465398935484961,1.0,0.1723055858168503,True,False,"[0.7816298355659737, 0.5000324280916494, 131.01413976917016, -9.953827330392226, 134.2164768711173, 0.3055836517901181, 0.09165456619154955, 81.22610107169766, -73.25843218296946, 314.1191181724566]"
0.18199217745110327,11.480403738722718,0.9208597655986441,0.3332980342432579,True,False,"[0.8452129450545032, 0.5277418041649266, 130.32978516957482, -8.757698132783652, 135.5578159014763, 0.36694315031746455, 0.11550120832308414, 84.06121506280105, -68.62561952259466, 316.9683399273263]"
0.18108221656384776,11.505035649188049,0.8728198382572953,0.5375495194702609,True,False,"[0.7828038858706502, 0.47416583898793147, 130.0037482416483, -16.331079793923656, 134.9702826982595, 0.44441320554453934, 0.1875322971293646, 82.71668519391244, -70.852719853752, 314.6957773518632]"
0.18017680548102852,11.514640064652639,0.9480903226410184,0.056231567617109124,True,False,"[0.7128141224072764, 0.46851021978989366, 131.27110061877775, -16.875198118431296, 133.35554367402085, 0.47491501422616567, 0.24134030833622105, 81.16447781690056, -71.98266633041531, 311.08418882106054]"
0.17927592145362337,11.546069130479662,0.8391958743208088,0.64383655725318,True,False,"[0.7558276980934444, 0.4633526950118022, 132.52410543452623, -20.282844838948122, 135.74087516395218, 0.4005261904578861, 0.2732877131904042, 85.00646761605222, -78.69309049215391, 307.5215132589811]"
0.17837954184635524,11.580591250315331,0.8240436033857028,0.04213889894805456,True,False,"[0.8316805778510159, 0.41714652494067317, 135.22954772236454, -13.334111031914846, 138.95104003289705, 0.4600056328581403, 0.29183362078021086, 82.34705249019528, -78.46119923175092, 311.27970967007764]"
0.17748764413712345,11.593402586845905,0.9303619561159043,0.1754321613930504,True,False,"[0.8321475110654195, 0.46131072254340283, 133.28656807965135, -10.701932467305014, 138.96258874643985, 0.4046957366662921, 0.37016329797995623, 81.61796911707496, -80.2928145154473, 309.5821360683679]"
0.17660020591643782,11.610286595123235,0.9088221809950072,0.3722173828700852,True,False,"[0.8656350728451608, 0.48891596428405, 134.8767509972788, -9.943427621148288, 137.05075494526542, 0.4013905758109026, 0.4394221024485553, 83.53608173437479, -85.67773334073411, 308.92607916418694]"
0.17571720488685563,11.55416469205326,1.0,0.05646027148177102,True,False,"[0.8021592476787797, 0.4228486432522644, 133.61815238828873, -9.486983341804804, 135.62173969021438, 0.4095324333235117, 0.4192747209315992, 86.3166035631717, -78.143326062677, 309.7995008769907]"
0.17483861886242136,11.58624391679566,0.8323693086925228,0.2332484966454338,True,False,"[0.8780015722583201, 0.38135775735410465, 134.2895644480161, -7.799212552263006, 135.5562541456745, 0.35733447783890837, 0.3939713426254572, 86.61248734565906, -83.22484370213084, 305.8116238502235]"
0.17396442576810925,11.573466498333037,1.0,0.4414882580154068,True,False,"[0.8652519055161263, 0.34387128042402815, 131.70660547940275, -8.02841180772045, 137.32819922895428, 0.3675184265038246, 0.3398366546314317, 84.42036367099067, -75.87129647394367, 303.6550838860391]"
0.1730946036392687,11.571429396311022,1.0,0.19701079470967364,True,False,"[0.8063604305901095, 0.39451763238512816, 134.681971314198, -9.30014251001844, 134.98414437466755, 0.376614585773566, 0.41795911446690487, 81.28114024257903, -76.21067044397323, 304.6360083267681]"
0.17222913062107237,11.577184742535902,0.9671353745987303,0.44259576007069756,True,False,"[0.7750963788597498, 0.42691708100375014, 132.10195536338486, -13.875477638326274, 138.51015161205814, 0.39577932866067284, 0.47274791436805386, 80.58639573653993, -75.54636328255307, 302.00889364419504]"
0.171367984967967,11.580741524056739,0.979458679742332,0.9084148244273227,True,False,"[0.8126366132992687, 0.41149341376718057, 134.26389954079326, -11.558757605744994, 141.41773797650285, 0.4215132353833676, 0.47653204203435473, 81.32181331083635, -79.57372723471047, 298.4351393294469]"
0.17051114504312717,11.612089642382834,0.8320623392559363,0.28449261883889465,True,False,"[0.743583297713236, 0.3488840690914714, 137.17653744903626, -14.581161312981619, 143.79158928679794, 0.3949550487505949, 0.41367699229606525, 80.9064839533367, -86.79663585313972, 296.4855255451456]"
0.16965858931791153,11.574107533126638,1.0,0.8889924225889575,True,False,"[0.7051627075279308, 0.32005129559725337, 137.13210865827938, -19.66749811195961, 144.03542564349658, 0.36792148810516545, 0.4218336290597976, 81.97061360118587, -82.5786018967664, 297.4256147492877]"
0.16881029637132197,11.568326712177392,1.0,0.6442035804958697,True,False,"[0.7596125548058182, 0.34925288600887816, 139.9076101213491, -16.013960637384354, 142.61710172552898, 0.31925628952505847, 0.4114216236912301, 82.36020282585147, -81.24923832912381, 299.95707923638605]"
0.16796624488946535,11.537115814596266,1.0,0.5246793472743972,True,False,"[0.7543514591255832, 0.33415813141011086, 139.70724041245523, -18.469892529411716, 146.41576242428565, 0.36929831474375296, 0.43236152086811575, 83.21560838490127, -76.3192431837873, 301.8736946121317]"
0.16712641366501801,11.491291128852605,1.0,0.88577430955947,True,False,"[0.7646449369707948, 0.27177600804054175, 139.8529154180268, -17.435791589556658, 142.818433091042, 0.39189800137699593, 0.4988774343160148, 84.49088920266153, -73.94800081686489, 298.6360227232077]"
0.16629078159669292,11.510674589353513,0.8899734481677473,0.9584034134017049,False,False,"[0.7762517923363932, 0.24720238934529798, 138.2436277782718, -18.825204739998675, 143.8525049355817, 0.3360002172066753, 0.4327529795201775, 84.8471457371839, -73.25269026976791, 297.16930396979626]"
0.16545932768870944,11.464561369883732,1.0,0.6965184631582132,True,False,"[0.7273664892806265, 0.25527278492332117, 141.29266585212264, -24.01426175528848, 146.41769188029454, 0.44266487121061404, 0.5538847568944124, 83.81302844150244, -76.71978338418154, 300.88127139484635]"
0.1646320310502659,11.436599914022942,1.0,0.8529857492638262,True,False,"[0.7523624467720662, 0.1757975890681488, 143.31709476367266, -21.196104949370095, 149.5501773312971, 0.5077265957933893, 0.5368674401411929, 82.31382205839797, -69.24133090308496, 298.646837554577]"
0.16380887089501456,11.44586762083188,0.9449943383688271,0.3815888840897319,True,False,"[0.8283698204935833, 0.20007503210937821, 141.12535428950864, -24.98634171772374, 152.2369330281793, 0.5573839967914042, 0.5935768147097958, 84.15906085965823, -74.77831291937608, 297.02538736813256]"
0.16298982654053948,11.408963019733843,1.0,0.10442708665129607,True,False,"[0.7707301623312168, 0.19104057952421405, 137.66023114981806, -21.90357184993028, 155.6601944240654, 0.6010223364849477, 0.6631189233537075, 84.38560311721898, -67.18970032014087, 293.80393700043714]"
0.1621748774078368,11.392633505056244,1.0,0.6284648256201908,True,False,"[0.7755951906225914, 0.12283318061330448, 140.29600336051453, -26.264978397828134, 157.57059903761723, 0.6106078456112729, 0.7229458596901309, 84.83472583830302, -74.1173825367068, 293.4561366018785]"
0.1613640030207976,11.466430980723162,0.6329679881592062,0.5935401408747146,True,False,"[0.8515776172366604, 0.18979602102545834, 139.24261688026644, -28.154621716898433, 156.32989623532325, 0.6611852895484492, 0.7039086305949825, 83.05413333887577, -81.95676403729951, 290.18211953690985]"
0.1605571830056936,11.48102393189852,0.9131186669746234,0.681816537814021,True,False,"[0.8309141336296065, 0.17068760890791934, 139.4387726013379, -24.630476319408444, 158.45139438983978, 0.7305967696572224, 0.7038799777247289, 81.92678295363136, -76.36500404589178, 287.7690790423458]"
0.15975439709066513,11.529941292413667,0.7362367570493299,0.9994777062049168,False,False,"[0.8785269079857286, 0.24534544067984854, 143.19987161689568, -24.683238592090554, 161.88805069213592, 0.7558365631505745, 0.6985296010121751, 77.99669391416904, -74.8404057339098, 286.3684707530881]"
0.1589556251052118,11.529772882297465,0.7358840130681464,0.45293503216165054,True,False,"[0.7578535048262347, 0.23178753866357582, 140.97687712337992, -20.123600936665802, 160.73491406875775, 0.7817838585957453, 0.6734232550923208, 82.36134925877363, -83.96258584154717, 287.27738263017153]"
0.15816084697968574,11.526856595754644,1.0,0.17437361791365613,True,False,"[0.6920412257670255, 0.31062331238497254, 137.6434136504966, -25.09634397257077, 163.7261443198629, 0.7201625622407025, 0.6501487336122753, 78.86904199354547, -88.76411128844195, 287.2209364418792]"
0.1573700427447873,11.583432866534976,0.6980175317810821,0.054223057620196635,True,False,"[0.6977326734820125, 0.31311664763092023, 134.33987190806965, -23.506342199583948, 164.7325409417446, 0.7852050956211899, 0.7300884164832624, 79.09945645872051, -84.0482029089738, 287.74831692528585]"
0.15658319253106337,11.678216676833818,0.5458966700302201,0.6931526160437961,False,False,"[0.7213563057593457, 0.3829048192037058, 131.98196264453756, -25.293891654537994, 166.3739853728638, 0.7944984640267763, 0.7851719676925228, 76.3719378462107, -88.39346191612599, 285.6064075689327]"
0.15580027656840806,11.535167629343164,1.0,0.04434600054173099,True,False,"[0.6430491912666608, 0.3930756008562111, 137.12045463242404, -17.21366398814423, 162.194895570231, 0.7790851830173677, 0.6562872230095572, 78.97780070944516, -77.0011106894566, 288.3388902625105]"
0.15502127518556602,11.715554777665202,0.3123508090244518,0.06399273933324778,True,False,"[0.5960544751585786, 0.4101584284478607, 138.18699513248492, -23.615410412349803, 162.50189913628697, 0.8320873478710072, 0.6059527212710293, 75.51107460088905, -77.24966885125133, 291.00825143526964]"
0.15424616880963818,11.69953511582025,1.0,0.7722899194916605,True,False,"[0.6559529622916263, 0.4707014674950451, 140.11781660379293, -29.403418604233938, 163.2912951510156, 0.8456881147922333, 0.6523195982709858, 78.65326686814956, -70.90543924930407, 287.70107370209695]"
0.15347493796558997,11.605445473207396,1.0,0.48042096287138025,True,False,"[0.6595982515772414, 0.48172991507041707, 137.74773404844387, -28.778582415100615, 167.0082775821347, 0.8230500531359709, 0.7010710246242303, 82.47462122320458, -77.9807237446605, 289.60994528006927]"
0.15270756327576201,11.513155854963411,1.0,0.8839943157483343,True,False,"[0.5942243064570255, 0.5113712128834971, 135.7786189868009, -32.426435810834676, 164.6753844080792, 0.7442852395382344, 0.7522811626906867, 78.6540976575545, -72.222833316865, 288.1031777081179]"
0.1519440254593832,11.563888035132774,0.7161344871785188,0.5313455908440522,True,False,"[0.5615851931298126, 0.44979939316903667, 135.58268896903886, -36.88665866941406, 166.0388251925175, 0.750989920293577, 0.8198876357741036, 75.90716892109577, -73.00425037889846, 288.73891351772056]"
0.1511843053320863,11.437253521258619,1.0,0.753424161933174,True,False,"[0.5785725354403499, 0.41465948122463164, 139.08312411137524, -33.07162418148975, 167.07759455268354, 0.674628714289441, 0.7992169051332005, 77.64055919251587, -69.68423980071262, 286.37044930737807]"
0.15042838380542586,11.480451687280826,0.7503859133411862,0.5180514209272885,True,False,"[0.6304393170669471, 0.49316233207400806, 136.71297821451046, -31.404554073362835, 171.07361888568948, 0.7038085258168435, 0.8491192924933566, 78.06013378440716, -75.87676435697897, 283.8626040999401]"
0.14967624188639875,11.43387207385349,1.0,0.893519924688317,True,False,"[0.5858409239796393, 0.5197789472636799, 140.5410908128055, -34.18120876806121, 168.76321591743394, 0.6654816208732743, 0.8146992820111034, 74.1901682652273, -72.86551837795898, 281.51022950006035]"
0.14892786067696676,11.510089926355011,0.5994294507484038,0.9796956875856125,False,False,"[0.552633848199048, 0.5468735626340545, 143.0538138971638, -31.878180974889517, 172.14912752158736, 0.7233717972032373, 0.8196936459415956, 78.0864484886665, -76.438210325499, 283.0158280744911]"
0.14818322137358192,11.340602103917728,1.0,0.517560636753549,True,False,"[0.624170920402433, 0.5332649996025153, 141.84964002994602, -41.783587375166036, 170.79323534376192, 0.6317528547401973, 0.8923792005392293, 77.08369047633744, -65.81197601753264, 285.4420614360542]"
0.147442305266714,11.274479701618686,1.0,0.771593487890784,True,False,"[0.5510591892259068, 0.4859683238080188, 145.21004240375885, -38.423610749160815, 167.95480028001776, 0.5786111383745296, 0.8853828617580669, 78.69320638354566, -59.87789965312195, 289.02550944839174]"
0.14670509374038043,11.302338102379466,0.8270468882046129,0.4913505560321032,True,False,"[0.6276254601068652, 0.4875794515919728, 141.8515349593266, -31.712753981318798, 164.3226414194684, 0.5257389380103077, 0.8498334671934087, 75.35895525101606, -57.227439652785804, 290.4491266343453]"
0.14597156827167854,11.355158205285564,0.6963854301059874,0.642280997854807,True,False,"[0.5706783174589656, 0.44958910955475573, 145.58975275401687, -38.90498037266968, 167.62078216386658, 0.5728303250094579, 0.8165568202044262, 72.84051343008329, -64.03428303562485, 290.00884578064625]"
0.14524171043032014,11.354061328172167,1.0,0.006856197497496108,True,False,"[0.5765812021722302, 0.45238213503446356, 147.50711364292914, -45.901176996267594, 163.88887549460648, 0.5285461971874437, 0.8318210639450544, 68.94321486610816, -64.24642086492278, 286.7587635969134]"
0.14451550187816853,11.351432387079626,1.0,0.8076877017738948,True,False,"[0.5314056518239725, 0.5180119421203405, 150.87006729310255, -46.14534978241022, 167.31691302706756, 0.4962690303301724, 0.7557996308952233, 69.63200303705447, -59.38178386797579, 285.7001287189522]"
0.1437929243687777,11.413913224062686,0.6475757192341859,0.2069056080720757,True,False,"[0.5010446865831208, 0.4562267335845903, 151.15113235127296, -45.1141912307529, 170.33846849518233, 0.5665588985082559, 0.7051438854423165, 67.55796353421526, -61.01533406925154, 283.52845202646233]"
0.1430739597469338,11.435252061638247,0.8614437638328222,0.6771045990451848,True,False,"[0.45134362551400825, 0.43780947229016415, 153.10470906492756, -39.36261163249165, 172.33848966056317, 0.5060036910187656, 0.7359825006692141, 64.65172423649932, -65.60790119467701, 280.2111406232787]"
0.1423585899481991,11.447475797850942,0.9177173677365934,0.5504886764071345,True,False,"[0.4744839230219905, 0.4979974302107639, 154.40925368194334, -41.33476222490164, 175.57598384754192, 0.5606193898772397, 0.7090778206734262, 65.53082534304774, -70.41210419852725, 281.8607123727052]"
0.1416467969984581,11.481668102977341,0.785534183064761,0.01746966975793729,True,False,"[0.42229973547276667, 0.477691187000611, 153.88743843370284, -44.301681007708254, 174.45346329307264, 0.622662999522163, 0.7566899961848296, 68.72507625376501, -68.84629479747542, 284.15402810554446]"
0.14093856301346583,11.498481466956395,0.8875453182858632,0.10881469008428246,True,False,"[0.34943235901290487, 0.4277945845775803, 154.76482937427357, -38.97821910624427, 174.04559753035403, 0.6034230014684105, 0.7076962698747606, 69.03208063206023, -66.49514157334931, 284.4077088314297]"
0.1402338701983985,11.433046306828336,1.0,0.6813381894297674,True,False,"[0.39810005616935645, 0.39928522625159035, 158.01497102547714, -36.250419557674874, 177.3268801278901, 0.5901552896179452, 0.7024817930788227, 72.73698318871415, -60.462656857901884, 281.5407635543155]"
0.13953270084740652,11.36686654961295,1.0,0.3721440853750485,True,False,"[0.458704967218698, 0.4247618681514423, 156.4690133783846, -39.477080328057625, 174.72544666811393, 0.5126088656570243, 0.6286380361186846, 76.01515772690334, -60.55083616593529, 284.2168581749006]"
0.1388350373431695,11.383441526401707,0.8874650642833138,0.9095701349511088,False,False,"[0.469125717081351, 0.4303139093670323, 154.3910842491483, -44.15057601111221, 173.06907169991632, 0.5100903000624059, 0.6163366302834294, 72.25420157866174, -65.52504001889375, 283.5430339461845]"
0.13814086215645363,11.332649383520925,1.0,0.9987159112700991,True,False,"[0.4195297409131019, 0.3900240107487471, 154.12440037966905, -32.17387833927892, 175.9551906346217, 0.45597170546965426, 0.5570929101143051, 79.61914453893186, -54.976417275375006, 287.5078261017026]"
0.13745015784567136,11.346595462626823,0.9035147813791036,0.9311890224119158,False,False,"[0.39267724032327683, 0.3499782023401029, 152.93735977399393, -29.997691418042695, 176.84044771297044, 0.3812255180845563, 0.5680396232601921, 82.03695167864332, -49.76630378314239, 288.09033020311045]"
0.136762907056443,11.345151233271567,0.9126410986301083,0.29046324452167493,True,False,"[0.39740679314161004, 0.4571643472884641, 155.04405080506925, -35.481000231904225, 178.82526551083728, 0.3818580120960103, 0.6278160188242975, 76.93548391421992, -60.365323530390434, 286.8656044346937]"
0.1360790925211608,11.366449455161225,0.8551199305080845,0.3118763664218256,True,False,"[0.3817580172594371, 0.4670174410168023, 156.49071496987952, -28.21059380009028, 182.7191668571378, 0.3861359668924801, 0.6749057002438172, 77.88430776419591, -67.32308992049471, 290.2934146200773]"
0.13539869705855498,11.416073382042335,0.6931545781009983,0.37387015763659714,True,False,"[0.45691254563273603, 0.4318338938245302, 154.3023452872998, -24.842150635484813, 185.661832338594, 0.35076208202102105, 0.6537586138376268, 77.17089745236747, -66.73249557042637, 288.98575088683833]"
0.1347217035732622,11.335476608296645,1.0,0.619799518645282,True,False,"[0.4579629969818667, 0.4886851605273489, 150.649279324431, -17.911037528282126, 187.81072657761922, 0.41897748733610096, 0.651753896344726, 78.59426000276571, -65.07544219130963, 287.64258002886726]"
0.1340480950553959,11.351406906759088,0.8879497100397256,0.33422782091844416,True,False,"[0.38475082465769983, 0.45409864883784706, 149.88864426269578, -15.39427846794794, 186.93306158595382, 0.4214636814449427, 0.6910164721611418, 80.48349259761845, -60.354023815979005, 289.39284024870017]"
0.13337785458011892,11.349626971692107,1.0,0.5757792647351571,True,False,"[0.36914386188140347, 0.4709360676072644, 151.32382348621465, -16.878451682555287, 188.18896903912514, 0.4134469784801883, 0.7382180171069074, 82.58803533073403, -63.596968184552146, 287.3253018128431]"
0.13271096530721832,11.388915975881163,0.743750671613867,0.3372938187572685,True,False,"[0.30580226808019995, 0.47962846468286124, 152.0965903235383, -12.018452660133205, 189.02337618909584, 0.3837808778038061, 0.7724949468546154, 81.25843869774162, -70.25658660905171, 290.55805120413834]"
0.13204741048068222,11.425592436973742,0.7574844895692041,0.1127590875923804,True,False,"[0.37501995255434806, 0.4609698244588779, 150.51551058082663, -8.342732999350192, 192.8876339184608, 0.3640229896181658, 0.8088196894578126, 77.8306709895694, -76.77691296325565, 290.0286117662349]"
0.1313871734282788,11.463470473239532,0.7495417510120016,0.20219367620584283,True,False,"[0.32747084431344103, 0.4563132951604883, 150.12961999775897, -3.797031057429221, 193.12210573897127, 0.37067147518567106, 0.7509625378931531, 74.32231236898684, -79.90383091348666, 286.1575860368537]"
0.1307302375611374,11.414505242365752,1.0,0.06339487264117794,True,False,"[0.3398530556138478, 0.5193812834532966, 147.2882967198616, -7.039653700492984, 196.20827168575647, 0.36197311240461605, 0.7615433821557991, 76.68761913041564, -74.61165715575412, 282.3109854870258]"
0.13007658637333172,11.427233732836886,0.9067814501529606,0.3225839305755662,True,False,"[0.4142192521823507, 0.4560291607062714, 148.18845722066848, -12.042874203002897, 195.38287074785055, 0.367452216533228, 0.7074847167945375, 73.1632784743532, -70.0666880943754, 283.89809780621704]"
0.12942620344146505,11.412950374201634,1.0,0.13295410107331362,True,False,"[0.36231827782913595, 0.41565869515657533, 146.3216602655864, -8.803876195934974, 194.51152990749276, 0.3597224704277779, 0.6726778543866305, 75.96698975299498, -66.39941553945151, 285.98562006220004]"
0.12877907242425773,11.40540738720629,1.0,0.008273983517272487,True,False,"[0.4053264000934271, 0.4920020531887657, 142.60688470368976, -14.751648925409048, 191.86460630873611, 0.35803017263337206, 0.7207415370459788, 75.8659115204507, -68.4123618002614, 282.616976647357]"
0.12813517706213645,11.399754571288565,1.0,0.14298943006499576,True,False,"[0.3321079185935749, 0.5211663851806966, 144.5408279653074, -19.179980063562645, 194.4890422236301, 0.3590589641095745, 0.7442819968701194, 77.00138556578617, -69.93219343676297, 286.5393745952012]"
0.12749450117682576,11.330856375855962,1.0,0.7060000559408001,True,False,"[0.40212645118189627, 0.5264579380660795, 144.35161766003202, -18.755472248978144, 191.57203916750476, 0.42757606614359667, 0.7078855713275669, 80.74114053205321, -69.98108871495985, 290.03950805248735]"
0.12685702867094162,11.37149861087287,0.7258744107169793,0.8720412146293033,False,False,"[0.3920919228671961, 0.573635699224106, 144.1429776965444, -12.066650639008092, 195.4401499352473, 0.49621125687808154, 0.7432269043067985, 79.53948954210884, -72.2361577161378, 290.49601327209416]"
0.12622274352758692,11.379736287203812,0.6789205154923649,0.5246704997101094,True,False,"[0.36432315283435696, 0.5035067986435721, 147.7638718590328, -20.867358332869756, 191.88340292459435, 0.4309988965763892, 0.7033530414734677, 77.16917843311121, -71.04879620658194, 293.9044398923876]"
0.12559162980994898,11.422485857649983,0.7114959840065403,0.6435114553711777,True,False,"[0.3365682786809705, 0.43101219548665365, 145.70329405043856, -16.20691610713774, 195.77496570629228, 0.45567066517199306, 0.6887776852135232, 75.64979703424471, -69.45489970544565, 295.3618096218033]"
0.12496367166089924,11.405185580290937,1.0,0.06602045497933928,True,False,"[0.36853033196519536, 0.36653575227808755, 146.6787177683223, -19.653598591008667, 195.5225503923912, 0.48926374712042664, 0.7300930593182278, 79.23788839935665, -76.80668272361196, 298.3778346797758]"
0.12433885330259474,11.39731198520233,1.0,0.7633225524210041,True,False,"[0.30908862325010433, 0.35140761362355366, 143.46140557879772, -19.67654349417971, 191.6565234289006, 0.43839969913775373, 0.8014648657902801, 81.06714589056797, -80.65505134282486, 294.5667385820382]"
0.12371715903608177,11.412807649810365,0.8822756609800853,0.091340319111328,True,False,"[0.36835168637398014, 0.32530854466987125, 143.54104735782727, -16.213104187500953, 189.35789866976864, 0.43448330136703567, 0.7852429610624335, 77.09310136629504, -77.8385329934444, 294.5132008401168]"
0.12309857324090136,11.427355342002755,0.8885368032704593,0.2338860871412931,True,False,"[0.4159699337446871, 0.4003593820918311, 142.27365707614237, -16.992699475809935, 187.90988851457482, 0.40256803429619115, 0.7567673062436214, 74.1390968749839, -72.6510039614137, 292.7009679893313]"
0.12248308037469685,11.470553656701739,0.7027964199109276,0.5589567286318006,True,False,"[0.45781343327563273, 0.37786251963125644, 145.65175274320282, -14.012215544860409, 191.55706192281298, 0.38644483764680926, 0.734932335562078, 70.41207317975648, -73.8249930899965, 289.5215331408898]"
0.12187066497282337,11.497627052991788,0.800796365792908,0.6418629577916797,True,False,"[0.4791349447053862, 0.4132161065846837, 148.1556228940311, -19.75572821551606, 188.0764797120826, 0.34326948235943205, 0.7067298669203558, 66.88709579107417, -66.28980359947865, 291.7658049196568]"
0.12126131164795925,11.595497691502363,0.44614769486108047,0.9337097124405854,False,False,"[0.5104200985222442, 0.3867869650352106, 150.1091625337716, -27.03894475721487, 191.91491127750456, 0.2809255479918996, 0.782444227057379, 63.00818515791054, -62.291945282185225, 295.00150097630984]"
0.12065500508971945,11.551368305634767,0.6405599629854735,0.006699821285891527,True,False,"[0.5478181158701098, 0.47925339619229934, 150.50546409000302, -22.309485209309983, 186.494569309563, 0.3100882094122296, 0.6404599003862328, 67.4042647486406, -62.04607490672274, 291.75395353391497]"
0.12005173006427085,11.564311637256083,0.897794014327559,0.4889952409023649,True,False,"[0.4929589408188025, 0.46386822201477373, 151.54025944452633, -20.124421760939292, 185.87005322889564, 0.29316658081541896, 0.6069893469982938, 64.28708181101254, -56.25028005204669, 293.1884126597527]"
0.11945147141394949,11.71431109870704,0.28486623230619923,0.05346590251632788,True,False,"[0.5599148162641868, 0.5344734411064092, 154.85906407186417, -26.501878152010182, 189.4012414193239, 0.2297681289668676, 0.5584358890385576, 60.47758539602329, -58.14877913485118, 289.7202240435368]"
0.11885421405687974,11.722401340432288,0.9341963715924061,0.7993835279158203,True,False,"[0.6304696502621567, 0.5442823593727714, 156.6813157482077, -25.105619118275403, 189.95450515630796, 0.24562461527462828, 0.578027904626596, 58.13834474924275, -60.47465379858424, 286.60984667639383]"
0.11825994298659534,11.716466329334677,1.0,0.33163613982782636,True,False,"[0.706318708554506, 0.5839804579922301, 158.59162670967302, -30.781086898909454, 186.99031590234722, 0.31415971378026003, 0.586322613198566, 54.628257528041324, -57.80444264342089, 288.59340815602746]"
0.11766864327166236,11.677538653329659,1.0,0.6164090646107806,True,False,"[0.7632593560304133, 0.5716200778825037, 162.2543805567285, -28.522424962967047, 190.84363412310168, 0.33694195250421327, 0.5996417838096755, 53.47912351424351, -51.95645605817268, 291.6263957898409]"
0.11708030005530405,11.709955734151222,0.7581461986162672,0.1105229863216971,True,False,"[0.705129654169662, 0.5824863580349637, 159.81142853314915, -25.139312971049844, 191.8985288732576, 0.34538716437779504, 0.5924008525697395, 50.47991343398232, -47.11029911743022, 293.46887747079853]"
0.11649489855502754,11.68564557501797,1.0,0.5480428031876073,True,False,"[0.7046411764680067, 0.5914403992304779, 162.65679443378514, -32.577780654190754, 193.96441594741304, 0.42219005907971396, 0.5953894432713024, 53.60782697560583, -41.727183020399224, 290.26529918714306]"
0.1159124240622524,11.641064236113813,1.0,0.11469056566460756,True,False,"[0.6521081481320116, 0.5288853466642843, 166.3872021825615, -32.92656807971089, 194.4703903405078, 0.39202687715778695, 0.6246502450064798, 52.05991436971464, -44.591311472508394, 289.2513147384019]"
0.11533286194194113,11.658628303325527,0.8587390191498908,0.6485796415812829,True,False,"[0.6985257674161103, 0.4881906805305388, 163.14015792715742, -31.33394633704833, 195.22080106694952, 0.34261167910472135, 0.6502958738733948, 48.47909787443878, -41.35159317378617, 287.6357949564223]"
0.11475619763223142,11.600008025806604,1.0,0.4441107585353833,True,False,"[0.6684601552998364, 0.5111364541447108, 166.07700669903815, -34.65330328752165, 192.39357463869516, 0.3274622002726448, 0.660599715140897, 52.10347322868656, -33.67049203065802, 285.59343479679535]"
0.11418241664407026,11.616645581262393,0.8644080763089652,0.22870816490129875,True,False,"[0.651728081260511, 0.4509854274500497, 164.4981406765186, -40.00805032374778, 196.3346215037071, 0.29283111509272836, 0.5988615172628069, 54.205520998675, -38.08812808422571, 282.1899722637108]"
0.11361150456084991,11.663598745824341,0.6614781963843145,0.1675327572823665,True,False,"[0.6158036561781761, 0.4686863901557488, 162.3220855177379, -47.600737924756665, 198.13436989548876, 0.33480381041108515, 0.5246858532031426, 55.24286876899038, -40.91858472439605, 283.57015932961923]"
0.11304344703804566,11.708593036218494,0.6716442120892832,0.4001781204973639,True,False,"[0.6084703743103845, 0.5042399661885103, 165.72136701679955, -46.12942995527422, 199.73502989803544, 0.3175316787622966, 0.45713682107714415, 55.768515216226845, -45.16891773421728, 284.7658787069138]"
0.11247822980285542,11.691795195862372,1.0,0.4095971738446258,True,False,"[0.5686335476108247, 0.49572731471418363, 166.760281969666, -45.01781491517708, 203.6400384114908, 0.2549475589985549, 0.4531218411606919, 59.36966677014645, -51.67853550146409, 281.7913008959313]"
0.11191583865384114,11.657546569599731,1.0,0.4608670278461754,True,False,"[0.5598170874238276, 0.532347400024352, 170.70327648867448, -46.014323027542574, 202.13529286479053, 0.19839399932414728, 0.3862221136089377, 61.7785601898596, -54.52465563796538, 279.14246362506765]"
0.11135625946057193,11.675881769298973,0.8481875362069944,0.7258467403995692,True,False,"[0.6333206751813304, 0.4637730873743542, 169.919271258653, -47.47667327623226, 204.76431784852886, 0.23302999916056255, 0.4012916580814043, 60.73604607399935, -58.706806975525, 278.3043792742293]"
0.11079947816326907,11.684193612268407,0.9277277272484241,0.3053282731198086,True,False,"[0.5590780988564787, 0.4075088676673131, 173.24342555020397, -47.60987979953632, 206.67655280051585, 0.26379674579841045, 0.32485204469132833, 63.116054032843614, -60.80348705699345, 281.8255874625901]"
0.11024548077245272,11.637030451151098,1.0,0.6175545110991435,True,False,"[0.6059369137670818, 0.4022327403892375, 172.59819878402442, -46.485811485585494, 206.9082820069202, 0.22710116464864666, 0.2473264478572015, 59.540204697222855, -53.32428944446764, 285.40236882002154]"
0.10969425336859046,11.675843629425902,0.7019939083951183,0.22648832577411582,True,False,"[0.5503524689553407, 0.39820527611385675, 172.83116709220113, -46.04915122270348, 203.43790620674739, 0.299447798504852, 0.2782243928866458, 58.460605015005854, -49.419421313773974, 282.6258721447002]"
0.1091457821017475,11.602364310516784,1.0,0.34663519129763143,True,False,"[0.5581609616264935, 0.4304752849043194, 174.87764005702581, -51.65081507495907, 201.81750932330732, 0.2821063404843153, 0.25339628699024513, 60.20387234469155, -48.86884603432928, 280.1994356147865]"
0.10860005319123876,11.636836871301348,0.7280200139943073,0.2668856310105653,True,False,"[0.5334582465845326, 0.408689780292582, 176.17697758528922, -53.26351266957345, 203.16323839123976, 0.21079607466159112, 0.3328242480295026, 62.67253210015183, -45.756502770593706, 277.5694342920372]"
0.10805705292528257,11.625916954842605,1.0,0.9101123218621155,True,False,"[0.530979581279546, 0.41989810517596116, 172.48066039248508, -53.69439738697789, 205.14296010650506, 0.15120948156066133, 0.25323401153949965, 66.28930854413422, -44.53611354029549, 274.1378348230721]"
0.10751676766065615,11.592477164621794,1.0,0.18421227956987007,True,False,"[0.5710144046342016, 0.3987616732443609, 171.13757524122008, -56.568056364146926, 203.04879106113458, 0.18271245592542198, 0.27304324588622236, 65.98368121042674, -43.6843373898121, 275.4439325342891]"
0.10697918382235287,11.589799299692636,1.0,0.26432582496985424,True,False,"[0.5642901113984649, 0.3521463382845547, 175.08774884588965, -54.19129893577239, 203.2816615387254, 0.17504765537994776, 0.19679511102063774, 64.07456417970613, -41.97552457661198, 274.9834060220291]"
0.1064442879032411,11.598639938632559,0.9203013194591668,0.6949788653581317,True,False,"[0.5093479626805156, 0.33065610900317494, 175.85168591086446, -55.55557853203778, 206.3962424051016, 0.17226509865096404, 0.23343431591909025, 67.80063570283225, -44.068977476027584, 274.83383429427636]"
0.1059120664637249,11.60665953393324,0.9270763324028795,0.3105512802870348,True,False,"[0.45410023651355225, 0.35118078814597925, 178.1699700988474, -52.40970630781892, 202.54364818969674, 0.16075025163843204, 0.2118460568593259, 65.61456669815044, -37.972109235785744, 278.73240208274524]"
0.10538250613140628,11.506831346458345,1.0,0.9974093376179516,True,False,"[0.3838409089059567, 0.4181291597622052, 178.91064368440487, -52.65362316501123, 204.24288043546875, 0.23968380449781745, 0.22600984365550375, 62.23827422923972, -36.12170220738517, 279.07158761794335]"
0.10485559360074924,11.548432678493885,0.672502930091913,0.9638301453986855,False,False,"[0.40443212988899746, 0.4687524839244351, 177.2929171161039, -49.35540037917225, 207.94269522367324, 0.18423883509732555, 0.18035693437262829, 59.20006561361633, -36.70733152283034, 277.32171473255676]"
0.10433131563274549,11.58625448150599,0.46707808587034344,0.8373212096488106,False,False,"[0.35235359529999843, 0.45595609757735095, 175.043270464777, -52.23853974277534, 202.64568481555168, 0.19465755208773355, 0.30167390790117915, 64.88910232941026, -39.69833542535715, 282.27123395851527]"
0.10380965905458175,11.469857913989877,1.0,0.42972744806370655,True,False,"[0.3202624815825549, 0.4767314341285536, 177.5474258067075, -50.50434500644033, 202.6263142282618, 0.2512249262037706, 0.29632728172189504, 59.01296331216089, -35.922343558961664, 278.5031803607103]"
0.10329061075930884,11.585491500147418,0.3264437735987921,0.1526991366178575,True,False,"[0.34682396385168024, 0.5364971362359984, 176.68692540287384, -48.43282819661931, 202.5163969022531, 0.21919063878358774, 0.3618054488931198, 55.45793744886633, -36.38928899416492, 279.5119313728005]"
0.10277415770551229,11.621514843669132,0.7043289720012509,0.44222443770524267,True,False,"[0.3128955273362019, 0.5736116922577588, 177.76883549067944, -54.68360559329319, 203.43763953728646, 0.18999995062299813, 0.3351744809194314, 54.327594171583286, -42.005522189807536, 278.2478613694478]"
0.10226028691698473,11.526878939312443,1.0,0.44956970163675636,True,False,"[0.3321966724366123, 0.6380850966211733, 179.57451877634534, -53.81274158979042, 204.81284784884085, 0.25137743485944236, 0.31801065725818445, 55.79390007106324, -36.50171661089991, 279.7568923316949]"
0.1017489854823998,11.596585284442774,0.5040491601184891,0.39414522171604605,True,False,"[0.40828407543835754, 0.6639393349402702, 182.7946909904667, -53.95722852245362, 204.0221753135794, 0.1919586228429877, 0.3400243949093325, 55.502244863934386, -39.57500007245274, 277.9509263957589]"
0.1012402405549878,11.533960493504575,1.0,0.4788666592656201,True,False,"[0.35368156548850327, 0.7257028406557268, 184.15373668289422, -61.35551101019868, 206.89038847043315, 0.2509096989313002, 0.32524428122425336, 57.929339185249916, -44.574960051463066, 279.4758426169806]"
0.10073403935221287,11.543061281280405,0.9136161965000523,0.10426758478729392,True,False,"[0.3315401030366652, 0.7617681571453634, 184.7107267316543, -59.33758432426639, 206.27392847198965, 0.24977913110503025, 0.3142112192957568, 56.05761380224171, -41.449858746858546, 282.4712906125871]"
0.1002303691554518,11.534902863828783,1.0,0.384636698706348,True,False,"[0.3256779067345455, 0.8410302611421423, 182.19916128400908, -52.056356187800496, 202.62915028664833, 0.31537142856126527, 0.3860366803423216, 55.309525868547816, -42.493196038490446, 284.1156847070714]"
0.09972921730967454,11.573439965421537,0.6794868709096671,0.6967660225678856,False,False,"[0.25042872251274395, 0.8520929478323575, 186.0383561845792, -56.85950621514907, 206.21296186813578, 0.30152081851724066, 0.4556964574471001, 55.194323060426214, -37.41685777633853, 286.73581549839105]"
0.09923057122312617,11.577828376819994,0.6488306396117145,0.6725747798711958,False,False,"[0.28694160498832016, 0.7879182179552299, 182.9222851353445, -59.27940290401215, 205.44221015344547, 0.23567626899368574, 0.3196020672922295, 55.80044556834149, -44.77090589009184, 287.888962700126]"
0.09873441836701054,11.534625766383858,1.0,0.9617252853237789,True,False,"[0.37627378564211506, 0.7691745152865542, 185.33472970856064, -51.70462534317811, 199.43816378077642, 0.3549741390304398, 0.43665904445593007, 51.574530268179984, -44.27584315307775, 287.93265892801855]"
0.09824074627517548,11.528945322598634,1.0,0.3202650835643104,True,False,"[0.39201515952139276, 0.72882475869851, 188.2838143024962, -59.630915533972264, 195.65033944306685, 0.37093846765776434, 0.47232049972899115, 49.20639701805902, -41.842964459490304, 287.61109715243316]"
0.09774954254379961,11.499211140946263,1.0,0.9641445156415169,True,False,"[0.381066963536366, 0.8008378845002535, 187.84767190713828, -62.44753097131752, 197.20509785641622, 0.41980330386199877, 0.4055100764662623, 52.78325089089053, -38.0796889795207, 290.8338623352453]"
0.09726079483108062,11.523633697048693,0.7779416095948077,0.4279292000475782,True,False,"[0.3208835399150888, 0.7315033255740799, 185.95895201261698, -64.76316983352386, 197.70115819663454, 0.48144069559924746, 0.4559593067303019, 51.96532651734176, -37.29112159314773, 291.44228236975715]"
0.09677449085692522,11.550865038661058,0.7547341842909759,0.35084517202046517,True,False,"[0.3387919847653134, 0.7000317544144264, 189.3307041457291, -58.292134021579216, 199.98850303296575, 0.4093775588708653, 0.412435370934939, 49.21938697754312, -43.0459916070936, 288.4856558524121]"
0.0962906184026406,11.52244632934715,1.0,0.9451308374703915,True,False,"[0.3346396510530587, 0.6284115737905601, 190.75208006274008, -51.53530908101277, 199.5028442340863, 0.4849505570178863, 0.44295299432420465, 51.60499397091736, -38.74525455796811, 292.02401911890826]"
0.09580916531062739,11.496778702866687,1.0,0.3056533588589383,True,False,"[0.31220346899501605, 0.6426838392910004, 192.34795048230038, -51.37942844857025, 199.13295480730346, 0.42828110935777997, 0.3795152665591631, 52.62212323928945, -31.702731491654045, 292.82715335619815]"
0.09533011948407424,11.50359336835825,0.9310103217473725,0.6923995314737537,True,False,"[0.2694230976236759, 0.589685061847069, 195.16807225594752, -56.33809093596246, 196.31553179654986, 0.4148665978936588, 0.3126158684879792, 52.52590368507078, -24.89762593118032, 293.9557744310024]"
0.09485346888665387,11.503517039053902,1.0,0.5721652101197897,True,False,"[0.2984459725633344, 0.6439841692054922, 192.78234230708574, -51.444740146597034, 198.07995978143927, 0.4714947786516927, 0.3544116423854742, 51.84660803807514, -19.690256619908258, 297.16239449426075]"
0.0943792015422206,11.488210635281767,1.0,0.5789261726931755,True,False,"[0.30390868750876865, 0.6479055176299493, 193.64867094541958, -51.36624834516516, 195.7561088082636, 0.4226136190802913, 0.2764159572031613, 53.70678454629204, -22.8392432450862, 297.950018923239]"
0.09390730553450949,11.478767499593948,1.0,0.020661986883114936,True,False,"[0.3663370826472592, 0.6418073150522731, 191.3139381871769, -46.80001616016098, 194.73451088063862, 0.49677400654624626, 0.3022859732239014, 53.47982235294021, -23.404099664582283, 299.6855855769324]"
0.09343776900683694,11.479585905834067,0.9912794093163573,0.6955797971829162,True,False,"[0.41462683657021704, 0.6096109298678238, 192.83115138098873, -48.05043302614055, 194.0720290822667, 0.528663073329299, 0.3007573411079393, 51.47188738882153, -18.572585084329212, 303.3684239027109]"
0.09297058016180275,11.505077842172481,0.7601849033666884,0.7056687850393556,True,False,"[0.4055829676996836, 0.5465770302982833, 190.31131223872532, -42.53446768421719, 194.66352059573546, 0.5783192312899986, 0.3122324912903384, 50.360612273600275, -14.607164843856651, 303.8326141612037]"
0.09250572726099374,11.444790419583711,1.0,0.9409511003703024,True,False,"[0.47515140774753084, 0.48713690981358637, 188.07278731409653, -43.3389351697416, 196.54689730362566, 0.5739879558421949, 0.2927646167769796, 53.96655408035018, -14.781934443742015, 306.42549451518727]"
0.09204319862468877,11.420458045951495,1.0,0.3730032350027189,True,False,"[0.48487342346996015, 0.5424632361870989, 186.5596893194579, -37.0248221287123, 197.16722727276678, 0.5568989303624645, 0.3538809706048046, 54.353334041662414, -7.643857714223584, 306.98325965066925]"
0.09158298263156532,11.4387001489321,0.8193969791216243,0.9347079815755387,False,False,"[0.5221148351238228, 0.5726623287871296, 185.58812582904162, -44.11071501155653, 200.62704540556615, 0.6076848649088806, 0.4235994080630101, 52.43282877835533, -8.875013411748817, 308.8059275563153]"
0.09112506771840749,11.41154639367049,1.0,0.14421918726637128,True,False,"[0.4773616375322128, 0.5396690451132391, 182.7125229727063, -34.88555464450989, 198.63059178219845, 0.4857873912108638, 0.2766718731545191, 57.71367073561035, -3.1161952940244504, 306.1006455231884]"
0.09066944237981545,11.412825350822448,0.9859933062267329,0.746978252461324,True,False,"[0.5363187182930572, 0.6052569723888334, 183.95113037201693, -41.36434577388393, 195.32839933495418, 0.5094679665124324, 0.30078260262179973, 59.22313213938888, -8.096674737523173, 305.6254737298811]"
0.09021609516791637,11.432105297745807,0.8075837564654081,0.21356441203343612,True,False,"[0.5311705763744535, 0.6572785058813163, 187.0281106796747, -39.16022993939505, 197.76522013634255, 0.5363685384888558, 0.24641136836936542, 56.56554876256238, -7.711859164261739, 307.8562232866175]"
0.08976501469207679,11.421965239364848,1.0,0.4410649179494517,True,False,"[0.5338892230895259, 0.6348715362173505, 189.03370390166006, -33.51292448360453, 197.71293201198952, 0.5775800359325863, 0.30081966903908597, 57.49065337890587, -2.154884184102764, 308.74882880710646]"
0.0893161896186164,11.399399733117033,1.0,0.9898532802873046,True,False,"[0.49937753772852855, 0.6270121370886257, 185.06584460522743, -29.267346198273607, 196.51829837839105, 0.58060653840055, 0.3699744542564826, 60.33096308164496, 0.7719650951336732, 306.84947386452274]"
0.08886960867052332,11.397808224919805,1.0,0.06100940581803849,True,False,"[0.5249586328186332, 0.6894411973576648, 184.40369613920873, -36.131042731430774, 196.78085962474645, 0.5803378398166228, 0.4456201627347803, 57.23470831498408, 5.3073885193156585, 309.31137700064625]"
0.08842526062717071,11.388720790851117,1.0,0.3248595368948277,True,False,"[0.5582745558957072, 0.6151560440717456, 183.58530241589355, -37.25495925858466, 196.29479607661187, 0.6348901247349519, 0.46071213898268243, 59.695022286072586, 5.774085097405024, 305.39400400967446]"
0.08798313432403486,11.39704721577844,0.9097034581894113,0.5827048372958693,True,False,"[0.5254788811452399, 0.6201765089023212, 185.89293655745618, -44.01219471139183, 195.88420514513365, 0.6304011566930946, 0.42754749120772234, 61.608978882447715, -1.0572144063178257, 305.10056633270455]"
0.08754321865241468,11.446174378196542,0.5705376572022103,0.23732398818298106,True,False,"[0.4862522312165345, 0.5662757838722252, 189.24221869203487, -43.65405053082383, 195.08658119161603, 0.675241932061739, 0.40834911155063314, 64.73215471774924, 5.722319650490713, 301.61437755483126]"
0.08710550255915261,11.462016541792975,0.8337069797313308,0.1619607618259048,True,False,"[0.41493847114121213, 0.5470511114520736, 188.68972601188864, -50.723540898915644, 194.61752636716955, 0.7422180519238529, 0.3929910613354542, 68.2973064694649, 12.16719771454599, 299.96318458771555]"
0.08666997504635685,11.524734558187287,0.4849828274876992,0.0716402885358367,True,False,"[0.44519201303618394, 0.502370477737049, 190.32054959165677, -48.2637647934644, 191.5193853797823, 0.7261332510456684, 0.4565430457178481, 66.44120298260496, 19.58071076582393, 296.81542182453137]"
0.08623662517112506,11.52894105800905,0.9523919882791161,0.5464195219150855,True,False,"[0.37575410834062584, 0.43245453281424445, 188.96382260120907, -52.0921800879978, 189.5732168964177, 0.7176994495751706, 0.4304777489575628, 62.72061808943358, 12.024883532972032, 295.32918844720757]"
0.08580544204526944,11.524909612489232,1.0,0.6699902574062266,True,False,"[0.42251905596519707, 0.36946888614047935, 185.11127032013127, -46.46423797921611, 192.52893638559405, 0.7803560279901972, 0.4477758790229375, 65.64140214389707, 17.90738062295627, 294.76084934981736]"
0.08537641483504309,11.55766416203049,0.6813707588319505,0.3459828542977593,True,False,"[0.48412098482160004, 0.34845655962600564, 189.01276064610778, -49.258358491277164, 194.39004168750319, 0.779078754140334, 0.4016475396227564, 65.0807760882099, 25.251478122033937, 298.509052627062]"
0.08494953276086788,11.59840127084276,0.6190651107156192,0.1694692733523263,True,False,"[0.5045603314101172, 0.33583041996975604, 185.2255055764912, -48.597422717025104, 193.02926137911086, 0.7274263609354278, 0.39540171097363586, 66.91931162926736, 27.755013546877723, 300.9570140269134]"
0.08452478509706354,11.499189643592127,1.0,0.20230304075589656,True,False,"[0.42666200858505343, 0.28022963601307, 185.60236262935462, -41.6482878168962, 189.85244068542508, 0.7874441249036485, 0.4644104243707003, 67.53474597024602, 24.93149425642003, 302.34553375382586]"
0.08410216117157822,11.503550194688128,0.9494729246785399,0.12082022490335187,True,False,"[0.3764980869950626, 0.20502828218478675, 186.03525726884075, -40.60102597624603, 189.35190513139565, 0.7917204165850453, 0.4279076907605743, 66.71796921534684, 30.62989339208677, 300.93905815584407]"
0.08368165036572033,11.533800769454182,0.696633441830714,0.49264949081145326,True,False,"[0.3009982375708098, 0.16442852514516063, 189.37574791010988, -33.21914144562115, 190.87080273742822, 0.8263419913498133, 0.4068053892771484, 64.1387793974539, 26.207004822162318, 297.1141156579516]"
0.08326324211389172,11.493696467193999,1.0,0.5118153880826588,True,False,"[0.3419993317347458, 0.19938961442923264, 190.44623844402125, -28.705675341266826, 190.77293636348205, 0.8124505036557916, 0.4378801514567338, 67.3578691117252, 20.98585416226659, 300.9384624574226]"
0.08284692590332225,11.4732578966361,1.0,0.737353146806078,True,False,"[0.29693746101871676, 0.21292686560433727, 187.01738988607624, -32.61402158540876, 193.31988579379612, 0.7980048585746332, 0.37379115401812457, 70.594029994665, 19.04264180129106, 298.18921942514504]"
0.08243269127380565,11.45191147439759,1.0,0.10397481331627023,True,False,"[0.3017453160692298, 0.2644183973776386, 186.20399640303825, -32.202662429937064, 191.63508460434224, 0.718820357270887, 0.3331461118931287, 74.00893728393444, 23.559508448745483, 300.0836930840873]"
0.08202052781743661,11.449412378574518,1.0,0.10590410504994263,True,False,"[0.35742993073062107, 0.21075592862652384, 185.73490594489851, -35.923180125427365, 189.82992426972876, 0.7692168120206366, 0.29077579439508405, 75.3397330866979, 19.70768189593478, 302.6202432448252]"
0.08161042517834943,11.465345070923924,0.8226465463228027,0.2700356933414386,True,False,"[0.36720050479458655, 0.2899604239418085, 181.97870892131596, -32.14505951431242, 189.84965308749557, 0.7240194950466443, 0.2584828705150298, 73.97920279235613, 26.705153023259008, 305.9520506024542]"
0.08120237305245769,11.498493146785492,0.6648355213544058,0.5237809237348191,True,False,"[0.3972707225181571, 0.26323960078562436, 179.68810109436254, -34.81349619772275, 187.80207382478028, 0.8001779780200367, 0.21355839152672254, 70.4121480274691, 33.18549544049296, 307.6593164027334]"
0.0807963611871954,11.498657351725909,0.9979697328988528,0.7025048256358553,True,False,"[0.3672684018821515, 0.3263996318533397, 176.79101918745096, -32.73200623171809, 184.1317532884697, 0.74632741118118, 0.27622774484518936, 71.46808667553063, 39.93619121855946, 309.75775721898106]"
0.08039237938125941,11.516215721605064,0.8037971146226085,0.10660706946642817,True,False,"[0.4106336336066825, 0.3863229925521365, 173.45320129265932, -29.851289358444976, 181.6610445375846, 0.8078014362156645, 0.320388114853954, 69.59347820634581, 32.23410014242844, 313.51049494921125]"
0.07999041748435312,11.54006732318252,0.7421671911194238,0.8022566202419193,False,False,"[0.4253101158462157, 0.46091568112286646, 172.22667314035618, -34.35336073929703, 184.3312695112051, 0.8317157932347763, 0.32017559382449456, 67.27003128103433, 33.6751723360665, 313.7406125713603]"
0.07959046539693136,11.526751844823501,0.8760087376675961,0.9439065559024141,False,False,"[0.42647594726903904, 0.3899913285772603, 171.97519025778695, -27.83558516792712, 181.8037562950744, 0.8326956020321941, 0.34959587059878194, 70.90265757610427, 30.043838612960297, 314.03270870238237]"
0.07919251306994671,11.473704037832576,1.0,0.6450444734949542,True,False,"[0.41026483181639467, 0.4617858212309744, 171.08545594263845, -23.082550732185403, 183.62289792590153, 0.7933199898963729, 0.30632060249327975, 71.791458716487, 25.776218800695823, 314.1659535880104]"
0.07879655050459697,11.509109007680026,0.6380610458936664,0.4651018912516428,True,False,"[0.4854620596656663, 0.3960455407128942, 172.38753843169525, -17.37320623487081, 185.82657842952344, 0.7720759671104029, 0.28682191509104704, 69.56941060677477, 30.813426025712097, 313.8048673420197]"
0.07840256775207398,11.534402814488855,0.724252985173956,0.517942552441381,True,False,"[0.44402944002215283, 0.3268348171717218, 173.68728213039037, -13.172788283719209, 188.48075567757462, 0.7066886397111638, 0.3221291631363373, 72.64467830145628, 35.43902635840048, 310.3591741972189]"
0.07801055491331362,11.528505206388221,1.0,0.5088098882204894,True,False,"[0.49044706658035925, 0.3583751521560629, 174.81810084735932, -12.994341072902989, 187.54514864041056, 0.764375554280211, 0.3210656847511184, 71.57027243521173, 29.080870428470355, 312.3101396104689]"
0.07762050213874705,11.532738812108082,0.9469183922894959,0.7872127161896467,True,False,"[0.5517582077914287, 0.293486624574257, 178.09333663260648, -7.477191317497072, 186.46061832867284, 0.7963282943142649, 0.34961476827116517, 74.09721002153881, 33.11490935506054, 315.4262603852146]"
0.07723239962805331,11.472984483153416,1.0,0.07873509966050218,True,False,"[0.5786109204971694, 0.240265294430693, 181.23602633783324, -5.723526210015082, 185.20783806122714, 0.7749540513642708, 0.3487079712169361, 76.58021470356425, 34.31738291034844, 317.1594889032388]"
0.07684623762991305,11.486912601421249,0.8342296234372685,0.8781602070775009,False,False,"[0.5295380808869573, 0.27754886241445426, 181.90044941722965, -12.48257107828349, 184.2041211328798, 0.808587940105131, 0.34877728604238245, 78.87501886328695, 37.81614349803805, 317.0474208376941]"
0.07646200644176349,11.37510413256813,1.0,0.7819113964023585,True,False,"[0.6136772832533935, 0.19869694556743062, 179.24715631670176, -0.3610408546816011, 184.20282801975492, 0.7137182803977175, 0.37734121244217306, 72.79448071648584, 28.423300167541676, 315.7265791274145]"
0.07607969640955467,11.464330696662202,0.3094979245913632,0.8248465389632211,False,False,"[0.5400048085643601, 0.2687287054205424, 181.5664905698749, -1.1773098672080824, 182.75801904495313, 0.7899980166274373, 0.43472850248260886, 73.63729546592003, 33.10044085947021, 312.68347221764674]"
0.0756992979275069,11.441920441054522,0.41368342601146335,0.5296033249830668,False,False,"[0.5715952946987712, 0.21192051874163545, 181.3153943218533, 5.787559897475644, 183.45760934980703, 0.7902303269857083, 0.38701034978326765, 73.98137124506847, 26.323849058372463, 319.0291394690164]"
0.07532080143786937,11.361046574961053,1.0,0.9199701332408605,True,False,"[0.5799094597025981, 0.24876508004753273, 179.06311377102332, 6.147555107533158, 183.98614198708626, 0.6446446985625343, 0.4518701704023551, 71.51981965486368, 31.36609093283471, 317.5513180638476]"
0.07494419743068002,11.365854545087359,0.9378605568276769,0.15245408139585226,True,False,"[0.5380301525457567, 0.29402954940375853, 178.0399528879237, 3.393385955014965, 184.6296330031837, 0.6468231814165575, 0.48931555483852435, 75.4565504243225, 31.318737095798383, 320.98694343866777]"
0.07456947644352663,11.326972980749193,1.0,0.568656202603491,True,False,"[0.6097697694136197, 0.31679177720530666, 175.61083195765576, 6.145965739911059, 182.70549017293965, 0.5677840805641939, 0.5152699011085874, 76.01946758199259, 27.49107472148925, 324.4498875136339]"
0.074196629061309,11.330840626293387,0.9492083370954093,0.42853872508326607,True,False,"[0.612688953554681, 0.3704456746991344, 173.65302230722784, 0.6704385640562371, 182.23064919963272, 0.6269524308792206, 0.5717551485434987, 74.40109080665086, 31.196102893253126, 326.755463215307]"
0.07382564591600245,11.372588845813379,0.5680774477627236,0.009503546707976818,True,False,"[0.5334362210308228, 0.32642347123768845, 176.57078506373023, -3.8497793398906914, 179.41551671772163, 0.6558106130543256, 0.6054416734965847, 74.10638247820854, 24.525934592451, 326.38932169439835]"
0.07345651768642243,11.426227153177898,0.48181026877511307,0.28173283746675026,True,False,"[0.4565508687198393, 0.35214030419487974, 175.0270318497295, -3.0623943315927047, 176.36972806136635, 0.7167443852922623, 0.6853664093621057, 71.16048512373335, 25.21945777547183, 327.7642816691261]"
0.07308923509799031,11.450982637940575,0.7126946575817866,0.36558012193184974,True,False,"[0.4626572243722983, 0.32423347911946765, 173.28264928521463, -8.704200133366593, 173.70113954057763, 0.7313841380779365, 0.6700016159952222, 68.49388266643822, 27.289565471554308, 327.3308815667812]"
0.07272378892250037,11.436876639398577,1.0,0.987757914307277,True,False,"[0.48281093368127614, 0.4028153870365066, 171.94701122215181, -14.560152830352543, 174.36457374494285, 0.7219893211376458, 0.6428293830216266, 72.44974556935055, 31.48850757045529, 326.01060458194246]"
0.07236016997788787,11.447387294798627,0.8648019926027045,0.1755546834270384,True,False,"[0.4978767238622921, 0.4573031383238499, 170.8963453131957, -9.740790145894852, 176.1098205665746, 0.6658358595129833, 0.5860789989669535, 73.2060801872337, 37.55550523144553, 328.22606828719535]"
0.07199836912799842,11.508118486117802,0.43019879007700185,0.9913162920003974,False,False,"[0.4451963249614962, 0.4829257112611569, 169.70978571470965, -5.862342651972238, 176.25778862609553, 0.7219187449408371, 0.5489588457661635, 73.11341420470933, 41.2920499187251, 329.3879000495929]"
0.07163837728235843,11.369470231454923,1.0,0.9055188870167538,True,False,"[0.4868829773100563, 0.3792900235167915, 170.99350292626463, -11.282857164362543, 172.92924570733683, 0.6184724222344404, 0.5774469202062098, 77.0433948493134, 34.38054744239786, 329.7537799464026]"
0.07128018539594663,11.36188333164221,1.0,0.7388805342702975,True,False,"[0.5174385440448136, 0.377126672509413, 167.60028794690297, -3.969232548335489, 172.3408197252166, 0.6194939697591841, 0.5974493264069022, 74.43124070630552, 30.616354412855152, 327.79779876060843]"
0.0709237844689669,11.364670536479572,0.9614635813759422,0.761550560751792,True,False,"[0.5018952007516204, 0.3770302334779939, 166.55817480331638, -4.401180441758363, 170.03986928336238, 0.6125415422218975, 0.5499361292943681, 76.78456714162645, 34.58393008547274, 326.5727709754299]"
0.07056916554662206,11.344639936580219,1.0,0.9299966388993752,True,False,"[0.5698175529442203, 0.40486507343926514, 170.44211362168187, -8.568058243090242, 170.70434782464568, 0.6418698443423265, 0.5728705928762401, 73.7107463623521, 29.177130006395082, 326.88497822281767]"
0.07021631971888895,11.34451268612671,1.0,0.4609493855823763,True,False,"[0.5226698273374694, 0.4083336351472807, 168.00127537028854, -3.7245749285645218, 172.69718774325725, 0.6076925457119862, 0.5527355799338193, 76.96476364952541, 31.97338807683959, 322.9415313933781]"
0.0698652381202945,11.400014400968487,0.45184728710561695,0.569739289881246,False,False,"[0.5053103697405715, 0.4689808365792375, 168.63375523387654, -6.495436381214557, 169.5117437462527, 0.6519195947735604, 0.6267396005052032, 73.49360015052712, 29.444289201014506, 323.88213426378815]"
0.06951591192969303,11.386200767979066,0.5489811257556207,0.6744112648307838,False,False,"[0.5723165162288021, 0.33696719457918467, 166.6942430546402, -7.537518576282304, 174.50255095015203, 0.6785299000645953, 0.6177760200562319, 74.07625475362433, 31.296809441660542, 322.5842531604845]"
0.06916833237004456,11.457179822407479,0.19614850565400244,0.5880720572541779,False,False,"[0.4694979414929717, 0.37906951701544755, 171.94078965757703, -1.8988905496680957, 175.16751785599885, 0.6815158649162497, 0.4842374044560423, 77.97527227684274, 27.441355306885857, 319.76235345122683]"
0.06882249070819434,11.334380057071076,1.0,0.9215373952875332,True,False,"[0.5662228123947882, 0.43589839606140846, 170.36301417145745, -9.738029936239156, 175.27256461977188, 0.628459853780204, 0.5973886785541795, 74.85910414215778, 39.31978218588023, 326.01943462628077]"
0.06847837825465336,11.33680151315015,0.965257006327898,0.7660966034509136,True,False,"[0.5563231572381243, 0.3856637926551772, 168.8017972911069, -13.285425203178214, 173.8967515640548, 0.6119121306732127, 0.5398174536596643, 74.78170282453495, 43.906690810587875, 327.28264268521065]"
0.0681359863633801,11.39164643375193,0.4471177729295729,0.6071582495130582,False,False,"[0.4836281893334347, 0.30668638626974504, 167.50742470686657, -6.351786808123322, 172.05972336328838, 0.5962037607226843, 0.519418122076932, 74.25171585229505, 51.48974704221179, 328.32526923728807]"
0.0677953064315632,11.390595881940953,0.45226716605025064,0.025200215115163238,True,False,"[0.5054793090873342, 0.39557604162194593, 169.520131489516, -6.028647514179536, 177.36425664760594, 0.6109476760489215, 0.5329626550023224, 74.04144723125533, 45.84473488673268, 328.43442230966286]"
0.06745632989940538,11.406287069170997,0.79246057264595,0.26558205146513225,True,False,"[0.4298497055695549, 0.3491187180292684, 169.33256532423775, -2.886583149514111, 174.78328135265792, 0.5803298053492214, 0.5718653094484851, 70.10535327067564, 42.60602721163643, 328.10636737001465]"
0.06711904824990836,11.428445274218582,0.7188282054875962,0.2840512128524634,True,False,"[0.4140826303430166, 0.418962824358155, 169.97766736380325, -1.0493563909292494, 171.45186357136268, 0.5839113192640477, 0.5844236135188573, 68.98709507043606, 39.20554005340753, 328.0196249802544]"
0.06678345300865882,11.386296016863351,1.0,0.7428211665541407,True,False,"[0.49194257680991854, 0.3454466441877749, 167.64258234126297, -4.12254923995768, 171.58454596979345, 0.5988406716564382, 0.571564139098632, 68.94163074680247, 31.32369173642283, 328.52025885373587]"
0.06644953574361552,11.386154475741826,1.0,0.6240556717109755,True,False,"[0.5614055987381206, 0.32319398960062706, 169.74284141290102, -5.163255157942489, 174.15674482870898, 0.6065762677104707, 0.6204626235264763, 68.65577620663537, 37.20514774377674, 325.10643437465274]"
0.06611728806489744,11.370607998555297,1.0,0.03775545825319848,True,False,"[0.6218262815771083, 0.3787210938567302, 168.25065644102972, 2.64623843080005, 176.419852461436, 0.5687908301676915, 0.6292372493784465, 69.70210668215577, 41.03539913201138, 324.5573323898845]"
0.06578670162457295,11.3840617938061,0.8150496032189121,0.40101186710888204,True,False,"[0.5495734211515104, 0.2987625548022492, 168.43752345129795, -2.8554759824758236, 176.02280096497967, 0.6173807194922173, 0.5622621468419263, 70.58492652453876, 38.1057280319124, 320.58937418589557]"
0.06545776811645009,11.396761773666428,0.8236431464325769,0.7411857865971995,True,False,"[0.5362036124731329, 0.22789301100408782, 172.40403502937167, -7.738263458686987, 175.28569284932087, 0.5735230131526325, 0.6078682396250759, 68.73122817275978, 40.398463013702596, 318.33315960088885]"
0.06513047927586783,11.41070293137382,0.8073082836428417,0.928622188024112,False,False,"[0.5496753912135108, 0.25811192711059316, 169.94277931591392, -5.235105096988455, 177.99510063427627, 0.6317276729149549, 0.613180237753153, 70.10555851559809, 45.77428485815117, 315.3633962700123]"
0.06480482687948849,11.415641610893072,0.7472661902365154,0.5596656548522586,True,False,"[0.4855204650788681, 0.23474316074766832, 173.17082035429522, -2.6253187932577475, 175.17965823095844, 0.5870745626128296, 0.6176351363193993, 67.63205543248525, 47.391395519737756, 320.7288245863039]"
0.06448080274509105,11.408112855732961,1.0,0.25676505149563456,True,False,"[0.5442848783561194, 0.23583793738969036, 169.29922770639536, 2.1749503554198366, 172.16274845615484, 0.6457471613301856, 0.594872234829699, 70.38960871710049, 40.08156596507915, 321.37842138305683]"
0.0641583987313656,11.407459579928494,1.0,0.899561215303593,True,False,"[0.5060205295606043, 0.22558016923303517, 168.76272520267494, 6.1295914165445495, 172.89973627937664, 0.6147863020889874, 0.5200752255535096, 68.5628831204584, 37.58404921294289, 321.6713755634114]"
0.06383760673770877,11.433409040104559,0.665982593106189,0.6479131237489899,True,False,"[0.46266728810247904, 0.30507119288747137, 171.5165586427512, 10.160894416174694, 172.54009771808467, 0.6388092502931801, 0.5286522743094955, 65.98761015565671, 30.150135199045224, 324.2729897800088]"
0.06351841870402022,11.447718617890795,0.7982908001851309,0.5531008557507282,True,False,"[0.4867787432951084, 0.24936196372845215, 169.90630628479516, 16.957605699427603, 171.03716736952168, 0.6755670588309776, 0.4924371702112458, 64.29388197798893, 23.85779207772306, 323.856099569929]"
0.06320082661050012,11.446102891988371,1.0,0.8169807185475255,True,False,"[0.5523151606919229, 0.2976221739048378, 169.6432117858782, 24.132663900138, 171.40852189221917, 0.6767967155831237, 0.427837299325687, 65.71469974297298, 25.911588887803525, 322.5407728821368]"
0.06288482247744763,11.545183138221304,0.20688693870778502,0.900095786550489,False,False,"[0.4760849057189445, 0.36850369892233525, 165.89406688185457, 26.669620568218157, 173.83783928482126, 0.7385427269399344, 0.456307347941653, 66.32687562492872, 33.03589651431402, 321.0169544702829]"
0.0625703983650604,11.415821888618709,1.0,0.6742251457597184,True,False,"[0.4938055111332483, 0.3034170092566535, 169.56743403631052, 25.261481077340612, 174.40578175282445, 0.6405818307035931, 0.46588251150073823, 69.61347568799196, 19.86560013690687, 321.19119661297253]"
0.06225754637323509,11.441882268622269,0.65797397620431,0.4638706068732251,True,False,"[0.5291603725332383, 0.3149888241406534, 166.35210978261068, 17.766216309217114, 175.86164669027298, 0.7175419403266677, 0.5085669971087868, 69.81077912034078, 25.61466101573468, 325.1549034644101]"
0.06194625864136891,11.467019630324891,0.6664480695006111,0.9687223848496547,False,False,"[0.5344089374905503, 0.3509713942600531, 169.35578234672417, 10.439827470640484, 177.62917048816138, 0.7657819153260647, 0.5203024315837044, 71.22702444311393, 22.920910917116657, 323.7064437423486]"
0.061636527348162065,11.41625956877108,1.0,0.6366794983733203,True,False,"[0.5488792326218598, 0.323814653115608, 163.5824280543637, 16.298800426975404, 177.57319424878833, 0.6912656511629803, 0.5592310121443701, 69.62021998295124, 28.672964111878027, 327.06437085025505]"
0.061328344711421255,11.381711114273688,1.0,0.09208048146427728,True,False,"[0.6041993951939059, 0.36079541534317294, 166.43847262815152, 13.288520577871257, 181.350163544588, 0.6769761865173769, 0.615262163417557, 70.8522310392637, 25.80812416765366, 328.28094027650087]"
0.06102170298786415,11.4637541942258,0.26067257213765643,0.36180430569560007,False,False,"[0.5273985697413801, 0.3258141872064029, 167.50334628997982, 20.38438774791125, 182.10620765510015, 0.7523570207251977, 0.6765004223011207, 67.7751061008334, 26.63667281362636, 327.55166276020714]"
0.06071659447292483,11.396273091076477,0.7867575051173895,0.16939567378194997,True,False,"[0.6265167166485424, 0.3188615005280486, 163.33537893865565, 17.066924541084994, 179.14881321034574, 0.6670699901272463, 0.6736419173960508, 69.31111568184112, 21.49502650023994, 327.9026042720885]"
0.06041301150056021,11.40380147450523,0.8828364954819848,0.12990964102722813,True,False,"[0.5816982269938269, 0.26993321743510174, 164.3256351622234, 24.095341952943258, 178.10952769676243, 0.6688635000972756, 0.7196441340279518, 68.94661988011066, 20.696621979822897, 328.8643263250969]"
0.06011094644305741,11.389785522510909,1.0,0.18256608071742153,True,False,"[0.5042078731923487, 0.2894389235055006, 166.06919064460754, 26.247676846969622, 180.84594281616123, 0.6560557710049024, 0.7614455359384829, 69.36586346775806, 18.15505227792719, 328.8797709977317]"
0.05981039171084212,11.389417817891829,1.0,0.8911271956124808,True,False,"[0.4346977293213824, 0.3250915689128956, 164.53101143902884, 31.02485148272109, 179.24317635373748, 0.6535580026045269, 0.6892525787914289, 72.82688515511221, 11.87192823486433, 328.8881484557941]"
0.05951133975228791,11.412025260871596,0.6839403143348514,0.9122059089996534,False,False,"[0.5145597993642798, 0.2740741607537163, 168.4315188957543, 34.32560935274482, 181.9823769543546, 0.7011554298820015, 0.658473941150026, 70.83399798029188, 11.566393298718301, 325.4751361346179]"
0.05921378305352647,11.420112545983867,0.5954896084843986,0.19661801251131783,True,False,"[0.4018706554168689, 0.38779962751107366, 161.02081255861518, 26.115072808388874, 175.49894946973063, 0.7056868837884303, 0.6812046132208882, 74.20470419179946, 12.781824653082097, 326.759887479557]"
0.05891771413825883,11.407072903954841,1.0,0.3068596774807215,True,False,"[0.4152900431135833, 0.34139862763157425, 158.77196918007706, 29.754497421299217, 173.71027775176123, 0.6921611728796785, 0.7476135375862925, 73.38254498501458, 6.85511861687821, 324.40196667428324]"
0.05862312556756754,11.415729471240443,0.8627203213398298,0.871238098809786,False,False,"[0.34161605475173, 0.3025750666153519, 154.94317761203138, 29.90708141302703, 173.83357455278218, 0.6759727823046654, 0.7842473117195784, 69.80008571821817, 9.175179797413348, 321.3854173932153]"
0.0583300099397297,11.375699917936835,1.0,0.11133822161398688,True,False,"[0.4040881711065574, 0.32442892337883966, 159.7113399636311, 32.65992408259898, 171.52027020688635, 0.6668095891463609, 0.766490588848452, 77.10548440919872, 6.900272611148937, 327.4831976962191]"
0.058038359890031054,11.339160960245028,1.0,0.5671433080666666,True,False,"[0.4484433926401773, 0.27663369720466957, 162.25824707763292, 35.54399146760724, 169.35608422710035, 0.5934908246350311, 0.7549250247913468, 76.42324000355275, -0.30640200799183503, 330.377526544764]"
0.0577481680905809,11.332570517102488,1.0,0.7623450983625948,True,False,"[0.45282149989719805, 0.2862117304673689, 159.43882223977337, 29.87983033197453, 167.78878104946617, 0.6254993350178418, 0.8192830192442468, 76.82630900805302, 2.053312414183468, 330.57217430055425]"
0.057459427250127995,11.318070135627352,1.0,0.6074950795973724,True,False,"[0.4749718431813089, 0.2968564362747177, 156.8529165588742, 32.9285038978122, 170.87808040180857, 0.6188278647924487, 0.858329544312622, 75.86711053311315, 8.30283228613359, 330.19995384577777]"
0.057172130113877354,11.30372037879289,1.0,0.7773720936329058,True,False,"[0.459503655237152, 0.3665277667644763, 156.03375377611096, 26.044675145840056, 169.36223470994165, 0.5568808525858264, 0.7925517255657482, 79.32276724546385, 11.234620244300343, 326.3807781163986]"
0.056886269463307965,11.24562387842899,1.0,0.8238554101413887,True,False,"[0.42005971263064823, 0.4305233498469754, 158.01022489262138, 33.82338293976635, 166.04007653896562, 0.5056399582960632, 0.8614391688351222, 80.91290131822844, 11.064981431052523, 325.02991391562523]"
0.056601838115991426,11.259558034345623,0.7817826599552139,0.6535939659134584,True,False,"[0.3808543286386903, 0.46589950950114034, 159.35451912245853, 33.58982746388838, 167.66427340628107, 0.532805109858557, 0.8501246746724309, 80.27009296686306, 8.578438009946758, 326.3312400663622]"
0.05631882892541147,11.282152060733004,0.6695290760011278,0.7918412963953533,False,False,"[0.42897050943303483, 0.45197667714616047, 156.70646789582725, 39.161885499733216, 171.4326913656731, 0.5807082263693598, 0.8553756133437825, 78.6264706704802, 13.3028331999635, 328.85090737893046]"
0.056037234780784415,11.314290524726303,0.3765454679486281,0.7502997129107765,False,False,"[0.32595047736761457, 0.4141437624733272, 156.55540287186258, 27.05223542092731, 167.55371393407614, 0.5910657456266386, 0.8170959502185542, 80.72426114084983, 16.214470404526807, 330.19398853042935]"
0.055757048606880494,11.287510782580569,0.6057237816623808,0.5576114380051889,True,False,"[0.4030411123020334, 0.4197885583039099, 161.78402441594264, 32.73521278278777, 168.7770309537147, 0.527653304726925, 0.7902784321526569, 81.93544225544146, 1.4311098062127154, 329.59286805547987]"
0.05547826336384609,11.28865631891941,0.9795633367553869,0.8206055959751903,True,False,"[0.4111481189693169, 0.4123217602586599, 160.3952065498395, 33.02903074024115, 165.34046263213773, 0.5016242043586076, 0.768753737321565, 84.5035186651829, -2.913117255534708, 326.3209019021586]"
0.05520087204702686,11.321607196206566,0.5505008644519707,0.7964276272742803,False,False,"[0.3414631317067453, 0.46413047763234444, 156.74285658156722, 28.57093068012472, 161.36531756831263, 0.511457469930757, 0.7238315336737267, 83.27596742235151, -3.3681909008885924, 327.6561620582517]"
0.05492486768679172,11.317535464120617,0.5910860783718878,0.2516742893498506,True,False,"[0.3769630812305222, 0.38272310784901803, 157.45361609949902, 26.5123639851117, 166.36578197732396, 0.4372942498943798, 0.717610072378525, 81.8790061030772, 4.206851979818325, 324.82488399424193]"
0.05465024334835777,11.313672338143714,1.0,0.8571746171315104,True,False,"[0.40371376282953464, 0.4165048855139529, 157.7504050474152, 22.791461774385986, 168.86322441928922, 0.4324367980679936, 0.7011782138385526, 79.89891753029409, 3.332138912044078, 328.0409001992741]"
0.05437699213161598,11.308669142718449,1.0,0.9921864218942775,True,False,"[0.3254450870674031, 0.4695655273308392, 155.48020518130647, 27.260203016109152, 167.48747443688436, 0.5067365373529521, 0.7810917403066565, 79.31037880719721, 4.639222003952337, 325.1806782928642]"
0.0541051071709579,11.259294426911481,1.0,0.386896674439724,True,False,"[0.338618723446491, 0.5367339872965251, 155.4873093387387, 29.14786375853509, 171.36698692929488, 0.474657387523661, 0.8527774872690012, 77.7485705126648, 5.841334845256036, 322.3602685402057]"
0.05383458163510311,11.20551064965652,1.0,0.13310994106214125,True,False,"[0.3563955330119574, 0.5435365681995978, 157.69623593704006, 34.076070731387276, 169.15338696472367, 0.4681493502943214, 0.9096762972805766, 78.85188219190027, 4.225618436883638, 323.7337537675636]"
0.05356540872692759,11.235872413714347,0.5673285881825777,0.5940829485341336,False,False,"[0.38547255975962136, 0.5355897732869912, 161.5966437803094, 27.956007625993678, 165.8611273792751, 0.4462098979419754, 0.8693714069219659, 79.21354736632287, 8.794676886632173, 325.7330187311828]"
0.053297581683292954,11.235172796380784,0.5731898315997463,0.7384821412459253,False,False,"[0.41484255903076617, 0.5809472252471559, 153.945709235954, 28.14449605337426, 171.78060845521725, 0.42737510760431335, 0.8745411081252883, 78.61744093975678, -3.512260893906763, 319.8910025303431]"
0.05303109377487649,11.239223099041475,0.5295588407942365,0.286211143822922,True,False,"[0.4240558942808473, 0.5591814737208946, 154.57151460078728, 29.531355557313113, 171.64819596079252, 0.49352814766924546, 0.847409484925476, 79.55506186449215, 10.431466392453409, 324.94544605872153]"
0.05276593830600211,11.283536122005737,0.4317953359258066,0.19226023439826245,True,False,"[0.35951363579849704, 0.5433730957873104, 155.8013402664441, 23.958134733362595, 171.20697282231853, 0.5472717522893998, 0.8181131347307335, 81.61915701841647, 9.020300274992044, 326.7616568730862]"
0.0525021086144721,11.335086023233016,0.37461237852422197,0.5859381425451079,False,False,"[0.3815142386369055, 0.49356188793698086, 153.24663078570197, 16.617667111434272, 168.03550776169843, 0.609155657061542, 0.7831800651588381, 79.58764839362321, 9.017758790228559, 324.89043077664]"
0.05223959807139974,11.331118090191978,0.4021858400881609,0.12743162907445105,True,False,"[0.28701652030166636, 0.5484666364717712, 159.6489357466636, 18.131457201546635, 167.74211768011637, 0.5061571342757033, 0.7661275668583609, 79.19744937963698, 16.308326147876052, 326.14505357492766]"
0.05197840008104274,11.29726347549839,1.0,0.705902922677405,True,False,"[0.3462024865684079, 0.6035619630692842, 155.73617892071448, 22.38544660493256, 170.9521900043825, 0.4850712819851451, 0.7796270780024562, 81.9955429911115, 19.652428226560104, 323.69008652910105]"
0.05171850808063753,11.213827684068258,1.0,0.26398537234785124,True,False,"[0.37687862936659733, 0.6632119665449395, 158.02993104677603, 26.999489699764016, 172.19546948986945, 0.447264447990651, 0.8509242785625306, 83.75216404620967, 16.16389047540939, 322.38811461143297]"
0.05145991554023434,11.270071824667697,0.33521943354187017,0.7681268832399536,False,False,"[0.36219133122530345, 0.6612159666824879, 161.204862558158, 24.657652233606782, 174.42937640131842, 0.4641140474499489, 0.8010012136299791, 82.41623393608765, 8.58335526525355, 323.24614961356497]"
0.051202615962533164,11.278498062250101,0.28279619722773697,0.7825025159373746,False,False,"[0.2991660208076564, 0.7260197149833005, 157.60893367590282, 30.814057509617662, 176.09983411474911, 0.5271223803486594, 0.8708085615161304, 80.2945406910811, 13.445112503740292, 322.37988557024863]"
0.0509466028827205,11.287613192279093,0.23497150327636782,0.9392083933951367,False,False,"[0.3048579267196013, 0.7369193398808018, 157.15561243235166, 29.10725980352702, 169.1353717847009, 0.4500527909156853, 0.8622904571690511, 87.25541819439741, 14.75506028362851, 319.30741005297335]"
0.0506918698683069,11.18354526324688,1.0,0.32492540337768316,True,True,"[0.3986642890742995, 0.7311110746336807, 159.74781059646497, 19.069582063021898, 174.4366070716876, 0.487891097879118, 0.8785870451715401, 85.1495629815156, 16.81964915010048, 321.253718797814]"
0.05043841051896537,11.212966216154708,0.5580512240743539,0.12198139205092362,True,False,"[0.3700006364425388, 0.7717282090440614, 159.04405680421934, 17.814266424128185, 174.00300114071308, 0.5233434323395614, 0.8980747157005861, 88.39985279205746, 9.53462362828692, 321.80146497011106]"
0.05018621846637054,11.194487410006106,1.0,0.43926376347288665,True,False,"[0.3847140490212721, 0.7948378964208033, 160.36823051731363, 17.94830360287221, 172.60721357805542, 0.5769065220232055, 0.9231871891116489, 87.0838501233326, 8.316981580985273, 320.48242932245006]"
0.049935287374038684,11.321728049332133,0.07822932629326168,0.7269225244979767,False,False,"[0.3623776331975734, 0.7624094121232862, 163.45875494906338, 13.33132752679013, 170.60154304982836, 0.6382254728088558, 0.8490973513076105, 85.94810429704752, 9.528970350791178, 318.1694710128085]"
0.04968561093716849,11.297908353025392,0.12474209406508414,0.744343334440485,False,False,"[0.3635703577551501, 0.8149878061675719, 159.54164820598513, 11.21505554266629, 174.5275203605871, 0.6428933510119939, 0.8727395476933835, 89.51161770621808, 3.4153087584639916, 317.3363053754662]"
0.049437182882482646,11.280891710893073,0.17416373859540676,0.9254946188449913,False,False,"[0.3806815438866933, 0.7375622178686464, 156.70863191939787, 16.17445209279938, 169.95922779721354, 0.5394849386733627, 0.8535237766356955, 83.58284770929721, 4.069571041625419, 321.7653105455369]"
0.049189996968070235,11.268122349679633,0.2238118656351522,0.40085222240909846,False,False,"[0.371788624649125, 0.7656529378569993, 157.34984640800425, 15.777972140964351, 169.19539387135717, 0.590567332579337, 0.8811313864959914, 85.60933422954814, 10.334052723094654, 319.8569618537761]"
0.048944046983229884,11.295036715816845,0.12817323473566586,0.8919636461507469,False,False,"[0.3139164392120461, 0.7670690282235146, 157.95656862538127, 15.393423053619376, 172.17260193280293, 0.5082209161306142, 0.8675202061765879, 87.0443183854091, 0.5796258163837944, 316.7197363056688]"
0.04869932674831373,11.248328905508473,0.33101547894668804,0.5400921556433534,False,False,"[0.31203432459181846, 0.7283050798216693, 156.7765532217473, 24.740781144572978, 173.88737205517702, 0.5915697650914608, 0.8974984051580742, 90.61761868132528, 7.0894159991410834, 321.0196537202587]"
0.04845583011457216,11.27853575313885,0.17648220959689492,0.4920312170995763,False,False,"[0.3664280378333824, 0.8618157341523015, 159.29270797249035, 15.219151889207447, 171.84536964753775, 0.6179150090344769, 0.8688552194121657, 88.8567897701317, 7.056907241266558, 317.1163284210929]"
0.048213550963999305,11.288081370085603,0.14352620546939568,0.2846669316326571,False,False,"[0.37156256167275814, 0.7690938405260396, 158.22921640224422, 23.956749905897812, 168.75813534267274, 0.5883198660851634, 0.8666512952724106, 85.39017100168729, 14.861921230158355, 317.4107826663746]"
0.04797248320917931,11.27991790039623,0.16849945407266623,0.7453194689928023,False,False,"[0.3834705157205186, 0.7171633392840753, 157.608609633301, 12.125185653830416, 173.72169595367987, 0.6281579971596727, 0.8821651611761396, 86.93471719097673, 1.189392233296834, 320.2859033522594]"
0.04773262079313341,11.32706516042742,0.06219328148753165,0.8420566492462548,False,False,"[0.34281867710265734, 0.815256430451885, 160.3390940876182, 13.130242641257384, 170.7626375901127, 0.6131996412505819, 0.8438882412725784, 83.13602072989511, 2.5525392211231654, 317.1874726079766]"
0.04749395768916774,11.307597253709027,0.09240605078384401,0.4273195740186586,False,False,"[0.33468179338063114, 0.79762803510263, 161.13885960874904, 18.60381122530164, 169.17481336943564, 0.648114265102607, 0.8983321510748962, 86.28731988376585, 12.64826547765343, 316.6524190228734]"
0.0472564879007219,11.280401268935115,0.1623447539109463,0.8241785232920189,False,False,"[0.32032403045779245, 0.7406726722962751, 157.65045692007484, 25.91324999229733, 172.99961291818926, 0.59438271075751, 0.8797833228162528, 84.71608205505797, 12.330954000806488, 323.72032141756455]"
0.04702020546121829,11.238243506003045,0.3943246571558074,0.9963971976469552,False,False,"[0.39265969828948477, 0.8734504786365959, 161.42452232271532, 13.802233003524378, 172.44283631764694, 0.6283471450167709, 0.9169413314810526, 85.79040993648664, 1.5239313219408572, 318.52903080412784]"
0.0467851044339122,11.231513024886155,0.4532109882779618,0.16084393594770197,True,False,"[0.36394579285618944, 0.7893245303562264, 158.28949117435928, 25.895568364756677, 175.30221490820338, 0.569563265756315, 0.9022735396283801, 87.0404960132872, 15.603325359123414, 319.84608104201965]"
0.04655117891174264,11.316507634683658,0.16108364399026082,0.14437356255249278,True,False,"[0.33034769846522377, 0.7440178499764317, 160.95858664078256, 32.27512624526696, 173.9614521833038, 0.5954561801756342, 0.8373505387472915, 85.41980939961002, 8.281812699873639, 322.2111265251918]"
0.046318423017183925,11.252101307661853,1.0,0.7840259172824732,True,False,"[0.29263354900906546, 0.7407950566351682, 163.57900683969254, 31.667779308085272, 175.03898425490988, 0.5309278669975296, 0.8849435840117654, 84.8497446526409, 15.453702961692947, 318.4517801543729]"
0.046086830902098,11.185998763377828,1.0,0.8065934968700901,True,False,"[0.3495820945331067, 0.7768066154971517, 163.16020931482288, 26.544294583176665, 175.5686376200431, 0.4750135737919069, 0.9178782492274322, 84.79016589103509, 19.461214011092284, 318.40123910257495]"
0.04585639674758751,11.263297985655525,0.18531832650349903,0.2578227992994264,False,False,"[0.3237238156955261, 0.8044455284552097, 165.92022496164674, 19.907388260501513, 174.89662597737924, 0.4755729637743466, 0.9104985031434887, 81.63030065049031, 13.817732169115988, 321.6277526422618]"
0.04562711476384958,11.223828054627583,0.43644333832846954,0.30729396062723724,True,False,"[0.28593936925603836, 0.7485839318872024, 162.59155946176924, 21.3710415419168, 177.25714696288256, 0.4381855986879282, 0.9222527913109442, 81.62794338802841, 11.803882864024665, 314.6156312529329]"
0.04539897919003033,11.302144694632837,0.17815970507472176,0.4564469894335761,False,False,"[0.30376902474398104, 0.7579724977230435, 164.0285240833839, 26.938337396525096, 179.15122343537206, 0.47887531358740587, 0.8629852498323359, 84.13410460578713, 12.88344158571245, 318.5635791142159]"
0.04517198429408018,11.212024695012655,1.0,0.38181734553940594,True,False,"[0.33924400680741734, 0.6706871530482533, 163.13073127706744, 14.243448945434366, 173.31532241561487, 0.48597255971968567, 0.8819513405389005, 84.43514901879828, 15.37912414899478, 311.74287942584436]"
0.04494612437260978,11.197414627784177,1.0,0.7850937275049075,True,False,"[0.3124572053009219, 0.6070233931216604, 162.1888223554809, 9.26768318407586, 170.01872931466806, 0.43143377772473035, 0.9149164904041409, 85.88250685914441, 20.731063686698857, 315.2697389448254]"
0.044721393750746734,11.234766940870957,0.4337779667897686,0.3583289884167232,True,False,"[0.3471757880083107, 0.6724300534143272, 166.01767336524063, 6.305984543414391, 171.4835024447977, 0.4207455401639614, 0.8383462566981961, 82.39135538958872, 19.469176619953437, 318.0785079209965]"
0.044497786781993,11.273978949998398,0.4142802624502994,0.985302348837624,False,False,"[0.32984648167085495, 0.6327276303008806, 165.68858797228708, -1.6380235091801882, 168.79114952214965, 0.3899548056157804, 0.7858704251540356, 79.17975061966469, 26.98872196829568, 319.21018526653853]"
0.04427529784808304,11.222885691501808,1.0,0.6777201844461427,True,False,"[0.3388071861713323, 0.7347697685463986, 168.81603644168794, 7.518188317692994, 173.43009233614086, 0.44341131461855376, 0.8838243845998361, 80.59959136586751, 26.317131531859985, 316.7627826970948]"
0.044053921358842625,11.271549969020427,0.3313259742970024,0.0042589537528608945,True,False,"[0.3062901479292262, 0.7584043219542647, 171.473356548669, 6.393314736998999, 174.39961389993698, 0.4359416430422276, 0.8882478539838881, 78.73159865506815, 29.411434689522206, 319.7770003457477]"
0.04383365175204841,11.23345161154894,1.0,0.19227037160137272,True,False,"[0.29054365665378, 0.7066536942343467, 172.72903470007208, -1.122703515117811, 176.6645977495466, 0.39262930230792414, 0.9148155812772905, 81.20150838285834, 29.521151190914715, 318.0867476191392]"
0.04361448349328817,11.230082327965533,1.0,0.8355815210651915,True,False,"[0.3064212492679933, 0.767580143256791, 169.59732722883447, -3.9777734018452957, 177.54521763907016, 0.40098412300656255, 0.9165510725246291, 84.28436751635398, 31.12491591773215, 320.9181978889691]"
0.04339641107582173,11.277303062215978,0.3368473788562741,0.2365091938337276,True,False,"[0.3025352317481834, 0.7177199799878184, 169.94050364264453, 0.9208049667295146, 177.2414663288266, 0.41423469506816796, 0.8557708788182927, 84.1355230740852, 26.690345829654238, 320.2882161132191]"
0.04317942902044262,11.382383983003773,0.08772156209428254,0.9433820317737417,False,False,"[0.2347397598753373, 0.6581270812676909, 169.7068047161431, -4.285976306497885, 177.31408357885823, 0.41932139501731047, 0.7780986266378376, 83.098732121899, 20.798211504419598, 322.3176935032833]"
0.042963531875340404,11.263807118378825,1.0,0.7764951554578154,True,False,"[0.3253330685523307, 0.6653765510054759, 168.98571522889395, -4.829329794033594, 174.0711593379826, 0.41534609422124685, 0.8259506998224135, 81.13004997228764, 20.30343159252873, 318.8747427388413]"
0.0427487142159637,11.308677545247805,0.35006648054820416,0.6228748101592579,False,False,"[0.2788781769490749, 0.6770167655248933, 165.28643836442606, -0.30946438789900377, 171.9126452094811, 0.41209339107807097, 0.8405867086287032, 77.36272643689263, 24.928587041728406, 319.21591554917984]"
0.04253497064488388,11.265945758739136,0.9509635191651088,0.45135147417542987,True,False,"[0.4020016535130702, 0.5965311812756264, 172.4100752144772, -11.648550665419737, 173.91657618898182, 0.37274490023494616, 0.8325901716820353, 77.7111699928014, 16.70238989546936, 321.0044217055016]"
0.04232229579165946,11.319198087995503,0.2841488375886963,0.3473899261439224,False,False,"[0.3788145398894854, 0.5502244078530725, 173.09119820620532, -18.41818772768654, 175.9031317243662, 0.3202001974744334, 0.7906450712756189, 79.04982599621437, 20.33023221794139, 317.18847470508314]"
0.042110684312701166,11.296687672670469,0.48189623740952986,0.817996401868543,False,False,"[0.3912749068963055, 0.6531799305017081, 173.58623171467812, -9.176365125523537, 176.8940924976127, 0.31988486813536937, 0.8679903307903186, 81.1729242202298, 15.077092576657058, 320.07192567411704]"
0.04190013089113766,11.295881115664681,0.48946347954328484,0.7457447192437702,False,False,"[0.4797216496384411, 0.6635460327736664, 172.28299221858902, -10.844789425360153, 177.3228827595718, 0.35404092942190035, 0.8537952740965746, 74.2757928379698, 19.288909709011403, 318.1042488584966]"
0.04169063023668197,11.237484267070638,1.0,0.8775238455771281,True,False,"[0.4595597273766911, 0.6300065075065323, 174.85523808566984, -18.546594453181818, 175.19696599954912, 0.3905125815221039, 0.8473337037558504, 79.7257560064119, 14.173088829160138, 320.0318192184673]"
0.04148217708549856,11.22617501559224,1.0,0.8282518240782603,True,False,"[0.5215593338501815, 0.5988161799516283, 175.08035633758493, -16.170540611858748, 176.57510005373598, 0.3982810075888456, 0.8858148950081229, 82.47519411630546, 16.005918088281597, 317.95898921351943]"
0.04127476620007107,11.149017353729828,1.0,0.4475922967053133,True,True,"[0.47023375983010757, 0.6751506616853017, 171.3859928813339, -21.0710464053232, 180.30501590240235, 0.45274338601066594, 0.9123620223767706, 78.98517403912547, 17.639664171421312, 316.13094897836504]"
0.041068392369070714,11.170876559819686,0.5872741714891432,0.1569053880316943,True,False,"[0.4179468903335148, 0.5991698958773315, 171.98020661211993, -26.633147191591753, 180.02531717147352, 0.4737823611477724, 0.9180314698569167, 76.9232423990595, 14.303960329599112, 314.9718080857973]"
0.04086305040722536,11.212604139709171,0.3601780618948656,0.47625150224619395,False,False,"[0.42052977973459316, 0.6085429248053936, 174.3252637136436, -31.87000956055799, 183.9479408754125, 0.45013116573970724, 0.8705906775740968, 76.19732083724509, 20.460698961294526, 318.05842817416357]"
0.04065873515518924,11.221703420322093,0.28648054668952383,0.14485451762337387,True,False,"[0.39530753637248156, 0.6239147411780555, 174.42983071718905, -20.19555362526353, 178.89479054625787, 0.46049836265959465, 0.8541657959015435, 76.17110154683628, 22.27395922936887, 315.45681330659255]"
0.04045544147941329,11.24308273113577,0.5895087942247034,0.26938803608740114,True,False,"[0.33811575662731946, 0.6386927334582276, 175.66375883257504, -16.398534901542696, 180.17073041030326, 0.4418974142636958, 0.8589861136063367, 75.11503327561648, 18.907366192126783, 312.75384647022474]"
0.04025316427201622,11.289421356439293,0.3162634553252968,0.8552458382100382,False,False,"[0.37018540252390986, 0.5614915331000152, 177.58919822138952, -22.011777167283853, 178.15917442716025, 0.3636518300192064, 0.8761269130049131, 74.37675555019096, 12.879100032981912, 309.5919009673818]"
0.04005189845065614,11.25227241525726,0.7949751618233984,0.11372875392838433,True,False,"[0.37561275431565094, 0.6322927709216882, 173.88456239727125, -22.954473424086345, 178.2528607428315, 0.471770763393133, 0.8221658871835019, 76.64281885011704, 24.827485685838305, 312.3563105377899]"
0.03985163895840286,11.238045071151243,1.0,0.6287477938323492,True,False,"[0.38817507317706545, 0.5636457879274251, 170.0446348463979, -18.60069625542443, 179.08890692398467, 0.45971961791056504, 0.8514670783562162, 78.4530243263036, 32.71370344848212, 313.47194231481285]"
0.03965238076361084,11.215664617148157,1.0,0.8489235639364159,True,False,"[0.40550422795243624, 0.5023394933692448, 172.33296653777467, -24.495557684433212, 176.29743964501841, 0.45250791420709635, 0.8845981795601907, 82.17830495063845, 40.42215579225649, 316.8360132311301]"
0.03945411885979279,11.248206724005575,0.43831876405882164,0.9556497498441425,False,False,"[0.3730557205497574, 0.48809483602811665, 171.5123761621388, -29.91693023019036, 180.12639678157404, 0.43984372078471046, 0.8460494126863545, 85.33313949578239, 40.551640733403374, 319.30080383494476]"
0.039256848265493825,11.25928592758871,0.32917126854960777,0.8715466695260058,False,False,"[0.38838754568028566, 0.507301282667815, 171.19547034784532, -28.897271906476874, 172.4009617934471, 0.47282262970798217, 0.8175811438837008, 83.27115858380742, 36.79342024369742, 318.42945600026115]"
0.039060564024166355,11.230024265571977,0.6923766223143671,0.3881015213556275,True,False,"[0.4417996017854962, 0.4926430089982349, 169.06150222366736, -19.30555659139563, 177.63427447030517, 0.4503950452795986, 0.8649380219155223, 82.20121612431973, 33.73456610630039, 320.7895950795337]"
0.03886526120404552,11.258613032818653,0.4792242401339859,0.5574101380502064,False,False,"[0.40453810653082417, 0.4772812109880538, 171.22674351678756, -22.538038667215233, 181.26433343931632, 0.4090039782732039, 0.8371418782913862, 85.13894473762731, 27.323828173981113, 322.8275897417308]"
0.0386709348980253,11.27691270530121,0.29745324679080265,0.28249104126318136,True,False,"[0.4383942654019496, 0.5315168070782547, 168.36247429086666, -15.15205777518211, 179.3645005107883, 0.413134381060442, 0.7869262938061956, 78.4225435634309, 32.145881548594815, 321.13345394455223]"
0.038477580223535174,11.261068184528579,1.0,0.762239638580537,True,False,"[0.49001167417288033, 0.4570357959745069, 172.0028584403782, -20.083991113710237, 182.43005851029665, 0.4811133191821952, 0.8108854994272892, 81.61887006679616, 32.61383121983224, 320.64670757141585]"
0.0382851923224175,11.244917936267736,1.0,0.25705935557049275,True,False,"[0.4877067658253369, 0.4699268646588509, 168.53056495953143, -20.8261870080693, 183.57458126441168, 0.45936694614879214, 0.8450493435058283, 81.12471220325801, 28.09091892292186, 321.74215917031455]"
0.03809376636080541,11.21628507538171,1.0,0.9613512403988891,True,False,"[0.4848279735267175, 0.47550196476027556, 165.01898987469698, -25.85274326261066, 181.14812365573783, 0.44294698853484515, 0.8972081750310237, 78.76042371082588, 22.144019637559882, 318.56429640310876]"
0.03790329752900138,11.24878506323877,0.42424470082307714,0.0542027621886757,True,False,"[0.49046285088102265, 0.44980113310201986, 165.36763464510108, -29.171089163741485, 182.81661548926598, 0.4029374467820368, 0.8911089471351499, 79.75265408321155, 17.912110237179057, 316.5348625064655]"
0.03771378104135637,11.240290011529169,1.0,0.3214491872438119,True,False,"[0.520921969377916, 0.44374841754621985, 164.8488435465922, -29.75979716321909, 185.32583114123236, 0.4185631553974867, 0.8816926274618586, 82.3124859894364, 12.130105283247422, 317.8973988436229]"
0.03752521213614959,11.327717418791977,0.09731217915162851,0.8229370749476564,False,False,"[0.4562274818469022, 0.4102678507382384, 162.42019762639794, -29.7433766580954, 182.44407973606715, 0.34122039238344365, 0.9039214758043143, 80.41049286816936, 19.751532382775515, 316.9448954299722]"
0.03733758607546884,11.252670904222793,0.7177791975049195,0.1710943064149697,True,False,"[0.5281979602500139, 0.43882133958015695, 161.78379160069852, -25.3905364217553, 188.84581191556816, 0.41266810230774975, 0.8622166998855606, 85.34261681687667, 16.677663831529166, 314.0126384378626]"
0.037150898145091496,11.294783507078662,0.3218867689909644,0.7629646068280304,False,False,"[0.4527537018937081, 0.37497985642394366, 162.74457870482922, -26.064959827817077, 190.6499175604515, 0.3501738605268239, 0.9063516835142231, 86.66276056416257, 17.44298238877294, 316.8287777542386]"
0.03696514365436604,11.284401176844296,0.42384663992309096,0.497505531674476,False,False,"[0.4588193803848514, 0.4442475958437212, 164.07300769759686, -27.699237166266215, 185.63684102594527, 0.3743056296843482, 0.847099181061363, 85.22283371999437, 21.884764344983353, 314.7985025458043]"
0.03678031793609421,11.285204658858259,0.4129030303212372,0.5839109925627346,False,False,"[0.5680217836469178, 0.36088275916126666, 160.2858718061748, -19.536565798198666, 185.81409019966375, 0.3664604843419335, 0.8972578189870591, 83.32893268262684, 17.401187606661612, 313.4850993842082]"
0.03659641634641374,11.240260943451926,1.0,0.07618436964988806,True,False,"[0.4874577898504574, 0.4079784067932432, 161.9492470981382, -26.359804681285887, 186.39279184358017, 0.4331841851295367, 0.8685846181473563, 84.94489405909836, 16.267524430561032, 310.38312187344764]"
0.03641343426468167,11.251349969414314,0.7374690364693128,0.3420892255014457,True,False,"[0.4505560037490697, 0.3748254453145443, 162.79427358005003, -20.68512801449902, 186.49053030722516, 0.3962089220196556, 0.8925050299943148, 83.30847823654385, 13.890451875175216, 307.55361414266736]"
0.03623136709335826,11.304449926309667,0.23094406941294685,0.2693599606260717,False,False,"[0.4224123607830333, 0.43601527170987375, 159.01679397432974, -22.492559187003618, 188.24504224367342, 0.35342025697682555, 0.882746009911906, 82.4061134974245, 10.091872781167316, 308.68693501790074]"
0.036050210257891464,11.305481902668097,0.2227800030076302,0.6926470432228612,False,False,"[0.39147700875461644, 0.4354220790694685, 159.2553340025647, -24.979264454040532, 188.07203723063716, 0.3620094160303349, 0.833836276354295, 83.47917774039426, 9.12825719460198, 307.72212685958345]"
0.035869959206602006,11.241558985199996,1.0,0.4566576552942717,True,False,"[0.40489212203049807, 0.40298815396720894, 160.75706667250364, -27.5790328351515, 185.91065574408594, 0.4424035775726617, 0.8647187291825351, 85.391303274306, 10.134779709800592, 305.1536069659678]"
0.035690609410568994,11.201631236697866,1.0,0.3250006660649316,True,False,"[0.42116390328365394, 0.42355796853552646, 164.68864221512152, -28.01068686303335, 182.86414680708452, 0.4591931267334547, 0.9058049424162554, 82.44443214362884, 17.879672171845467, 307.42072608429027]"
0.03551215636351615,11.237736408399684,0.3617872528774259,0.18860084524265885,True,False,"[0.38223968629774807, 0.38566842761228676, 164.96044013802876, -29.685184045462073, 184.04909627197293, 0.5058715425284795, 0.8609254935364216, 85.80207028407209, 24.778515451889188, 310.48587120179735]"
0.03533459558169857,11.282543327453492,0.28137272928532175,0.314938699652904,False,False,"[0.4230075590927726, 0.331207594089817, 168.74659548512034, -23.391144245780318, 184.94622729704486, 0.5378615667479753, 0.7838978886234507, 88.1064732363222, 30.56894016086342, 312.23202447696207]"
0.035157922603790075,11.265448169612398,0.4546587450739007,0.12617771070464323,True,False,"[0.4225029928991922, 0.3802357117924125, 162.74811525171134, -33.09350918809245, 185.56913781031503, 0.47992160074515544, 0.8034874569954463, 89.77406118105615, 21.193247831841585, 310.8762025457368]"
0.034982132990771124,11.267885769425064,0.9326910395936907,0.9693718610433812,False,False,"[0.47234900953291387, 0.33218547107086155, 163.15605446228628, -39.011245967801514, 184.88555314764588, 0.41961658461574747, 0.8163734692858836, 93.49455587474294, 16.14397157049497, 307.1852317784294]"
0.03480722232581727,11.303374179116496,0.33635042685104477,0.6308869892738318,False,False,"[0.34264358866284617, 0.3231331002393689, 161.94630386662843, -27.16091113081182, 184.0051976099536, 0.44015884527354354, 0.7443661533519068, 88.12887780190604, 20.81763036036356, 313.1871290100078]"
0.034633186214188184,11.282122921090398,0.617876030710034,0.6803976806071446,False,False,"[0.48811240412999146, 0.35310237015891127, 163.11786350851398, -38.856067862822485, 183.28661605909122, 0.49067944593500845, 0.7609516189275066, 90.59322767471113, 16.701578537200223, 314.62186822171265]"
0.034460020283117246,11.297799799667018,0.3910904803801062,0.7751204216839604,False,False,"[0.35947882301402434, 0.35383248185226124, 160.042070611515, -32.23941581442529, 184.43377153538742, 0.4475494780669381, 0.7553415145413509, 88.6397898711716, 19.630697014883534, 314.82653063985214]"
0.03428772018170166,11.219318478860345,1.0,0.9432102990935086,True,False,"[0.48532430985954034, 0.3214419361534654, 163.41105346576765, -29.158037874672434, 188.7163109554556, 0.4711938257929865, 0.8815324319727019, 87.20533086137283, 27.101168710217564, 312.60118703065996]"
0.034116281580793155,11.260029913380212,0.3032147605737607,0.8521529632133422,False,False,"[0.48066366619519213, 0.3049607806495133, 167.2475407650215, -21.411523505814202, 191.65980513378148, 0.5201068133203496, 0.8068989504603232, 91.1718004084077, 25.81402604075916, 310.03020555887224]"
0.03394570017288919,11.251078471722177,0.3923458101943073,0.8226083061853071,False,False,"[0.43648525115974335, 0.34737039476482523, 166.78107235733765, -29.61058518725237, 185.18133650455803, 0.4917615647710156, 0.8394396994631057, 85.72785145477592, 27.495796321014737, 315.35494737625106]"
0.03377597167202474,11.20336669583081,1.0,0.8576014862587851,True,False,"[0.5206154406653485, 0.3317508477750589, 163.72392955911553, -27.703131238306533, 185.53915001172498, 0.5227989810623008, 0.9021701739506625, 89.01724303770952, 34.017020537255775, 316.2724494486938]"
0.03360709181366462,11.255689963982377,0.2107860770480124,0.818920428160977,False,False,"[0.5340978989297686, 0.29233234607038383, 161.92100162367643, -22.345494802971324, 184.89298312970402, 0.5712210541459972, 0.845323954184864, 92.81225365376999, 26.938399097520346, 317.50337418828815]"
0.0334390563545963,11.251445632979863,0.23744771364245423,0.5332059275758526,False,False,"[0.5447905947382141, 0.30403071039185753, 165.47431396569138, -21.439877845976355, 182.3450510767331, 0.49816662831840164, 0.8299455506700258, 89.61388239899793, 30.30298028252232, 314.0306816003881]"
0.03327186107282332,11.23746484048327,0.358855920746971,0.6013818620082062,False,False,"[0.5781187905702184, 0.32642455523976716, 164.70812500742784, -27.707357020136023, 183.0491101990469, 0.46443311612923777, 0.8574048433200364, 90.38930093601486, 36.23804962964649, 314.15188622044724]"
0.0331055017674592,11.192285227990716,1.0,0.36876027858884475,True,False,"[0.4678713558010188, 0.3276265373875739, 165.97755753364893, -28.985175743361076, 181.76851749424677, 0.5007478947101288, 0.9119341509264055, 87.02065126015339, 37.715338939853794, 314.54360875162934]"
0.032939974258621905,11.253616061154373,0.15537762803325642,0.27541310321830637,False,False,"[0.389735459621935, 0.3632421668467025, 167.54973140459686, -32.75315665824805, 179.77908675872712, 0.5723498822293077, 0.8884308760067322, 85.06751271018904, 44.345310553460074, 311.84848425053076]"
0.032775274387328794,11.221615455380874,0.4086530205771778,0.8242151795071636,False,False,"[0.39983015326413557, 0.3401622924522316, 162.04762174725198, -33.88408580062671, 182.4534302895544, 0.5073979854544127, 0.8908058492767184, 86.91080482280034, 43.198411147654994, 312.0189700420633]"
0.03261139801539215,11.20985920769408,0.5833950429789907,0.690808066432526,False,False,"[0.40267598249525194, 0.267432179322306, 166.94414574908953, -23.59201133766845, 184.55379893353455, 0.4503806066405457, 0.9011877180479032, 84.96887424441849, 41.195562876397304, 312.8631355206171]"
0.03244834102531519,11.274232014812876,0.08002198889920462,0.26067275754756514,False,False,"[0.5331865918419487, 0.3844181479067912, 164.38460895056866, -23.542374594963416, 180.7105062140516, 0.5529922075195899, 0.8356594163204084, 83.57120725090603, 42.08715427699994, 311.5931634702599]"
0.03228609932018862,11.228383798499998,0.32690555168876856,0.1717929339048283,True,False,"[0.39045990188510366, 0.36794085960209766, 169.79739100789868, -25.859653208376322, 181.52457470514057, 0.4938555196370883, 0.866503120629607, 88.13424783189025, 37.96564617297982, 311.6524702254596]"
0.03212466882358767,11.263934893500496,0.3306614356278539,0.66233283765212,False,False,"[0.4673421085386328, 0.4247898218745943, 167.1855375889756, -32.233240328794025, 181.10030483796734, 0.42032872725934683, 0.8183605855577424, 89.97550425706326, 33.04699191746253, 309.52103249417956]"
0.03196404547946973,11.284660496451096,0.17193736734103932,0.9836671457731566,False,False,"[0.37933094222429425, 0.31310185926659206, 171.3144630407322, -24.551273730476847, 184.33766703172208, 0.501659449913724, 0.8013264962472931, 84.67161560723781, 44.973951363436, 308.3715549543515]"
0.03180422525207238,11.258894875516791,0.3831455393871084,0.21052979354504808,True,False,"[0.35874188980830274, 0.2893562206868905, 170.89596747607985, -24.45565631098203, 184.15892045710672, 0.4517032568428931, 0.8394425529240347, 87.0078297360337, 44.97439005183189, 313.9476648371502]"
0.03164520412581202,11.237655679378648,1.0,0.24997744519691434,True,False,"[0.28524546865733874, 0.34960010508463873, 170.12401282255715, -24.277697851838425, 184.64565148293605, 0.44602170657407697, 0.8829424237794974, 83.07680296651888, 47.95438240451231, 317.60153179631135]"
0.03148697810518296,11.231572428114948,1.0,0.4666122759865532,True,False,"[0.36426357430586526, 0.3490779025511189, 167.88802029767504, -20.551450582224373, 181.56949576680498, 0.5083153901685717, 0.8885197551607005, 82.78681005374179, 54.49379472069926, 315.8136476888027]"
0.031329543214657044,11.24080849802488,0.7446776428131703,0.6073180701025467,True,False,"[0.37848026808673707, 0.3337842060657747, 166.3120972502707, -21.96454057550165, 179.01911704350707, 0.5138236142323255, 0.8810285019351095, 82.61637562508835, 52.86435015492155, 317.1714965758204]"
0.031172895498583757,11.264554712808124,0.4668448081681665,0.8508981080189382,False,False,"[0.30468514033180477, 0.38802277605153435, 163.44285556308662, -18.07081542837981, 181.52956987945137, 0.560420361513243, 0.8903441682166056, 80.84931709278983, 52.46537603200103, 316.13092097099195]"
0.031017031021090838,11.279899470790552,0.28356703624073365,0.611839668058413,False,False,"[0.34817324478421247, 0.35149203347117863, 165.04828919113547, -27.208504377610844, 181.3435186463715, 0.5790033606618098, 0.8735906397285754, 84.86226786283974, 53.29660724535333, 318.0828305872941]"
0.030861945865985382,11.266041589794225,0.44148474096668355,0.10853284219018888,True,False,"[0.346766763785577, 0.27968154930604183, 167.94219329773355, -20.038170260086765, 176.15432960428927, 0.4498388016076208, 0.8549191450279882, 82.7895382507883, 56.547188645108484, 318.5241813677502]"
0.030707636136655454,11.296224947776459,0.3742142508417454,0.43290827267026777,False,False,"[0.38098841068378064, 0.3337395029424229, 167.78676450393016, -25.893429229950822, 173.29962664082137, 0.442389087801042, 0.8175864770344718, 82.25397861071545, 57.74872598037821, 322.27805328696184]"
0.030554097955972175,11.26861952339792,0.9190885918720929,0.6766821520222048,True,False,"[0.3297289458525371, 0.29743476689069365, 169.0338195902337, -22.342439717565277, 179.8225694848771, 0.4503307388956972, 0.8448989790745522, 84.51179778261508, 54.797195648962536, 320.4290999911952]"
0.030401327466192313,11.318336424587692,0.1948835709369861,0.16565364504350066,True,False,"[0.28839702300726433, 0.26814364130854, 166.84453300508295, -27.50826416743172, 183.74808408659987, 0.4057667126025937, 0.7936725509975681, 83.56527410846509, 51.71308543174156, 321.4523012104371]"
0.03024932082886135,11.2900007486957,1.0,0.19293119300211337,True,False,"[0.33868377856171433, 0.20803169389943182, 164.96575511624653, -21.597479003325724, 181.78742227681056, 0.3739287440715633, 0.8621331216230775, 87.3774392610705, 52.06465731021839, 321.9329519315833]"
0.030098074224717043,11.310980767874003,0.4980498029689417,0.9648179686072479,False,False,"[0.2726743655637283, 0.25819216290119634, 164.63592268004874, -26.66783611221188, 185.33055001775787, 0.3415740401327647, 0.8718210246503333, 91.17473642519793, 46.803721015052595, 323.1461023086938]"
0.029947583853593456,11.22716286497774,1.0,0.39380166177588916,True,False,"[0.41371230797281855, 0.14871540001435193, 166.66257998908978, -25.636841221470483, 177.8390254704438, 0.405052447240056, 0.9080808121130833, 84.8166129044935, 53.591290388942866, 324.37854734217564]"
0.02979784593432549,11.267739331148082,0.2562184667762543,0.31178778141165353,False,False,"[0.4273053787670931, 0.12101418593347346, 170.53059635982933, -20.322529709374404, 178.84851402498873, 0.3937454750365182, 0.849806502501615, 85.27846643704886, 46.03214549847586, 320.42363029500416]"
0.02964885670465386,11.245437342714272,0.5399041491591008,0.2083074373755185,True,False,"[0.47759909889421664, 0.1387873896487509, 166.82951043025565, -17.952026506023834, 179.7144742942526, 0.38787661365953974, 0.9125571647188364, 81.88049145045645, 53.75340119464259, 320.5467587005758]"
0.02950061242113059,11.271263825086322,0.41667205550833936,0.6876651814880566,False,False,"[0.4503536081181414, 0.1468505251186874, 164.8962354576169, -24.0348272614562, 176.72104870007877, 0.4180189348473937, 0.8539339897966112, 81.00406260985665, 45.904170262012805, 321.1118270989494]"
0.029353109359024937,11.270558955259027,0.4249254165731745,0.8939510121386876,False,False,"[0.5020131863131091, 0.10880791788438772, 170.0876278610136, -12.770429413609168, 180.7297237907435, 0.37695436703218826, 0.8854130116014545, 83.53458863148836, 61.067166737326204, 320.59059994359876]"
0.029206343812229814,11.264114533340415,0.5275609453425272,0.7628735244484726,False,False,"[0.4382931563310155, 0.1868212548074949, 169.46150930325967, -10.881877080750405, 183.67226737018234, 0.3906382395157318, 0.8977378688787364, 80.6083877608026, 56.83288198634696, 324.1190678992029]"
0.029060312093168665,11.25898548903925,0.6273768550202233,0.6460576217788546,False,False,"[0.5395729796383004, 0.18661364773909817, 163.14523679023617, -10.520626774716124, 178.26439625778966, 0.4340386430821093, 0.8698816583285218, 80.22793398749543, 49.689743140230135, 319.3440051121382]"
0.02891501053270282,11.311370588629394,0.10225937039998469,0.3040957116703936,False,False,"[0.5020215283584912, 0.17669277241716397, 170.5246776537857, -12.342729816898432, 178.69214717705788, 0.35214927624515857, 0.8829261695708667, 82.487382364188, 52.793190334206955, 320.82134757943845]"
0.028770435480039307,11.292731861170047,0.19323305579810085,0.8374661709907628,False,False,"[0.410430460361749, 0.1567918945344744, 168.22562592225813, -17.84113911447303, 182.5869723906271, 0.3755287548112153, 0.8618317608543165, 83.00858543894684, 52.63514151575373, 323.4268142909565]"
0.028626583302639112,11.352695624155988,0.02359295907153018,0.9234484640453328,False,False,"[0.4262722094135333, 0.114283466950524, 165.1911814672237, -18.241548291123664, 175.79080145063196, 0.32246738805151187, 0.880532633422568, 80.57572493548437, 51.64919195461349, 323.75058782549974]"
0.028483450386125916,11.276456714210035,0.33654231496555564,0.7664568812486394,False,False,"[0.5176875089693379, 0.10576638917787759, 164.31108275329606, -13.6145535515045, 182.07784487970892, 0.4016498371420928, 0.8433073203670449, 82.79276847242598, 53.224490035667195, 323.0042022781898]"
0.02834103313419529,11.268136138849957,0.448917420843149,0.682697865855483,False,False,"[0.43486041649172824, 0.18529204122974124, 168.38669072962963, -19.81898676032427, 183.30151336495106, 0.39626571222204765, 0.8779148403053174, 82.08882762909194, 50.02175553788858, 318.1934768415061]"
0.028199327968524313,11.35317375277511,0.02191615769755272,0.7777505401465922,False,False,"[0.5391089509054128, 0.1875441858058874, 169.40956450545076, -18.632056175452735, 180.7114362459641, 0.3366044730789836, 0.8730648958672673, 78.82488550709309, 55.60494150182653, 323.77363343037683]"
0.028058331328681692,11.240964450582588,1.0,0.09616545614895067,True,False,"[0.4409640439032371, 0.09744207855188468, 165.3259139448279, -19.525057385226006, 182.1787920240801, 0.44789140663131954, 0.8512906050408567, 83.72326580871189, 47.443196127471865, 321.0124053563073]"
0.027918039672038285,11.18870155391145,1.0,0.8094317778923539,True,False,"[0.37225795392230965, 0.12032840344086843, 168.7143578621038, -13.567923857508072, 178.4696616675417, 0.48495410266182637, 0.9105707187935659, 80.25324497479151, 40.55298624666307, 320.0645557216036]"
0.027778449473678093,11.253129847892268,0.09833625511840748,0.47591538361622754,False,False,"[0.43740368670052027, 0.14474393554808812, 165.10122831813507, -10.063877103888057, 181.22223670716227, 0.4771995321288269, 0.8399053784166923, 82.94156629576634, 35.990747300547916, 323.1661884632279]"
0.027639557226309702,11.185972574965689,1.0,0.3418732047080939,True,False,"[0.4207359147893233, 0.10482488856812913, 165.44505927896142, -14.642644461612544, 174.47118397762154, 0.5227825099063551, 0.9165773499155887, 79.04966054623927, 34.678358567622304, 317.55904091844894]"
0.027501359440178154,11.266342363898936,0.05380476143347996,0.4480599354496563,False,False,"[0.3878102454796647, 0.14030357421012346, 167.16974894177193, -16.03563329656328, 173.50842595963059, 0.5991917899800471, 0.9078141035151585, 76.00308980720597, 30.26038588676137, 320.12581975588347]"
0.027363852642977263,11.271600914267433,0.04375059243340794,0.9167164101852093,False,False,"[0.371144287472004, 0.15575059216818798, 162.85500642902127, -11.544034380910782, 171.34088968981902, 0.5438087752279004, 0.8462020707530367, 77.42737554086558, 26.816168617173073, 317.68064813642366]"
0.027227033379762376,11.241329598953275,0.13092063277416205,0.10195786833986809,True,False,"[0.4174127258740874, 0.17801649690275412, 162.93673171997128, -7.704400642313702, 174.8778859688438, 0.49781898484987996, 0.8799839799028673, 77.12400752960681, 41.9248100615289, 320.914516604939]"
0.027090898212863562,11.280377350820462,0.23660562651523903,0.6803812004948592,False,False,"[0.48884761514405184, 0.16921513113821157, 166.49056016760042, -5.223084915630583, 172.32843610583663, 0.4734472477555236, 0.8258059806832487, 80.31900892586366, 49.52170809763432, 320.8721740629774]"
0.026955443721799244,11.275250041569883,0.2841112692273853,0.6186191625292121,False,False,"[0.35535348902735403, 0.13775891253426314, 164.46099615437276, -11.657544676019745, 176.09578889888564, 0.5430412509772785, 0.8586011569264381, 76.38107217984465, 47.95277092783969, 321.8672746892783]"
0.02682066650319025,11.274724806334731,0.2879035759464959,0.8524747347550661,False,False,"[0.4485281220315689, 0.1792043980874749, 161.75012226377058, -3.406526510801756, 174.7204833690904, 0.5632829994114766, 0.8735236264494599, 74.49922793897628, 36.30630128898583, 323.40469743409585]"
0.026686563170674298,11.249304363280563,0.7416849667825373,0.4515245588742377,True,False,"[0.36565537891486566, 0.20524703565161878, 162.0217783179151, -6.82406557944827, 172.89514405977172, 0.5117435385601475, 0.8831853145348989, 74.8371999325239, 41.144214389959984, 318.00160237748133]"
0.026553130354820927,11.27530977070305,0.3755466555224553,0.7786482473343683,False,False,"[0.4350079360597298, 0.26121394348556776, 165.90581663182076, -6.86474821139646, 173.90323532239742, 0.5016543176519166, 0.8412685913262367, 76.94822587351669, 40.30690139013805, 321.8099582352742]"
0.026420364703046824,11.313005532022373,0.08971985479764577,0.5883108436272872,False,False,"[0.44405178695694447, 0.21860820755870042, 162.20619760038318, -11.723963749824375, 172.628436253138, 0.513674913039674, 0.8123593610818951, 73.70787458786407, 44.044720039506004, 319.1351880711464]"
0.02628826287953159,11.23957088275807,1.0,0.8590715209779243,True,False,"[0.4145171065675308, 0.15282285139573326, 161.98030989910046, -10.649654871681582, 176.88123601565695, 0.47554626158908686, 0.8862232358659501, 75.0031369493199, 45.39796692907718, 320.7953342661739]"
0.026156821565133933,11.238589163499153,1.0,0.9321554925025001,True,False,"[0.49265669930627215, 0.10539471236573886, 165.38164515924882, -12.92674446537758, 177.82521016776343, 0.5121511908148815, 0.8761961623201944, 73.53585723276639, 39.18431391804593, 318.2875268039918]"
0.026026037457308263,11.260877202324359,0.42469897543741275,0.3299416223761976,True,False,"[0.5386466603795889, 0.1685400043315174, 165.49594297559292, -18.205660687448713, 175.8093661018994, 0.5531988423328681, 0.8971769889746923, 72.83428961279955, 46.8874331415166, 316.4274065816218]"
0.02589590727002172,11.332751719635322,0.06231728294263985,0.3030475547406879,False,False,"[0.4855256175913776, 0.24302367422463061, 168.58674799212895, -20.84820154003167, 179.45333758465708, 0.5827935399151173, 0.838782632009219, 70.65802032007221, 45.49261428713549, 320.35937769638934]"
0.02576642773367161,11.199915133183294,1.0,0.19581813946826299,True,False,"[0.5315756364990117, 0.11592796939911601, 168.5383775441114, -13.434915937207702, 179.57559786600058, 0.4815194498424214, 0.9135416572416794, 74.63007253899141, 51.80906519253422, 316.8370853698336]"
0.025637595595003254,11.276442366223089,0.050541454806097515,0.5584925851149923,False,False,"[0.579333619075784, 0.1635739285412538, 170.53077569088768, -15.51658462848956, 181.70383535797862, 0.5181660638773865, 0.8631200200312898, 75.29417315483929, 58.82607656351058, 315.1329783944035]"
0.02550940761702824,11.25652618708585,0.10869357434709957,0.7977562032930052,False,False,"[0.4879219651026711, 0.09699703985185736, 166.59264835310958, -9.527749716471096, 178.26485896163499, 0.5576577958497417, 0.8717678637696599, 75.57005363216831, 44.807230282996976, 313.77460066358367]"
0.025381860578943097,11.278679501790357,0.04490637428135011,0.1001902331068516,False,False,"[0.544505487714848, 0.17211065291808014, 171.8575010072532, -16.813417469866387, 180.34002908025371, 0.5296378235407454, 0.8506240386210604, 77.68359543697036, 55.18589714216343, 315.51974137371235]"
0.025254951276048383,11.285136929161432,0.03423663755872412,0.42262635793407877,False,False,"[0.5621921103505289, 0.19065758310459058, 166.64213730038807, -21.26553535190905, 180.19629058384146, 0.41556394041423483, 0.8729864635696603, 74.31125053505058, 51.918795726443555, 313.83625004776593]"
0.02512867651966814,11.219438981617795,0.4598040294237656,0.09141252794552401,True,False,"[0.4734336242365109, 0.09807663028639899, 166.97021175744158, -6.987853513056297, 181.3231243904518, 0.45355596303196893, 0.8929706786361457, 74.74867042051146, 46.8088515953297, 314.3541247563382]"
0.0250030331370698,11.296141600938117,0.04652653059425695,0.8245610399403693,False,False,"[0.5240203597335632, 0.1274816827072412, 169.07382342433934, -6.572511171530923, 184.9389934980824, 0.4443189663361324, 0.8176971340956062, 75.04396342659318, 45.832057440100584, 317.679266119276]"
0.02487801797138445,11.31055206475511,0.025671004041641587,0.7198181520986905,False,False,"[0.5229801069599642, 0.1481158315596059, 169.24379816156403, -7.799983262425066, 180.0395061603852, 0.41596397996936507, 0.8141395117538506, 76.09272840105855, 47.15207625187058, 312.2988893133108]"
0.02475362788152753,11.236862680016472,0.49465999167952485,0.648781118792096,False,False,"[0.5473796506229536, 0.17361305861350157, 167.40748851107875, -2.0922024366916805, 179.54288639995383, 0.5285103720038973, 0.8921741285393234, 76.45648276565825, 44.528863993142686, 317.79232664286394]"
0.02462985974211989,11.266932902320171,0.1453942030084833,0.7721888054757651,False,False,"[0.4745495118568578, 0.15160216546262462, 165.58903884267636, -5.741723942965665, 178.5033176046477, 0.4113145283056116, 0.8955270115441254, 72.45437185669638, 52.514603159072664, 317.83528322698334]"
0.02450671044340929,11.271816681022557,0.1179753127764497,0.7445607828737948,False,False,"[0.43817527741542306, 0.10193625345557075, 166.44498804580445, -0.9127310977859544, 183.28314042017752, 0.4728018977603954, 0.8177157773715047, 78.7261595115572, 43.193942638887876, 310.52397831698784]"
0.024384176891192242,11.250177601062111,0.2834847447941378,0.7069471209133347,False,False,"[0.46354801535140233, 0.16572541108326355, 166.58066765450158, -10.80214717930812, 183.25374357012174, 0.44455960635081443, 0.8702313757245582, 78.62508322468032, 43.46419965594052, 315.6277887450763]"
0.02426225600673628,11.261524662319594,0.17646807289803773,0.8478688705126124,False,False,"[0.41199815497728254, 0.148015623884711, 163.87804210608147, -13.355979678221688, 181.51445560538488, 0.476312458382798, 0.8594978349208988, 77.7212370833369, 51.60445928550601, 317.0561157554579]"
0.0241409447267026,11.265500860796394,0.14837096407227995,0.5630262295191522,False,False,"[0.50292066147018, 0.09714287608759578, 169.80845399830173, -4.6421878403655406, 179.19733908406246, 0.4795244225009142, 0.8372958783724366, 73.8573345897729, 41.558227026076146, 316.5692644693002]"
0.024020240003069085,11.250761844889256,0.2714385284936033,0.6729316413563174,False,False,"[0.4967768262151891, 0.17430279006505567, 167.95580141436986, -1.1727983483796205, 182.51119646848386, 0.47257094691872836, 0.8724208312005919, 75.45690003360399, 45.45016783006541, 316.43131025021603]"
0.02390013880305374,11.297913859413459,0.03749871470806717,0.06981329563255667,False,False,"[0.405655176881297, 0.09563028297158085, 166.02597459524688, -7.7297836931361665, 181.5688831937705, 0.3931126456015844, 0.8341934918055821, 75.41115749850485, 44.476080027325835, 317.3287157081774]"
0.02378063810903847,11.282405171667701,0.07080736330847891,0.12393558310238062,False,False,"[0.47175350460158444, 0.14724712137728813, 169.56343567590045, -14.474255235359708, 183.64624878766327, 0.5190847127354841, 0.8229797880794745, 78.60464897000406, 45.368332955779465, 312.319321492431]"
0.023661734918493278,11.224429849059868,0.8098342544557137,0.7414230529115748,True,False,"[0.4897841795586271, 0.13146931481502233, 164.9749008365884, -5.9615988509653075, 180.18707882421447, 0.5030432903116565, 0.9051389830614863, 71.50691841579406, 47.54379237049193, 315.6162032753549]"
0.023543426243900812,11.277941353241083,0.10301453724874605,0.9513642452879763,False,False,"[0.5430972082499509, 0.14067865759578296, 166.98451661639703, -2.335076316867264, 181.99991562789776, 0.4523059855190945, 0.8693837198889728, 70.74913120958662, 55.25441062329222, 313.6751670503037]"
0.023425709112681308,11.268390644900343,0.15310907535056836,0.8907614825296627,False,False,"[0.5393287594775261, 0.13151708140303014, 167.43138317346546, -12.808949842273595, 182.22966308008935, 0.5769526520636744, 0.8930728680103598, 73.27973789083924, 40.606992411191904, 313.3168642102438]"
0.0233085805671179,11.243774623553152,0.4360744933453576,0.2827879483056669,True,False,"[0.5612736535979739, 0.19213453465810354, 165.27712182999582, -9.569722100993006, 181.39671845719673, 0.5151122042170009, 0.8962641530917176, 73.41345108089136, 50.33803221735781, 314.4763968613728]"
0.023192037664282312,11.256115178710157,0.5873683748433849,0.8152893237280884,False,False,"[0.6323739147559793, 0.2196948845442582, 161.45373880585595, -6.698806775611521, 182.9689310275501, 0.5266180505756703, 0.9050482208197111, 70.96235325446234, 52.8988684886516, 311.3844440755973]"
0.0230760774759609,11.282111469100517,0.18988736802412676,0.38989514354789867,False,False,"[0.6089915604326464, 0.18304191820102972, 165.92125511781228, -5.236769493200919, 182.11222928755146, 0.5391352391606722, 0.871544641087618, 73.98516734353, 55.00023399259415, 315.20408289378855]"
0.022960697088581096,11.23794011014919,1.0,0.8375241135081923,True,False,"[0.6137111254037133, 0.18124046430616886, 166.69695294378715, -12.724965034325159, 177.96763560670698, 0.49776449128167916, 0.8974563771184197, 72.47324258140058, 48.135671491071726, 311.8045968914047]"
0.02284589360313819,11.252940957972946,0.5186063060393864,0.42987559970697753,True,False,"[0.583996803044836, 0.1184053596799205, 164.93420959131217, -11.293531717499512, 178.40649629910695, 0.4918460188762375, 0.8794796733669266, 73.0336748623256, 55.497634944575395, 312.8142963231548]"
0.0227316641351225,11.294168625987584,0.16305512382233048,0.8236698059437574,False,False,"[0.6634989981853696, 0.10788763270470836, 164.9276705219938, -3.357751890380703, 175.7275985247949, 0.4936229165528387, 0.8384380160357504, 70.98818549814658, 51.236331987422396, 311.2077752408331]"
0.022618005814446885,11.273204110850955,0.40824576655525724,0.9526222612894588,False,False,"[0.6327758197126845, 0.10832520966313434, 164.3985492907859, -16.16038158859168, 181.0852628178872, 0.4377684983650196, 0.8660985079902283, 72.00871482251414, 49.98955686384532, 310.7508605228963]"
0.02250491578537465,11.296646713296692,0.14340912555814933,0.23674380493225522,False,False,"[0.5500541658551801, 0.18602517148775782, 167.6678093885597, -9.072668371886225, 181.59826471350064, 0.43170399864874803, 0.8487637435517825, 74.8557666703968, 56.12178232291938, 314.6911838355952]"
0.022392391206447777,11.318488340562018,0.053545862518170166,0.20277551137661476,False,False,"[0.6510535796820092, 0.10274318006122315, 164.73355392876306, -10.703127782213466, 179.52933304915075, 0.4597573360768258, 0.8138117202008796, 69.63779564597945, 50.17493244635114, 309.14065170436106]"
0.022280429250415536,11.281106377104834,0.28248418914382933,0.8224251540725146,False,False,"[0.6089151942883946, 0.14780860186243938, 163.24839017053156, -4.392653995056644, 180.81070359920176, 0.5372179564880947, 0.8726959470234448, 75.92382604091921, 62.17540279834343, 314.89642275893044]"
0.02216902710416346,11.324473752345446,0.039688263801754234,0.4838162522373388,False,False,"[0.5468647405483615, 0.15060540837515163, 161.464275809574, -12.1041247929507, 176.44745532320312, 0.46599358034765903, 0.8020261885513644, 75.8555613640493, 59.26621405103302, 314.91709934860575]"
0.02205818196864264,11.236443575534206,1.0,0.0442761321361983,True,False,"[0.534305089668228, 0.18910567083339053, 163.45826259281822, -7.446812523843853, 177.7303189140644, 0.5100920726427344, 0.9040325403551148, 76.13307380453666, 59.6303558563491, 310.9606056780208]"
0.021947891058799428,11.285163386553494,0.10863141464799707,0.978563308093735,False,False,"[0.5767183039705917, 0.1954635260879529, 160.42378097698307, -10.441045326498324, 179.07713821546233, 0.5885016720128002, 0.9143167884587788, 76.82291395156125, 52.019809443108706, 312.19118297022646]"
0.02183815160350543,11.305378640532561,0.04256876110350272,0.20054641389012895,False,False,"[0.5515934238543225, 0.1315359146817297, 163.59857590904267, -8.4815183044983, 176.1657684898391, 0.48356149104833224, 0.8361414933905942, 75.19678991549284, 66.27800817541163, 310.36983389287946]"
0.021728960845487904,11.250857318237063,0.5151266549171687,0.7817916357564069,False,False,"[0.5279810608671363, 0.22632842569614103, 166.46593217041092, -0.6995502130417073, 174.74099697423824, 0.5140990330906161, 0.8944343122956224, 78.36489862933402, 66.93184189203131, 309.60602590566054]"
0.021620316041260464,11.344144450791308,0.006863990663734239,0.3698556640764502,False,False,"[0.46144944732951965, 0.20278373111967196, 165.50028541305883, -12.885668212964307, 177.37319458623494, 0.5740869916916745, 0.8410129770347369, 75.26369188732335, 67.57550178881644, 312.79823956545806]"
0.021512214461054162,11.309830808063676,0.032994263215523505,0.2851574719773734,False,False,"[0.562869270138482, 0.1635707228025792, 160.8143880091347, -1.1586472815802633, 177.27128917705681, 0.5138492256735544, 0.838835733242771, 75.54703718107723, 64.62296831621182, 311.4018447730933]"
0.02140465338874889,11.24788281013464,0.5860047036704796,0.696724096992077,False,False,"[0.5504569167931307, 0.18745007791832768, 161.13442608683965, -3.9841887432914227, 181.72931663335183, 0.49292837251350374, 0.8807497528386479, 79.21128568570114, 56.91765793878382, 310.8678443013751]"
0.021297630121805144,11.271073598060296,0.19671416046174128,0.8697834488118811,False,False,"[0.5164826007572284, 0.13720921670393788, 165.68051946358256, -13.064080563137557, 177.00173580476627, 0.5768666057312654, 0.8953617764003828, 77.02181124633147, 51.756914343047335, 309.8197806612595]"
0.021191141971196117,11.261796620641139,0.30228099504640576,0.5802768993787277,False,False,"[0.46663849644619115, 0.25716332335586317, 161.709091068967, -7.123052594836999, 176.2514804368636, 0.5069854756151703, 0.8832058631735772, 77.57504727055871, 63.988659366874465, 311.6116941265284]"
0.021085186261340136,11.318035274400433,0.020866257125638117,0.6491482271026491,False,False,"[0.49451816867669895, 0.24792357331455062, 163.8010124371539, -7.3848615480073185, 179.73132829821915, 0.45945819267541327, 0.8281417023431625, 73.09309608539643, 58.6684857472765, 313.0623580511356]"
0.020979760330033435,11.251745995762718,0.48220320878655515,0.7549434394379518,False,False,"[0.5686664170896598, 0.2664967142213652, 163.50433712521212, -14.485269231106725, 176.2023290294421, 0.470757254381618, 0.8904356528595014, 76.889294441803, 64.33537073090633, 311.1949750490363]"
0.020874861528383266,11.260719675501202,0.3125675545201324,0.022946155858244666,True,False,"[0.6023156844957689, 0.2641255453134842, 165.44893642545344, -4.555636448124934, 177.69734265455273, 0.4524935728160069, 0.8716872231811911, 79.5515774538496, 57.50498028811856, 313.0079865978426]"
0.02077048722074135,11.290136045959134,0.242620184521067,0.2537585468733149,False,False,"[0.5243607950582504, 0.18558447352009033, 167.62646674746318, 0.3817434140883975, 180.62287755342098, 0.4672499965470574, 0.8355844553826893, 79.33379963199629, 62.55083496690021, 310.95690019226623]"
0.020666634784637643,11.317288620259202,0.064750670253079,0.49267499670113823,False,False,"[0.5234603497024799, 0.21017705754575017, 167.97618261138805, -7.268141798850403, 176.0221824702999, 0.3905982362431232, 0.8465522329408182, 79.35842047655292, 63.802331303798155, 311.65498899377576]"
0.020563301610714454,11.219844339132802,1.0,0.43030902260735693,True,False,"[0.5407584976453621, 0.2334194508571561, 167.3992014093155, -3.8080568975233735, 181.11604763769395, 0.42976143738007333, 0.9049309100924801, 82.25827899012822, 50.73494081739692, 312.61867774170577]"
0.02046048510266088,11.299197018211025,0.02068517315991446,0.2846713102336884,False,False,"[0.5420756747126374, 0.29706974451480855, 165.00639408302825, -8.065500770993097, 181.52458771461556, 0.3781943575368125, 0.8555383158427267, 84.65866602599226, 54.59981675509361, 309.1667238191235]"
0.020358182677147577,11.261536329080021,0.12900256762506956,0.49471403194181784,False,False,"[0.55622389968747, 0.174301075011063, 170.93074085377015, 2.280865812962901, 181.51969315795333, 0.3744045345874679, 0.9000539510246706, 86.16492294666764, 50.63988949161944, 313.9574289710157]"
0.020256391763761837,11.263830061235609,0.11401229073942189,0.22997060557149995,False,False,"[0.4721561378190908, 0.3073643312970856, 166.4062904961343, -2.0540311870843375, 179.85986440502728, 0.42670295953363885, 0.8495803301117061, 84.24584790678998, 44.549222186205206, 312.87871356561845]"
0.020155109804943026,11.286274652422826,0.037032701736383,0.3223576331299066,False,False,"[0.4626513729400097, 0.23258477601189925, 168.8450495204051, -7.851826339185939, 184.381115672243, 0.41828804679275616, 0.8416963943698079, 81.98330414088647, 56.772761629407, 309.9175870850559]"
0.02005433425591831,11.30216564007662,0.016491450612816868,0.7693629088583016,False,False,"[0.6049038474512367, 0.22722696434420278, 170.17618066658412, -7.899526608147532, 184.9472051650429, 0.4035421171564998, 0.8250549520914321, 82.70897045180828, 53.728618386745175, 311.54373164465045]"
0.01995406258463872,11.24127128722346,0.34170283740774626,0.8026447809253024,False,False,"[0.5611585818697401, 0.3108591892933505, 168.43245222114786, -6.846284027456122, 182.43307388368967, 0.5089579060338645, 0.88531915746746, 78.5247480627913, 52.61896242261493, 308.64213422992475]"
0.019854292271715528,11.203030297134436,1.0,0.2806480397833111,True,False,"[0.4700244305980233, 0.2819069951327815, 165.6381512485799, 2.294490169667876, 181.09758020268222, 0.4473423996698629, 0.9069984638335369, 85.23877500375521, 45.907917655707266, 310.46370078627046]"
0.01975502081035695,11.247852944612333,0.10342336905006351,0.41738364109290804,False,False,"[0.48408080653961166, 0.3044940968479358, 162.30851666589203, 6.204112681330864, 179.89140346740515, 0.43040450702719946, 0.8713838970279257, 85.15283330898583, 46.75536434269855, 308.19958718166544]"
0.019656245706305166,11.25166771063249,0.08421350696386856,0.8047804053071955,False,False,"[0.5179017246112166, 0.3136156221901645, 168.94773444510395, -4.40998264695598, 178.98270698337421, 0.4896537686722918, 0.848194369747805, 83.7233269286343, 43.532031283995835, 308.63303658614467]"
0.01955796447777364,11.251564244549364,0.08361403431502394,0.29538559638702877,False,False,"[0.523319364951106, 0.21877444623929482, 161.9680163137224, -4.738286970094881, 184.633576625653, 0.4439770123327045, 0.8572286742910832, 86.69225147326779, 46.7011880595813, 309.1691625109253]"
0.01946017465538477,11.203330072567196,0.984713483085615,0.6940797005795082,True,False,"[0.41471790972080264, 0.3354663676850384, 168.39477403757638, 4.157226545074392, 178.64003560079857, 0.470418577435694, 0.8950703581417894, 87.6022830722863, 38.61242106258274, 308.76100575548446]"
0.019362873782107846,11.20480352410982,0.9267265520950415,0.23819673706755884,True,False,"[0.4557203474231598, 0.3859092816659394, 171.86530492920878, 8.516096701461967, 179.2437037142331, 0.4121446961255467, 0.9158935655980426, 85.24457219112388, 38.79488787303848, 305.5949148629449]"
0.01926605941319731,11.180740995924774,1.0,0.7562092519687008,True,False,"[0.4913595836032158, 0.3927307498620125, 170.08328719572938, 12.383437184766207, 178.7854929543911, 0.4710891775906599, 0.917244372359846, 84.35875187205276, 37.78505553637399, 303.86079912116946]"
0.019169729116131323,11.248245326569496,0.029557953199535882,0.8214883400144077,False,False,"[0.4451169378707298, 0.34688997177447706, 166.8068422194013, 16.658473847651784, 175.6891799539204, 0.43843683063301536, 0.8582167745481859, 84.89179380336081, 36.691866712569166, 305.1805371887966]"
0.019073880470550666,11.233643411116121,0.06243977219406221,0.41303290839204043,False,False,"[0.4994707562203295, 0.41167085158935157, 168.62835192579453, 18.249860874407737, 180.48647015857193, 0.5136492544087479, 0.865620866686644, 85.36293012884664, 44.2607535527042, 307.37405694089006]"
0.018978511068197913,11.24753253800041,0.02961943150316979,0.8193847536595442,False,False,"[0.4465240345475123, 0.36956421143917323, 169.2714470268474, 7.572942594626934, 182.32930608274017, 0.41090366908568965, 0.8810874998809608, 82.83004303707706, 44.242731582689295, 302.376491565385]"
0.01888361851285692,11.229015170982414,0.07758315822276068,0.6730800090436296,False,False,"[0.49558220376436074, 0.4370028012981403, 168.06585916471653, 4.697490392146754, 181.60031209739927, 0.49517845912947844, 0.8679317146218678, 80.85937163069629, 31.502839971285724, 303.01654084874576]"
0.018789200420292636,11.197225628664384,0.4158851432697823,0.08722058317391335,True,False,"[0.4118180491451804, 0.34425070528890195, 171.06230070943337, 15.054097417657893, 178.9783359080831, 0.43511225237125384, 0.9142436210780907, 83.92092988112877, 41.52307299228249, 301.53455600476445]"
0.018695254418191174,11.271908059626863,0.018412478862992517,0.2482527656595256,False,False,"[0.3593769972388129, 0.32687647973777845, 167.29388379932743, 20.00038228920834, 182.5057298928041, 0.372293671673249, 0.8996177049935771, 84.19759438990401, 36.95266979731295, 304.19768962883865]"
0.018601778146100218,11.22688301722756,0.20304435236500024,0.3298432825765846,False,False,"[0.47509336310580014, 0.3281039363155709, 167.55712632887847, 7.062194491188434, 180.52972877458268, 0.48114477883372325, 0.8726759430208956, 85.72068688774878, 40.77468279838152, 298.41758174038046]"
0.018508769255369716,11.254923759307617,0.044274773533810874,0.9874735678945271,False,False,"[0.39522279127807164, 0.42081466978914506, 168.47240387806642, 14.844265446847269, 176.9699855078902, 0.43763367734885567, 0.8603122040489516, 81.13654421244716, 47.51602552128797, 298.95548452988777]"
0.01841622540909287,11.226836266435914,0.20031664101958904,0.3823596003019173,False,False,"[0.33479997439107684, 0.3146573414711796, 172.78192552382532, 21.55718044462165, 182.32991764246987, 0.4530152290128967, 0.8761149382541271, 86.49259544980116, 39.65964700307261, 304.9146212238871]"
0.018324144282047403,11.259310284348475,0.033771637080024085,0.513182258001325,False,False,"[0.47479401774540003, 0.35074730998239745, 171.19752767052537, 19.379239980272267, 180.35009080036824, 0.4602183382996151, 0.8407976085332308, 83.33330565494752, 45.139552727191415, 304.02610335347265]"
0.018232523560637166,11.242591496856035,0.0830606916117401,0.14468817336094153,False,False,"[0.3893939932912151, 0.331367662843024, 172.70204951683124, 11.334200004501751, 176.97147006258805, 0.45860833633327736, 0.8560397265521678, 84.7094623107597, 39.48722497094932, 304.5139394734872]"
0.01814136094283398,11.255233614565297,0.04086201988732649,0.14730271262661188,False,False,"[0.38298432036886265, 0.2952035195894475, 170.14561627763862, 8.572397992219132, 179.91031996661917, 0.4108243016848569, 0.8648877875462775, 85.11908842923738, 37.56603503007382, 304.47944498462704]"
0.01805065413811981,11.202906473442873,0.7299955526411337,0.46427822946161934,True,False,"[0.422469759485372, 0.40019599422369045, 168.359869135464, 10.070859590596632, 182.92464959373083, 0.4336337551729264, 0.9126993160184168, 81.22424578646606, 37.45313974100026, 303.07601136044406]"
0.01796040086742921,11.277343677154532,0.01585107518477547,0.742158856028791,False,False,"[0.37150353550789655, 0.383585151988413, 171.68314548965282, 9.106717576616138, 179.9117758393345, 0.406575208293246, 0.8509192563712642, 78.43059202055689, 32.53801605735908, 305.80186976293686]"
0.017870598863092065,11.245657747406211,0.0914220410200924,0.2374192155992153,False,False,"[0.4135540126850703, 0.3489442727855927, 172.3539055071589, 17.093275016411024, 183.14582112175435, 0.4278407035092825, 0.8779614466758009, 79.64045658787418, 41.30027161123833, 306.60991430015554]"
0.017781245868776604,11.270594604868979,0.0222210602842142,0.2087685746206963,False,False,"[0.43699507740442056, 0.3662261394980924, 168.38740609716072, 7.273552927439013, 183.84163737556938, 0.4217898420994866, 0.8351921069499653, 83.2763030173088, 38.112411652001896, 306.7484912769775]"
0.01769233963943272,11.243194696529185,0.10257548386976145,0.8693587498554743,False,False,"[0.49202681073144094, 0.4361743422741026, 168.91924424655122, 17.021880969231802, 180.41959225686412, 0.5114747257303672, 0.8500932154385955, 83.35254001998308, 39.51420762891605, 302.188843444903]"
0.017603877941235555,11.237236817911448,0.14225158540898386,0.40070082309783983,False,False,"[0.36447218802438713, 0.3923093506063248, 164.5354920757022, 12.094079272942828, 180.3386017232165, 0.48488360756245513, 0.8764152873044847, 80.97231825694877, 44.41662056399315, 301.25837549530377]"
0.017515858551529376,11.302985989123693,0.0033005975886146164,0.03943954029258834,False,False,"[0.45991302831919767, 0.3741833850654061, 165.14583954914494, 8.700622221851543, 182.91702523746346, 0.36633186388224126, 0.8426549474877505, 83.05413278876398, 34.48839216716089, 304.8579344929332]"
0.01742827925877173,11.268318777745522,0.02344195485528811,0.47363396842846517,False,False,"[0.3787667627359823, 0.46701640315417575, 168.64819003926812, 4.272958578905982, 181.71488321405505, 0.42278362851066537, 0.8438852554526497, 80.41110886308344, 45.13193531263562, 305.56034629022326]"
0.017341137862477873,11.231441630267476,0.1929125822407518,0.7081657754454395,False,False,"[0.4788220012741934, 0.42104508551919273, 170.4516211459232, 13.499187557833913, 179.92003501867427, 0.4045058755989121, 0.9036090333466702, 81.98782572246064, 43.02838301110842, 303.5896724115796]"
0.017254432173165486,11.27386175830741,0.01637019059755535,0.9449405688313758,False,False,"[0.45657588463167725, 0.38566945012074716, 169.6249347422218, 10.381761936778156, 184.7052744869232, 0.3697403547899538, 0.9035306691286459, 82.36285881562603, 42.28571298478568, 301.811942888467]"
0.01716816001229966,11.311852683564176,0.0017540477848544196,0.837835340754724,False,False,"[0.35695962598924663, 0.38197323716533643, 170.9460617255533, 12.62206344505331, 186.08062271955777, 0.364026325717026, 0.8584711788935351, 78.43042229535507, 40.66329453759283, 299.7568882257177]"
0.01708231921223816,11.260803577022543,0.033732283063246694,0.2506383576247766,False,False,"[0.44624438569711533, 0.3490081896636027, 169.20578218261377, 14.841396445639862, 186.733013334261, 0.3945053873582738, 0.8781143455739477, 83.98841886398263, 43.736855789605684, 305.91225955869004]"
0.01699690761617697,11.262649223050563,0.029750219473920033,0.7255380020162625,False,False,"[0.43791968989323604, 0.43340061611068437, 169.06183338894726, 17.18102794957204, 182.41205612997186, 0.4022253896171278, 0.8586729379142093, 83.60829004741336, 40.62431846469847, 306.0229591710336]"
0.016911923078096084,11.25777142722375,0.039001382253260955,0.5687722656638192,False,False,"[0.4311139963442203, 0.449337083640209, 171.92356182833095, 9.187184530072832, 183.80615887159473, 0.38589019502626865, 0.8978972435515475, 79.29335689580604, 39.643505967719925, 306.5346824515733]"
0.016827363462705604,11.268440704219175,0.02035347154586887,0.5894927757499864,False,False,"[0.44879288921957305, 0.47618665008111266, 165.52016869214023, 16.41774283936612, 179.23081867085793, 0.37781900323582984, 0.8753835611569856, 84.95650052301458, 41.03531058320307, 300.7145636952172]"
0.016743226645392077,11.26595880081105,0.023148139236571625,0.5172343267057157,False,False,"[0.3960653132843128, 0.4580894839079514, 165.1369731742606, 8.084605809273592, 179.48623458081667, 0.43784613292908536, 0.8470634115207025, 79.16835296418111, 44.88516727538284, 300.85229839162804]"
0.016659510512165115,11.178536797729183,1.0,0.28952650798765744,True,False,"[0.4990220174583932, 0.4219632982016288, 170.15260919390133, 4.1248919225665635, 180.36406061061624, 0.45375813732575737, 0.9196931940881912, 84.03066496753375, 30.58377313160143, 304.24240172878115]"
0.01657621295960429,11.185829671756853,0.6440620519612811,0.2161619352359737,True,False,"[0.44668177765514866, 0.4612028335942092, 169.57860054485548, 1.4373055637710799, 181.62725341115075, 0.476700054986948, 0.9092570162060095, 82.59743925630973, 32.94825234458881, 301.94680358963325]"
0.016493331894806267,11.22103199380512,0.11832305893621284,0.9252228158066529,False,False,"[0.37108733711397945, 0.5092080304618597, 170.7250890524178, 3.5613551198263576, 178.32165665290538, 0.4881220096373057, 0.8694081326395162, 83.95517433547481, 34.37437315239034, 299.3493888583436]"
0.016410865235332237,11.252093458957267,0.017636234250912437,0.11053262080405424,False,False,"[0.5236582671121286, 0.42172974827392246, 170.5744796862753, 4.763184536854249, 181.884027221352, 0.41040291745919105, 0.8654758963358073, 83.09232756356293, 30.90459139590108, 298.1118208117355]"
0.016328810909155576,11.250719929577492,0.018798592971670084,0.2794016047335207,False,False,"[0.4256838047941949, 0.5150794468892708, 166.46945224927413, 5.805274426806353, 182.5113647812154, 0.49958329015011915, 0.8336238627065594, 78.90505138671982, 30.13506370413473, 302.4417772649096]"
0.0162471668546098,11.254492906715225,0.014608281795872891,0.8662283327608794,False,False,"[0.3859442156739141, 0.4112850037931707, 171.02415548092156, 8.92674840288141, 178.10723236073022, 0.4421124872670201, 0.8315742681657401, 86.2477740626414, 31.61764640544898, 304.5940462136565]"
0.01616593102033675,11.233739801480795,0.051630224268607985,0.10865635798464301,False,False,"[0.48392485124355844, 0.3992608812166215, 168.09006942605674, 6.526905313975281, 185.07586414778922, 0.5267685079036638, 0.8610749283839417, 85.92171552346385, 33.734651668587475, 304.35440631713624]"
0.01608510136523507,11.182080721050248,1.0,0.6613988402513923,True,False,"[0.39937410667829837, 0.4802421038421912, 167.23295533156585, -4.003135428294696, 177.68531186117033, 0.4695869282418811, 0.9208740198430946, 78.64477957183617, 32.51553305751699, 301.4821585898233]"
0.016004675858408892,11.209538442380302,0.1798546575360422,0.037013538123013334,True,False,"[0.40501584088301745, 0.4165233307786722, 163.52530160001615, -9.77409263314439, 177.1735528701534, 0.45643048629244176, 0.905346730894592, 79.63145097198769, 40.41098302720059, 304.1869340878711]"
0.015924652479116848,11.21551024944883,0.6872865861664257,0.46237919048095855,True,False,"[0.3727672215879077, 0.3639468127501031, 166.915207172307, -14.880386648777895, 177.15544089922818, 0.5209377712108113, 0.9002512073802789, 83.16383042381527, 42.90733215720337, 307.3463989809987]"
0.015845029216721263,11.217047342942529,0.9075488087503731,0.8278980728323114,True,False,"[0.3734374264545445, 0.3981215125272427, 167.51820712965463, -16.434908128436533, 177.9316600788415, 0.5092737795720252, 0.8977707213137194, 80.82868838047428, 42.36497852541262, 304.8925040379183]"
0.015765804070637657,11.235088927835314,0.3184310930528719,0.10372386695149172,True,False,"[0.4516825601710294, 0.430356217135115, 166.55653117850957, -19.109541875391052, 180.48148237632898, 0.5149058652170143, 0.8640705951691006, 84.28006509210505, 39.34171024933765, 306.84316398615255]"
0.01568697505028447,11.27911717653351,0.06040547636180686,0.44408861343158845,False,False,"[0.41230812152544216, 0.35677141612859625, 168.5415701364924, -13.937246622587061, 177.72491087945434, 0.593069458585152, 0.8806749622500135, 82.50591979818253, 46.01825616843307, 305.5340456347596]"
0.015608540175033048,11.266140466716852,0.13677826424285858,0.9636502254370127,False,False,"[0.43678240060678936, 0.45229781925390455, 170.388575202281, -16.956928110860126, 180.12742998712565, 0.435815464651391, 0.7919698743043099, 87.89255828864579, 34.15774126997255, 306.47013291266353]"
0.015530497474157882,11.228170348421044,1.0,0.34247139431330476,True,False,"[0.4130126474609629, 0.35600964649850336, 169.31078802278932, -16.77175982157092, 183.12929304183, 0.5239489508870339, 0.8777008151641749, 84.89215970508974, 38.30630728465892, 304.9860450923882]"
0.015452844986787093,11.247945311556151,0.27812149077399406,0.9056811120627167,False,False,"[0.43534191694196, 0.3444748632418897, 170.21439354282543, -24.611188409818617, 183.64935041928496, 0.5531148784666732, 0.8676442881462136, 86.37661731166207, 43.42532804800245, 305.99851629816993]"
0.015375580761853158,11.263088068274111,0.10321042354100138,0.8392997131661236,False,False,"[0.37471436558318666, 0.34540188893343293, 171.48378297120243, -20.58603117929021, 179.49965358380905, 0.5755307992924089, 0.8586400456272778, 86.12600483721471, 35.66208709609877, 303.7954770252169]"
0.015298702858043892,11.247016294065954,0.2917477874778945,0.7334708181472814,False,False,"[0.42840437434543077, 0.4166491249451182, 167.22186933705933, -17.33557783345332, 180.09422910368508, 0.6025946969877845, 0.9181524513402528, 87.54886391495444, 36.64631003833987, 307.97768576777463]"
0.015222209343753672,11.267286016178671,0.0765627524123771,0.06483890256281188,True,False,"[0.4721861420627345, 0.36585010919002264, 169.35285989465308, -16.552242534598115, 185.13341149025283, 0.5481187244645556, 0.832294735294512, 86.013266756246, 43.72851070430934, 307.95309410364695]"
0.015146098297034904,11.267205902570455,1.0,0.3450782290625324,True,False,"[0.5212053088680914, 0.3968805824786105, 172.58102305383466, -11.781546427907344, 181.43858507421837, 0.4921482279183228, 0.8051650316007464, 87.94317724495349, 50.2620416919874, 305.00435536236904]"
0.015070367805549729,11.240934215031547,1.0,0.8560467543263008,True,False,"[0.5778744370265307, 0.42593663203333676, 170.34199451580787, -17.118879521772406, 178.44980376269376, 0.5099066176165954, 0.8516945413665196, 89.67744476566182, 54.24581920230058, 308.0110991833601]"
0.014995015966521981,11.220288158307689,1.0,0.9424884212370291,True,False,"[0.5580405735887081, 0.4377033764177915, 169.37703171787248, -10.623924409201674, 175.1361198423729, 0.5594275026354423, 0.9055613325438067, 86.98183194277897, 48.80018145495204, 306.6040983960453]"
0.01492004088668937,11.258968459035867,0.074832249105526,0.13372964597266945,False,False,"[0.5255558387712257, 0.3854535647180825, 167.95095399680747, -12.00581776051728, 174.2834238186464, 0.5464187387131615, 0.8348196443502227, 89.13019189403963, 45.40021467819707, 307.78869453910227]"
0.014845440682255923,11.224414817197959,0.7573158808571071,0.97124207254974,False,False,"[0.5322498292494079, 0.457310622309415, 166.75502454181608, -14.990579485836891, 176.8887254121639, 0.5540279695579001, 0.8929094419231276, 89.25361516883197, 52.966349263487785, 310.44399583784315]"
0.014771213478844643,11.24831318327724,0.14997704482941687,0.010901481511509159,True,False,"[0.4928122017939712, 0.4694512134216394, 171.13914355682095, -4.9656251088866235, 178.5170136643704, 0.5393501946970598, 0.8552917538662163, 85.6246265241965, 56.1903609065931, 309.7340006858187]"
0.01469735741145042,11.228600317715351,1.0,0.6837008427360183,True,False,"[0.4805034805333148, 0.5217489620081903, 167.4159613605901, -0.0776323035882811, 177.35272967821155, 0.49345577797116247, 0.8710870025751055, 81.92631639068001, 57.695402423735025, 307.97606068096206]"
0.014623870624393168,11.24940504643137,0.2410730175717796,0.24697669907205533,False,False,"[0.4681579221001549, 0.5114173778819658, 169.83751158634527, -7.972056647573982, 174.2945102694426, 0.44813229527210274, 0.8527014225253093, 82.57231243896841, 62.22202634768591, 311.7199064520679]"
0.014550751271271202,11.293954359674586,0.011204331640065932,0.9279177354944097,False,False,"[0.5515490643658791, 0.5283067632369198, 171.28384877226063, 4.333314877392448, 173.63842373262884, 0.46565018363277744, 0.8106999658174457, 78.45776705440383, 65.5594649706653, 305.1115447209903]"
0.014477997514914846,11.269601295464454,0.0588978391192263,0.024160943257059753,True,False,"[0.5036254159398065, 0.49016889338321956, 170.02690980355163, -4.847330180600531, 179.656140033724, 0.5185751549056745, 0.8223507802228116, 84.65731187475588, 64.70918535895375, 309.88600587392966]"
0.014405607527340271,11.274925005341693,0.6910395889732467,0.7175906263087481,False,False,"[0.4403577787047085, 0.5535530535303027, 170.88862787913723, -3.6408441102060465, 177.57555610472446, 0.5077326519359517, 0.7534084566272679, 87.10920179479065, 66.13524821718312, 312.89741310173537]"
0.01433357948970357,11.256749065357628,1.0,0.2773876680090578,True,False,"[0.4774638656889464, 0.514301331952451, 170.88860590875072, 0.9719481834735522, 181.93606571792554, 0.47508808085575766, 0.8447242666608947, 82.87080014931958, 70.2648007068991, 309.2256062573721]"
0.014261911592255053,11.223203615917232,1.0,0.3828881575059806,True,False,"[0.5021285394275576, 0.5308455310846187, 169.04604763426434, 4.579080252366618, 185.75976356068745, 0.43382530096375793, 0.8875072917099757, 83.37681688314844, 63.08181149474909, 311.68853253418735]"
0.014190602034293778,11.339313418003048,0.0002795968498715923,0.09292098987196373,False,False,"[0.5214670168644895, 0.5066714391516153, 171.10499198789063, 9.110976146073003, 183.1778034296211, 0.365770941909322, 0.8289134501157418, 81.22106417878578, 70.89194035256158, 313.60623580451505]"
0.01411964902412231,11.239892117692692,0.3066848506325819,0.6681077119503077,False,False,"[0.46529799336819083, 0.512720574786654, 166.746957838897, 4.176363893522646, 186.92334124270553, 0.38586005308912796, 0.9078460223365374, 85.71588132506163, 60.66478249635974, 311.31029650991593]"
0.014049050779001699,11.279879406880177,0.01770095523798193,0.26368800342210885,False,False,"[0.5757246584847664, 0.5924735223604443, 172.17426145883695, 10.698487870481852, 187.30881093032167, 0.42948218951834605, 0.8269870861236341, 86.07915889950051, 67.03408680815068, 308.4081766260536]"
0.01397880552510669,11.291566861932122,0.007517717776716524,0.01815144589553952,False,False,"[0.5203585970585776, 0.5115370246528241, 166.3243274654553, 2.0082990074036715, 189.38197537487335, 0.37454021348592775, 0.8660175798031756, 82.59622305887183, 56.9404274698222, 308.41549707841807]"
0.013908911497481156,11.282861052107247,0.01371655138888549,0.5916643520010629,False,False,"[0.48348864484723847, 0.47694442495351713, 172.41064817592203, 7.255795559320729, 187.83144033634048, 0.3993012972103553, 0.837108866114199, 84.89032249955841, 63.422951702860786, 307.9616118007823]"
0.01383936693999375,11.352892096343375,8.515958549335697e-05,0.16620470227908846,False,False,"[0.5326396853790224, 0.48609352427369246, 169.37257240589514, -0.7284550136976229, 184.29226142970867, 0.36605433369401985, 0.8121425095853243, 79.50798547002795, 68.6697152678027, 314.7561624602192]"
0.01377017010529378,11.29593505323177,0.005083216236753975,0.14686061391635774,False,False,"[0.45812127302712585, 0.4837280983819612, 165.06461231683775, 1.4402326354405393, 184.88589997819685, 0.36963594973989744, 0.9007654132292485, 81.05577001866509, 68.53279798269733, 313.813073975142]"
0.013701319254767311,11.265024389102496,0.04724930871309302,0.21878518566753624,False,False,"[0.45332069722907553, 0.4836474926813928, 168.77301174758472, 3.230707334768965, 185.04164700895498, 0.45642036688100834, 0.8080291600590317, 85.87192828529918, 55.560370189397396, 315.63768699905415]"
0.013632812658493474,11.257318104701724,0.08188980228388348,0.5266568180291443,False,False,"[0.4999840435049127, 0.5147393916480256, 170.40535957578234, 8.74576772255715, 189.604786842694, 0.43705253782975795, 0.8444923613686645, 82.88517655087962, 60.16378548924984, 309.4249807477297]"
0.013564648595201007,11.27718739126696,0.018690497202917884,0.2448793804350191,False,False,"[0.5683972454890031, 0.4848062657755547, 171.00639517017328, 0.4540619034927147, 184.2411148970101, 0.43653524859808734, 0.8217036679516828, 83.96959402823283, 55.66557523680909, 313.5409283292176]"
0.013496825352225001,11.272206711294093,0.026497292741203063,0.028670692713353874,False,False,"[0.5286752872457046, 0.5269728806283152, 165.52070380901628, 7.457175168427662, 183.055556023182, 0.41410997412161976, 0.8446710496352928, 82.09904753230437, 55.17719493028801, 314.6343236377911]"
0.013429341225463876,11.209315304702148,1.0,0.382842986086109,True,False,"[0.4938845846611498, 0.5184037565524673, 170.08709964191144, 5.346240447463906, 185.45321435106584, 0.5062252962250874, 0.9034132408693968, 80.99049030371283, 65.3107849106645, 311.3827035090135]"
0.013362194519336557,11.208016385452138,1.0,0.7633378505751524,True,False,"[0.4608191690913191, 0.5201669520196609, 173.84344385827038, 7.800689235640824, 184.73005018646285, 0.4791283731728207, 0.8980816563669198, 80.10155984404749, 64.45692672403491, 313.8907328538354]"
0.013295383546739875,11.28664497291808,0.0027014229635911897,0.09650336529851056,False,False,"[0.3967221423913317, 0.48370645850683147, 172.12732266449535, 6.907024925872173, 187.95767000744573, 0.49586191840600247, 0.825181306145994, 77.624049421287, 61.82685946343201, 316.04459809739905]"
0.013228906629006176,11.231163002169641,0.17382609937001275,0.6145020348856458,False,False,"[0.41100239632540186, 0.568741641793747, 177.50552089756488, 5.1358029715113265, 185.9409029867936, 0.5132797714943811, 0.8895046546925017, 78.08603304761641, 69.60599402475523, 310.68643107733806]"
0.013162762095861145,11.287988626494137,0.002298168398588587,0.7992953357337121,False,False,"[0.4547954201030817, 0.47540187685529184, 175.66523225008066, 7.682529344371998, 187.84333359250527, 0.5107216468444807, 0.8326256839542144, 78.1974594490912, 69.4264063168186, 310.46851442967466]"
0.013096948285381839,11.209541747154933,0.8900595074059735,0.8566657419264269,True,False,"[0.44021570179572334, 0.5805794091903899, 170.31985239045756, 14.401385554526609, 182.57748806219965, 0.4468990128969631, 0.9004739689408456, 78.85349979662121, 70.79475073624016, 316.58430228327364]"
0.01303146354395493,11.30179665965426,0.0008422803360513956,0.4204185178683346,False,False,"[0.5064068578022922, 0.512051933393316, 168.42256197916623, 8.860716289126078, 181.4298718231591, 0.5103505162912298, 0.8320124523089739, 75.72126346604396, 74.8452173611321, 318.70962295584644]"
0.012966306226235154,11.257209448897903,0.025317116714435726,0.8320374947022288,False,False,"[0.3685151222563642, 0.5492009668538598, 168.70869660981347, 19.44350569472956, 184.81912913778348, 0.48605445939528985, 0.8694658469794518, 76.84918714449954, 66.88336207990724, 318.4355121496734]"
0.01290147469510398,11.265795169013307,0.012775424352550335,0.16871613573051514,False,False,"[0.41553962976054115, 0.6026979234200508, 167.4068578377659, 11.144036247653121, 180.3170441372222, 0.4459637301314443, 0.8293392323256286, 79.46133916252163, 76.31707646817306, 318.54819654764435]"
0.01283696732162846,11.221123663475474,0.4056634098513555,0.2835600808629586,True,False,"[0.5089301366067606, 0.5022086606306275, 168.7859792929201, 11.901276032547857, 182.9979005092215, 0.5023433538906515, 0.9027647880838048, 78.88789169682298, 68.22379343596118, 317.6920099793898]"
0.012772782485020317,11.271762401313758,0.018975975365026904,0.4106053380047717,False,False,"[0.5531086414126595, 0.4664880177847627, 169.59306716561423, 9.336036667135703, 183.50720613992237, 0.45308828881990404, 0.8601242579513401, 80.17522121591513, 71.72122534674001, 315.0629525927543]"
0.012708918572595216,11.246633106635407,0.13436329240246164,0.5401444324175918,False,False,"[0.4888798891332985, 0.4370553470450086, 166.69235314516158, 11.625900450507828, 179.1745565486986, 0.5271689334982819, 0.876717222166472, 82.40317784658386, 61.21430854325867, 317.5689419867894]"
0.01264537397973224,11.221994048887089,0.9334850401539657,0.27668749763827427,True,False,"[0.4444939619044524, 0.4389613851260965, 168.86981977848242, 13.207764215695862, 181.7493083023568, 0.4879246889375673, 0.9125023531480375, 75.42227442960929, 69.0677447930989, 318.1064430982217]"
0.012582147109833578,11.275278534271592,0.014480854750881605,0.5541597324254625,False,False,"[0.46488775301297036, 0.5170021701629536, 168.75702844700353, 9.741168434809145, 178.91265007844768, 0.4782146025397157, 0.8626890845008209, 75.44056206152631, 75.85692921429155, 317.30223681854164]"
0.01251923637428441,11.309536805655192,0.0009186002919369286,0.5465676982850886,False,False,"[0.40135795687775155, 0.4008098494467809, 166.89684741992724, 7.7741522243848475, 178.86399616251953, 0.449177254013199, 0.8389852790102232, 74.62249833519009, 67.54381852412352, 314.37842848522615]"
0.012456640192412988,11.273793164683896,0.015633273851095957,0.7936003340027831,False,False,"[0.43785677537041, 0.37388405750148096, 168.43138277867973, 6.912187846598652, 179.48703048757017, 0.5352115978127975, 0.8658332746193395, 78.892852830736, 61.89117653139871, 318.5892658806432]"
0.012394356991450924,11.267062514289996,0.026352070450475544,0.8173712406477067,False,False,"[0.4432535691453091, 0.43633571928025744, 169.53358171163174, 19.86335094551137, 183.40427504695094, 0.5581653983183765, 0.9159420934504814, 77.331757534491, 71.46025906149434, 319.33635961667477]"
0.012332385206493669,11.298245740249332,0.0020641332126973204,0.12366395602121671,False,False,"[0.43770907172137286, 0.45115322329193003, 171.77888228093045, 15.218447312735673, 179.80801582330795, 0.5016625227827305, 0.8480953924386423, 75.88864447009497, 74.86442683473521, 317.1932013275296]"
0.0122707232804612,11.331231671283458,0.0001360760078712686,0.5044164704559323,False,False,"[0.3679992937994724, 0.5180384948744292, 170.2095363195743, 10.896802009015785, 179.52981586855412, 0.5573905220896264, 0.8388180361618947, 72.89801811898887, 65.54693290203289, 315.8751992199841]"
0.012209369664058894,11.245497290017102,0.14587331322169803,0.11794712076756186,True,False,"[0.4770261754618743, 0.41029203171011663, 172.41853825705272, 5.39191757332812, 179.34463160818694, 0.42619019945496456, 0.9094119585555207, 71.46864118095625, 62.45982108346402, 320.8969006537709]"
0.0121483228157386,11.23856694986629,1.0,0.309633232991667,True,False,"[0.504451193258619, 0.3859161556385863, 170.1186672958526, 10.65411889059128, 180.006871070974, 0.49511746677199736, 0.9087724643788565, 67.89279474831822, 54.91082225761977, 321.6151858567449]"
0.012087581201659906,11.273561933504334,0.05529245571099952,0.4823568422592509,False,False,"[0.47852280387414786, 0.4557798722711248, 167.312629052022, 18.403991105667792, 176.0706717989956, 0.42452178812811536, 0.8772113349955792, 71.38650804218668, 50.16004115753162, 319.6674010066831]"
0.012027143295651606,11.272433213087382,0.05985565390090805,0.4388838545535422,False,False,"[0.46289517937688063, 0.3833473520540489, 168.95964271862854, 10.480415473545246, 182.10197923592662, 0.5541221527257925, 0.9177273019085467, 66.58682862687107, 53.692170775827684, 319.05012723873693]"
0.011967007579173348,11.26786569909369,0.08644095520159213,0.2890382760461282,False,False,"[0.5674429137558837, 0.3420951493754852, 166.12082470680613, 18.240228921612164, 177.79831453376988, 0.5429288776965409, 0.9061175997394321, 69.62846807693346, 54.681163168209395, 322.92659373956036]"
0.011907172541277482,11.274487654277507,0.04896114264228803,0.39529855221399934,False,False,"[0.5310792371874425, 0.36835505264249446, 172.11843682073268, 10.08424185964224, 181.1136235491971, 0.44281656513381473, 0.893270720925317, 66.8479953410314, 59.223874987470474, 322.61876686956583]"
0.011847636678571095,11.298434301707712,0.006389463490531944,0.7166710302346401,False,False,"[0.4515885916023248, 0.45140209618283916, 172.761004245656, 13.397914942594136, 176.73132951425035, 0.5433520145778533, 0.8316313751750989, 71.82594506161233, 47.527789546363906, 320.94266852767294]"
0.011788398495178239,11.300559463553842,0.005201682401705173,0.8851940001934859,False,False,"[0.43273139433711105, 0.30856197024596915, 168.83825090205175, 7.361407573219852, 183.0060916069097, 0.5013063478693113, 0.8330457307753243, 71.44846009497871, 48.20918376984191, 324.61995391028734]"
0.011729456502702348,11.25805502414197,0.18986074653668958,0.08940264237331685,True,False,"[0.5195659908506537, 0.4504449943324596, 170.37161332750478, 3.4377494321092676, 183.42434032007446, 0.4913357367625545, 0.9044239796622726, 65.23093875529263, 62.465700598750516, 319.95539399264885]"
0.011670809220188837,11.30241097702474,0.02235759218767217,0.9892314463561255,False,False,"[0.5541017976665069, 0.5070450775106413, 171.8668097443314, 1.9819851425356259, 182.10835359473543, 0.5562952034666178, 0.9084098261195911, 62.63041032222662, 60.15236748913651, 318.49408433556323]"
0.011612455174087892,11.349989043951426,0.0003645502907007821,0.060023396949140384,False,False,"[0.4640960934289815, 0.45892109784124774, 171.7157193482304, 0.7591671486553775, 184.93772258050274, 0.5671538294322825, 0.8532975791545071, 67.25049571679047, 66.88015350001778, 320.94473120607665]"
0.011554392898217454,11.333500177049483,0.0014596414837151218,0.23543271461754012,False,False,"[0.5596761753703621, 0.44604069459651663, 173.7883885136542, 0.7172310401221473, 184.77465596211587, 0.5194738017314938, 0.8376741059720992, 64.50133565754795, 59.53326435223732, 318.9885041933297]"
0.011496620933726366,11.339650666510014,0.0008272871706148598,0.47475947205114466,False,False,"[0.5218107852188608, 0.47122194600453104, 170.88246318038262, 1.4304434323921207, 183.95683432327974, 0.5662157255471897, 0.9117501020620451, 63.191416548981266, 68.70519312420276, 320.50174528345985]"
0.011439137829057734,11.246157152047369,1.0,0.5740003143505708,True,False,"[0.47791399806375806, 0.4944612168862214, 169.82689571883097, 10.147469794800315, 183.32843095375384, 0.5168641692316953, 0.9137570846582871, 66.16412224811928, 60.621513900375504, 323.0014699713315]"
0.011381942139912445,11.270590810750114,0.11686874368085663,0.6893620317658712,False,False,"[0.5218588585289801, 0.5680561724690808, 169.68852540393294, 3.558290705336514, 186.45572443083975, 0.5671520018944631, 0.911342600371559, 68.02674003017306, 58.00266042058289, 322.03913099223615]"
0.011325032429212883,11.27634759559611,0.0695426395152696,0.7312452130821626,False,False,"[0.44273953972723235, 0.4442643915226353, 172.10616675013463, 11.157829117190792, 181.956063771419, 0.47434467794888174, 0.8780408483251539, 65.80968020845374, 56.04954407441812, 326.0960602585289]"
0.011268407267066818,11.284755373127467,0.032537941994112626,0.20711728732959467,False,False,"[0.5153155080793176, 0.4694095932526272, 167.35759749677968, 13.857498726158347, 179.3999881818302, 0.4370237492062341, 0.8858928940335811, 68.67783933929175, 65.8818281541233, 319.3191634408258]"
0.011212065230731483,11.271391990524682,0.10532694331440082,0.7403784741248929,False,False,"[0.5035412232815762, 0.4288893898827673, 167.33368998695718, 6.354342502927878, 186.2482533080937, 0.45946632409612465, 0.8913427425296231, 64.3043242515479, 53.343937121223746, 319.1671627474438]"
0.011156004904577825,11.318598859192907,0.0015132176999660294,0.7408336140824509,False,False,"[0.49920040065843246, 0.5390647827680175, 168.58754227747784, 17.475139204106327, 186.4304407711197, 0.5195110650499086, 0.8634538689643323, 62.972249497891966, 66.3576047510661, 320.3626993244002]"
0.011100224880054936,11.321254424758568,0.001153005807282867,0.01188085810408357,False,False,"[0.4347178710292801, 0.433520315523113, 171.0592541489344, 3.1435538361073494, 184.34311693919483, 0.4384472775987805, 0.8413407598441862, 69.37217229093632, 65.62972174799955, 322.20498732994014]"
0.011044723755654661,11.264046190698087,0.19795987740123883,0.7252282120480461,False,False,"[0.542548758021509, 0.42165071715941316, 169.38821638741737, 9.758066115707496, 184.35742799427064, 0.516190663599352, 0.9127711555103413, 63.65802649444641, 59.62012743347561, 324.17855763139636]"
0.010989500136876388,11.331514314198966,0.000423415741735936,0.5397531124802862,False,False,"[0.5550452828647223, 0.45148848803893615, 171.65474211260963, 9.747235215985446, 181.66081629713682, 0.5902737197742887, 0.8623878721879437, 68.8977776421714, 54.88252592770952, 326.70951011710247]"
0.010934552636192005,11.308332161364994,0.0033927837356207274,0.31191181517698485,False,False,"[0.45543486576240777, 0.4965512978162329, 171.35999482230298, 15.492683578147902, 183.63052986329802, 0.5618116897032591, 0.8903503641035134, 68.50553154666983, 66.89769214763916, 323.1670018928646]"
0.010879879873011046,11.335795426880843,0.0002641738915466008,0.321484098555718,False,False,"[0.4763967687539302, 0.5345440880352821, 169.90101235560863, 12.893104093120336, 181.9775476912329, 0.5796819320038193, 0.8483338046735727, 66.45613933107572, 56.88374171451817, 321.5635194496257]"
0.01082548047364599,11.301292851680262,0.00613870721847552,0.473889341537009,False,False,"[0.4319413879295254, 0.519090200477074, 171.60384624589494, 10.937733218518206, 186.46381352609558, 0.5704515653380134, 0.8968761862601053, 66.10001201591999, 56.43801931161787, 321.63177955614236]"
0.01077135307127776,11.316005358127573,0.0015267302544375184,0.24961281065338414,False,False,"[0.4203719353089816, 0.5091553233736892, 170.255334728619, 8.144511094058222, 182.98155759521077, 0.5243711698525424, 0.8429287574344969, 67.92194526840282, 63.133588968485874, 320.5338462485828]"
0.010717496305921372,11.291449935129945,0.014609839190561923,0.5647486704176538,False,False,"[0.5005496600784931, 0.5255232239243643, 165.88069962716997, 6.62834771414766, 185.900466006882, 0.5538135609879081, 0.8986925095140772, 67.61171908439978, 65.01709021443361, 319.1115983593931]"
0.010663908824391765,11.221568300438408,1.0,0.948888815033598,True,False,"[0.5557041755935569, 0.5264710961867287, 170.01533435938615, 2.752281670427241, 184.55394350033202, 0.4955214480068117, 0.9094908576651431, 69.2950558625222, 54.4696544851994, 324.56202079687586]"
0.010610589280269806,11.297848014639179,0.0007548302220818919,0.07722612361436976,False,False,"[0.6260580133299225, 0.5001031747597001, 173.70421729913144, -2.25078699286618, 183.54938592043274, 0.559976546570548, 0.8794293652897194, 66.3967910017442, 51.60489549764024, 325.1617165549897]"
0.010557536333868456,11.29307863098432,0.0011438084387682432,0.623064038000001,False,False,"[0.5854182076557344, 0.5418349100949569, 168.01731981333208, -4.149144811279662, 182.65543106897772, 0.5604939573526655, 0.8549164885183931, 68.26841212401732, 48.23687199300695, 324.29192718290545]"
0.010504748652199114,11.27160078519414,0.00854127880528501,0.9856738094810235,False,False,"[0.597265751577772, 0.5062596633787271, 170.02271352630873, -0.14068830922831133, 180.59288472850966, 0.5459747054758056, 0.8937429175739664, 69.88761996902112, 58.042682867344276, 320.82044365029867]"
0.010452224908938119,11.327794588409741,3.8570176457865916e-05,0.1495733854268585,False,False,"[0.5179915233359863, 0.4713510358480523, 166.6406280799148, -1.1510025031329594, 183.32192513469545, 0.5706760529698269, 0.8521249050762153, 67.05293460917429, 54.26876846164848, 321.4520933330489]"
0.010399963784393429,11.284903979426996,0.0022654307976194346,0.12977367519931637,False,False,"[0.6036436462234147, 0.49163235803781924, 171.18809044929503, 5.523440288135738, 181.87453350168147, 0.5095303740754742, 0.8602688798922029, 71.60733591321343, 61.24949509953121, 323.1908699883245]"
0.010347963965471461,11.297716346248125,0.000636996299111441,0.04491691837985523,False,False,"[0.6168743514524068, 0.48024785874475895, 173.83028140156543, 3.7185708790879524, 183.3430426587682, 0.4202052923509378, 0.86993660364513, 71.76254466267794, 61.35215798162617, 324.33357797339016]"
0.010296224145644104,11.272034912216519,0.0074356605125262334,0.4311930086814789,False,False,"[0.5824123613148546, 0.5792724475955949, 171.95633833349189, 4.080792360421748, 182.29590728310296, 0.560207065033316, 0.9107477110718636, 67.6432355010327, 61.44768191849995, 323.9362136608895]"
0.010244743024915884,11.209425793537616,1.0,0.237307154984302,True,False,"[0.49836805668239686, 0.5667955466388885, 171.60779591337916, 1.5362924175847823, 186.41324821804722, 0.5333636237376148, 0.9156243713423635, 70.93755230717686, 47.391130086608776, 322.67608296560326]"
0.010193519309791305,11.190801181113956,1.0,0.7294651171830648,True,False,"[0.5169597311886335, 0.6310581332031376, 170.58264320882932, 5.000355988875777, 183.6639196308975, 0.5108376731148843, 0.9093189602384935, 70.05749267072218, 46.70572751788325, 323.92775778782027]"
0.010142551713242349,11.26236541851978,0.0008623567489677151,0.4134886710835034,False,False,"[0.5347961594699667, 0.5825275323955336, 167.3979126481982, 7.943633015672942, 187.16876596147665, 0.5732375743306065, 0.8486796745291657, 73.88743417928528, 39.50790506566209, 322.7892850389306]"
0.010091838954676137,11.280778501998215,0.00013424422324286405,0.7677003127762133,False,False,"[0.4762864861927182, 0.6238866569591681, 169.7294961641521, -1.394437571173004, 182.8716997391401, 0.5668541774630642, 0.8402339100348462, 70.3133000284929, 50.325242598102356, 326.99643319526956]"
0.010041379759902757,11.204510206365889,0.25531603698358224,0.9067435578897138,False,False,"[0.504322327852049, 0.6692766895540988, 168.64345369001538, 2.729084624579846, 186.78299065964887, 0.5459334671955259, 0.8815162727246247, 71.18654912901398, 38.89101561014662, 323.53910880069805]"
0.009991172861103242,11.228069723505152,0.023989311749708024,0.34185749341430227,False,False,"[0.5609682435014685, 0.5580176815058261, 170.7282616397248, -0.6382169307844627, 185.42198863846104, 0.44302691256045046, 0.9012560068080411, 69.50764400756394, 43.05491664505689, 325.8061320857322]"
0.009941216996797725,11.239104398959874,0.007759140101656674,0.623193671358305,False,False,"[0.5836075831044635, 0.5766349178174389, 167.01364980300667, 10.777535152741816, 180.28136172853226, 0.5391389015229934, 0.9137251032677396, 68.19227058691631, 53.6023792666415, 321.0644280584704]"
0.009891510911813737,11.243800391496052,0.004710081655502954,0.5664554943243794,False,False,"[0.5928377917564424, 0.631241407564721, 171.07486650219744, 10.481740654795688, 186.35721884177343, 0.5033653503544034, 0.8737192677949615, 67.36493864978536, 43.61005978493701, 324.3982484111825]"
0.009842053357254668,11.210376625230232,0.13683775063528902,0.369371997998045,False,False,"[0.4390950104221054, 0.6828434514100477, 172.13203568489345, -2.536743504655428, 185.81640806736382, 0.5366316175344998, 0.8914757062556322, 71.18563525423816, 45.07263855791219, 324.8160635204087]"
0.009792843090468396,11.211322823661757,0.12299943092481197,0.08070818589122153,True,False,"[0.5600571211229146, 0.6037224731449776, 171.9989799000952, -2.190968962252093, 184.15561590634064, 0.46130129994522884, 0.8899305763085007, 73.95625869616907, 40.18302520863945, 323.24903345100654]"
0.009743878875016054,11.256463807518905,0.009727941414676814,0.06715117785433244,False,False,"[0.4960888525182915, 0.6116227468177958, 173.48824726284593, 4.483282164929857, 180.79228047197725, 0.4300708070371615, 0.8158063913936552, 73.37140991336072, 37.7242899326715, 323.28345134060913]"
0.009695159480640973,11.21463543326665,0.7105779335024298,0.9260987476561818,False,False,"[0.5060844702916862, 0.6010760073308858, 174.80347778428478, -0.1595184816716806, 182.49273557248753, 0.512106764616789, 0.8675324958595251, 75.35742438565948, 43.175207869394775, 323.0546014166688]"
0.009646683683237768,11.32727822520537,6.021135724044617e-06,0.7518304066624852,False,False,"[0.598154894363479, 0.640192611162947, 170.41984261024774, -0.4238729993614889, 184.28572273774458, 0.40864515667602686, 0.831506552735098, 71.11733826075596, 42.643153738403235, 326.9975503321994]"
0.00959845026482158,11.26817129650194,0.002678034839634076,0.8981721371203067,False,False,"[0.5422364305771633, 0.5587622056326376, 170.45550150961975, -5.0314866484134395, 186.41578287284065, 0.44650489364601276, 0.8264539318598164, 74.60045826318714, 38.94662194186223, 322.426412651904]"
0.009550458013497472,11.269901296624601,0.0021688084774735845,0.7238290559197081,False,False,"[0.6197424123085494, 0.6146256408378188, 175.4188808020409, 1.7340534844200928, 185.42497567165177, 0.5064991146390374, 0.8160818760385062, 77.5363194357122, 43.375048793961874, 321.8825779755805]"
0.009502705723429984,11.26859070314252,0.002413972809906432,0.7106215853235923,False,False,"[0.5247969197039217, 0.6476861762426664, 171.927683391545, 0.23568352568752893, 184.5192306933409, 0.4174946454856853, 0.8294630092441078, 74.54311622844283, 42.31715780905502, 324.78072168517014]"
0.009455192194812834,11.211308029252647,1.0,0.741677254495477,True,False,"[0.5820890997586452, 0.6190452850408535, 168.84094181272482, -2.4717313511428447, 183.32320738638282, 0.5296288904046018, 0.8901627021321477, 72.20358540585404, 32.91039026645421, 320.9819993324049]"
0.00940791623383877,11.300798884221017,7.393731499316596e-05,0.8214548588250306,False,False,"[0.642124638167943, 0.6700624323910607, 170.28733887680093, 2.6139812376890887, 179.8013706065236, 0.47044248997971505, 0.8403223047636675, 70.28577036433131, 25.308267307804375, 317.9203610434954]"
0.009360876652669577,11.234257679460551,0.08615079524166112,0.34563799560930364,False,False,"[0.5521301373641746, 0.5483537011921502, 170.9958188110905, -5.313090794060509, 179.71361918220103, 0.48864905685608445, 0.8653343950927329, 73.49175495247167, 34.641666451457965, 317.57240138143413]"
0.00931407226940623,11.258101915852595,0.006578170183544096,0.975165359399921,False,False,"[0.6379361539531143, 0.6647553162437991, 167.794085660147, -8.933122978416545, 179.70156350769227, 0.5349059172085354, 0.8522516835029839, 71.06641048749559, 29.468601448653786, 322.80180871821784]"
0.009267501908059198,11.261973148445083,0.00422402782039135,0.4527047788363595,False,False,"[0.5826165502997416, 0.6707160305005789, 170.1034402242758, -6.274911566394193, 182.42738580850698, 0.4781167138274388, 0.8319559957025638, 69.42600736426367, 24.9439455726915, 318.6994464452642]"
0.009221164398518902,11.237476165100585,0.05855234042130461,0.5013379005781009,False,False,"[0.5261183454427026, 0.5830887866343653, 171.9544526672534, -4.109278414168326, 180.59923137443357, 0.5013934450441453, 0.8493858885800715, 69.84753022645403, 26.763877999799185, 317.1008173654118]"
0.009175058576526307,11.2610079468977,0.004441113375086109,0.20832387916976203,False,False,"[0.5886155323518635, 0.6535742378647403, 171.2794446452043, 4.877423751979446, 179.49081971068867, 0.6023815327640494, 0.8419901127046603, 70.48204266558498, 39.26784973464747, 323.5297478744108]"
0.009129183283643675,11.250445061405806,0.013745765406406032,0.701482626952895,False,False,"[0.5899266356008207, 0.680698049914561, 165.07175687935523, -0.1503890353398809, 181.641709577458, 0.466086099878526, 0.8554601176777249, 73.67876817583908, 34.19911717119378, 322.3068366894308]"
0.009083537367225458,11.252618229565748,0.010590373973703923,0.010942332440829095,False,False,"[0.5832490085140611, 0.6339410684971929, 168.85814070851777, -7.844834822619379, 181.98563134392862, 0.5864054665048243, 0.8313357885535295, 70.77547190760953, 29.247857024494262, 324.30219352365634]"
0.00903811968038933,11.211094835140706,1.0,0.03385237859060031,True,False,"[0.5214888948760721, 0.6418607917231395, 167.97223454803103, 2.838856116594899, 182.08641694804078, 0.458182777367642, 0.8601184576652623, 75.19093024915881, 28.969083978445468, 317.45595015427887]"
0.008992929081987384,11.192174909327793,1.0,0.7322784691646663,True,False,"[0.5466797211884519, 0.6459810422220472, 167.43747224282998, -3.369407135676317, 183.059613431604, 0.4718230145072399, 0.883582965206742, 76.54691994424974, 25.43320889149373, 316.2820957389281]"
0.008947964436577447,11.270371082352348,0.0001602156008487248,0.9322662568866449,False,False,"[0.5844242209862974, 0.644468901771718, 167.7707338523984, -3.492418234188616, 180.65217336081287, 0.45611843420393805, 0.8270288248022089, 74.64413127476072, 29.272952811299596, 314.8944390127667]"
0.008903224614394559,11.262091416817654,0.0003886069602548046,0.7019696820272883,False,False,"[0.5360705301929013, 0.5774166702476803, 163.96081145878532, 3.3107908118417644, 182.49481443864502, 0.45132948655616056, 0.8062383740991647, 77.25616023152548, 26.599450830115998, 319.58681305477376]"
0.008858708491322587,11.219787081773823,0.04429194831201599,0.8906223175383057,False,False,"[0.5381491421661759, 0.6655651412100918, 170.2244494066516, -1.9110900676334204, 186.2086673787238, 0.446558095906768, 0.8597232429928175, 74.25962008881197, 29.1788997939146, 313.6212247450259]"
0.008814414948865973,11.1959510125758,0.6515501596018165,0.9155113836186289,False,False,"[0.5930662294980131, 0.7166600435575795, 164.31938266631073, -2.2520272855168244, 184.98820128120136, 0.48089205180644684, 0.8888701905383283, 77.01205822348516, 19.613776149804657, 318.5441812789648]"
0.008770342874121644,11.265140763373289,0.00024369028034126463,0.7177880322031259,False,False,"[0.6237284383753282, 0.6214036107798032, 169.38836921858723, 2.5855223864978143, 179.77496722975587, 0.4747253170515092, 0.8370250205268779, 75.27464235770353, 22.409808372505598, 316.10776634406716]"
0.008726491159751035,11.16860434764661,1.0,0.6373656287844194,True,False,"[0.49962653768826115, 0.6694602291820235, 166.49537510930446, -4.430806549833781, 180.66562289291406, 0.5094237215120169, 0.8706155594950565, 80.22491387512376, 17.628417918143207, 316.80600145358807]"
0.00868285870395228,11.21954824506157,0.0028308442617343004,0.6910538226908622,False,False,"[0.46695132167455655, 0.7259332115650855, 169.6906770615705, 0.8126120064765132, 182.8337790114509, 0.5726252496993486, 0.8652862010969976, 79.29405310993353, 21.718388992445483, 319.01866892848545]"
0.00863944441043252,11.210331810264876,0.007987495562559972,0.5150678323727141,False,False,"[0.5743252921737297, 0.6389456552226804, 167.52247804685237, -10.097666965262464, 183.1134163919915, 0.492702743280767, 0.8408254743661875, 83.40780227192818, 16.513957214808435, 316.9583383516492]"
0.008596247188380356,11.262901988477259,1.7216732766897655e-05,0.7971482922144704,False,False,"[0.49337437990340605, 0.6113339369103729, 163.31578665259332, -8.007343834709044, 178.4714670000033, 0.588758840091481, 0.8139098045169476, 80.09701615738996, 22.927738996393124, 320.11892224952385]"
0.008553265952438454,11.190091348779653,0.08109451492557077,0.9367344386039262,False,False,"[0.5227230797485717, 0.6336441347925464, 170.34984430952008, -5.057437380324467, 183.4514843781356, 0.49082630844344804, 0.8559017219209913, 81.72416903635721, 22.772318132346584, 313.73477195702094]"
0.00851049962267626,11.149422310177751,1.0,0.022123515179321762,True,False,"[0.5166241945378923, 0.6853142778265494, 167.8374950568938, -11.450001492607864, 178.39524959241834, 0.5670281387142583, 0.9220834815862594, 83.83186166181271, 9.693986543836917, 315.34838000580413]"
0.008467947124562879,11.187811024149418,0.010743928618612803,0.7002032293609627,False,False,"[0.4621432442488708, 0.6465681080252995, 168.40976975181107, -5.81944373504612, 180.3304235235815, 0.5407895812218442, 0.8809521824429594, 81.50332807583126, 13.34080650053387, 311.4967644427119]"
0.008425607388940064,11.241914151312702,1.7082283747694767e-05,0.4338206112509746,False,False,"[0.5860863258492588, 0.652650589132896, 166.79718730298143, -7.217621425630041, 181.42237179704284, 0.6393384200344114, 0.8808713666295855, 85.56024687924538, 4.412846552711001, 315.16228096061377]"
0.008383479351995364,11.1578684049458,0.3651420198417795,0.09009788156737042,True,False,"[0.5908526172715506, 0.7189143007860496, 164.77130551715692, -5.438528869553323, 181.69148821806522, 0.5150824286969695, 0.8983364980101857, 83.7391088863639, 14.477657119697524, 314.7392022957822]"
0.008341561955235388,11.217278113160535,0.0008070440182335903,0.6281248656234523,False,False,"[0.6146246147551752, 0.6738738800487868, 168.10176906723115, 0.8415470900266442, 180.22025853963675, 0.48299706883442545, 0.8614769325593005, 84.20892136893492, 8.090336379029356, 313.72403681665446]"
0.008299854145459211,11.159859972198902,0.7866655583898389,0.16777627559479225,True,False,"[0.5593227705488186, 0.7058279977976983, 163.19461037522308, 2.419030221851287, 178.11870852974508, 0.44607589664565594, 0.914693812880035, 83.49099989367997, 10.213751245194013, 313.8604374262725]"
0.008258354874731914,11.232461111394777,0.00015206004316531573,0.6837069096859258,False,False,"[0.5407763593030753, 0.670272751220383, 165.98047816481753, 0.793430290355511, 177.129287296558, 0.39604914091205723, 0.8680522122039118, 87.35884253915728, 10.33295802944626, 314.72893263778315]"
0.008217063100358255,11.175054717464153,0.15736775238767375,0.5783565077717345,False,False,"[0.5737491600754185, 0.6981850784364584, 164.8105403402636, 9.552109507535928, 180.3023461624689, 0.46917461194219084, 0.8980717589755369, 80.12815827533306, 3.517513582377987, 314.58324372506263]"
0.008175977784856464,11.173940270870649,0.1786807272230601,0.7517064458683124,False,False,"[0.4916746557080189, 0.699480542419738, 161.0793208052651, 1.7891755822096957, 179.7837005610371, 0.43569906136511527, 0.8528828791706674, 86.42557522714397, 13.212265941924858, 312.88629454840515]"
0.008135097895932182,11.21405123228076,0.0012793353128044908,0.5078642947798595,False,False,"[0.48921270129900823, 0.7300885986269364, 159.2849234321859, 5.0458230528219605, 174.8593231480966, 0.38033727052691657, 0.8905128078223933, 85.52411483489722, 14.78245217170124, 316.04136395328027]"
0.008094422406452521,11.213700630664224,0.0012919855055477376,0.22065626199552624,False,False,"[0.5329349187303846, 0.6943971602040935, 163.7375420803109, 6.335748386515894, 174.5387747941686, 0.3894453423772092, 0.9135095339987335, 81.31937009826935, 17.35934801170855, 312.24590678773035]"
0.008053950294420258,11.316405636618345,3.618782463360321e-09,0.9415243118174494,False,False,"[0.5916276932335358, 0.7756298634621139, 167.07787903613539, 8.655482744311541, 177.55364662795105, 0.40366803565661696, 0.8579972555106288, 86.5942442126471, 12.255457445961142, 313.217199730579]"
0.008013680542948157,11.170869176017838,0.2531428856892826,0.6235255661658423,False,False,"[0.6032538712175435, 0.7282843482840621, 160.60833588507006, 4.0661613923214865, 177.7188840484028, 0.5130885383431576, 0.8975247188816332, 83.28768607948871, 5.957349330501128, 310.30412372648414]"
0.007973612140233417,11.256705291854074,5.311015883194883e-06,0.014207627456949479,False,False,"[0.5884562798595536, 0.7415887487309615, 161.06811732653978, 7.406820517192676, 181.0509142064557, 0.4145778690609868, 0.8795992275767862, 81.86057229680179, 11.373656130448541, 311.0219204575903]"
0.00793374407953225,11.267892189793082,1.2198271211873228e-06,0.1684214564919122,False,False,"[0.6061935188380243, 0.7632805935496488, 163.61249058563962, -0.35863702216219906, 174.3831707599193, 0.40473190302103373, 0.8797078680409133, 84.96460564684199, 14.483387011071768, 316.5656764102407]"
0.007894075359134589,11.166761470218136,0.4171693595130446,0.22117529879915632,True,False,"[0.5020208913340797, 0.6270818500768184, 160.7964884637997, -0.2450762950833738, 176.2742149122087, 0.43681298474326985, 0.9177145119624609, 85.22095516856531, 10.037240081859421, 316.6970667489074]"
0.007854604982338916,11.16038998262607,1.0,0.559815962755867,True,False,"[0.4941722061736926, 0.6858474042912868, 160.68877144277195, 0.5305010567136925, 175.44017531968703, 0.4717931925986172, 0.8589676607109297, 84.47894875211131, 8.363330953388088, 315.1785069534867]"
0.00781533195742722,11.303715878059952,1.0850367602863177e-08,0.7166165202307049,False,False,"[0.5544549462245444, 0.6952680549676857, 164.3423271143513, 3.3132506639711785, 172.92048631774028, 0.3975664569190564, 0.8150315472896532, 88.21570834337584, 1.4643444101218748, 316.0377589154503]"
0.007776255297640085,11.199775215288295,0.006315129282844697,0.36692644696485455,False,False,"[0.5110153486984483, 0.6501565408234513, 160.94063771965287, -1.6431018012310865, 171.64358529836954, 0.4561051852895864, 0.8202844270579324, 86.49018709554866, 4.659397918091651, 315.01732273206267]"
0.007737374021151884,11.172188005952307,0.21766246378978404,0.3588054061561089,False,False,"[0.5055400404310693, 0.6517008812647643, 157.60017424314987, 0.005023042300768665, 173.46473195080972, 0.512152224065607, 0.8628411065406114, 87.97517468716609, 1.4124633370335573, 317.9077331559582]"
0.0076986871510461245,11.129033411187187,1.0,0.3115180264599695,True,True,"[0.508404219416084, 0.7106881386014731, 159.96625953058106, -7.399900915964926, 177.78950791613363, 0.5198228477359024, 0.8989872427685329, 86.00843810799545, 0.48326570377091116, 318.6872894724164]"
0.007660193715290893,11.18055816998561,0.0011989612593360757,0.5878772034130635,False,False,"[0.5156607573329747, 0.6368804492760309, 162.25314737679253, -13.243634832277259, 175.95338607308076, 0.48397675066844065, 0.8710650526150977, 84.17370603641076, -1.3503497804411193, 317.79481258005586]"
0.007621892746714439,11.185446132301502,0.0006103940711777782,0.5618246987111192,False,False,"[0.48634781096581814, 0.6504432268407437, 158.38915057004021, -8.782673316748587, 181.47592757027255, 0.5044710154763952, 0.8299728638360627, 85.26850564914636, 0.686367041362832, 320.5496036462051]"
0.007583783282980867,11.224339149335314,3.4849948459594164e-06,0.02139875764025223,False,False,"[0.572142603545332, 0.6749167108542361, 156.04173499297713, -2.862552530124706, 175.9321083797202, 0.4636273378271159, 0.8353428272475558, 88.96083380860809, -0.7219498433275753, 320.887104816286]"
0.007545864366565963,11.154673182474228,0.03344485125772461,0.31936729533320607,False,False,"[0.571330058992281, 0.7059525971783531, 161.917213150205, -13.333468878515076, 178.0081545783404, 0.5859839197377363, 0.9063097695548492, 89.70114296805478, 5.129397904747822, 322.5494608039561]"
0.007508135044733133,11.114290911007252,1.0,0.9227245240892651,True,True,"[0.44817161415580975, 0.7425584068993796, 159.64034779069186, -13.800995871545034, 179.72569340466023, 0.4672700581362693, 0.9026737837396546, 88.25307098127374, 6.942239688115672, 317.18757380815197]"
0.007470594369509467,11.17545332256098,0.00027822296387375745,0.6194438185606839,False,False,"[0.4951439506606159, 0.6677668020165028, 161.73106147532945, -14.319701658385165, 176.3387388057294, 0.4258907205780434, 0.8827309815152976, 91.73070031748175, 12.437187983029833, 315.9409285709501]"
0.007433241397661919,11.156323182269222,0.0035012487888394276,0.9778713280795198,False,False,"[0.45730890692959886, 0.7256674742003322, 156.08691026097785, -16.30284742674056, 180.42354082282446, 0.5333809859135936, 0.8920899263405199, 86.6791827135839, 10.72880868780618, 318.81107144381065]"
0.00739607519067361,11.175450556275834,0.00025628953795611773,0.3185998186708058,False,False,"[0.3747611092890326, 0.6988632863968893, 158.74090534412775, -6.893468881499093, 180.4130406234882, 0.4126607593923646, 0.9231272906842807, 84.97300304548784, 0.2967602920377779, 316.02439119227347]"
0.007359094814720242,11.14815343950617,0.010037241596987132,0.4837531049275422,False,False,"[0.4161385064066919, 0.7179529831438217, 162.18200523620897, -14.555418720976498, 181.05826439632557, 0.4292556823727195, 0.8824697629578175, 90.17665999022817, 6.846444098884758, 320.0736344211683]"
0.00732229934064664,11.15863900852349,0.002342396358554309,0.859543696234031,False,False,"[0.5098544513429664, 0.6818073014911052, 163.39361660946074, -8.222955419244936, 177.2540137432067, 0.4995481200102683, 0.8450529775602376, 86.64013381597364, 12.794767799787682, 318.9564957493903]"
0.007285687843943407,11.240606656231616,2.9540071208095926e-08,0.9314835771792139,False,False,"[0.39835864212128436, 0.7290622851815997, 161.74050651660352, -8.883185333236408, 181.11755311889345, 0.5432723604100304, 0.8656725301286602, 85.35520713518511, 5.524283637212449, 319.8046170374961]"
0.00724925940472369,11.168725552818007,0.0005481325019318422,0.6018857645780271,False,False,"[0.4435962967336735, 0.6996146411590657, 156.07708438145656, -8.253092215202185, 178.8887831203276, 0.419927716423519, 0.870295820407789, 85.38931421943714, 8.745410347587363, 313.72239909255]"
0.007213013107700072,11.136795708351983,0.044155965801543635,0.43215992749824683,False,False,"[0.4631425030087919, 0.7168600220945147, 156.1675354115181, -14.25561078947279, 178.56291414256154, 0.4917447737408951, 0.8841177404485466, 87.42902468082796, 2.5819370060486815, 317.4153902236256]"
0.007176948042161572,11.168721180288724,0.0005085021319983318,0.47001166073423606,False,False,"[0.4590963503166226, 0.6791174325646794, 157.08888053758898, -6.519612132165403, 181.75231596893576, 0.40365591474864904, 0.9218950478179438, 88.39672042459632, 12.231724846979434, 319.6544788875121]"
0.007141063301950764,11.151359909537213,0.005566641100551243,0.29502151729631043,False,False,"[0.4278666787411638, 0.7490459412997931, 163.0007803348287, -12.638730337832126, 180.22945440578235, 0.39026576696072757, 0.9016757209018091, 87.62346209125334, 2.9040762018504633, 319.3631531154381]"
0.0071053579854410106,11.140795415282415,0.023987707176099767,0.6162791032451642,False,False,"[0.5193492699691302, 0.6753660502819434, 162.20622653353038, -18.243335165509826, 177.25836912895832, 0.4779171704598749, 0.9044711181491474, 91.48338536696055, 8.319462900196566, 319.1068839517774]"
0.007069831195513805,11.091275013348831,1.0,0.594253029713257,True,True,"[0.5236161662660271, 0.763724503778566, 156.52435224401648, -5.927443924656629, 180.46716498459924, 0.5379686650035586, 0.921431196411345, 85.58405090431232, 2.6373380140037774, 313.3773661062765]"
0.007034482039536236,11.157139801689706,8.583080072896613e-05,0.021174825627861327,False,False,"[0.4555545638425982, 0.6871272370618896, 152.91867897132593, 1.3667334532576998, 177.58254360093122, 0.5183006443587412, 0.892884931318469, 88.62833096760333, 6.388312908084213, 315.5070537484375]"
0.006999309629338555,11.205768662211671,7.868220377020216e-08,0.38629871686972406,False,False,"[0.5795105905719451, 0.7018857768327527, 155.10711823455475, -13.378138627793492, 179.04733930815098, 0.6165769627705383, 0.9112935017032057, 82.01596695529088, 10.423763917274174, 313.32046011944306]"
0.006964313081191862,11.175846808603918,5.322355039064627e-06,0.7895547816924537,False,False,"[0.5716809713016003, 0.7137028677201741, 155.17244590232966, 0.7253327893198591, 181.033574269401, 0.6052847213150955, 0.9166435405201027, 86.29306412297178, 9.777274675471778, 311.3108667853278]"
0.006929491515785903,11.148092870264385,0.0002748111071783027,0.3133649414221712,False,False,"[0.5573231109842596, 0.7154075210750797, 154.69308882891673, -7.436736823427077, 179.4602810290947, 0.533329945412379, 0.8728669767399032, 84.32009812534469, -0.5140652344946623, 313.3524042844208]"
0.006894844058206974,11.218646644911539,9.485886078060139e-09,0.39121431786456284,False,False,"[0.5269722606042587, 0.7012326300305016, 152.54758645050845, -0.39117843640584304, 178.23950229245395, 0.6035816914408682, 0.8550741270159766, 82.2005149930296, 9.777686572370378, 317.02018430808477]"
0.006860369837915939,11.146918523712882,0.0003002600539718438,0.5442644958609948,False,False,"[0.4862081821883901, 0.6983956070476564, 152.74725305198746, -3.0662441904485576, 177.35194650921065, 0.5647204869869067, 0.9209984885284473, 89.25780515445717, -1.5868544452135005, 310.2432107605477]"
0.006826067988726359,11.206191070145827,4.8831847438032723e-08,0.017820814523176298,False,False,"[0.4785310612227987, 0.6950203980710318, 156.16223341752925, -4.113733104400387, 176.6813705362988, 0.6034043415410701, 0.8968995351868111, 87.91213628051628, -3.2743483190253837, 314.2759672701225]"
0.006791937648782728,11.129604766151678,0.0035407404164864422,0.900401888129398,False,False,"[0.46285811096358753, 0.7097567004808408, 159.58989907594247, 1.3309095479228468, 177.0204758024302, 0.4705056728593971, 0.9046764978602208, 86.39047547455876, -3.4575541564275127, 312.330718638597]"
0.006757977960538814,11.183944186589354,1.1084374280696338e-06,0.5546127965759063,False,False,"[0.5197527069070361, 0.703536736286859, 156.7564631789533, -8.453529860216976, 178.19718176994033, 0.5904708831221616, 0.8755282773573176, 88.54939427166737, 8.087451919572215, 309.81056121077665]"
0.00672418807073612,11.170842109925875,7.26118765395719e-06,0.42569874766398186,False,False,"[0.4845528487011084, 0.7270503964343739, 159.03035910262054, -1.860747920591825, 177.4914527686704, 0.5604330800636548, 0.8722977149881223, 87.84386320659364, 9.724390539664748, 315.75710430497054]"
0.006690567130382439,11.2682913224596,3.233053556916866e-12,0.012284088699864193,False,False,"[0.44832770395324734, 0.720981641743891, 155.62103300956545, -10.855950401556411, 176.82848837042215, 0.5951633307171954, 0.856797968360791, 84.46436907685464, 8.852093582655247, 310.35395984614235]"
0.006657114294730527,11.123029477664174,0.008480343052507253,0.7885121744125402,False,False,"[0.5670504238263256, 0.7523256164258249, 159.998437617253, -10.288181516887526, 180.15629382876847, 0.5161762737614068, 0.909631401012989, 83.11994982078662, -5.25792823507812, 315.8725236603701]"
0.0066238287232568745,11.133090781190308,0.0018127139846792863,0.7850267548056031,False,False,"[0.5813918153143298, 0.7492729312014872, 155.41592460603266, -5.463241966602377, 178.6165891149047, 0.5002684307225069, 0.9205601596353435, 85.06505590953749, -1.2950312820400445, 316.05285910286085]"
0.00659070957964059,11.171849652433007,4.9038608824131725e-06,0.5254746413262107,False,False,"[0.5848452575070697, 0.7232627688035052, 157.77006689749888, -11.639218599977575, 180.41693743899353, 0.521375196235279, 0.8745755505538562, 81.99310884437459, 2.105270449753398, 314.5630497065532]"
0.006557756031742387,11.159775382974725,2.907294154344937e-05,0.9014626521778434,False,False,"[0.4819009710693216, 0.6915267665703462, 154.36819137619966, -9.213977158251108, 180.56917490897075, 0.5288061181400885, 0.8701833704525251, 89.34380836383757, -0.17104171072186247, 315.12551810475424]"
0.006524967251583675,11.173944893516651,3.144747289289677e-06,0.6462490453375677,False,False,"[0.5680305463251045, 0.7167848826671285, 159.96461966062972, -1.6850197061386734, 184.20594393315204, 0.6065049373613008, 0.874634884792208, 88.40442063287617, 7.898024026502581, 311.4921765918138]"
0.006492342415325757,11.160390527369351,2.3803031951030054e-05,0.8386724448640963,False,False,"[0.5720654877015341, 0.7148569611616249, 156.91959697624077, -1.6332395323905242, 181.81048502162224, 0.4722245615223267, 0.9014006664526156, 87.43015811725884, 2.435684165138115, 311.16319626850463]"
0.0064598807032491285,11.152970427179696,7.116211115160495e-05,0.14218437799829098,False,False,"[0.5722441141455993, 0.7416780931992812, 154.52759702656186, -13.889444560748764, 181.52522911355993, 0.5977524178212389, 0.914402516309398, 84.86000586063743, 9.6752610514493, 315.1040940898502]"
0.0064275812997328825,11.162813822076302,1.4666077641227647e-05,0.10474628040837974,False,False,"[0.5682720431717287, 0.6998212743580865, 157.09116158720448, -4.488600296006883, 184.03679138792893, 0.5326683761705473, 0.860599668313245, 86.4915668883613, 1.6374174921982725, 310.30816389247406]"
0.006395443393234218,11.120486491512018,0.010383415413790927,0.7473442947158876,False,False,"[0.5401362634573356, 0.7261358301757079, 158.2550486630838, -4.330578645464014, 183.84660685250327, 0.5212018502937108, 0.91545449862336, 82.43484002749892, 2.297562243935202, 316.9712879850359]"
0.006363466176268047,11.16565142855849,8.393650995816572e-06,0.21640686642577367,False,False,"[0.552500290285376, 0.7029214246028717, 158.85152427814856, -11.46533314641888, 177.8679699417256, 0.47452153493560956, 0.8892970874071993, 82.12238026227656, 2.5171654066205686, 314.5958700386632]"
0.0063316488453867064,11.157491179562296,2.8718597092784868e-05,0.5712360268942739,False,False,"[0.4944606483787494, 0.6957898345052261, 158.80065555683657, -8.80781388740647, 183.90981948055514, 0.5512926957009087, 0.8854316824799893, 88.91405630915033, 3.852436261242188, 311.56466225631954]"
0.006299990601159773,11.183210012063492,4.596140553902862e-07,0.7650242301419414,False,False,"[0.5435232516218255, 0.6885636193595772, 156.02882242907873, 0.5033814525576457, 181.9020096544245, 0.48247807814862786, 0.8512710918749693, 83.81515672332098, 9.249292748599801, 310.3404892603024]"
0.006268490648153974,11.189964401335079,1.454077151943348e-07,0.03620909917119841,False,False,"[0.5878706927932028, 0.7055030613766269, 153.27258163075882, -3.0916740758376324, 180.88533108613302, 0.5010486114632811, 0.8698471072565428, 84.91660415572392, 1.3404838862606692, 316.6249059127874]"
0.006237148194913204,11.115856164156513,0.019427063783410862,0.805872660631577,False,False,"[0.45096725270197124, 0.7425190598089216, 153.4539676929702, -10.521323527794186, 176.68250618293467, 0.47842528928452677, 0.9065977079673466, 88.16901191413656, -2.2691438422211174, 312.41265513393137]"
0.006205962453938638,11.165691535998985,6.198933869781686e-06,0.8088868261978207,False,False,"[0.4494462195257916, 0.7009682055432797, 154.31323957933728, -4.4216686880954725, 178.28298020666395, 0.5127040513491216, 0.8750826682625751, 86.04936555179759, -2.0390758832072695, 310.6801336183439]"
0.006174932641668945,11.216157352023746,1.647377638840493e-09,0.6835109345877947,False,False,"[0.49820362410724756, 0.7114684330797595, 154.83671458632037, -10.940125834201588, 181.86409931082008, 0.6027014178426716, 0.8681496365613645, 88.07791594650098, -3.323284612619222, 312.8579777711218]"
0.0061440579784606,11.26933293569974,2.593732748268156e-13,0.2597858421676842,False,False,"[0.4528410587286392, 0.697432593419406, 153.4971989871378, -5.452600194895162, 177.8381363170929, 0.6149884427946873, 0.857608407380249, 86.86607868645066, -4.11217720994955, 315.03087172507503]"
0.006113337688568297,11.140637234703274,0.00031137503791905154,0.8236543953721176,False,False,"[0.4685674783897476, 0.7018880858348232, 153.6626273368768, -7.473784822939857, 179.6007275673944, 0.4821854476749046, 0.8878979983474509, 88.2129609466706, -3.6730564858744863, 310.14656840145443]"
0.006082771000125455,11.205792204691079,6.6644122540744634e-09,0.4688536503725409,False,False,"[0.45947572377748136, 0.7135506296683, 159.83261293460728, -7.832161622884142, 180.8735979217957, 0.6066159180205813, 0.9174963244234215, 83.80660943746979, 1.3771175099659843, 311.03629515358415]"
0.0060523571451248275,11.145701366826128,0.0001243279314376561,0.36627959903852503,False,False,"[0.5327775919441111, 0.7045972561731093, 156.08924393333862, -11.762302730731747, 182.04033307677904, 0.45831610570752646, 0.9123357695019171, 84.45912518591626, 10.450520184442865, 313.44272828027124]"
0.006022095359399203,11.179217104298747,4.548774203266396e-07,0.6378918203663644,False,False,"[0.49218941422782225, 0.6858564489116161, 154.6441430810419, 0.5355889095815005, 183.83304679260905, 0.5775398564043199, 0.8975165160400446, 86.11832489990044, -5.3606002991386354, 317.098575961128]"
0.005991984882602207,11.185335374981852,1.5225687847467945e-07,0.8391543274925478,False,False,"[0.5913547146436559, 0.7292736685520878, 158.37239336721916, -8.794199481247292, 177.82474465844857, 0.45892546027293407, 0.896058803785948, 86.94291775228116, -0.25063343453902753, 309.6766740988056]"
0.005962024958189196,11.196956711062368,2.0034581339758834e-08,0.3430085890063789,False,False,"[0.5866937641210986, 0.6888460652912206, 155.76951356827223, -1.07374526635755, 181.5656909671504, 0.5156284561289972, 0.8549993775289717, 81.90459424977975, -0.5420651807348627, 314.06880181558586]"
0.0059322148333982505,11.205458075601367,4.3723518487281774e-09,0.7831163459331195,False,False,"[0.5771139935363253, 0.7257135642980463, 155.82023328368854, -9.963817710493194, 181.06063465847706, 0.46703470112474926, 0.8696127381410022, 85.1430065353996, -1.8312573416707831, 316.10805828491976]"
0.005902553759231259,11.121644690661963,0.005827449262374607,0.24886926380241714,False,False,"[0.5352020905735693, 0.7144044751540446, 159.3538358841067, -7.222524518371367, 181.98639623463004, 0.49328961323284415, 0.9130546537335478, 89.53694936237844, 6.777212073593567, 309.85881047830986]"
0.005873040990435102,11.148612442140998,5.755222601260755e-05,0.7718660680836326,False,False,"[0.45535616075011276, 0.7412303655547285, 154.46066957694586, -13.562742363903613, 178.15699752206476, 0.5574596280281517, 0.9232178660248338, 84.35302709894103, 9.365748089512861, 311.78617017590915]"
0.0058436757854829265,11.159310286451252,8.784273536000336e-06,0.573578458781457,False,False,"[0.568204779369971, 0.709525875573364, 155.6391906081354, -5.204620907269511, 179.28791576645693, 0.5019242221550193, 0.8863713600985677, 85.3352381561161, -1.9077072425615782, 316.7069598710453]"
0.005814457406555512,11.150510716570086,3.7631919315547664e-05,0.14295840443213215,False,False,"[0.5430459646821377, 0.7132455101402849, 153.13787910965124, -0.2290607415246022, 182.9290639171249, 0.4934771139526223, 0.8735569020778512, 89.22526945759799, 3.5489371849030054, 313.73025128747423]"
0.005785385119522734,11.149460034401725,4.2874106542632e-05,0.6304546994410047,False,False,"[0.526340611166712, 0.701751073806628, 155.35143805290153, -11.260235593501376, 181.5737541117352, 0.5430107358756403, 0.8627272769285506, 88.68799588002811, 1.2663748896092937, 316.7594550031646]"
0.005756458193925121,11.201644962824368,4.711596028343534e-09,0.49473153018700133,False,False,"[0.486917438718508, 0.7428391139797764, 153.57654171416223, 1.8512294571947763, 181.92561360397102, 0.6058246554368953, 0.9005786935754868, 87.33889498272451, 10.07604880938825, 309.7372930730447]"
0.005727675902955495,11.159390148751193,6.843017876375747e-06,0.7370769343442445,False,False,"[0.5835036853994046, 0.7111816537962625, 157.58965494307802, -12.711442478380015, 179.44200274440877, 0.557275634268176, 0.8720145824852481, 86.93427920023663, 10.618709388740003, 312.95474743417805]"
0.0056990375234407175,11.142762321708732,0.00011923829096683167,0.3390815118625734,False,False,"[0.5336859196794016, 0.7048898448769073, 152.95887102697642, -2.5536067147110284, 181.0807804249125, 0.5563750483035702, 0.9123285163737559, 85.55131096529979, 6.5554142947102605, 314.29301043443695]"
0.005670542335823514,11.133030190074948,0.0006339602022557626,0.7367737961007935,False,False,"[0.5652585041273325, 0.7209770026254493, 153.5068153122377, 2.0055218391577245, 182.14337272739274, 0.544614088217146, 0.9098277789223227, 87.82401518450209, 6.084586667288679, 312.10717389573676]"
0.0056421896241443965,11.176518850661978,2.745067346836934e-07,0.39097443513079744,False,False,"[0.4672340160828626, 0.7111932845464094, 158.64841693530832, -13.192708825256913, 181.04782660712087, 0.584300972576069, 0.9162306168467317, 84.58660408700875, 1.0244462235225988, 317.10409897548067]"
0.005613978676023674,11.147166817794979,4.745030019163562e-05,0.5500112257454574,False,False,"[0.47691531586092495, 0.6907443442020674, 160.211225859821, -11.201434806254971, 176.52259150595904, 0.48386648170290836, 0.8892410736838433, 83.52470959998645, 8.329976181495805, 315.1796667531207]"
0.0055859087826435555,11.244668987723877,1.185471363673072e-12,0.6469551832154079,False,False,"[0.4588440092508332, 0.7189520139125282, 158.71348992729193, -5.809842361698346, 176.94085005049163, 0.5866825832451597, 0.8532229348248129, 87.8938095279305, 2.371266757655107, 315.0947546400831]"
0.005557979238730338,11.18029986778976,1.105844932542704e-07,0.6289191516478005,False,False,"[0.5618897567102342, 0.6887454260972518, 155.15901648049433, 0.012689666516633835, 183.35926960812336, 0.5852755428838586, 0.8562346421122521, 87.22894754200784, 9.595545673769541, 313.25280998817766]"
0.005530189342536686,11.153598016948667,1.2754878829045563e-05,0.9700583918457358,False,False,"[0.45463987147522855, 0.7260877369489186, 158.8305926453989, -6.979176932927501, 180.2972073178359, 0.5133749378124874, 0.8815350556327037, 82.33982492083541, 1.8068534842975854, 312.35066685569694]"
0.0055025383958240024,11.225348410700184,2.6187578949563454e-11,0.655294359280436,False,False,"[0.45717676479276925, 0.6981158040706344, 158.77847272170757, -6.8696275139478935, 181.13989409297972, 0.6031083945445123, 0.8824024890287085, 88.25529560271913, 2.6025037305785776, 314.0618154775838]"
0.005475025703844882,11.131404925549974,0.0006558162479587516,0.2795845740184759,False,False,"[0.5556874665062853, 0.7246698064999444, 159.8361045702994, -2.1498558944864694, 177.6516828581751, 0.47013888949682403, 0.9202158920375093, 87.95912967859017, 1.4778129547856462, 314.2576893930249]"
0.005447650575325658,11.181101499384187,6.90087690862557e-08,0.3086772798865396,False,False,"[0.49427483856961296, 0.7247845120394734, 156.6763188893632, -12.24443656684473, 177.39679273326183, 0.5752806421124916, 0.8733633691557868, 87.18767751772435, 0.15558610439117793, 309.8915226357069]"
0.00542041232244903,11.216708924321878,8.912087103805193e-11,0.7365907678484477,False,False,"[0.5065897710288203, 0.6898610625293489, 158.55645423477594, -2.4193560697510303, 183.57935785830324, 0.588262854712021, 0.8430341567404889, 83.79504756503773, 9.254158269179356, 311.44183844661205]"
0.005393310260836785,11.158984862263424,3.529290045540549e-06,0.28126149449018156,False,False,"[0.5822100823403004, 0.7247193564783084, 159.95138142118194, -13.25231721732176, 182.0156596416062, 0.5978385874718668, 0.9043974332754445, 87.71651351577987, 8.377308444242562, 312.0443330483572]"
0.005366343709532601,11.16936923113157,4.785077880139543e-07,0.9359444254420486,False,False,"[0.5932132337931421, 0.7359813656349302, 154.218195765498, -11.467447444314477, 179.86683528065464, 0.5081906736275408, 0.8874539881145554, 88.26963145846116, -3.964833868258296, 314.2410991694263]"
0.005339511990984938,11.145943721795302,3.5765689290093963e-05,0.7910765596885816,False,False,"[0.5374696818403001, 0.7296793267783189, 155.39991577992504, -3.2749421607849367, 182.3758862857804, 0.5776469558847829, 0.8887325068530705, 88.53656027245171, 5.825751015441167, 313.74854183680407]"
0.005312814431030014,11.139005800920728,0.0001253893206411068,0.6274149286556007,False,False,"[0.48918481198178854, 0.7167083519437165, 157.98662682700666, -0.563304582390991, 184.16987260160775, 0.5385261738889873, 0.8934603115001227, 88.36612947768884, 7.476933072217836, 311.3148234973351]"
0.005286250358874864,11.165588807298786,7.847185823874248e-07,0.8893832610385588,False,False,"[0.5691525481636347, 0.7068495218762397, 157.47648942112872, -8.92489213603264, 179.3497991778438, 0.5735058317381301, 0.8681990759907403, 81.84219799046741, -3.8705333881917046, 315.36550186088095]"
0.00525981910708049,11.183563652485645,2.3981765451239184e-08,0.6167551625009254,False,False,"[0.5779884070699349, 0.684150668541856, 157.15261293019034, -2.3014785145340184, 182.92216958909722, 0.5417547889904074, 0.8503826626948721, 81.78638165416936, -3.731475732822247, 311.67141350707976]"
0.005233520011545088,11.238634141700857,5.911002017713066e-13,0.6250009394750302,False,False,"[0.451270431791323, 0.7098398699909765, 158.49367397949152, -2.0767376845475454, 181.00008864704301, 0.5785607850137983, 0.8541221505916988, 85.63819711299537, -5.179278015081946, 316.0174881792978]"
0.005207352411487363,11.124409349058087,0.0017242021749768,0.9636464829773924,False,False,"[0.5394255172606572, 0.736870455010773, 152.5778543846399, -5.288618977879784, 183.28904751515296, 0.46643121933683573, 0.923583444084298, 86.03038326860552, 7.100072822073264, 317.03401000560234]"
0.005181315649429925,11.10195157447664,0.12737894385759424,0.7690242601827297,False,False,"[0.5305771417748526, 0.7529594846461665, 155.84341197885075, -0.6664144653134301, 177.56821409227788, 0.527184305756365, 0.913694357554594, 84.14637089337478, 4.0207090994925245, 316.143444331067]"
0.0051554090711827755,11.211785424075028,7.04915468294984e-11,0.8512541966632748,False,False,"[0.5971496582885287, 0.7023104955399542, 155.2004335511086, -6.330567361935879, 179.8403280205114, 0.4914453134606557, 0.8593756172629261, 85.06260491075557, -1.2933610574113406, 310.3722477165429]"
0.005129632025826862,11.17293386366391,1.2202420432387745e-07,0.4785911395423813,False,False,"[0.5446926873252018, 0.7193850385786891, 160.22755969662836, -1.4400163023836114, 183.52211787004472, 0.6059367347427274, 0.9070775017799758, 86.43418226632262, 0.6407126011973912, 312.93692464048723]"
0.005103983865697727,11.161612050524027,1.0353085763508815e-06,0.5510220749738765,False,False,"[0.503966872348185, 0.7232592216835189, 156.94717374389222, -4.956219822284222, 178.26899567477483, 0.5662347619127703, 0.8787197139463686, 85.87714371481766, 4.767367732235597, 309.99663148312294]"
0.005078463946369238,11.122883515810349,0.001981248395030114,0.22292369016404334,False,False,"[0.4625950145293522, 0.7293891286272854, 155.40326326207256, -7.143817095658793, 181.84415626415222, 0.46061152814779266, 0.9069709115676845, 84.99117836054866, -0.2777636215609469, 316.34825723626335]"
0.005053071626637392,11.101389081235686,0.13512320589592683,0.22490483922025106,False,False,"[0.5410894856831024, 0.7599389048250177, 159.09056060848744, -11.450822012819401, 183.44710960423336, 0.5015731418619959, 0.9144923848000516, 87.14061153775346, 3.141833367643043, 312.3249353649198]"
0.005027806268504205,11.15241759338766,5.2311143476941116e-06,0.26303797944178575,False,False,"[0.4562748563493343, 0.7542380399497504, 158.8822788283365, -3.8442819628095783, 181.8515116396408, 0.5509085083770247, 0.9104519702515435, 81.62927235660808, 2.0120933474838, 311.95685784510044]"
0.005002667237161684,11.187793679651751,4.177966366858766e-09,0.7766409897966161,False,False,"[0.4444672389072475, 0.6867511140291624, 153.57650317110088, -5.750508774816359, 180.9976017133341, 0.5501880109970427, 0.8889159737055267, 84.27725584035558, -1.669592181117702, 311.37302240349186]"
0.004977653900975876,11.159842293565148,1.04132185876972e-06,0.05646936317575024,False,False,"[0.5863763367958748, 0.7312510572408126, 158.03632433248333, -5.37853223092946, 177.4385779644428, 0.6031114359801271, 0.8971492261451977, 88.0908116975507, 6.7756145821632465, 317.30130966714887]"
0.004952765631470997,11.170672971728722,1.0909630229778289e-07,0.37359976905566983,False,False,"[0.5856186397888334, 0.7201016876709164, 154.22285329735638, 0.10592999848420703, 178.35809586874703, 0.493327473346776, 0.8910820502284397, 86.89571399652718, 7.371652804199362, 314.97819925873796]"
0.004928001803313642,11.193590909294198,9.61865380508844e-10,0.28935722242277073,False,False,"[0.5302432974185591, 0.693900615499719, 156.85832434439604, -4.402562254698218, 181.06853166928408, 0.5990385915163521, 0.8681295909572113, 88.68877524271483, 3.5392569715824465, 311.67840873507413]"
0.004903361794297074,11.166217435549683,2.3029933857923834e-07,0.27152659991169115,False,False,"[0.4830052906349817, 0.7352870674529469, 157.21626040729822, -8.5677084471854, 176.5157829498516, 0.5912635449286793, 0.9189374006504265, 86.09684247080912, -2.6684572172259173, 311.09324519269313]"
0.004878844985325588,11.125606692538959,0.0008788945212907794,0.08310542346883576,False,False,"[0.4912888537809008, 0.7048897589947134, 153.3769100157421, -1.0554185681051198, 177.33087105064402, 0.5100646105191716, 0.916080689981788, 86.56748961547225, 6.254488226433802, 310.09408159500816]"
0.00485445076039896,11.212725946396889,1.3633781346382606e-11,0.40263007112837623,False,False,"[0.44372320915765806, 0.7306990647613982, 153.3973767527255, 1.8701387283572313, 177.69746609735094, 0.555481908947602, 0.8715874247573613, 83.71469441109484, -1.6551997536992022, 315.99798442885475]"
0.004830178506596965,11.227636268366442,5.487680521827231e-13,0.5278097229575374,False,False,"[0.4521045077991844, 0.7400400767342312, 157.47675572113468, -7.449812377600445, 181.81623665512774, 0.589538117063727, 0.8804840245049063, 86.28038931873418, 3.7551470356735415, 312.40784327971875]"
0.00480602761406398,11.17699094974624,1.796051171446934e-08,0.7514769331093982,False,False,"[0.5021653418433025, 0.6922538150320465, 155.66134682303777, -4.881889725727207, 180.54729863578328, 0.5939165096322617, 0.9185159360056426, 85.29481758225371, -2.8552114233167405, 311.06796736893926]"
0.00478199747599366,11.148707757954163,6.0818618086786145e-06,0.8849700768264955,False,False,"[0.5340724876000726, 0.7270240708676806, 160.32905477025506, -12.523779938342194, 183.34788601596316, 0.46198755460816515, 0.8958141004564913, 83.76314353644918, -3.9145606003453146, 317.12702284703875]"
0.004758087488613691,11.195458851671464,3.094704180265619e-10,0.6599916378257416,False,False,"[0.5989041624302279, 0.7109954220901776, 157.75112523592338, 1.6178724093046952, 177.44610412688746, 0.4951548573360715, 0.8728753694518202, 86.8619310659387, -2.6630501944201157, 313.9664926497258]"
0.004734297051170623,11.217452129006976,2.662619349838731e-12,0.3937901827914031,False,False,"[0.5284608393313291, 0.6998774756512313, 159.07966950180963, -10.297700073378914, 183.0115120505172, 0.606378931142016, 0.8532999125861326, 82.41954483329857, -3.3183180905008207, 311.11004021618265]"
0.0047106255659147694,11.14952399988446,4.263389312967898e-06,0.06540088458064275,False,False,"[0.4596760592990273, 0.7379841745387276, 159.86445666842496, -5.416135993059497, 181.83822864219505, 0.5301277930877237, 0.8900767949387112, 84.53103350197942, 4.898073540183267, 316.06968136409506]"
0.004687072438085195,11.149281201085165,4.219549376006263e-06,0.13727978059386847,False,False,"[0.5096822462513739, 0.7115125132412515, 159.49928193493508, -12.661519169732681, 184.28889567730718, 0.5534207412333405, 0.8913489063470822, 84.72139737914421, 8.199096757190315, 312.5781700224396]"
0.00466363707589477,11.140049174099438,2.8706257007207196e-05,0.8846711773219879,False,False,"[0.597521990584269, 0.744656238045416, 154.28562168891708, -11.97674111524909, 181.9331375654937, 0.5515843900802971, 0.9081320363521017, 87.48247467244626, 2.367287464709726, 311.86783377567707]"
0.004640318890515296,11.175622292717987,1.2758811262225014e-08,0.9229456517116666,False,False,"[0.5607582269350175, 0.7164890296328968, 156.03528271780618, -3.213665657683123, 179.3705203547956, 0.46551980107416335, 0.8795969039953708, 89.22190047529533, 0.7137566535897761, 316.8932532449274]"
0.00461711729606272,11.177674527732687,7.466274375335417e-09,0.5702212835809745,False,False,"[0.49124059315978247, 0.7304990448869318, 159.58135055730136, -3.308775062351671, 183.0819160921021, 0.5888958874841713, 0.9068351057228692, 82.51104751939309, 6.43628412699357, 310.8955731591361]"
0.004594031709582406,11.14358119150725,1.1356949652134102e-05,0.4031413448639707,False,False,"[0.447625153194498, 0.719882121751592, 154.38862385882175, -8.283726491223424, 177.97897070356044, 0.5264616686306058, 0.9146414630468375, 83.82147516388646, 8.621705441146494, 311.30465359081046]"
0.004571061551034494,11.166665863798201,6.873050571321495e-08,0.0199428815763395,False,False,"[0.487883596027126, 0.7181271412711268, 157.00699507961832, -6.482179015378778, 184.22686043981892, 0.5863902611435625, 0.9181946979191058, 85.13407817377502, 2.8324421812613405, 314.93600433247656]"
0.004548206243279321,11.135968817995778,5.39912692252768e-05,0.6878443188404526,False,False,"[0.56640935055668, 0.7122143452241083, 155.95620146020292, -9.588471445675735, 183.81685523547947, 0.5213534591446892, 0.9038306894090169, 89.39957804318493, -3.7197885942808586, 309.4071030743426]"
0.004525465212062925,11.119496715700652,0.0019572807147280775,0.3022943436020733,False,False,"[0.4611306794344263, 0.7197887007655158, 152.88532036680095, -0.8455816016558462, 184.46225041874985, 0.5022222459724477, 0.9193128978109149, 89.20528425976802, -1.4918238910667672, 311.90176766941926]"
0.00450283788600261,11.178818179840633,3.6020013676706332e-09,0.8700446194201552,False,False,"[0.6009433317534214, 0.6973417633664047, 154.0568058442486, -3.0658444589924994, 183.01157246723372, 0.5766822696392511, 0.8763288829732767, 85.94264738738136, 2.884761581993441, 311.5158067109074]"
0.004480323696572597,11.159116542301199,2.653796608509915e-07,0.06648491974813853,False,False,"[0.4900462633101024, 0.6942504319637957, 154.41359118956132, -1.0758085942972642, 176.79064779323772, 0.4608421585257947, 0.8765617283299266, 83.31585093513165, -4.351477770961511, 309.8069637521754]"
0.004457922078089734,11.145593347214135,5.108138599116546e-06,0.4971286956609622,False,False,"[0.46545944668210343, 0.6926360196621006, 159.82887156434464, 1.2403815677621868, 183.14635815980904, 0.48259585394688714, 0.8812395571360667, 88.62202540876659, -4.898518611819295, 315.12119596183925]"
0.004435632467699285,11.160716402920489,1.588425401409312e-07,0.016380703967381338,False,False,"[0.46469193683312254, 0.737423619388635, 152.77152797157842, -12.111204407552862, 179.2184781733124, 0.5561218979250643, 0.9036369443073919, 85.37582853400787, 9.718481163503926, 316.29502966006504]"
0.0044134543053607886,11.149486195546007,1.8701659694242276e-06,0.47541087728253184,False,False,"[0.5533333695540908, 0.7229727254376637, 158.66265225796508, -9.68972798242566, 181.62910899934545, 0.46931470553187654, 0.8982461001106006, 88.64396226446908, -4.776201353118552, 311.94010079219555]"
0.004391387033833984,11.16210762499941,9.882700149379729e-08,0.8697692905062283,False,False,"[0.5153469450714393, 0.7458343803702742, 158.56871367573834, -5.550549556884588, 183.75732196180556, 0.5905254009937425, 0.901634725067098, 84.20782589007669, 3.9272794341292894, 314.38804404476866]"
0.004369430098664815,11.173963366673007,6.0434672555867075e-09,0.6130437019887068,False,False,"[0.452065570993818, 0.7449165176172761, 159.35443309902217, -9.284477084271705, 181.910194382199, 0.5803149851588019, 0.913167558754721, 88.16599589200266, 8.416736186474614, 313.4061522756032]"
0.004347582948171491,11.156624562704803,2.964945714305449e-07,0.3792511643202219,False,False,"[0.561788463897194, 0.7179629167692265, 152.72540513359428, 0.2512060610438187, 182.2618048875448, 0.4712173201860031, 0.9089215775060058, 82.19627880792387, 0.42146888633804735, 311.11454744538685]"
0.004325845033430633,11.205811204450775,3.170337329190071e-12,0.6216329448833532,False,False,"[0.44364577590303794, 0.69296664928279, 154.12710265666698, -5.999191719323802, 177.06559893855834, 0.5531574684475865, 0.8696958427097191, 84.58843582041092, -2.6738497579981466, 311.7038976636903]"
0.00430421580826348,11.208881527891688,1.359962980698766e-12,0.051990016055388,False,False,"[0.5932558413702114, 0.7382091932527284, 153.6961708116612, 0.38687813046250596, 181.2894384732097, 0.4775591557951576, 0.8820859832377945, 82.9355645508071, 7.11463995193834, 316.23707499811]"
0.004282694729222162,11.097208292951393,0.25022168482446855,0.967018982329049,False,False,"[0.486038034663275, 0.7506279214784639, 156.46056942927424, -4.1470172155277645, 179.18636863602643, 0.4882197984387641, 0.9236631376494028, 82.62442172177848, -4.818693642509533, 316.6839603772396]"
0.004261281255576051,11.166557385741193,2.125646145512329e-08,0.7595470334743885,False,False,"[0.4509031201470741, 0.7271642733242586, 155.2594879001548, -8.063666747978646, 181.20123556881097, 0.525612354659223, 0.8836924588845321, 82.16552987329443, 9.30958659990723, 316.2173564934276]"
0.004239974849298171,11.171538464552423,6.008014340776607e-09,0.38250775610586996,False,False,"[0.45794518214953156, 0.7324666674621862, 158.79619551678752, -12.056418416323439, 181.57026218227037, 0.5632148574807367, 0.9033017621100288, 83.94310934634584, 8.56688586178528, 313.4587524546212]"
0.004218774975051681,11.140237894184633,9.111734307563905e-06,0.20170189742111144,False,False,"[0.5391749545060859, 0.7034053691330551, 154.28505757914945, -12.967738648717994, 182.6969768285577, 0.5311876663831001, 0.8932517779899346, 87.34646970181053, -5.206805747406637, 316.5214286746914]"
0.004197681100176422,11.17104247499507,5.587440368662966e-09,0.607624884206425,False,False,"[0.5413595025449525, 0.7010575043888204, 156.40346359678423, -13.27883253145835, 177.75816395159524, 0.5986964209830026, 0.9109470538515622, 88.29351043166939, -1.492105207792445, 313.26284047606504]"
0.004176692694675539,11.155900496156423,1.906389910318053e-07,0.07596363037482945,False,False,"[0.474047299088083, 0.6931384336649704, 159.89051055153612, -4.259080336171349, 181.53557332892277, 0.5372466732857387, 0.9023420446121789, 81.76206582506822, 8.570573126736667, 309.441980500701]"
0.0041558092312021615,11.173483832224443,2.564087218378252e-09,0.3283333046808936,False,False,"[0.5753182174518786, 0.695453509141342, 156.05832690883113, -2.4363911361930377, 177.04317196510738, 0.5266080519185928, 0.8671253049273162, 82.89751664517603, -4.609656878549028, 313.83687002496555]"
0.004135030185046151,11.174961795048883,1.6238052165110653e-09,0.33685115860415094,False,False,"[0.5181065223466534, 0.7463470692656848, 153.2942361397261, -1.3614436493372573, 180.89227242478745, 0.5996778091861629, 0.9099267252449158, 82.45432729334144, 9.465515458415624, 312.0867161495959]"
0.00411435503412092,11.187767645876544,6.52578179239977e-11,0.2365731834619319,False,False,"[0.5131091473716289, 0.7576453652529651, 152.84211660155685, 0.7271016494270768, 184.05832299418267, 0.6091391623127624, 0.9150205167244366, 81.5980809596884, 8.837700076094244, 310.50411340696877]"
0.004093783258950315,11.14590767862904,1.6003703865678137e-06,0.9823012368698134,False,False,"[0.5250806188980549, 0.7162420792331435, 156.52125200863117, -13.698405805445145, 176.8173149065981, 0.48472409874583805, 0.8703059715601493, 85.98324570765368, -2.0464778199135214, 313.09413340110444]"
0.004073314342655563,11.190005773229979,2.974280800943317e-11,0.43266548553136985,False,False,"[0.5982579071989882, 0.6902794392289029, 159.48637747015147, -0.5504233071534692, 179.60023754225426, 0.4779871533645734, 0.8864652525057735, 85.29320937084265, 6.630846992616558, 313.5615861817882]"
0.004052947770942285,11.179105671967854,3.876921993407612e-10,0.8582718927582923,False,False,"[0.49672122508450217, 0.6943133135390909, 159.44557143278644, -5.882557156937715, 183.0343564151163, 0.5709303659949932, 0.8840424744301437, 83.5543000297364, -3.120473437353553, 313.6567952405144]"
0.0040326830320875735,11.109570786429853,0.010706828386373067,0.8539394197953432,False,False,"[0.5093855568836754, 0.7300005102839652, 157.80593615162138, -7.629230973861988, 177.48347885067173, 0.5124890051567812, 0.9206676805128597, 83.25376947684664, -1.156957423804755, 315.5825148823887]"
0.004012519616927135,11.13993215442493,5.415036081587537e-06,0.708654246149069,False,False,"[0.5285110811973612, 0.6955069071154036, 153.90077128060634, -7.314106596565001, 178.97626970690868, 0.483636007256281, 0.9028263264312653, 89.11838266894576, 3.476972072395103, 309.63705156293594]"
0.003992457018842499,11.095433037627807,0.35293547930686114,0.5563061594646886,False,False,"[0.49233526426417284, 0.7479348616297326, 158.30516218155157, -10.563855297487027, 176.91101664226966, 0.48131121741343386, 0.9217170043864505, 85.59803295452338, 9.521836294978318, 311.20607492124975]"
0.003972494733748287,11.149974313183533,3.8254008743169435e-07,0.10495628517771327,False,False,"[0.5050588315382626, 0.6911067467825524, 157.42163848836577, -10.475319764613156, 177.2395719954108, 0.5062492820473545, 0.8695653119038382, 86.21758311863891, 5.06450177444728, 310.4831243236647]"
0.003952632260079546,11.219697242817507,7.756032619609389e-15,0.6758501275790978,False,False,"[0.6026698254578406, 0.7230099178192524, 152.57082970028608, -9.152025831359577, 178.02420047846172, 0.468587894381318, 0.8761078556609709, 84.45429545382223, 3.735009238822771, 310.04237573890913]"
0.003932869098779148,11.152637538475794,1.6746633750505216e-07,0.6723658686632096,False,False,"[0.46504530184941, 0.6865088248664275, 156.8740265515827, -0.8902504710073469, 181.00586197826763, 0.4867469715205612, 0.8891497726540635, 83.34735583307155, 7.746564417138472, 309.89726710003566]"
0.003913204753285253,11.127858159761061,8.708368512511093e-05,0.9962574157017291,False,False,"[0.485152372536773, 0.7133476807620415, 154.52059591321316, -10.797862019681478, 177.63495628116624, 0.5326760153193053, 0.9144293442043252, 89.08229152422092, 0.3655568925528563, 312.20622368056246]"
0.0038936387295188265,11.13046950500123,4.2488006255054536e-05,0.3984040613475588,False,False,"[0.49731658895427633, 0.7229351499325973, 156.80280662652828, -3.7521851006948985, 180.6689790852852, 0.46709770628028335, 0.8975207002548475, 84.15695730627321, 1.6291063140071387, 313.4129410768843]"
0.0038741705358712325,11.154856926291838,7.455351708643065e-08,0.7655377488659786,False,False,"[0.4978403617159764, 0.685589839236771, 154.6783068890131, -13.1985382489748, 179.7906609653751, 0.46459834061042493, 0.8798238518347314, 89.32089699731138, 2.981711052838195, 310.32233383013954]"
0.0038547996831918762,11.129797970549898,4.569579406984142e-05,0.9798296309580431,False,False,"[0.5741232837142236, 0.7395091796706229, 152.98021137196318, -11.208465959205638, 182.11838489592668, 0.5250318458881464, 0.9110649982611172, 85.29008378050577, -4.616676930262122, 314.2355074858449]"
0.0038355256847759167,11.145914117795733,6.504950503692306e-07,0.8329521229730835,False,False,"[0.5690581577711975, 0.7261218982040263, 159.95838668067546, 0.7354558169289955, 181.616457619035, 0.5186807898686576, 0.8923905411688231, 83.07340483222103, 6.220399294270585, 315.6079290649271]"
0.003816348056352037,11.1423097696077,1.557126860399683e-06,0.19746285632097893,False,False,"[0.5357742279864218, 0.715242424294611, 160.47125835858387, 1.6277118559116541, 182.26728682846647, 0.4787707661573284, 0.8904108338337826, 87.79863563183822, -1.408619490277573, 316.2943362582769]"
0.003797266316070277,11.117174266865725,0.0010911755982241224,0.08131294049668192,False,False,"[0.4971064141793648, 0.7309735396550556, 159.1550983157095, -3.880648219638756, 181.3445007003542, 0.5262438740210055, 0.9009395810486942, 88.50280383971655, -2.7485076855247446, 310.6922058877469]"
0.0037782799844899256,11.14131753197129,1.76954461568004e-06,0.334583636883244,False,False,"[0.603453264892522, 0.744119656640087, 156.68469929665724, 0.581119008632573, 178.98022252219903, 0.5589807118386269, 0.9186194776079941, 83.50141974490413, -2.408808641074618, 314.9923485521407]"
0.003759388584567476,11.241645749857645,4.253789810541164e-18,0.4337024065888161,False,False,"[0.45213040602396193, 0.701800985054463, 152.96556897062334, 0.31616583104316653, 179.18604617913795, 0.5656628574285609, 0.843748027731077, 83.49253752637648, 3.1123492640524777, 314.93106756719084]"
0.0037405916416446386,11.207684849199431,3.0510622802978646e-14,0.5773103243629227,False,False,"[0.5848713035519015, 0.6888216469404804, 159.87156933211628, -11.061652169183946, 183.74255843498872, 0.47265002745759355, 0.8640475583551696, 83.21464875754683, 4.975021172942679, 309.9088117443154]"
0.0037218886834364156,11.185793260217345,9.353809266997777e-12,0.5511419290689721,False,False,"[0.4508419510945989, 0.7293151109655809, 160.4305021462036, 1.7595384269311865, 181.40468010983057, 0.5703681329622831, 0.8932668812637601, 86.75841542530351, 7.907427598389614, 309.4346957347557]"
0.0037032792400192335,11.172242471579732,3.1967399080833235e-10,0.6827914038208241,False,False,"[0.48926286357543586, 0.7214154666889674, 153.67360877401975, 1.059818756745468, 181.39670931044338, 0.585189461133891, 0.9078888460294802, 86.50869206193352, 6.724478821965441, 317.3654489832947]"
0.0036847628438191372,11.17096126122933,4.055072408499709e-10,0.8011408859901309,False,False,"[0.507200660467355, 0.694065271507563, 156.86952535389224, 1.5769311929316032, 177.3024669725708, 0.5636117503723663, 0.8839796391544065, 82.84936157887975, -0.9976654819964139, 309.8721029335466]"
0.0036663390296000414,11.1587123719398,1.0273989124474461e-08,0.8837277044176596,False,False,"[0.553695910750254, 0.7105714106226946, 160.22078280632476, -1.2642227304549394, 179.04809247631923, 0.5873942003853394, 0.9105035506235472, 83.29555388062298, -2.265705520268085, 309.524433126165]"
0.003648007334452041,11.185972641393,5.324366245762797e-12,0.57643448872303,False,False,"[0.45027860262110975, 0.7667496813455632, 152.64171703101516, -13.586708440175308, 180.1517840263833, 0.5903256216477031, 0.9175151035569893, 87.74025351566411, -4.351065233759124, 310.40632058319164]"
0.0036297672977797808,11.222387956359828,2.0539768813811446e-16,0.6896792887259927,False,False,"[0.45931273380422794, 0.7224307275984643, 152.98505711745122, -2.7080496582979894, 178.63023628503768, 0.6045888175904925, 0.8955249774714991, 85.78460253977019, 1.6340207754440907, 313.09782898521763]"
0.003611618461290882,11.116686203903551,0.0008796763114140088,0.8690208580797573,False,False,"[0.5215319365828252, 0.7366293927062962, 156.27156708039928, -0.4774400248727044, 181.2305245635735, 0.4914312716251488, 0.8959099450549072, 89.34362459540941, 8.542013010255623, 317.3487489462511]"
0.003593560368984427,11.109992720121257,0.005468886716269814,0.1897436967718389,False,False,"[0.47453432057848, 0.7362025240552181, 155.68850562113377, -13.170046852320258, 178.1071471565025, 0.4873230141123616, 0.9143165758959187, 85.96475116349175, -2.104706940069967, 315.2000998081957]"
0.003575592567139505,11.165845593010154,8.761826449029652e-10,0.366834977538268,False,False,"[0.4760165559995235, 0.7121169903894369, 153.80395627631648, -9.311613645177891, 183.2225242735475, 0.5840658637387436, 0.9225765924958433, 88.7043467379395, 8.911528923588987, 313.87671070596934]"
0.0035577146043038075,11.147900733274348,1.2235749091799958e-07,0.33096601154848326,False,False,"[0.5498780548750365, 0.7160707815440001, 153.0481627098185, -5.318903883028028, 178.58608778325234, 0.5575113504418872, 0.8845732822208885, 84.04554226976882, 4.484396105647482, 315.13561763770053]"
0.0035399260312822885,11.161753809120079,2.255982281513034e-09,0.49849074778591695,False,False,"[0.5623868883365587, 0.6919269943300493, 153.77493689567, -11.478183294717708, 183.13160836253897, 0.5393786566037887, 0.8809941539712661, 85.0796804867717, 9.146531462442626, 313.251597746438]"
0.003522226401125877,11.157879057203205,6.132624658615818e-09,0.8781790130541862,False,False,"[0.5329144135809588, 0.6957259899130646, 160.20918646460999, -10.108463980729539, 181.54556862232263, 0.5100088573105219, 0.8601799899712089, 82.5169001932949, 10.457625089463587, 310.7745461694163]"
0.0035046152691202478,11.257376314718497,2.6097896802091226e-21,0.3482164624024007,False,False,"[0.4503921515457581, 0.6860857903229693, 154.17825979995746, -0.7308736858754266, 183.05391473625374, 0.607807818996156, 0.8642601916019251, 84.64449710337726, 1.0873128840456818, 317.0919214024078]"
0.0034870921927746467,11.15724642805273,6.077047142261729e-09,0.8329676689383341,False,False,"[0.5571829671732985, 0.7219561207918754, 153.971264872117, -6.288674375967016, 184.22266676457716, 0.46843150333715644, 0.8984048304277024, 86.72667997728146, 10.0598468951382, 311.50781627704447]"
0.0034696567318107737,11.206908627563973,3.359094336299786e-15,0.4273870281117734,False,False,"[0.599019803355912, 0.7232883862585089, 153.37696204946408, -5.907202598771756, 181.14572922178826, 0.4580687784402822, 0.8921269424389768, 82.18799836378444, 10.375858848952857, 311.90481482420296]"
0.0034523084481517196,11.150190611010013,3.8772058317522096e-08,0.04978162711238232,False,False,"[0.4564027111156279, 0.6960445000289605, 159.11202731322743, -10.081850880559427, 178.13109508041225, 0.4665861638784268, 0.8619187067704607, 89.22385132881202, -1.523955294639217, 311.3846067243726]"
0.003435046905910961,11.149415120092463,4.459856541608108e-08,0.22800999987677095,False,False,"[0.5583377705539969, 0.718978700598764, 152.61834463856934, -13.644281464504607, 181.51444939387235, 0.5024852523781459, 0.8916774013753048, 84.44872777273615, 9.417708946255244, 310.475030402686]"
0.003417871671381406,11.215795370742118,1.5056547869920599e-16,0.3400199400434074,False,False,"[0.5202509734483898, 0.7103438852828459, 153.6267143327961, -0.2894905442027067, 183.02371548971928, 0.6130042678873736, 0.8807277461265741, 83.10822689996579, -4.145395527328679, 314.27153627661454]"
0.003400782313024499,11.279571126546376,8.990400585526163e-25,0.5707772577991373,False,False,"[0.45066949020976327, 0.6858747032852347, 154.73418071865703, -6.757002762573395, 184.28168334228292, 0.6098531815163113, 0.8477644791984041, 82.86790549332602, 1.1003586788501405, 310.6100166645533]"
0.003383778401459376,11.159119654037886,1.9606973387630207e-09,0.9197432365890303,False,False,"[0.6004443156139471, 0.6899702343521602, 158.83502433412335, -1.8407180862104475, 183.61756121609272, 0.5453158263126778, 0.910941414195077, 83.67583448127294, -2.3012381385162666, 310.6549819706027]"
0.0033668595094520793,11.1254045517363,3.959110811729383e-05,0.6405463730901471,False,False,"[0.4578504386501716, 0.7360521956179715, 153.1291861013539, -12.712578141578192, 184.10455449726092, 0.46899589288589755, 0.9006974161468352, 82.31594650234483, 1.2262519491064463, 316.27803057417447]"
0.0033500252119048187,11.207999428254304,7.3780899159208375e-16,0.02078539153405623,False,False,"[0.5978193178649654, 0.6848726703221071, 160.24080119544018, -7.836523354845536, 179.8291031925131, 0.48166773885706005, 0.865364770408944, 84.29598406411877, 5.6200625374118225, 311.01605974481936]"
0.0033332750858452945,11.183591290018246,9.37680655442926e-13,0.0627311089138678,False,False,"[0.5994340532821903, 0.7218508783308771, 152.97655520759218, -9.98370528888471, 177.29627311597693, 0.4927262076153978, 0.890480223989121, 84.84391818995678, -1.3707451942866697, 309.7847210658684]"
0.003316608710416068,11.208951596995117,3.8976137443156754e-16,0.5707677319094437,False,False,"[0.49451094490462283, 0.7013582097476694, 155.8972266500446, -2.0671544754918063, 183.2131187551275, 0.5916532323866768, 0.8647657338961864, 87.29159623371493, 8.062218782592579, 312.5219414020551]"
0.0033000256668639875,11.201292826431704,3.3211279157646795e-15,0.4563434583072167,False,False,"[0.5114442345061958, 0.7364667164199301, 158.9953070862995, -5.881033381531479, 180.69019298223844, 0.6044259895756461, 0.8789900713824604, 85.29612406185669, -2.6866752196004686, 315.2304725932079]"
0.0032835255385296677,11.17441511100851,1.0080936919380713e-11,0.28930553612858867,False,False,"[0.5981460040179415, 0.6925182092713599, 154.34770328371718, -13.236564995345725, 179.64550284331077, 0.47033075028101795, 0.9038196514580317, 88.66401339528575, 5.899227364043943, 315.47377087471557]"
0.0032671079108370195,11.190520318577647,6.41782064277014e-14,0.7149011946724886,False,False,"[0.552273863316531, 0.7053813669249708, 159.6439835025075, -3.6711782785500535, 178.44559209857795, 0.4653914555971812, 0.8538369545012523, 88.95076285137425, 0.14855150544079798, 309.55151616022397]"
0.003250772371282834,11.187940945200634,1.2181209585277386e-13,0.27966616331074,False,False,"[0.5919828573484828, 0.683760957649809, 156.05068102538976, -1.5321321125197471, 176.97970101807607, 0.49229171835730295, 0.8831000653620565, 83.74532527882788, 1.871155379566499, 314.2067367434207]"
0.00323451850942642,11.11291370997198,0.001243372030985382,0.7665329375203253,False,False,"[0.5479739546889887, 0.7514272338228231, 156.04733025713838, -3.5481201930352775, 180.24750660304585, 0.5216506202994456, 0.9067861739057059, 83.80664836775657, 9.003759330450052, 311.04847044915135]"
0.003218345916879288,11.165389329327063,9.971570413131857e-11,0.3298240197202976,False,False,"[0.5619609979070016, 0.7027648466278064, 153.70322581270904, -4.876020294393298, 176.90565606286177, 0.5681961999290543, 0.8618409028974694, 83.97119222158007, 6.052042189330701, 313.18882544470335]"
0.0032022541872948913,11.171017643212654,1.531742559940686e-11,0.6247996284968272,False,False,"[0.4665523979435733, 0.7482495636584913, 157.0548419050985, -8.025049674874246, 180.33505194535996, 0.5681842752556968, 0.9002666825639887, 84.71546038697761, 0.010810311934417172, 311.53983560972523]"
0.003186242916358417,11.137681224137333,4.7281805455961815e-07,0.8735689077556446,False,False,"[0.491576942959568, 0.6979578355345536, 158.13513830856564, 0.7328241721233368, 179.8856009154293, 0.4919583827873838, 0.9028035329904334, 82.14003785500239, 8.45692595569762, 312.78815253883863]"
0.0031703117017766245,11.107062765810433,0.0068749295115458405,0.01395025731390831,False,False,"[0.522878018753189, 0.7272619001643608, 160.51411854539273, -10.570872379711105, 177.37761412967984, 0.5181459443565989, 0.9175083597700066, 88.84420916022104, -3.7776987450718167, 311.3215962258086]"
0.0031544601432677414,11.139212021761736,2.513094499068112e-07,0.44076089531901286,False,False,"[0.5459708195049078, 0.7241124682246005, 157.25485456774828, -4.053854803460718, 184.1698756191831, 0.5680841195115438, 0.8860365379596309, 88.20105203710652, -5.275787842887723, 315.787632758338]"
0.0031386878425514026,11.159929896997241,3.164824487140898e-10,0.635719128380412,False,False,"[0.449120996865936, 0.6863119865129804, 160.45330223758876, -0.44428300187627734, 181.3210837928054, 0.5618093068734249, 0.9179496367910166, 87.52894032504601, 0.3162086014141021, 316.5424790566119]"
0.0031229944033386455,11.138717192322567,2.5265349395330535e-07,0.38144774199039544,False,False,"[0.5540638626808252, 0.765020212844052, 159.57351295779057, -7.782566597695185, 180.92362097713206, 0.6039314932725204, 0.9218643994203541, 87.08780143608344, 8.060274998809618, 316.1911461139406]"
0.003107379431321952,11.16765360435484,2.1142327894017898e-11,0.06183418611927416,False,False,"[0.5313522105528022, 0.6870227087547092, 159.90781350172506, -4.0608842965270675, 177.8573048330015, 0.5574461096407279, 0.8447811578233188, 86.78553698229706, 6.109232512790436, 311.79056720384443]"
0.003091842534165342,11.13893846437777,2.018234085876296e-07,0.1693484877612198,False,False,"[0.5361517737665168, 0.7460604303475252, 154.20315120111488, -12.254910864054308, 182.25183226474059, 0.5833101659937665, 0.9047232643236207, 86.7612353285687, 3.399911665214855, 314.83049894803804]"
0.0030763833214945153,11.176972717416353,7.980218250578562e-13,0.489029429925817,False,False,"[0.5938502328429935, 0.7051109203813483, 158.51756530273772, -10.616257810694112, 180.55425311263787, 0.4818330435987638, 0.8946340058153711, 84.87798627297123, -3.123494156946416, 315.9756203015813]"
0.0030610014048870426,11.176324927331152,8.572929386811389e-13,0.32380396130362243,False,False,"[0.5952306732088372, 0.7066905710300551, 156.71203967553768, 1.87305518296737, 176.64213606982605, 0.5185800323801372, 0.8780370796495285, 86.79588097219776, -5.065111373589428, 312.38387653798225]"
0.0030456963978626075,11.145642582147543,1.7683746026130976e-08,0.5502667826998348,False,False,"[0.5060158805579974, 0.6872711004887494, 158.0136932675297, -7.479558756136312, 178.65538288590713, 0.5116486215529602, 0.8886934119774859, 86.36533029395814, -0.15081383318055153, 313.8903528419845]"
0.0030304679158732945,11.146652924102955,1.1583128524933272e-08,0.6351161202776915,False,False,"[0.6001700977257325, 0.7216091006163381, 158.68170458869113, -11.315711439628705, 178.423329364139, 0.5221130641577896, 0.9122348397541944, 86.86095196807481, -2.0886410710580297, 313.78824505361507]"
0.003015315576293928,11.134573333560162,5.804480256391176e-07,0.8885232017183843,False,False,"[0.4883904668154806, 0.7750007402857391, 159.85688752063524, -4.599642735228631, 182.9201046239401, 0.5752075139525867, 0.9186393087056628, 87.55737427144128, 4.765482739058305, 310.94608409480537]"
0.0030002389984124583,11.142472792893727,3.8810808992971e-08,0.6520711205702097,False,False,"[0.5304225641382242, 0.7257610198369536, 155.082142891357, -13.286217032451143, 176.646800139618, 0.5637922334217694, 0.895608443097435, 83.46123025468002, -0.1285975318790804, 310.5272410736413]"
0.002985237803420396,11.1421515241055,3.966885448759199e-08,0.18204548645380447,False,False,"[0.5178479332301879, 0.7138494579874453, 157.49783334638528, -4.297224906712643, 178.44574200218966, 0.5405063031582187, 0.8789335722434187, 84.93875762856645, 6.861527468687671, 310.4479816509512]"
0.002970311614403294,11.131729902787864,1.2162406362192336e-06,0.2524345638261948,False,False,"[0.4805152120090493, 0.7015559923972461, 157.98659784526617, -1.200319758240754, 178.01487768232752, 0.46118556609210126, 0.9130120848201736, 86.48984637819028, -2.546512956117434, 312.0887328145529]"
0.0029554600563312778,11.135260696294896,3.439206686816263e-07,0.06932963755633825,False,False,"[0.5027090742014237, 0.7098043375571084, 156.28246898587682, -0.38599603740816946, 178.34985387428068, 0.5012511093170621, 0.8836652885844953, 85.57371402785338, 3.9908413963651466, 312.06864160490346]"
0.0029406827560496214,11.180727369429952,6.155118591970825e-14,0.20569967393970867,False,False,"[0.5479745857541228, 0.7236872437697106, 153.73951689834286, -3.7872847292611596, 183.4104489365612, 0.6074643555207715, 0.8753408039000858, 89.14965440233671, 5.877239891769202, 313.41053787160297]"
0.0029259793422693734,11.140590352071353,4.7892748083585956e-08,0.5899179046403774,False,False,"[0.45951027873528366, 0.6959376251723505, 155.00989203452843, -2.5744798887282734, 179.23857969363735, 0.48386696705608656, 0.9058355383451586, 84.22755035252315, 3.2404832293104278, 314.8213840228394]"
0.0029113494455580264,11.180164697372646,5.4962536337159496e-14,0.08207964489729291,False,False,"[0.5860823946207929, 0.6922345905006224, 153.0575499808658, -3.7425534768697286, 179.5506124399912, 0.550211582230547, 0.8482684160397516, 85.75489986399573, 2.33057691874769, 316.40076962886485]"
0.002896792698330236,11.195213178463963,2.6141326462411685e-16,0.608074221437563,False,False,"[0.4601902831661645, 0.699406458098065, 159.33685131643247, 0.7330978822951302, 183.249054030158, 0.5486950909076405, 0.8543372805722271, 87.17858722750059, 8.104849064915168, 312.7830585502396]"
0.002882308734838585,11.148577716720098,2.322005346156568e-09,0.7666367936879088,False,False,"[0.4528376335924987, 0.7114554013294627, 159.03558057881287, 1.6810579599529607, 183.61870734087967, 0.5331385426303203, 0.9021167597813433, 88.08511849028127, 8.34155593544583, 309.73677922042384]"
0.002867897191164392,11.166033356895587,4.7765505408071e-12,0.43984254404393786,False,False,"[0.44642674160269735, 0.7125386977005308, 152.99640129616392, -3.269566574754638, 180.3326579936917, 0.5210173797168843, 0.8819784528747318, 85.63929912413927, 2.4626998030236624, 311.32154694186886]"
0.00285355770520857,11.216317325293222,9.317622150868506e-20,0.5311152633684293,False,False,"[0.551481452264571, 0.6953146552076901, 156.44295126406072, -8.26100439172342, 181.99382922370083, 0.6172708903846175, 0.8653709429204266, 82.8889649632804, 3.7493268943713556, 311.1583973458518]"
0.0028392899166825272,11.153512900305465,3.021100899035699e-10,0.998753365182938,False,False,"[0.5948552987430525, 0.7027132943870977, 160.03929488183613, -4.318592637958458, 184.26169330391247, 0.4995237943702411, 0.9083905863163444, 88.19174335379218, -5.175962276808148, 312.4960862375923]"
0.0028250934670991145,11.131425346936801,6.72652322281331e-07,0.17928744669622232,False,False,"[0.5296465720107573, 0.7275366214754873, 155.28446728543548, -4.913988379189421, 181.41374756365457, 0.4963144315164405, 0.8953838390145181, 82.2823518505252, -0.2542267032994676, 314.85746540058864]"
0.002810967999763619,11.151943074422022,4.2343442458096857e-10,0.19299198943722073,False,False,"[0.453001078357006, 0.7094184300264781, 152.7523613306278, -10.611634831392903, 179.02502937197923, 0.4991848304464859, 0.8909121360182333, 82.13717964528122, 1.5206200804966716, 312.54547865735657]"
0.0027969131597648006,11.135169215618266,1.5285098687865965e-07,0.8078641008679794,False,False,"[0.4931417005114, 0.758809888824786, 159.235436266762, 2.0070573749881486, 178.57364553570736, 0.5746269202768575, 0.9122715641689303, 89.38027990464495, -4.207049108986665, 311.2577721539585]"
0.0027829285939659767,11.104570842859038,0.008415841332158154,0.9750922088664136,False,False,"[0.4845495887248794, 0.7563537260666804, 152.55827876337048, 1.6681051736406225, 180.59329692605755, 0.523210656350148, 0.9209158355086641, 82.86937723212961, 2.4324991228695936, 317.07768505587217]"
0.0027690139509961467,11.160536743659193,1.370666636576857e-11,0.3644138070152094,False,False,"[0.591372705569133, 0.7061630910883642, 156.52399611073628, -11.435091002524967, 179.49310396292438, 0.4660150267619163, 0.9205053404064177, 82.6803444349822, 4.452785062961954, 310.9839372441534]"
0.002755168881241166,11.15363619871981,1.4793450178294615e-10,0.6164363638305461,False,False,"[0.6019151149529076, 0.7340006644919225, 159.91693567906958, 0.5872859149461735, 178.99768825461464, 0.5220954917515908, 0.9044673811960355, 87.67830233819636, 3.6158465014188987, 311.53427512218366]"
0.0027413930368349604,11.13369903609873,1.9016909346138693e-07,0.35948658572322056,False,False,"[0.4772456725254821, 0.7074886160849504, 156.55465081631954, -10.086830515585222, 182.1362231769906, 0.5309420657154267, 0.9110155595494862, 89.31306156580717, 6.4612466491299045, 314.70478789503386]"
0.0027276860716507856,11.130736892032736,5.211839012976669e-07,0.8200301073777886,False,False,"[0.4551511910823146, 0.7296114523598101, 154.755613191735, 0.624411023567653, 177.4213780120236, 0.5191622688810975, 0.9131428905781631, 85.02669441380276, -1.5148178039017495, 311.96397740996713]"
0.0027140476412925315,11.173504855116747,6.947132476572803e-14,0.931796992598347,False,False,"[0.5039734285732956, 0.7362952361806743, 160.0545680785553, -0.3959851747972003, 180.97728698835172, 0.6024253101151036, 0.9184688168567092, 84.37005662498828, 0.3547233131744285, 315.9234419569158]"
0.0027004774030860686,11.188887851698668,2.0034078899741173e-16,0.4891256535830012,False,False,"[0.5947709147972396, 0.6912545373528485, 156.95898468062555, -4.123940342629231, 181.02643233992248, 0.4620967059358737, 0.8896654981312457, 88.77523795950496, 0.6471341151044072, 309.9526618450856]"
0.002686975016070638,11.191900060462048,5.4453016419988255e-17,0.856491948161432,False,False,"[0.5430006695139139, 0.687147282404299, 152.62564897562746, -3.7906601297312363, 179.90552096991365, 0.5878372725023371, 0.8606937055633856, 84.41012332149835, 5.399145777460639, 317.33774702430014]"
0.002673540140990285,11.173443391609663,4.4918640295957405e-14,0.3779972485372022,False,False,"[0.5508458461960649, 0.7373021514494621, 154.25652247318692, -6.903764478190704, 179.77521609754285, 0.6110410437222427, 0.9026457353835305, 86.24417257595864, 3.319967165395255, 312.7124041510651]"
0.0026601724402853335,11.157640517502246,1.4631851484411127e-11,0.6689169637343126,False,False,"[0.5232690750736195, 0.756099795664899, 158.10355290309337, 1.7831571697601944, 179.15855347901802, 0.6016032048077146, 0.9113687295533374, 85.95538388320612, -3.6748109697669324, 315.90553302748475]"
0.002646871578083907,11.135290788447717,5.99738011417246e-08,0.7520218767327504,False,False,"[0.568528133142091, 0.7242302898586825, 159.92629742520495, -0.9285373290920695, 182.76977532890336, 0.5502101381030203, 0.9089282202775972, 82.83808151391891, 1.809872222883845, 313.1085922765035]"
0.0026336372201934874,11.138615454920679,1.561071150375278e-08,0.9600414982505026,False,False,"[0.46953855298269, 0.7173758092538927, 154.93566679201385, -8.157635711803508, 183.43296520605674, 0.5120734624691902, 0.8876174844217255, 87.98492311335912, -4.091918563456108, 315.03847304008275]"
0.00262046903409252,11.17224792733185,3.803914654465852e-14,0.42974753159482026,False,False,"[0.5971917226937804, 0.6853946492768757, 157.53189801503737, -9.045563300889121, 178.17158701767943, 0.5940594828865935, 0.918293363675462, 88.03705869512746, -3.536602313003982, 316.2164090557506]"
0.0026073666889220573,11.142229555930065,3.256768721251961e-09,0.9097779682096215,False,False,"[0.5324073497710687, 0.7092457730866719, 155.58467174446378, -10.420207986271587, 177.04801831171682, 0.5008420581348914, 0.8880721412292388, 84.02692186628731, 4.2630364275159405, 311.2364483054156]"
0.002594329855477447,11.196343216360429,2.5788995299220843e-18,0.05669927827015264,False,False,"[0.5991253866802785, 0.7664221137675737, 156.43031925654748, 0.8676970079630575, 184.2309646363483, 0.4743911333219221, 0.9025639928756526, 82.28797780683277, -1.9343139092578934, 317.15253186794627]"
0.00258135820620006,11.126667360980765,1.1104487323683413e-06,0.8958726530732208,False,False,"[0.5543893426117995, 0.7303419856907296, 157.6283473132664, -3.6497289019214083, 181.93969742743417, 0.4983491570997465, 0.9129744496332147, 85.2282898535458, 1.6548359132697605, 315.2034967034367]"
0.0025684514151690595,11.157076023202483,7.478844713570352e-12,0.04477496338676212,False,False,"[0.5776209145307675, 0.7198105826595915, 154.18410728506112, 1.6597281242871649, 179.74357275219225, 0.4940858951933057, 0.9000411128690176, 85.98440000325223, 3.987776897136298, 309.9373382148898]"
0.0025556091580932142,11.146685557545048,3.8340391162620786e-10,0.6214975852956127,False,False,"[0.49939278506363416, 0.6990039554018093, 159.580979319489, -7.473025248997791, 179.96483393027208, 0.5604551955540488, 0.9194698341119544, 82.77088751047874, 0.6249410013326493, 313.2108828444405]"
0.002542831112302748,11.165627835568468,2.0005716774134085e-13,0.7197994444487585,False,False,"[0.5946256327681029, 0.7002600776508897, 153.65071192221697, -11.282154269873269, 178.79275086682972, 0.4787272168091835, 0.9126287999404932, 84.1750343959838, 2.50731831247799, 312.1003539615422]"
0.002530116956741234,11.133013808984648,6.847582529253206e-08,0.24873161764267915,False,False,"[0.4821190294723111, 0.7036601912346843, 158.3538185558334, -5.770774564269992, 179.34373794009701, 0.46585194194100377, 0.9123951389446039, 83.43674995131227, -3.264404307524444, 311.3747721339431]"
0.002517466371957528,11.176920108440266,1.6793775443437659e-15,0.2721949395193993,False,False,"[0.48149625641354504, 0.7100286397754177, 153.9596415048528, -5.453173390860115, 182.19674420957406, 0.587655201905039, 0.9174072016990555, 85.06790735935908, 7.590623038606555, 312.21585182907324]"
0.0025048790400977405,11.099307810213105,0.04048352466880406,0.3899519456961723,False,False,"[0.5096281292238052, 0.7530501461296975, 155.37730175159598, -3.3844888808460425, 184.0796879373822, 0.5010414322229328, 0.9164342340579648, 81.87614983457587, 4.21213535676508, 312.3221972043972]"
0.002492354644897252,11.172556166642746,6.866004536129907e-15,0.17582825094312526,False,False,"[0.5406097454154066, 0.6893173103836865, 159.38770228332578, -1.197231675107636, 183.55813199830172, 0.4923781493086998, 0.8567955467417838, 82.45382551777612, 4.3763956603232685, 310.9787951268971]"
0.0024798928716727657,11.15355229509634,1.2405366489981424e-11,0.07892177093174157,False,False,"[0.4713350781123233, 0.7196712261611892, 158.14858173638603, -2.4869798450842264, 178.07212139184057, 0.5239157451464144, 0.8757156981423811, 82.53950613252097, -4.851012403121677, 311.37861065431963]"
0.0024674934073144017,11.132988138285047,4.552244486922989e-08,0.1406040249001378,False,False,"[0.5016865188797028, 0.7179942405859763, 153.31017833080583, -5.862871796452664, 179.92367292067962, 0.4617584548319579, 0.9017417215661977, 87.11864412779718, 10.139501701988982, 314.9027846469448]"
0.0024551559402778297,11.141690340110152,1.207793966273489e-09,0.6609932139103378,False,False,"[0.5820151720430301, 0.7399839947992272, 157.68259447995527, -9.145100860312455, 183.52935024350145, 0.5803400953232846, 0.9022191900331356, 85.75946346404616, 9.321465041447578, 316.1465022620589]"
0.0024428801605764403,11.107594900100453,0.0012550342100097374,0.15645578467259935,False,False,"[0.4895299921178287, 0.7354003074008086, 160.4705651819717, -13.91603691155884, 177.19317418124868, 0.5275702588228286, 0.9209913434229375, 89.52564241582334, 7.8958512330254855, 316.4115665515051]"
0.002430665759773558,11.143942168005207,3.888646568553769e-10,0.5972716017593942,False,False,"[0.48340624282801725, 0.7051762890195327, 153.99065787178978, -1.9880907983587122, 184.1083650589718, 0.4711279182857897, 0.8697472946951539, 87.57036369199056, 6.454330779831798, 313.964637820911]"
0.0024185124309746902,11.227065397004884,4.1304467042694256e-25,0.03874824860642179,False,False,"[0.45459609038284593, 0.7320922570121123, 155.36119076068775, -8.806835754453594, 182.50319509158845, 0.5771348980769565, 0.8674396759978794, 87.78983574299532, 1.2693742495331275, 312.43255592184914]"
0.002406419868819817,11.167772932748996,1.5637586599912988e-14,0.029373432859535864,False,False,"[0.5346703654341657, 0.6962184480157445, 153.8965953445635, -5.704519306635353, 177.3592589829605, 0.5781589144678433, 0.8968319405833057, 85.83980762120923, 6.6177806893369056, 310.60441746444735]"
0.0023943877694757175,11.13102145715101,6.177075560736887e-08,0.20397697345200683,False,False,"[0.44522899485082335, 0.7417779855515715, 155.7768729700566, -11.318328505497737, 178.5967425053478, 0.5150137475511026, 0.9124968403289175, 86.44798303382377, 9.963873812394537, 312.33425845742505]"
0.002382415830628339,11.111571556873432,0.0001995767078658355,0.5319249068924174,False,False,"[0.4966993166595492, 0.7402758067016445, 157.14883617982227, -1.0721463722004767, 177.11802046838957, 0.5209341002783469, 0.9131514669204489, 81.9455677452954, 2.10333960934995, 311.3193272775604]"
0.002370503751475197,11.16019896011938,2.3583264983026746e-13,0.2387510288898027,False,False,"[0.5800434089017139, 0.7379085552849566, 159.4828402458442, -11.118177436666327, 177.88571285478662, 0.6117017577065412, 0.8982294556646382, 88.90177781445894, 3.386727687198814, 313.62715633261604]"
0.002358651232717821,11.170336934985222,2.7698830278738134e-15,0.37390293508752703,False,False,"[0.5550709452989727, 0.6876318363034897, 158.15088839032245, -9.550048777048689, 181.40221769299328, 0.5075577041644627, 0.8563273712750125, 86.02333359467599, 1.72749752196167, 312.72107417646225]"
0.002346857976554232,11.149039553518826,2.0439240752185064e-11,0.7530273138523814,False,False,"[0.4956214714071246, 0.6897469071588395, 159.42992510510993, -13.261649107222782, 180.11463501639628, 0.5167470841116941, 0.86964230685762, 89.49261675602165, -3.489946461374325, 310.0886585081662]"
0.0023351236866714607,11.182580633693146,1.0439048970662417e-17,0.6134590803231172,False,False,"[0.6008084098821861, 0.6947722909470737, 157.10862548630863, -7.7776255764351365, 182.6691481475549, 0.5680586949194806, 0.8756356405151817, 82.29515072014806, 3.462843163414558, 312.8094479451587]"
0.002323448068238103,11.124036859966258,7.520004662857493e-07,0.669021142818263,False,False,"[0.5339402005706935, 0.7272129786226855, 155.69638634702522, -9.698049782514824, 180.11273766978644, 0.5497734940269027, 0.9178485834400063, 83.72402455932952, 3.150859126607548, 316.8657776965327]"
0.002311830827896913,11.135727061315446,4.460204192580588e-09,0.5981458666174823,False,False,"[0.51188362563884, 0.7168527722936704, 154.3285423151314, -0.4557766315612959, 180.47755391111528, 0.4586670213628501, 0.9091018848280451, 85.23845858150756, 4.727019696558235, 310.2277653331208]"
0.0023002716737574283,11.108955060779909,0.00045917953851319876,0.9329684199450359,False,False,"[0.5240531484447042, 0.7359439366089428, 158.00232061431637, -11.458277814186067, 181.39758804677493, 0.5311769508469052, 0.9226360376853119, 84.13247943881957, 7.236912588678026, 316.98779791967786]"
0.0022887703153886413,11.215138697040011,3.1394169326095257e-24,0.40957056382854873,False,False,"[0.5992165331381054, 0.7170558470018713, 156.0654106698322, -1.6957390280308875, 183.5752396522314, 0.4624596309577241, 0.8758702937191496, 85.47747478315408, -2.4772865566087496, 311.67643991398734]"
0.002277326463811698,11.159021152725595,1.2038255604839348e-13,0.6466767151528899,False,False,"[0.5574877757926703, 0.6848545108611914, 155.18104938096616, -8.677124788762129, 176.92225987614373, 0.5324361842640016, 0.8934706130849015, 83.59380783313776, 7.82157868982609, 315.44260845604373]"
0.0022659398314926393,11.17120726782353,4.786598464918437e-16,0.7665487180410626,False,False,"[0.45179865203264746, 0.685105589645012, 153.14533989593423, -4.2205173759273436, 178.16804118571514, 0.49491089153350465, 0.8572832342690417, 86.45898512108302, -4.310103874422214, 315.2562956738186]"
0.002254610132335176,11.113627610247995,4.946852808225328e-05,0.05897757820194938,False,False,"[0.5040479782782176, 0.7540051970175389, 153.81010027329685, 1.2316179210358875, 179.63191942920292, 0.4667260637748126, 0.908397630602357, 81.9746497599374, -3.503837313990738, 314.9856223004796]"
0.0022433370816735,11.133077296173678,8.079199057619826e-09,0.41791817699010625,False,False,"[0.5156075130781357, 0.7154141557925118, 159.162620924432, -10.891809091261118, 180.86949387431167, 0.536838853332365, 0.9042834954502027, 82.24177062066029, 0.7379058958496589, 315.2564127885214]"
0.002232120396265133,11.128462874966226,5.814478471779641e-08,0.3884598701485723,False,False,"[0.5370524158489582, 0.7255136769879512, 152.62066505016415, 1.439639770339344, 181.2763816902333, 0.5416428169582777, 0.8983714689393002, 86.2701716728592, -0.060667867156851685, 313.3302712441096]"
0.0022209597942838073,11.124058328121064,3.885370937850639e-07,0.05998397962222457,False,False,"[0.496639315513022, 0.7125126545120228, 153.66296916648648, -4.921962049561101, 178.9172527190653, 0.4989497786930923, 0.9062666939239747, 87.86307032551427, 2.9440220637261394, 315.4388601227759]"
0.0022098549953123883,11.15149855158069,1.4604771916034355e-12,0.35994253913845187,False,False,"[0.5124881966530103, 0.6914444548593899, 154.5589017733332, -4.621176701316015, 179.65516582809056, 0.4721099960290735, 0.8910874427236224, 85.7055597856217, 1.0243242438845481, 313.4939899801729]"
0.0021988057203358264,11.149036124542125,3.9028621269182094e-12,0.4792805738014152,False,False,"[0.5839051518222287, 0.7345481536201552, 153.02178315056304, -12.417844838031678, 184.17825096508344, 0.5415751305384815, 0.8935968406448008, 82.62656329948878, 2.4865376366874976, 309.9674208617621]"
0.0021878116917341474,11.138835521028145,3.6219120599099924e-10,0.6904692464179333,False,False,"[0.48489740136455045, 0.6929421313833402, 158.674847344639, -5.149939095826822, 177.40595674786996, 0.5164467422783885, 0.9107348985742784, 81.78562717201326, -2.0568056074499843, 314.03783239747935]"
0.0021768726332754766,11.121064258676697,1.140067914742092e-06,0.9848083872851625,False,False,"[0.48325596790206143, 0.7518621839438289, 155.85965804955163, 0.6138671488432763, 184.23514551790095, 0.5412476341494373, 0.9149755062308293, 81.91051772873963, -4.496053867405232, 311.6227250864505]"
0.0021659882701090994,11.142368226042535,5.694879413025481e-11,0.29894645516915774,False,False,"[0.5354989688279557, 0.688413140996863, 155.7447823818092, -9.760514195928106, 179.04357211936934, 0.5495937416415168, 0.9164717293889563, 85.1090971104625, -1.1377033134854333, 312.67417278612993]"
0.0021551583287585537,11.171532273644996,6.714936850122472e-17,0.8961637869450173,False,False,"[0.5804361101312501, 0.6871985546129592, 160.33164361163975, 1.4892611538965799, 179.97909535417287, 0.5878843748515871, 0.914893037862686, 85.56608944706662, 8.976291079742461, 315.9258368354827]"
0.002144382537114761,11.11672094733104,7.022985520433081e-06,0.8013043907327284,False,False,"[0.5200336854753551, 0.7521334749095934, 153.08694982506248, 0.8086601401250455, 177.44721586326597, 0.5586217295483143, 0.9183967687439254, 82.79387721764672, 1.87592360911278, 311.8899554601234]"
0.002133660624429187,11.118482680907071,2.8975707600484264e-06,0.00690757441126244,False,False,"[0.5415087918937217, 0.7570424345937329, 154.64188409952376, -11.089492630100402, 179.74057895109308, 0.4743792901171227, 0.9195919702775642, 83.74166213096431, 8.586217782004166, 310.38695185071487]"
0.002122992321307041,11.175323845357902,6.402804505158664e-18,0.13500306372686866,False,False,"[0.45057540178729716, 0.685894944197759, 158.4605091574327, -6.4008445433860555, 180.4899897610252, 0.5770534781748252, 0.9179963413053845, 86.84321024108655, 5.168516460646247, 310.38344511379654]"
0.002112377359700506,11.175973341880663,3.8586623290385514e-18,0.5302319030883978,False,False,"[0.5424049241744934, 0.7052564278321597, 153.11712596699553, -2.1492487661312243, 176.5854923080591, 0.5849391272662889, 0.8617758000155484, 85.01656356339916, -1.2387286737206757, 313.4453395801454]"
0.0021018154729020035,11.168923030229282,9.030776367659213e-17,0.13553866499479394,False,False,"[0.582483917601799, 0.7423424344818285, 156.8139856053604, -2.99713694488738, 176.57726496851234, 0.6105519209633885, 0.9152281864680212, 82.23929741272514, 5.094928302256664, 316.55144003220295]"
0.0020913063955374936,11.203746211026566,4.400369511120223e-24,0.8799550415701021,False,False,"[0.45434837991155663, 0.7228078667840625, 158.13323734991988, -13.784025761746259, 183.04431689640623, 0.5862817573535672, 0.9001978204791098, 82.67776401394056, 5.593158315398071, 310.0084124556729]"
0.002080849863559806,11.164473669423383,5.280775386102275e-16,0.23568044469274874,False,False,"[0.47323072290977675, 0.7071660920867902, 159.50040426193425, -8.781629403146997, 184.1529555046012, 0.5714180621130021, 0.9162931898624708, 81.81668978069952, -3.65813713692652, 316.33501817492044]"
0.0020704456142420073,11.133672082379539,1.2788972343814587e-09,0.8413212347737854,False,False,"[0.5370556810071734, 0.7000014377333139, 157.35593848746475, -12.437988992814876, 183.97300191629458, 0.5414413163208149, 0.9116305015446662, 87.20408753291761, -3.2074945061190245, 312.4712462274141]"
0.0020600933861707974,11.148372562146243,9.18531454101744e-13,0.06928310707192442,False,False,"[0.5524864791550793, 0.7131014349896077, 155.14947900441544, -0.6983339110723925, 179.39684410324278, 0.4816206296832557, 0.9049979325134894, 83.04735349684593, -4.041458949553537, 311.10933291410754]"
0.002049792919239943,11.179647155585165,1.889665197222934e-19,0.15503517704933523,False,False,"[0.5550411921588695, 0.6869470459335706, 152.9970752496998, -13.467525865100319, 176.61637418324233, 0.5683334784334122, 0.8485961469336445, 82.6899798524722, 7.35188201158951, 314.0222060017736]"
0.0020395439546437434,11.178156939921891,3.159500874882753e-19,0.26157127371179045,False,False,"[0.588565520796402, 0.7266639453623518, 157.17036813501903, -12.092599038443666, 182.0081265077628, 0.481573735773665, 0.8910075412316572, 85.23605883879969, 5.483944725290536, 316.2947319387888]"
0.0020293462348705245,11.256373572417314,4.6530513468909114e-36,0.06466772541534582,False,False,"[0.4459380088690267, 0.7992818897858266, 157.04790181463784, -6.943282818986903, 176.6626792699535, 0.6122466674321343, 0.9086943530020706, 82.06934220839837, 5.171703518960591, 311.2482431364738]"
0.0020191995036961717,11.219218947176458,3.0303902352458457e-28,0.3310417438322748,False,False,"[0.48094644213628684, 0.6927183848366334, 160.09752891796802, -11.304803662608943, 181.98521614825648, 0.6045008062353668, 0.8909687401823156, 83.9083232160048, 7.130312435262834, 312.4729483993762]"
0.002009103506177691,11.156682979490842,7.264353276602576e-15,0.06003356051219266,False,False,"[0.5257367527274202, 0.6891023574394234, 158.21498331759116, -4.205461453624444, 184.36186996615848, 0.5421789085597256, 0.8683811359643078, 86.85221253510001, -3.23803562347355, 312.4615049723785]"
0.0019990579886468023,11.136835105161797,1.2649978675803518e-10,0.5996058770392182,False,False,"[0.5047300943914523, 0.722419127911725, 160.3649659247467, -5.961181273226952, 181.8589399556748, 0.546362706110134, 0.8845225161508192, 88.81347842385335, 4.9624836790086935, 310.4691312848584]"
0.0019890626987035683,11.186627878833015,1.5154232876398516e-21,0.14494040693482968,False,False,"[0.603248665823689, 0.691259843389219, 153.52974015589746, 0.4403432450562068, 181.95649033195573, 0.5679227991803193, 0.8509872961834282, 87.01790841525745, -0.35229012800526505, 310.374329871642]"
0.0019791173852100503,11.138609675462313,4.101610200314639e-11,0.4373004282698334,False,False,"[0.478249902898953, 0.7084637379540653, 153.8861312607045, -4.442348835718137, 184.1024434754708, 0.4677074105279319, 0.8903975612046381, 86.18653248028403, 1.3924149957976546, 312.8421834337896]"
0.0019692217982840003,11.140406352225865,1.4605518444693844e-11,0.8636346419374458,False,False,"[0.5515787809851833, 0.7282613318860562, 153.36259530353414, -1.6798079653797249, 182.71692047084863, 0.5124897244511286, 0.8885514390705963, 82.86489278036092, -0.8942285364814495, 313.50015614640887]"
0.0019593756892925802,11.227430178612908,6.62653980260141e-31,0.9607819400572882,False,False,"[0.4664858034722193, 0.7149696814969559, 153.36867051857357, 1.3680557577287633, 179.01775176741805, 0.5892596051784544, 0.8733979069788229, 82.34616376749575, -4.368139216438598, 309.56665766846993]"
0.0019495788108461172,11.15412999326595,9.959129198202167e-15,0.7633123171255658,False,False,"[0.5731114556874339, 0.6896602783717415, 155.44820907302477, -13.413430743775171, 178.12371762502983, 0.5625077154499716, 0.9059986016647363, 88.5090061234491, 1.680208186677648, 312.0364365491023]"
0.0019398309167918866,11.144060617684353,1.5213149619487164e-12,0.25966811297951076,False,False,"[0.5341428573491316, 0.7015600691974627, 155.66461753162355, 0.2505706865372126, 179.43246104130466, 0.49222083618649143, 0.8923331611103, 86.94815814044117, -2.695113062542653, 314.69536381982493]"
0.001930131762207927,11.177080913850578,4.931884128421944e-20,0.43810060536016415,False,False,"[0.5992705521290094, 0.7174409987875161, 155.53542239847292, -5.33906110899869, 180.06505904596332, 0.5083847235297716, 0.8837605503737382, 88.64059443136405, 3.969858801786783, 314.36868182777044]"
0.0019204811033968873,11.151833556174058,2.0201766409501296e-14,0.17574380898023556,False,False,"[0.5591979090651505, 0.7023034335136279, 159.0690274967317, -3.703194525626566, 181.42868196756592, 0.47591419729384427, 0.9107187383176696, 81.87295203119015, 8.104811179270191, 316.46446254183013]"
0.001910878697879903,11.20547903621176,1.1074115325624023e-26,0.44849810913711496,False,False,"[0.4570706271769408, 0.6934283959248486, 155.25465188936448, -2.466702338062797, 176.88538232959715, 0.5973069773779065, 0.8998611589794789, 88.63729216387532, -0.7706928283506276, 316.6713730214364]"
0.0019013243043905035,11.198190423916031,3.7907067958270467e-25,0.2649517371561242,False,False,"[0.5943098556527922, 0.6898493224173835, 157.98075850024483, 1.3187304258986448, 182.859359662656, 0.500524359320962, 0.858986384276184, 88.71779303628473, 9.803713758616752, 312.6454833190119]"
0.001891817682868551,11.20577229592024,5.193621918711399e-27,0.01258619765516078,False,False,"[0.5062994318729124, 0.6948307352897295, 154.57224040932493, -8.794842769717539, 178.40381395875343, 0.6120816525432908, 0.9178080099907602, 82.98143887288201, -1.706642484984508, 316.4269800441426]"
0.0018823585944542083,11.176029455575561,2.789994578587701e-20,0.3562205119285907,False,False,"[0.5053840881519978, 0.7334434674834577, 153.00798132232686, -7.44433168617334, 177.59894106127177, 0.5905878300833968, 0.9027022280176666, 83.33818177191624, 4.286229128926621, 314.6148600621511]"
0.0018729468014819371,11.145789107405037,2.2877079930895113e-13,0.9323398490276543,False,False,"[0.593652784091061, 0.7153963131107898, 158.64051705252479, -2.813861892067596, 178.19983550997645, 0.5642413047100373, 0.9169520362212424, 85.85461834243196, 0.6921707243326622, 317.14680935963725]"
0.0018635820674745274,11.161712091736238,3.84717810000547e-17,0.44145623195879213,False,False,"[0.601851656290339, 0.7393665719617273, 154.87528193534155, -11.284861197095157, 179.2929204717313, 0.4939681492055814, 0.9098981196243412, 85.85012131426944, -2.6945862147568924, 311.8911986860609]"
0.0018542641571371548,11.141196469989453,2.0309527279330277e-12,0.9448866140012642,False,False,"[0.5473237250457218, 0.6861126816132351, 155.51779461295098, -9.552355501490158, 182.9558285286716, 0.5145932316118942, 0.910685593454401, 85.6630501457992, -1.5173829443309028, 311.2682055649918]"
0.0018449928363514691,11.13062698235624,5.456391222590157e-10,0.04802040335265911,False,False,"[0.5005609748645167, 0.708812379991554, 158.23578204388997, -1.265387381344608, 183.22280337342198, 0.5391958215232826, 0.915446268420432, 84.29734753064093, -4.998936350775022, 316.7966107166]"
0.0018357678721697118,11.1994872129588,2.5109299625333445e-26,0.7650090932569882,False,False,"[0.4948533592872623, 0.7178357519598224, 158.07290580221257, -2.035537494125162, 181.11671332757996, 0.594622102760664, 0.8830822782878021, 85.01912576611477, 5.858124548222172, 315.4768063650404]"
0.0018265890328088633,11.187794671098253,1.1252246066531086e-23,0.5194734076842414,False,False,"[0.457128832790432, 0.7149402296352908, 158.99562283673126, -6.126585953490457, 180.5878933245458, 0.5895837756915595, 0.9169076170353148, 82.38734587681972, 0.3532728224574253, 313.06565554479903]"
0.001817456087644819,11.140774215165482,1.4852588178194115e-12,0.46988000737889546,False,False,"[0.48472482026362285, 0.7393112201913203, 156.5463137325263, -7.583552809599315, 181.11454282986307, 0.5408097678128456, 0.8937654491440346, 81.58990104039248, -3.7110381973158972, 309.9242885409371]"
0.0018083688072065948,11.183625843435799,6.625166391805065e-23,0.1066194183657102,False,False,"[0.46067706516458384, 0.7956906435975376, 158.91108853072558, 0.3014664006881347, 182.3898807265077, 0.5929504917036883, 0.9212987397512847, 85.38102168581932, 6.281352012070148, 311.1851255508839]"
0.001799326963170562,11.174397854097185,8.65085041461216e-21,0.6001427330400039,False,False,"[0.5823821122093983, 0.6955127043614893, 156.33504234806378, -12.372649714416667, 181.7777393161388, 0.5271199189156607, 0.8707972350352464, 84.18805401344501, 5.129447825139733, 315.49872939689186]"
0.0017903303283547092,11.186853910474621,6.5264441604673596e-24,0.5298787609355212,False,False,"[0.5672146725077427, 0.6880299921751598, 152.7043139766188, 0.818120168493353, 177.18750603493118, 0.4928341050985515, 0.8613284590017294, 86.06106940539054, 7.108657704327877, 309.77407653933125]"
0.0017813786767129356,11.204655710271439,2.281103707047275e-28,0.27888416923014026,False,False,"[0.6011964396623519, 0.7648081455224949, 157.85689432401006, -12.847796599650362, 180.58985207355082, 0.46118579943395877, 0.9011152002377256, 82.30957513234306, 8.840557073185476, 313.5981864895182]"
0.0017724717833293708,11.1322487107305,9.13156085603181e-11,0.8209547971089037,False,False,"[0.5310323669153889, 0.7404786133959987, 154.40679061787156, -9.062520655206011, 178.40008826200773, 0.46684250232396235, 0.9082011170057401, 83.8087233346852, -0.5230426275441875, 311.8995941082745]"
0.001763609424412724,11.134175919671023,2.725926284689372e-11,0.632615192944666,False,False,"[0.4591143305491194, 0.7476379881923138, 158.91628664319822, 1.3326794748186863, 183.23168112157148, 0.5475669305855081, 0.9199194851415715, 83.91318646751782, -1.6182065653375588, 314.3152497956268]"
0.0017547913772906602,11.145040593254203,4.937657558307704e-14,0.5348418516847714,False,False,"[0.456998454069206, 0.695921798382738, 154.34297466387773, -11.22413648240489, 177.3918689150233, 0.5091613456945397, 0.9017134132607068, 88.35522736233789, 9.684012973726594, 312.2495816531009]"
0.001746017420404207,11.12013324772658,6.636915124663186e-08,0.06172106447237147,False,False,"[0.4527908452133742, 0.7395426391055203, 157.55230823498994, -11.71516849235879, 179.29549431141467, 0.48769521265130394, 0.9026324211178481, 86.7471328412017, 1.173235113360743, 316.53110647009277]"
0.0017372873333021859,11.123295450044296,9.894524950378098e-09,0.630882205031907,False,False,"[0.47069208569185694, 0.714706713229259, 155.84814413365945, -8.352209030648517, 182.3966070200144, 0.46206319171834553, 0.917735990251177, 85.47571924576586, 6.988924981638517, 311.1759991984212]"
0.001728600896635675,11.132196556147939,5.234230249608219e-11,0.21772536554101884,False,False,"[0.5687933812206146, 0.7362428212616192, 159.07749468402287, -11.942302536193777, 181.689530151202, 0.5560770753179386, 0.9027305710896866, 84.21480531830628, 10.317128210423137, 316.5338133490071]"
0.0017199578921524967,11.140608529439714,3.492532839933783e-13,0.5726508223478896,False,False,"[0.6006976930080912, 0.7687590221611569, 158.66469324522527, -0.705363938229441, 181.40570646417564, 0.5313115054769535, 0.9180075298299826, 84.94879155458729, 6.002638927365396, 310.30783412517076]"
0.001711358102691734,11.171009347571466,5.830044713471567e-21,0.13514069958790553,False,False,"[0.5372008861361994, 0.714375381647731, 152.64780769597246, -1.7818409399371706, 181.90300501732307, 0.5896644623569952, 0.902670073264777, 83.72929732121024, 8.778360547586553, 314.9321497402816]"
0.0017028013121782755,11.185792794275647,7.825590338891346e-25,0.4051555810710954,False,False,"[0.46086471958010744, 0.6926000978696535, 155.68206846189287, -0.3479933368591954, 182.54096486446608, 0.593111138199578, 0.9214538937492164, 85.47392380884236, -0.5649809414718554, 312.54212338862]"
0.001694287305617384,11.149814772841532,9.875949935170533e-16,0.9374157581113307,False,False,"[0.531267475473031, 0.6840931962849662, 153.7980206897746, -13.793038336306195, 180.78286724263754, 0.46297549829364915, 0.9135230016350769, 85.16923263047721, 6.217669714132157, 311.24656596611567]"
0.001685815869089297,11.13493218974276,5.664715710887788e-12,0.8796604586698977,False,False,"[0.4862745307374725, 0.7099152627705242, 153.0602550148292, -4.619235169636781, 179.37698596271278, 0.4817559027909619, 0.8949788264565386, 85.12787999038403, -3.39687860687488, 311.44568892024057]"
0.0016773867897438505,11.182264875598099,2.764978305489708e-24,0.5365665239756305,False,False,"[0.5884399044124827, 0.7128899169534315, 153.49486745427745, -5.6762417781919545, 182.54090464170068, 0.5094896797053344, 0.8711382080983202, 86.37104628968858, 3.8783692204353404, 315.3569159374454]"
0.0016689998557951312,11.197117071877427,2.874633075775899e-28,0.8484505426852289,False,False,"[0.4685698413396545, 0.7059361096832332, 158.99912750902104, -10.147779867603214, 181.30929283667518, 0.5752558204446083, 0.8859230138715551, 82.77535591067539, 6.237798122560163, 314.2019758144952]"
0.0016606548565161554,11.160632154404329,7.273098612874183e-19,0.08103167693287261,False,False,"[0.5655139875904209, 0.7140642136676687, 158.9665895259725, -7.651957181628957, 184.0224827018614, 0.5816471543778624, 0.8706605595204143, 84.28002967939764, 1.1791703992412899, 312.2674459201616]"
0.0016523515822335745,11.165442246382618,3.2086011255172973e-20,0.3370757496891702,False,False,"[0.5360551451952981, 0.7448884381614885, 159.65358206673008, -1.5997316840551896, 179.16333464718835, 0.6090828553796327, 0.914017039525566, 85.71707607684904, -1.9646890682644607, 310.98743321753625]"
0.0016440898243224066,11.218766731090476,2.101020984652538e-34,0.06288245397136782,False,False,"[0.5733279502945101, 0.7216414392118491, 157.94196191434662, 0.7316118077755682, 184.02160799302396, 0.4621552506199927, 0.85990186074691, 86.47794469738398, 10.491597980531607, 311.5396664344607]"
0.0016358693752007946,11.18557454848186,9.228598258013005e-26,0.13478281993507113,False,False,"[0.602747007543082, 0.7103230172108503, 160.12601144713145, -4.185802591756618, 179.64278611358748, 0.5223128342747847, 0.865566870623743, 89.49354977879851, 2.7237310685279112, 310.27307905086064]"
0.0016276900283247906,11.201268600201775,4.4864328361036484e-30,0.5244196070116923,False,False,"[0.44681561846470635, 0.6882831945528978, 160.45830768712636, -5.1548575171694235, 182.8038434513916, 0.5952265228713467, 0.9037592985783436, 88.2730942974472, -1.8276968321103197, 312.9282332154409]"
0.0016195515781831666,11.172726117412886,1.4397818882037898e-22,0.18099011518736308,False,False,"[0.4742937552087814, 0.7142934093271939, 154.3325196188782, -0.25678002318039184, 180.9986579942432, 0.5771896649059542, 0.9019484675027402, 87.95891464935016, -4.457526615406639, 312.41367184900224]"
0.0016114538202922507,11.169107488832225,1.056275108276959e-21,0.669791968797218,False,False,"[0.5672678063492941, 0.6889194329411404, 154.3167504121799, -3.300023047655994, 178.3329894179929, 0.5619157464783274, 0.8795999280392627, 85.41534500325223, 10.259177918378887, 312.2722643033594]"
0.0016033965511907894,11.141479426330708,2.5216215982761832e-14,0.26971641511552347,False,False,"[0.5756176428746727, 0.7249467872891328, 152.57911656346693, -13.392468447745527, 180.51355824794217, 0.5157840152684953, 0.9116273404656683, 83.16672098304606, 5.143556235526706, 314.2031159212511]"
0.0015953795684348355,11.147417236584172,5.211406972705796e-16,0.25155714400968976,False,False,"[0.572649332618253, 0.6963233554707223, 158.91781277435803, 0.899225044785732, 181.9873648055599, 0.49025692929198456, 0.9138557746582567, 85.13976051268281, -3.578857425301292, 315.40369121866416]"
0.0015874026705926614,11.204706227032482,9.259119158606539e-32,0.39451057933579126,False,False,"[0.5704877150289842, 0.7002095221107817, 154.1853757304513, 1.3078839663107011, 180.479551934849, 0.46171772662074195, 0.8648892557131372, 86.55438370867718, 1.3791652142110902, 309.70916874769824]"
0.0015794656572396982,11.112070782986734,1.913967469990953e-06,0.2521227119819601,False,False,"[0.5253888679665368, 0.7435105107524067, 155.0405858938238, -2.175434791972359, 178.92042450882295, 0.5255924923582624, 0.9088737127861066, 82.20083978752747, 8.784779912193502, 310.9087307514455]"
0.0015715683289534996,11.218639131459486,6.362221864510955e-36,0.747868114051489,False,False,"[0.4447915010757574, 0.6934784420649205, 152.54638041372965, -10.574027009833452, 181.6578866839876, 0.5748914141207883, 0.8692762950868159, 89.52241081602108, 3.820186516240499, 315.60522626078574]"
0.001563710487308732,11.135262374112866,6.070785821584006e-13,0.9061235696462185,False,False,"[0.5143863001197926, 0.7077638921697362, 156.04398622732492, -1.3652724394347473, 182.5387681159704, 0.5381461237520182, 0.8999269235234579, 88.54650140277883, 10.358427219753708, 312.4123516599078]"
0.0015558919348721883,11.134577372693744,8.185739295505196e-13,0.7757243378505709,False,False,"[0.5034765538529069, 0.6880371384367133, 157.01238668828393, -4.140789277804407, 179.29540267248052, 0.49799285733290666, 0.9166380598031636, 82.43187309483986, 8.213340335035792, 314.3235634358472]"
0.0015481124751978274,11.138607104730376,5.2705058373573005e-14,0.8277611299585903,False,False,"[0.5580852775882849, 0.7514757901878933, 155.95706613350993, -3.236650266585208, 181.66779318204533, 0.47499068635974434, 0.9106386861760987, 85.39016435228771, 6.863959806124555, 315.5499588567839]"
0.0015403719128218383,11.199825345665532,2.4841431484240195e-31,0.9614490158468456,False,False,"[0.4935950564820652, 0.697315466668555, 159.74823673717725, -8.370276198766105, 182.45130474606788, 0.6081581795791129, 0.9206019137879451, 84.34672928228402, 9.744378279798852, 311.08535304130334]"
0.001532670053257729,11.141964167329105,4.333286295771293e-15,0.2885387207300024,False,False,"[0.49988038384613526, 0.7070738001395457, 155.32643509152402, 1.2375451024250559, 182.3475227319763, 0.5265200927711812, 0.896725042814565, 81.67211128242528, -4.965659365645559, 315.2177324004958]"
0.0015250067029914404,11.15488290168722,7.684531291556027e-19,0.9118872457071749,False,False,"[0.5304493743868537, 0.7100335549052188, 155.89399976936252, -4.646794614316459, 180.61127902481616, 0.566583539710631, 0.8813606061158599, 87.37490990069519, 8.46959356738613, 313.2656771116438]"
0.0015173816694764833,11.119477570462617,8.473430090861966e-09,0.9883130541763835,False,False,"[0.5495602864520892, 0.7223167934836231, 156.46387148112296, -12.258505901027185, 182.55938873344587, 0.5235933854555396, 0.9217066407236408, 84.72467164491016, 0.9387333888665435, 313.9287168061453]"
0.0015097947611291008,11.170815188273766,1.318749547016163e-23,0.48636888960801916,False,False,"[0.46120488523887765, 0.687772959975436, 156.1986207179171, -4.980570986211426, 179.31743769627755, 0.5681987990469322, 0.9091338201172725, 87.56262567439079, 0.22922868266189234, 311.0264923770046]"
0.0015022457873234553,11.168297061288715,5.40966998279278e-23,0.07757109252565086,False,False,"[0.5078351369866922, 0.68693160507209, 156.86790462371889, -10.581679671662684, 183.68249091831152, 0.5695252282482094, 0.8930691319418327, 86.91526770232477, -4.098629446029486, 312.5714957398578]"
0.001494734558386838,11.138362728100276,2.0829784057806395e-14,0.18858075918387518,False,False,"[0.47057784942172887, 0.7184471835071126, 158.96331787844298, -5.433804514986045, 177.7140261217713, 0.5006892671478804, 0.8734249618761848, 85.95516935296754, -3.077446720484664, 314.64163064684425]"
0.0014872608855949038,11.135921866913801,9.176760144607955e-14,0.1670481248623502,False,False,"[0.5242419988908018, 0.6937213421510199, 159.87502945078015, -6.967248039551398, 180.22249592258603, 0.5257720291895592, 0.8992811484447272, 89.17930990828252, -0.6598975664268849, 317.1576698665108]"
0.0014798245811669293,11.165074929297207,2.194936208454336e-22,0.9916039763953579,False,False,"[0.5727642230187647, 0.7064598952634592, 153.86226299724544, -1.2915488933266683, 182.3517156847926, 0.592805045643568, 0.9096364700772365, 87.99120580899988, 4.115697020015629, 315.22107959967553]"
0.0014724254582610947,11.152326784822087,9.832693229512942e-19,0.15006343518650156,False,False,"[0.5935526505656766, 0.6999051937400658, 156.4027280782956, -6.432907290342369, 176.63214333552887, 0.5455070042626147, 0.9147170742819158, 83.52612826567906, 0.4877989611065292, 313.65061278403937]"
0.0014650633309697893,11.180925672861212,2.657679534678296e-27,0.9426848120617115,False,False,"[0.4695367900493218, 0.7262236687164203, 154.8273152888244, -3.501841458907551, 178.33603556402747, 0.5526000983979223, 0.8771349125617086, 81.99272320821197, -3.741514267707755, 312.9092167221485]"
0.0014577380143149404,11.183453091314298,3.4512778583855206e-28,0.08824294410417499,False,False,"[0.4487854816833649, 0.7183698389826366, 153.6019116640736, -7.197034569716015, 178.9469149646067, 0.5473434629442004, 0.8850535361728068, 84.15150783408043, -1.2822734410196581, 315.315111326177]"
0.0014504493242433656,11.17269794805114,4.1714959781398745e-25,0.33000507188920114,False,False,"[0.4610768990816662, 0.7134691149901606, 152.64248832053627, -10.735993346989938, 183.19670801130698, 0.573298948003056, 0.9198907214128113, 82.24716713330102, 7.49458590912263, 317.14025036662366]"
0.0014431970776221487,11.172095930072466,4.774667797824223e-25,0.8686478213961326,False,False,"[0.4726785682059093, 0.7447757679042817, 156.67956478624052, -3.4604967599949568, 184.43773144074183, 0.5804809071968348, 0.9086426547278906, 84.12009270760946, 2.794119615581108, 316.8357514051183]"
0.001435981092234038,11.212844527285021,1.709323780799929e-37,0.8326827012628567,False,False,"[0.44617563274197913, 0.7315496160832351, 153.15328284678074, -1.961032042484275, 180.10334946625926, 0.560921784819566, 0.8714640212736467, 86.2729927332711, 0.08916070219928329, 317.0680928787457]"
0.0014288011867728677,11.152214818788512,2.9985011637080827e-19,0.1888033276145249,False,False,"[0.5885923186032903, 0.6892481624043015, 158.15416333973516, -11.406782383032965, 178.22120874932526, 0.5126916012741057, 0.9154394210275635, 82.5002576304871, -4.972070157626531, 316.3070637900947]"
0.0014216571808390035,11.14949990771731,1.6337555079840147e-18,0.03643736869747105,False,False,"[0.5389431745009159, 0.7108435369324618, 160.38864935436965, -10.038288962718994, 177.35175859124402, 0.5732869177758841, 0.9068927784978417, 84.69041035957511, 6.841839170041867, 312.543521548151]"
0.0014145488949348084,11.153442971421509,8.188560616376051e-20,0.6934956411287899,False,False,"[0.454971115469499, 0.6959650012979948, 156.8894628772414, -13.202440625586203, 179.07003262027362, 0.46211557400512193, 0.876302593595225, 85.83204234456504, -2.140908848509735, 312.8622615113864]"
0.0014074761504601343,11.106527851772931,1.9658243905816206e-05,0.3587650644223508,False,False,"[0.4760477392581809, 0.7465911574416886, 155.24599085340947, -10.789846454780184, 182.16683013501483, 0.48403970308007205, 0.9109860478644879, 83.85317614330596, -0.35993483792460346, 314.71814935496184]"
0.0014004387697078337,11.122721276094811,1.77051790152709e-10,0.9302000117354301,False,False,"[0.5334903454365549, 0.7187620096690045, 159.52374062136818, 1.6344846794853591, 178.45755449466887, 0.47718303815014546, 0.9197319379141344, 86.63247496504593, 6.157903634531845, 315.98803241000275]"
0.0013934365758592946,11.157827624159264,1.809036310349861e-21,0.5201046735399785,False,False,"[0.5290221074750718, 0.6914951262068711, 159.8537853594732, -11.342745599799414, 177.69875941533735, 0.4601457422085081, 0.8907673032358812, 87.15001214294693, 6.845070987601105, 309.8220805469299]"
0.0013864693929799981,11.162355863492163,5.4299781641737e-23,0.445886093274228,False,False,"[0.5658971375465364, 0.7161424568492, 153.70612193360807, -8.931135103304877, 182.999074425486, 0.503566385335096, 0.8817756940368418, 82.85310292655578, 4.1817178049397015, 310.5053214473772]"
0.001379537046015098,11.158261203720809,8.165065727616385e-22,0.7878822072027802,False,False,"[0.5588404431561865, 0.7238583136995592, 154.34728421338792, -3.777346613874748, 184.43357262687726, 0.5909309299194191, 0.9197364161987551, 83.61610292669675, 10.042265006508803, 309.85406304957337]"
0.0013726393607850227,11.217006709544574,1.6568384174044363e-40,0.7252236267850607,False,False,"[0.5066719109191025, 0.6842261178558734, 158.33481600170637, -7.623643775546807, 183.43685061368663, 0.5970521682786168, 0.8527624381908111, 86.4921748466327, 2.973862422441387, 309.9265997253344]"
0.0013657761639810976,11.15141431365208,7.52811291835987e-20,0.4380858757686208,False,False,"[0.5342404205479744, 0.7359045767258802, 156.12856130972085, -0.0940516477443385, 177.6783592629678, 0.5912010401857392, 0.9104262144729935, 86.20647122615281, 4.476371654862042, 310.2964042039647]"
0.001358947283161192,11.172879871600756,8.328997759155626e-27,0.5648259802588156,False,False,"[0.5670812605261842, 0.7160190968940221, 160.32732576830333, -4.110644017897702, 182.11319021526515, 0.6115113471377052, 0.9221051442526765, 89.06161325616273, 7.3601899982630385, 314.146412261128]"
0.001352152546745386,11.206698768060292,8.459291607463189e-38,0.6886919965881934,False,False,"[0.5861505616212421, 0.7029743074296957, 153.93010316311324, -12.06561880776347, 181.62656086176074, 0.48993929572184547, 0.8549839955046529, 86.83647587847784, 9.025318868753088, 312.08839590750466]"
0.0013453917840116592,11.157325174587722,4.77429308839041e-22,0.11625656685891939,False,False,"[0.542172878705709, 0.7011638246912347, 157.50128050567065, -1.2033814608560292, 177.10897626909977, 0.4762142216077916, 0.8844183207207724, 87.64009989865725, 9.347017921366497, 317.3281652709213]"
0.001338664825091601,11.230786971767648,5.483099239968067e-46,0.24767379492934738,False,False,"[0.5737429890142329, 0.685217670774714, 153.31951523915887, 1.6569182051557778, 182.47699033661604, 0.4639679197622098, 0.8419072842856294, 84.4487987163375, 5.952688895694694, 316.95225691703547]"
0.001331971500966143,11.175672236392995,3.033594912627344e-28,0.01589022741412527,False,False,"[0.5783959117609537, 0.7191923750240725, 160.47520568610264, -4.181789215642853, 184.17209878624905, 0.46531173586730656, 0.8922386108915835, 86.85545194958127, 5.195780175699859, 317.0446577051421]"
0.0013253116434613123,11.13764472112057,6.382659365196401e-16,0.4206540832674117,False,False,"[0.570076248542269, 0.7181017542576386, 156.89870881120282, -10.8342716619069, 184.30062429807367, 0.5276694610119779, 0.9025169890258423, 86.8294412186838, 0.5754571493566516, 312.57549696100057]"
0.0013186850852440056,11.217512827927674,2.660474840206819e-42,0.7553663555847316,False,False,"[0.471309665496371, 0.7351783015929482, 158.0830773413026, -13.79677622060179, 177.86741983455843, 0.581177975411329, 0.8736239749275294, 83.74906152512155, 5.447531944673585, 313.6959539904925]"
0.0013120916598177855,11.133871734754818,7.956834157215195e-15,0.9691308387490312,False,False,"[0.5041302797869587, 0.7100179406433769, 159.76885886882593, -2.085935149164447, 180.4403550704972, 0.5055727805694251, 0.8928084193539896, 82.60488109365082, -4.647370794555496, 311.85506326762794]"
0.0013055312015186967,11.160604838641355,8.648238339364373e-24,0.2053538417898243,False,False,"[0.49745972805349653, 0.7476220685058994, 158.35245695324622, -3.4273017447505527, 180.50738690002504, 0.5850591177268518, 0.9017588905475591, 88.67285991108382, 7.283696590491337, 315.4524799527252]"
0.0012990035455111033,11.102530811090562,0.00017252857768335953,0.8447641782566222,False,False,"[0.48053178694080767, 0.7679101576764573, 159.02010712763303, -7.969176809377647, 178.5504924477466, 0.537946906222085, 0.922219603838066, 86.98390719673262, 3.820885145937625, 310.89555794672305]"
0.0012925085277835477,11.17512873456906,6.674150952964563e-29,0.9732250126855766,False,False,"[0.5055456598435952, 0.7133997210091039, 156.42846000724, -10.107986257951392, 182.4493592003624, 0.5934198445118468, 0.9076799000884954, 85.82661839554369, -3.465184877393833, 314.77422955782504]"
0.00128604598514463,11.152986828952862,1.4456917195257015e-21,0.5690715511724922,False,False,"[0.536563441171426, 0.7026450865789158, 157.6071449820492, -0.9521474421588731, 180.68871809249072, 0.47539696797775366, 0.8829554044709599, 89.42262043535627, 10.340651309588537, 314.2876356298314]"
0.0012796157552189067,11.135765147455592,7.948689415940859e-16,0.5949394965784781,False,False,"[0.4928022667724657, 0.7214429512193661, 154.68863550429646, 1.6633854144232494, 184.34528757632043, 0.4622075333086414, 0.8780574840270805, 88.9182571878213, -4.673059240976073, 311.1990919494874]"
0.0012732176764428122,11.208454943371315,1.0713517529618422e-40,0.7045766557898661,False,False,"[0.45765037956236765, 0.6878555461421434, 153.10330231107233, -6.961371259930067, 179.0562576692551, 0.5522949456792186, 0.8561541755151676, 84.4406768861989, 4.925218604980101, 315.4449430741076]"
0.001266851588060598,11.09266927721368,0.3326800849203115,0.7479541140963131,False,False,"[0.501964658914723, 0.754193407493889, 160.4360503048734, -10.012486699777961, 183.38087012719637, 0.5083616602525074, 0.9092446761714656, 89.3006179781595, 2.9881037651824034, 313.5477362625527]"
0.001260517330120295,11.167300973072834,6.401277884875429e-27,0.34516921499023634,False,False,"[0.5361957326445687, 0.689364403063177, 154.00092976972542, -2.0359044307870704, 181.05638530621138, 0.5270564342842317, 0.8497728823183794, 81.60608719774041, 7.3535590481007596, 315.1721216021656]"
0.0012542147434696936,11.157939660625281,8.244478697172937e-24,0.515907250254525,False,False,"[0.5230063881918358, 0.6909954539603848, 154.27075301076584, -4.406654068340444, 181.76854707354278, 0.4969161202940881, 0.8743444224380027, 82.92042244535666, 5.150627717606719, 311.2470278270948]"
0.0012479436697523452,11.134592643635678,8.41617202077655e-16,0.8336692192435644,False,False,"[0.5521851585073206, 0.7198862168997789, 160.09869133371774, -9.594611807992372, 184.16151791915493, 0.5698716802019822, 0.9195111755725924, 84.04245598930804, -3.66153862445808, 314.5284161228526]"
0.0012417039514035836,11.15467199619437,6.706099590587631e-23,0.5561602140120823,False,False,"[0.5406922270499754, 0.6948582110227963, 153.2744715656531, -0.5016627537936085, 179.6224630955097, 0.5556086167915131, 0.8797344567737838, 89.1699805363156, -0.16188556944781318, 314.107506259462]"
0.0012354954316465656,11.167590619727223,1.4926656481983565e-27,0.6048211963836967,False,False,"[0.46264358768080305, 0.7305109758497069, 156.0414919024185, -8.002123867916515, 181.62224847423866, 0.5468358884191085, 0.8805920845383094, 89.33131709586274, 3.849965486536343, 311.91921649874433]"
0.0012293179544883327,11.19767710877824,2.5714503813823433e-38,0.12981213995148988,False,False,"[0.4954404433402598, 0.6919006686454033, 154.9642778869654, -13.23970649666731, 183.63459092328762, 0.5916104340472809, 0.884629217282377, 88.19283898283943, 5.9337994744371425, 310.465936079006]"
0.001223171364715891,11.192807412860272,8.918666446268224e-37,0.985657786937139,False,False,"[0.5194125583720739, 0.7217221959581764, 154.1988406869987, -4.2573554619544804, 178.45766841236818, 0.606111217321474, 0.905896114286134, 82.06219471657118, 1.7451469515485485, 314.5409041727645]"
0.0012170555078923116,11.120645682299312,3.3064424818320876e-11,0.03382121390457915,False,False,"[0.5460189436453429, 0.7215126236286202, 157.6776655796377, -6.869342808332409, 184.06032783896796, 0.529225993132025, 0.9143308505821562, 86.34241696530474, -1.7606092443901726, 309.4127594606704]"
0.00121097023035285,11.186744189715025,5.775052572450887e-35,0.3391223205761834,False,False,"[0.45756482262955134, 0.7209955615689441, 154.03180036397427, -6.050562887819172, 178.81788400791828, 0.5734929545719162, 0.895695320836928, 87.33482209730468, 7.6286724791562435, 317.1904930255728]"
0.0012049153792010859,11.123947807219789,1.6732454505392224e-12,0.49026287048681527,False,False,"[0.5435450540959064, 0.7234176608262881, 156.69749886263162, -7.275652701188545, 177.50112495453527, 0.5328808891133014, 0.9201889065642677, 81.64611436179726, 10.326303407655995, 315.76339588811175]"
0.0011988908023050804,11.186513058311581,3.164557759306417e-35,0.9570211509541178,False,False,"[0.5861652992338379, 0.7249019281119702, 153.43072910552306, -5.149402737780861, 179.29118265208496, 0.5026855085180992, 0.8700596212293502, 86.8717813886296, 1.5909566889068376, 314.6369706617202]"
0.001192896348293555,11.16815076765458,1.0281494726791468e-28,0.797551514257713,False,False,"[0.4820913176713761, 0.7187372799169446, 159.3868267458308, -7.532368163985364, 181.10012256520372, 0.5733825963617742, 0.8953501396806209, 88.2062959710782, 4.628584981203197, 311.93165153021056]"
0.0011869318665520873,11.12722196816204,7.032779261083173e-14,0.45462040997259157,False,False,"[0.4728612599515902, 0.7285822841004872, 153.06811072126186, -9.647490947680463, 182.3768834978885, 0.4604163343045829, 0.8883062903664791, 86.60026312612435, 8.352205530467682, 310.54958016413883]"
0.0011809972072193268,11.140932252384378,5.486245997072128e-19,0.05705402839912477,False,False,"[0.5159798923301331, 0.6913156334875753, 156.95478091178686, -2.908883136877048, 176.6946164107144, 0.5229894209328937, 0.9072073619896588, 82.05576517048894, 1.2853706667252194, 309.41677075250163]"
0.0011750922211832301,11.14213999185705,1.5891045814948285e-19,0.5513802552626912,False,False,"[0.5375128744157505, 0.72317661644486, 154.9175061692612, -6.92341095099637, 176.777012059753, 0.5699891376275745, 0.8971428500598623, 87.79953630529357, 6.635597185231511, 310.29182202101987]"
0.001169216760077314,11.159451733506542,4.746828932793059e-26,0.9321194494045032,False,False,"[0.5022333226978506, 0.6896819690977357, 154.7821244521497, -0.7748932677747487, 181.1204743008812, 0.47181061520972606, 0.8591416567635168, 87.52725116461745, 10.482994869308735, 317.02052253526074]"
0.0011633706762769274,11.144695627801855,1.1421093905068313e-20,0.7784796688382782,False,False,"[0.47370864442163896, 0.7363822261880074, 152.99670031214401, -0.20023104898466215, 182.5107466185702, 0.5295121846688674, 0.8884131609928838, 82.12442432418905, -2.613928041664158, 310.65026659456896]"
0.0011575538228955427,11.163616611830083,7.22211141307278e-28,0.666734812370946,False,False,"[0.5845250109824198, 0.6962006145196515, 159.26197084506924, -13.82955802504722, 184.03869985361064, 0.5058817112319552, 0.8945933281803605, 84.22276580787802, -1.9265248376075377, 312.56106001290993]"
0.001151766053781065,11.230502465332638,3.1749703508233195e-53,0.1932250070783701,False,False,"[0.4601465300238952, 0.7465079823947912, 160.23614041546222, 0.6192116735695539, 178.04628227735094, 0.6100526446350872, 0.8954512068555829, 84.00116611288847, 0.6962492695131708, 316.9713101039549]"
0.0011460072235121596,11.208567137286888,3.553119762227866e-45,0.7792989279879056,False,False,"[0.4466660757910523, 0.7730345512926613, 155.86424289365323, -0.7530101969783569, 179.73591628866558, 0.5965738388549555, 0.9109481482958098, 84.26257861680531, -4.579579756418974, 312.77282866344086]"
0.0011402771873945988,11.170796163113383,5.163940924838468e-31,0.9779775323055909,False,False,"[0.5469345455392037, 0.694648000564294, 155.7703307332045, -13.551366043017726, 176.56358686363873, 0.566240744304423, 0.8545918009944662, 83.20445930255086, 4.318738477118245, 310.1721791188357]"
0.0011345758014576258,11.164764764972652,7.404437072586459e-29,0.2515853025481869,False,False,"[0.5749663876796942, 0.7234003233925849, 159.7967086599377, -9.912341094050054, 180.30240401785917, 0.499254540814932, 0.8862326535923175, 82.00362764615093, 3.5165897240750805, 315.3422842729835]"
0.0011289029224503377,11.16664846516853,1.0080080984534158e-29,0.2014827591118773,False,False,"[0.5367721894817312, 0.7111437793617973, 155.6367860528661, -0.32495394017383106, 183.4689197813814, 0.46190178841100743, 0.8745632312971086, 88.66089047363154, 10.444157482145972, 316.37448233810375]"
0.001123258407838086,11.168138198381502,1.9132212053366478e-30,0.3437275132378934,False,False,"[0.5948872532627772, 0.690719724269026, 154.6435961355743, -3.8785093450635433, 179.02534921395002, 0.5054848914375505, 0.8972114936059316, 87.86333976665604, 5.427432684422925, 313.9491574970364]"
0.0011176421157988955,11.205859204076917,2.983743701452809e-45,0.27820576621758986,False,False,"[0.45409015545506276, 0.7017565855660702, 156.74161023325726, -11.883061109216799, 180.75781538378874, 0.5612864632925681, 0.8660558079987746, 86.34313362884033, -1.4156411718646797, 313.225633280971]"
0.001112053905219901,11.186719304192021,5.318531740559138e-38,0.6838103601367297,False,False,"[0.5812663665484691, 0.7297348366269066, 154.51546957848421, -4.858148739266065, 183.73617252189877, 0.4610729349807582, 0.8941594479039545, 84.29396479820541, 9.764343694838189, 313.84944022941147]"
0.0011064936356938015,11.138166987331893,3.936236408209207e-19,0.05065270404208633,False,False,"[0.5641203945722318, 0.7251332300026799, 160.18637201816372, -13.602037138730326, 183.44730725642557, 0.5264257987796894, 0.8853977696969872, 86.94202862396364, -3.444070235265327, 315.66110593917335]"
0.0011009611675153325,11.160093307255307,7.134310069239093e-28,0.816278616760616,False,False,"[0.5862156018210368, 0.7689256190023813, 156.47036105699416, -7.091239720895157, 177.23927018255927, 0.4717407074521779, 0.9135222205283939, 87.82784482055746, -1.9818151500409957, 316.31482982624686]"
0.0010954563616777557,11.128309711598323,2.077622240174802e-15,0.6433557733949885,False,False,"[0.5027910502473627, 0.7265830961984422, 159.0363061764835, -8.351538241060064, 182.9765237255337, 0.4632284427391224, 0.8973067084626472, 86.98379296900208, -3.1607478139486584, 311.1040422276528]"
0.001089979079869367,11.177215461399598,5.723137840985658e-35,0.7782825753678401,False,False,"[0.5228517801285619, 0.7018772788945835, 153.08777837626516, -6.983901185812378, 182.29592351619957, 0.5976341252090487, 0.9085283721894748, 88.99918695338242, 6.355134625029862, 311.0585830332787]"
0.00108452918447002,11.181294038080612,8.960157683959002e-37,0.7205484162651606,False,False,"[0.5372218854437933, 0.7251580183016728, 158.8902965962196, -5.28008109991482, 178.4184756116126, 0.6153648885308767, 0.9113109160398039, 87.99833751341059, -0.5961878910951661, 311.58369019597046]"
0.00107910653854767,11.20844266953241,6.998454114450302e-48,0.10296284256767263,False,False,"[0.4476194494841831, 0.7141383428667434, 155.7770934748053, -6.502412648148445, 182.82806687991027, 0.6005786500682797, 0.9140788796479095, 83.04161280303207, -1.3073946877754175, 315.0717819131524]"
0.0010737110058549318,11.124805424426992,2.739200854684057e-14,0.2908581631082471,False,False,"[0.47739055628006827, 0.7559496397329795, 156.90282668061894, 1.466764557330288, 176.91545615264755, 0.5561342087722896, 0.9218857161988824, 86.50184763290159, 3.947922767860902, 311.6794081467997]"
0.001068342450825657,11.164841492573741,1.2425447225693154e-30,0.5290278211552596,False,False,"[0.5976904467170152, 0.7008198578482981, 154.37624240881223, -8.185950718061594, 181.52259551457658, 0.5170674396899163, 0.9006700152827717, 86.32135512373405, 9.902568900507687, 311.68717764574956]"
0.0010630007385715287,11.131585512933668,3.3957497945549307e-17,0.9109691796717299,False,False,"[0.5385745736900375, 0.7187615301134642, 157.3080434457261, -10.597519830977552, 179.00102437906665, 0.5467991984385896, 0.8887721794385062, 89.0687436924884, -4.008655675025244, 315.253553051057]"
0.001057685734878671,11.13895533315663,2.6428202653560718e-20,0.3624976705449141,False,False,"[0.5172793783864124, 0.7157467691878927, 154.33729242891428, -13.359544521160165, 178.22942222200973, 0.5423532794760028, 0.8898571761259051, 85.53886093721198, -2.375881758670472, 316.2591356929996]"
0.0010523973062042777,11.173917125596843,7.86950066591856e-35,0.35521679797615235,False,False,"[0.5210248392485295, 0.6957816404812366, 158.22592246904793, 0.39776850880682524, 181.35211876366878, 0.5912356276409838, 0.9057917384570038, 86.28847860659663, -0.1851932094946207, 311.35294457630545]"
0.0010471353196732562,11.136369093526431,1.9835397750351706e-19,0.20764268691775722,False,False,"[0.4589453465173108, 0.7198444214243416, 159.91066131741604, -11.07199699648321, 182.8191101551629, 0.4854452831397568, 0.8779776888663986, 86.49553924323662, -1.431438015485373, 313.5535576434644]"
0.00104189964307489,11.116253503405915,3.8746197420856626e-11,0.5008385294353651,False,False,"[0.5211765831110783, 0.7407659691614552, 159.81633423455122, -7.511323671517282, 184.09111078451159, 0.4934140988564786, 0.8956084832039939, 84.66372452987264, -2.804120685482312, 313.6539998743195]"
0.0010366901448595155,11.169374495899866,1.9153355255109406e-33,0.2565330333013728,False,False,"[0.5118214508983874, 0.6901637531344376, 157.23778606538406, -10.172050738885195, 180.19517425962422, 0.5652906021020043, 0.8862915210069713, 84.55218799460413, 0.6864386339015134, 310.2363579017155]"
0.001031506694135218,11.213766603531916,2.6758304518958885e-52,0.09316715924183716,False,False,"[0.48447460347378457, 0.6921476799621177, 158.52119569564493, 1.893648369263932, 182.08617417762633, 0.6118098049907199, 0.8941183089726359, 88.2574324854909, -3.2948692765013057, 310.6090604249786]"
0.001026349160664542,11.1476368595904,1.4150390401844666e-24,0.27385685691413364,False,False,"[0.5954544725131689, 0.7201300326517032, 157.1044935935528, -11.37766458657791, 176.7496808201172, 0.4983713610351136, 0.9184598107166272, 84.93595175609612, -0.35325902666601294, 311.84462260347726]"
0.0010212174148612192,11.18829830788497,5.4799310411654184e-42,0.02133903346233723,False,False,"[0.5103135149133621, 0.7417469245454205, 157.60960571848216, -13.116020927279845, 181.41435049603112, 0.6126174975803634, 0.9044677377196965, 89.1098592082432, 0.5955884343573246, 311.73416222407536]"
0.0010161113277869132,11.163378988287436,1.5211005254868416e-31,0.07521589802204431,False,False,"[0.584266993793505, 0.7327496051594787, 158.79233645470524, -8.407502204402473, 176.87387801180972, 0.48330688202919847, 0.8973184805727412, 88.02505896993954, 3.0253391949752277, 313.54514466656417]"
0.0010110307711479786,11.1673468597537,2.1031527296077412e-33,0.6589606163517906,False,False,"[0.4595970798577189, 0.7167206812757617, 153.19829749615084, -0.8398288749942004, 182.05066857675544, 0.572794714394851, 0.9160648835458262, 86.82444795624482, 7.070217152870855, 315.7443381355343]"
0.0010059756172922387,11.174505053935958,1.1704863028086465e-36,0.9806182197078271,False,False,"[0.5833577623516706, 0.6891624211612395, 159.64043635729297, -9.26609392994075, 181.13228816241056, 0.47060956833662826, 0.8937705891127612, 87.83668292773706, 3.7456086676961, 316.4295199773459]"
0.0010009457392057776,11.15700892261351,3.013694783872676e-29,0.8803446795030423,False,False,"[0.5880765240092511, 0.7413382752429232, 156.08772600392928, -13.493736175166706, 182.28412328626197, 0.47694988436915264, 0.9149715338336317, 83.00115582302372, -0.37746762177827087, 314.2737690214623]"
0.0009959410105097486,11.105654801774932,5.363956933124502e-07,0.26308778341802064,False,False,"[0.5576549268106649, 0.7697169125940313, 156.3602336856625, -11.870410528328309, 179.89149383121745, 0.5007749736304536, 0.9228288677748109, 86.4159221158926, -1.6950007613705562, 313.0701665602772]"
0.0009909613054572,11.163259701949734,2.8333283511458566e-32,0.5038293986658453,False,False,"[0.5574396456930377, 0.7411592914688616, 157.51679139716992, -9.284968563697376, 177.76497403941, 0.6018940755760841, 0.8980846032331106, 83.45097565637475, 9.834112669737259, 314.9872741140082]"
0.0009860064989299139,11.164250133259483,7.203147543942673e-33,0.7067671278979878,False,False,"[0.4671006939110508, 0.691490189059411, 154.00830229915772, -0.29598398351229527, 180.69007891976898, 0.5142086312182621, 0.8651432191508812, 86.6563594105267, -2.3519865568053415, 313.20884453399714]"
0.0009810764664352643,11.196477193085324,2.691565745778093e-47,0.7691425943968908,False,False,"[0.4955697520674804, 0.6932869178846697, 159.11030819876646, 2.0257047350157222, 182.84592210833586, 0.5803438648142346, 0.8691657761490301, 85.20801240385128, 9.590495971408538, 312.03058825867805]"
0.000976171084103088,11.142429744669762,1.7436985248093572e-23,0.9445286581501452,False,False,"[0.5613218682217912, 0.7115887386299531, 156.19227105775047, -13.915772471799214, 178.73699919049847, 0.5233862098946175, 0.8929496104288261, 87.70266230911147, 9.4296056345758, 312.41989914085076]"
0.0009712902286825725,11.179235837255925,4.676733251641829e-40,0.07591176123100729,False,False,"[0.45742834274821986, 0.6882418375026931, 159.24099755465264, -10.735129350813567, 176.72480457624823, 0.5284640485912333, 0.8636092722671526, 85.93687910061145, -0.12018667098587699, 311.65048491310273]"
0.0009664337775391596,11.21285990939904,2.3034128166843105e-55,0.15734101539726297,False,False,"[0.5035559949542865, 0.6964780264680277, 156.7072088714963, -0.22197472525243178, 182.88055589860457, 0.6007378035917992, 0.8701053249106618, 85.39804270481689, 0.23230182399607635, 314.08422452933746]"
0.0009616016086514638,11.186632345680625,8.573113226126037e-44,0.6743374053848222,False,False,"[0.5681206812546209, 0.7086992191280882, 156.55625761293138, -0.9940160439806185, 178.6155877285578, 0.4937297771367816, 0.8612668044293736, 83.22319212068265, 10.477115541466246, 316.49266975102756]"
0.0009567936006082066,11.11429694505729,3.5498012531204865e-11,0.7725660503910561,False,False,"[0.5069676733200473, 0.7314228041015396, 159.97393865119972, -0.9585978357452287, 179.0384028231417, 0.512221173426892, 0.9101905376834735, 82.40809151405163, 3.2173058669670453, 317.3717288013995]"
0.0009520096326051655,11.171369804651734,2.895956847843767e-37,0.08390341947022328,False,False,"[0.556019483121392, 0.7006680207814622, 159.9019535164454, -12.919171620274717, 183.12219232043958, 0.5823012745825168, 0.8753223921596908, 83.44831089238532, 0.4394042157895015, 316.0399658009278]"
0.0009472495844421397,11.189291497175955,1.1520067289568208e-45,0.7198527465701604,False,False,"[0.5669010121487394, 0.7102877163913943, 159.63361765403792, -3.940857011087914, 180.9807022854753, 0.6092863835977201, 0.8794833328442425, 83.11079586531926, 4.684528132069165, 313.7366635425973]"
0.000942513336519929,11.195552659812364,8.924697252969601e-49,0.9371286612952775,False,False,"[0.5951908971872326, 0.6944125733108052, 156.7925660588736, -8.838403181177464, 181.86625102101357, 0.5171461551261824, 0.8570204793455914, 84.84573642912105, 2.933705243540503, 310.0118926573671]"
0.0009378007698373293,11.131316601410749,2.862764331419979e-19,0.5133819677444109,False,False,"[0.5330491119894524, 0.7095566374934139, 160.3708839547861, -9.26009073173922, 178.43915337684123, 0.468070582015973, 0.9154119801433104, 87.50885798433818, 8.815020616270816, 315.97326314914204]"
0.0009331117659881426,11.12878694014894,3.4751515747803295e-18,0.2252566562579118,False,False,"[0.4670022670565838, 0.7414778716124238, 159.72073538387312, -3.127877475996277, 183.81719489380018, 0.541744568835629, 0.916249433186674, 84.86258367355262, -2.702575327120174, 311.71434407460754]"
0.0009284462071582019,11.162124247345972,7.2313624634990905e-34,0.04497704097401389,False,False,"[0.5574658530601152, 0.6981372627140785, 153.74697335446808, -11.278842405726818, 181.0376570736826, 0.4763923636065296, 0.8946881841909053, 86.30018255233456, -0.43942371159699967, 314.87020607102147]"
0.0009238039761224109,11.18795628406394,3.537081786566543e-46,0.214651897123035,False,False,"[0.4677567937735423, 0.7688619521960358, 153.1428301571934, -5.965710627287251, 181.77932334237212, 0.5912530743612803, 0.9135724719097229, 83.3770293396385, 1.3270025036504176, 315.07067329568787]"
0.0009191849562417988,11.145048911972374,3.917661564304392e-26,0.32175202876044395,False,False,"[0.5128506636617284, 0.713762632400972, 155.5770683422813, -10.474052412097594, 178.2081327055872, 0.5501419597994628, 0.8894329881062837, 85.7716546668025, 2.6626938126046937, 315.6889632948592]"
0.0009145890314605898,11.095309333639563,0.012142125453825819,0.029676596817180267,False,False,"[0.47854277720488303, 0.7551776820265463, 158.25689641010433, -7.5279471853237965, 177.29477901894154, 0.46288958526853075, 0.923035211627596, 85.41503380358805, 1.7974306076426938, 316.3489369039125]"
0.0009100160863032868,11.187629168969604,1.037795220341382e-46,0.16403076093212654,False,False,"[0.6014351253540287, 0.7185546104164657, 159.40736664360847, -3.9214728130916345, 184.19041503737944, 0.5275825251411873, 0.8663496137630149, 84.70872989377386, 0.6707946041236461, 312.0260053469578]"
0.0009054660058717704,11.216013615353736,1.481911742226536e-60,0.8095895338408678,False,False,"[0.4559841009176828, 0.7245387165885525, 154.4110799955754, -1.6339972378224754, 182.6838988699146, 0.6078466229024305, 0.9031309393460512, 86.88705477430776, -4.834562067010459, 309.6786290205717]"
0.0009009386758424115,11.141931472874496,3.8126131914422682e-25,0.5792416902568486,False,False,"[0.5500103588654233, 0.7256234075832929, 157.508580481283, -0.9813896277069176, 177.10007963336952, 0.573326491674723, 0.8810768120068304, 89.2016974098665, 6.413725056671053, 317.3209147847]"
0.0008964339824631995,11.143828965928844,3.461296041830439e-26,0.44823894769737094,False,False,"[0.582420368666003, 0.7351022040301531, 156.44338344468173, -11.021532731839974, 179.52798856725497, 0.4994907032984789, 0.914876551767103, 82.08462941093306, -3.8681563140843043, 315.2518761564204]"
0.0008919518125508836,11.18270618647837,3.032770056597741e-45,0.8466557625320018,False,False,"[0.4644320795705561, 0.7833630173726127, 155.93794976162496, -3.690088676219883, 181.20553016499963, 0.5918594166571173, 0.9153791007364244, 88.33441953438897, 8.117773769099575, 314.76940799410625]"
0.0008874920534881291,11.218518743532874,5.410600045869536e-63,0.16748441023423288,False,False,"[0.4631767391437822, 0.7088513005342518, 159.88917040090286, -7.420197300372946, 182.5682924095118, 0.5645864326908827, 0.8539250375892248, 82.92047145190817, 4.682030118269559, 316.0750104690859]"
0.0008830545932206885,11.117249175943936,1.6813753324488748e-13,0.9757592914958598,False,False,"[0.5302556399552824, 0.7363048021058848, 155.30082396225782, -5.892809766795718, 176.96819539380536, 0.5025383575817198, 0.9010733341856324, 86.57635142891729, 6.563528360830567, 311.6271013660112]"
0.0008786393202545851,11.157131154913946,2.8091729378984517e-33,0.45149097334648347,False,False,"[0.5812459292481927, 0.7386331417328875, 155.36707976072157, -0.30064558423774734, 183.43766223277424, 0.49364786935940763, 0.9015113002897137, 84.7366134471509, 0.8020232900200028, 315.24308125769863]"
0.0008742461236533122,11.152615375431836,3.375068986376698e-31,0.7327182748061118,False,False,"[0.5721845797935368, 0.7058140229902355, 153.90703646543307, -11.468813731972523, 180.89832264089745, 0.5487733123009968, 0.8884848441715166, 85.8781539297998, -4.550291916906092, 311.10043660996047]"
0.0008698748930350456,11.161692307782989,6.972707541310194e-36,0.4224791016318933,False,False,"[0.4738395354779683, 0.684959427469593, 157.4135724487873, -5.297773213770789, 184.0740989469303, 0.5552350136909914, 0.9080272886393184, 86.08323901015106, 9.067219768501944, 312.71134375207333]"
0.0008655255185698704,11.167189743061934,8.096338575901184e-39,0.2200837541827877,False,False,"[0.4870373826752337, 0.720421229081974, 156.79142355231508, -4.205675598997175, 177.69503138011257, 0.5597986510245272, 0.8793218662337021, 85.42617371876923, -1.535851619423923, 312.01278822560795]"
0.0008611978909770211,11.137487459996004,4.959886698905974e-24,0.7473696526475292,False,False,"[0.4795219085663734, 0.6921876747853777, 152.64614573340347, -5.7661888305403775, 176.55485681996868, 0.45819395531881785, 0.9212490720866947, 83.62744070102002, 5.8406365119397385, 315.5509975316189]"
0.000856891901522136,11.183966297464616,1.0512682384407128e-47,0.9366101111468185,False,False,"[0.46763487579838514, 0.7825767810607126, 154.1519740310065, -7.115953583128466, 181.8095250353888, 0.5979499035809831, 0.9210822306530718, 86.22045988969417, 5.283199474101687, 314.46506662575376]"
0.0008526074420145253,11.140389904869316,9.59936126315277e-26,0.6288869797630998,False,False,"[0.5551817040817749, 0.7291368920172201, 155.43582564469548, -11.047559716242601, 179.00156745786848, 0.46328142746101636, 0.9214145288304751, 83.163484686756, -0.45495070947695027, 315.44979631899525]"
0.0008483444048044527,11.142576625503292,5.458497568624609e-27,0.038719575856230426,False,False,"[0.5394823818471677, 0.6908154561563323, 156.93246074056324, -8.709559261592984, 178.7693585464383, 0.5400749573252346, 0.9089601628392575, 84.17988791911559, -4.725014882466237, 313.0427149493888]"
0.0008441026827804304,11.150507710349867,3.345963126499032e-31,0.35117134518809523,False,False,"[0.569698919886184, 0.7587214967894562, 153.07624700868362, -4.038595071250208, 180.742214256917, 0.48346575067132885, 0.9068391595973191, 83.80365323760009, -4.556701798192698, 313.79091372677107]"
0.0008398821693665282,11.141135460771808,1.6507163977326227e-26,0.8329144806903521,False,False,"[0.506089148735623, 0.6981317305302718, 157.58998004457774, -10.428405733550873, 183.0161073337145, 0.527844001846287, 0.8909402886747761, 88.6233162849931, 7.730997016274761, 316.21019377825513]"
0.0008356827585196955,11.154894249697525,8.666276869328413e-34,0.8530984800229379,False,False,"[0.5417761747996427, 0.7071390859817406, 156.3853565244711, -8.266820385638198, 177.1210927685826, 0.48253496333608886, 0.8873346696970141, 83.46682833716147, 2.8948556056264234, 312.8027160088365]"
0.0008315043447270971,11.155585501110789,2.574249274137968e-34,0.6742028926340491,False,False,"[0.5896464898952719, 0.7275559089138466, 159.60774667830802, -12.190104679769293, 178.3268582657193, 0.5857803589453057, 0.8882959263086471, 84.92103257022879, 3.8428523269598838, 317.2873659988633]"
0.0008273468230034616,11.194921868958815,3.919612335994426e-55,0.5231894423211546,False,False,"[0.5182800667607294, 0.7007486991036008, 153.21450081818887, -10.356336812454312, 181.22308142437151, 0.5842772895980372, 0.8594386822525651, 83.17393409150313, -5.072763484159381, 310.24033300566373]"
0.0008232100888884442,11.160296892681508,3.860727518636425e-37,0.9085415258413325,False,False,"[0.48535251613020347, 0.7256891590340013, 155.2267495603911, -0.5663522085269115, 178.65424142586542, 0.5769536137744742, 0.9141331137804928, 83.12013250524993, -5.224594152177739, 313.0835578387917]"
0.000819094038444002,11.120798771753158,2.218774650899651e-16,0.8868744259158909,False,False,"[0.5307347295954576, 0.7196887132365813, 160.412309174783, 1.9000418343482952, 184.07193009043905, 0.47717225126009294, 0.9192873753413544, 87.18181742444345, 10.038177625007034, 316.0908416912165]"
0.000814998568251782,11.193451478965155,3.568207644806923e-55,0.20722026898653212,False,False,"[0.4544592106819454, 0.7138488917224614, 159.1920999698113, -12.101711182419471, 178.75085334420083, 0.5996377122721549, 0.9151854621984082, 87.58883503246416, -2.575816725139683, 314.4607348067543]"
0.0008109235754105231,11.13567481466453,1.665128009533267e-24,0.4272486647316768,False,False,"[0.5484562257233901, 0.725269083589579, 156.0775965581946, -5.859400934589445, 182.11597885078535, 0.569410445067812, 0.912940962161539, 87.52684802562463, 9.66030497450179, 316.98411014275905]"
0.0008068689575334705,11.130525537714314,7.473745084706739e-22,0.9558417738290023,False,False,"[0.5297059065855441, 0.720907024178017, 153.5449543010223, -0.3704994728360127, 183.59901137478215, 0.554017186258936, 0.9068330953910735, 87.67305856479442, -5.038287206047281, 314.97811087251273]"
0.0008028346127458031,11.141576232818931,6.158664191493117e-28,0.17336891848897418,False,False,"[0.575722040065647, 0.7302768142751243, 160.35186124618673, -10.207183970090478, 181.0153120369491, 0.5669120898633415, 0.9039086253354558, 82.66302502273487, 5.065840007719702, 317.22408748234113]"
0.0007988204396820741,11.147532998371421,2.5955968417870616e-31,0.4457706005658105,False,False,"[0.5765734036434313, 0.7071060845484435, 156.7451171178259, -5.881502979180926, 184.12472540153618, 0.5446463082005022, 0.899673599268135, 86.29822844409877, 1.5849970112270224, 311.2875740057928]"
0.0007948263374836637,11.18297278583699,7.873701219066558e-51,0.23658071937807668,False,False,"[0.5105096086951161, 0.7091712663878151, 159.73598148102047, -9.052792519988172, 179.68212723801443, 0.5949031753436977, 0.8947500062257471, 86.5360368541261, 4.854542877735396, 313.91661282746537]"
0.0007908522057962454,11.225289548076507,2.548345666629877e-74,0.4453093595206926,False,False,"[0.5918666583535499, 0.7567258013692889, 159.35854618606496, -0.1765854601391439, 184.45938459278824, 0.4596451621696457, 0.8830796960571272, 83.53766147899834, 0.7615604074072664, 312.7168886128128]"
0.0007868979447672641,11.2062175333511,3.651059577525947e-64,0.019932140744406857,False,False,"[0.573169495951971, 0.6987511053222321, 159.07130401018543, 0.5394602635479817, 181.7874285713979, 0.46414313918586614, 0.8572682914654407, 88.65302472038158, 2.178635385095598, 314.6347483330815]"
0.0007829634550434279,11.16409712826335,4.0457609594938815e-41,0.6185837979022956,False,False,"[0.5356797898758783, 0.7021589427167899, 155.3726493443008, -12.524820541988044, 178.91099867234755, 0.48224739387250254, 0.8656643739989918, 84.79077848088649, 0.6412422307936225, 311.2034804529667]"
0.0007790486377682107,11.207957156851652,8.9839927814108e-66,0.5160225075560517,False,False,"[0.5983921060906302, 0.7461510530288405, 155.14519004248928, -7.135197153026603, 178.16421857460236, 0.4894134876468615, 0.8825627466544894, 82.4772226267277, 3.0741882794175748, 313.49664457317937]"
0.0007751533945793696,11.173964121331245,4.697310411739506e-47,0.5083108955024067,False,False,"[0.5741787433892399, 0.6852334389336608, 155.21645025991344, -9.059406620787833, 176.8407138489155, 0.5413887048402891, 0.8626073971315845, 84.64780975975549, -5.342028205813671, 317.34090333769285]"
0.0007712776276064728,11.159394581419928,4.394674017692588e-39,0.9890373391708784,False,False,"[0.5863188338925673, 0.721346813990743, 155.15452998203298, -8.963341547850543, 182.22129341274842, 0.5668221918765477, 0.879802043483514, 82.55261666765772, -0.1164624405774628, 317.27605854096544]"
0.0007674212394684404,11.144328396197457,9.46986631383455e-31,0.6185796703667731,False,False,"[0.5294652847395611, 0.7097586161650564, 153.30151990842106, -2.0185594815980803, 184.33622450625919, 0.5307410431901343, 0.8786241298254591, 84.92213836058013, 10.624730926537415, 315.18317574718793]"
0.0007635841332710982,11.159031132690863,2.905187564667564e-39,0.24361588236393739,False,False,"[0.4793301127607266, 0.705080648916186, 155.10492539258138, -11.959963079296656, 181.88303470462907, 0.5471925211529362, 0.8890663867906499, 88.04127387038103, 3.8677364760978783, 316.6383462667073]"
0.0007597662126047428,11.14456012424477,3.4784115087018926e-31,0.7529468268652227,False,False,"[0.5144441416298504, 0.690535165956948, 155.36918857893133, -7.49025535818148, 180.11166837574672, 0.5374425579949457, 0.9111159307355213, 82.92186794443137, 6.5921942054581635, 312.7333461584149]"
0.0007559673815417191,11.116895291406614,1.9118234109486413e-15,0.5453610830868587,False,False,"[0.4556683772311995, 0.7387721785901239, 158.24929793563754, -2.4436120488425157, 181.51946016897267, 0.4609513021505708, 0.8951616805820344, 87.77428470151563, 0.8717064604717937, 311.672609301061]"
0.0007521875446340105,11.14165775354466,8.133024781854565e-30,0.5579024679547968,False,False,"[0.5189731649165769, 0.7089704971921718, 157.4678164884784, 1.4013703100984376, 179.3879642326963, 0.5478670009505168, 0.8897820761679963, 88.38763184416307, 7.369756597616048, 316.957942128658]"
0.0007484266069108404,11.158370227885484,1.1646994922662349e-39,0.5634126837127289,False,False,"[0.590727692573271, 0.7100190106389361, 153.76442193294886, -6.138462440251844, 177.71526041823708, 0.547226905926237, 0.8964861957764106, 85.90031357152975, 7.835262525568483, 315.09137704828817]"
0.0007446844738762862,11.141319308756682,6.52434245221105e-30,0.10800888591934932,False,False,"[0.5690634561861654, 0.7453474985744556, 153.0678345851152, -9.28246546968457, 179.45608622761415, 0.5982043909886119, 0.915995973373315, 88.02239121196064, -3.0578662195003243, 309.701645998751]"
0.0007409610515069048,11.18021934878513,7.373253628335133e-53,0.5377301804102618,False,False,"[0.5802602909849519, 0.7067214488157982, 157.65048024949616, -6.885616206353362, 181.11150551848974, 0.47875320425728496, 0.8821814899616037, 86.65484299219918, -2.510232817231362, 316.04250391758444]"
0.0007372562462493702,11.168158055221731,5.135899891842485e-46,0.8132202649094787,False,False,"[0.5049472210921313, 0.6849926741556871, 158.80920688468495, -3.2299426804212654, 182.7521379688999, 0.5714059492590606, 0.8913530127936528, 89.56491420294394, 1.4544802337312586, 313.9320472187812]"
0.0007335699650181234,11.160319999391909,1.3285741855321044e-41,0.15083108056837502,False,False,"[0.5889558694281611, 0.7667520710481148, 153.97985143176493, -3.968716286062028, 178.30811445854087, 0.48279685176380394, 0.913290149448301, 85.5250623657303, -1.1247177995996385, 310.1595093077584]"
0.0007299021151930327,11.167203092464334,6.6452240527740255e-46,0.8384947618100083,False,False,"[0.5009364350905483, 0.6849301010962053, 155.86140215721088, -4.5844879918994845, 178.49641133037844, 0.580154909551221, 0.9158222004260409, 85.73529508417562, -2.5053460030705264, 312.7865124770665]"
0.0007262526046170675,11.17864837211798,5.640036833555191e-53,0.9493742227196359,False,False,"[0.4997093621878512, 0.7086151021850734, 154.04846349286925, -6.805301051502436, 179.07228768693963, 0.5767596222985509, 0.8831302758432377, 85.62479379191022, -1.5539877259462624, 316.99197261250816]"
0.0007226213415939822,11.159524988235603,9.590787951669622e-42,0.381803832368516,False,False,"[0.5675454460537339, 0.713533823017661, 159.77317040652127, -8.528641520296802, 183.5134613818567, 0.4767545286465895, 0.8945339199502588, 87.31184989602333, 0.1071756788815783, 315.2205523168615]"
0.0007190082348860123,11.13022471421653,2.9761096397503266e-24,0.5054527260852953,False,False,"[0.529509456722437, 0.7202334054551364, 157.60422355520572, -0.33775950839337376, 176.84288713862298, 0.5256260590677662, 0.8780807958021337, 87.27606834764201, 1.6699518387976706, 315.4083029349468]"
0.0007154131937115822,11.124873517053798,4.016909118086164e-21,0.6801398982315346,False,False,"[0.4861711948087715, 0.6984920262262335, 155.63114194310387, -12.039749349406682, 179.21279924344097, 0.4852996346999977, 0.921602592788593, 85.81672093508634, -0.4346458986590829, 311.4702091105559]"
0.0007118361277430243,11.134271779589549,5.854313587850506e-27,0.5505031635975568,False,False,"[0.49871007042416393, 0.7039434189877568, 160.364088869554, -8.50086307935703, 182.76459467279986, 0.5216137884832355, 0.8957605861586945, 87.14321273149781, -4.90704349244481, 315.4073317871532]"
0.0007082769471043091,11.204320699667036,4.8275595664394624e-70,0.3486657153104461,False,False,"[0.4576410776694631, 0.7226479928206511, 155.62454624837477, -10.597204820636483, 180.31742778365324, 0.5931361572908339, 0.8961633326203451, 88.90527424873561, 8.741461739707399, 309.98121594952744]"
0.0007047355623687876,11.136849181070971,8.219437220685175e-29,0.6930757003594434,False,False,"[0.537059901457084, 0.7202053033474297, 154.19267220282293, 1.7737987562592856, 183.26041288501096, 0.5345982680987165, 0.8976736842837405, 81.63556077985125, 9.166251237937008, 314.89698771399816]"
0.0007012118845569436,11.158815283662918,1.4758404738695354e-42,0.42554829417653817,False,False,"[0.4815003963576905, 0.7186825845025474, 152.6409669497003, -5.771382040191991, 177.9406306041177, 0.5671773916816282, 0.9142594221724492, 83.50073782842004, 6.831272378158987, 311.8113914202682]"
0.0006977058251341589,11.160206893006265,1.2376886469485596e-43,0.42458450597957864,False,False,"[0.44968076926122125, 0.6906794288299042, 156.06525810685548, -5.192716630305892, 176.50788004339415, 0.5043173951608209, 0.8804522889150187, 87.30107089907266, 9.199836807080644, 314.8265048720603]"
0.0006942172960084881,11.185184672501816,1.7831188170863783e-59,0.6272154739254491,False,False,"[0.5903736233097291, 0.710071108926292, 155.09729260629973, -7.533844311206986, 177.77801285787564, 0.5154186252489199, 0.8652488793336728, 86.129945756611, 4.86064455972058, 311.268428903085]"
0.0006907462095284457,11.155736650187865,2.9572232650399135e-41,0.31054550883840437,False,False,"[0.5973293576104588, 0.7277750021616971, 153.29554619137843, -13.322513325018676, 184.0224471328737, 0.5696252914518055, 0.8888902203986351, 87.34854247131933, 4.886162120319472, 315.55518430504907]"
0.0006872924784808034,11.146800192381031,8.205303162459251e-36,0.04832036140844109,False,False,"[0.47607038279292435, 0.717007552452198, 158.05084230817997, -13.158173398390462, 182.42746113548893, 0.5177813369627755, 0.8778492961999391, 83.98045731765149, 9.470096417529158, 311.0426644570626]"
0.0006838560160883994,11.153129325474985,5.228283381042893e-40,0.04442541306325054,False,False,"[0.5145151694867396, 0.7366798753863525, 156.46373334934725, -6.143386569887085, 177.66997189834777, 0.5834156934856682, 0.9042527085754608, 87.13783845216237, 7.9174679037035585, 310.21873922502164]"
0.0006804367360079575,11.178176344226024,3.4236795510533844e-56,0.5378464991803346,False,False,"[0.5008915874453861, 0.7379656069324185, 153.66851199449607, 0.26952170143952436, 181.74321580689465, 0.5901293604417013, 0.8910770835155266, 87.17960235666023, 2.737591465218232, 313.6146899357864]"
0.0006770345523279176,11.175414240842375,1.0655325172475806e-54,0.3308875875575802,False,False,"[0.5782628629212341, 0.7138023503089429, 157.60271003947378, -11.019725415582792, 184.29881237528787, 0.4729293933214938, 0.8952944201114816, 82.06562782191465, 3.1495077130975115, 311.8635756453416]"
0.000673649379566278,11.180310623536354,3.9783536946661265e-58,0.002281602130307925,False,False,"[0.5817395031633795, 0.6951013236840379, 153.21828802937026, -11.924965794692273, 181.62891339455132, 0.4822936269708742, 0.8898777770192322, 83.65305554105092, 0.6454214304291153, 313.3367366280496]"
0.0006702811326684467,11.151038302116238,1.8951394672079815e-39,0.9688441523712821,False,False,"[0.5495465799746662, 0.6939704640872277, 159.1397289689871, -3.6206444904686332, 177.2279206428331, 0.5420012066723287, 0.8935011609068798, 83.23472552879865, -2.693920951290494, 316.57012643411804]"
0.0006669297270051044,11.126217554205457,1.7617712387342373e-23,0.5734577333803589,False,False,"[0.4816884757398919, 0.7207002359497185, 157.56486033872545, -8.486012562546547, 178.0198109714885, 0.5079034811846121, 0.8989178250457347, 86.39265452888243, 9.167089387455885, 316.64703828349684]"
0.0006635950783700789,11.167781883062066,8.502354757491389e-51,0.6158654796505433,False,False,"[0.5956408488340379, 0.7016771272637407, 152.53509543887006, -1.7796040740883612, 178.54332715620805, 0.5551096216984601, 0.9051500603737542, 81.85595692455485, 10.502648991611473, 310.64679785361415]"
0.0006602771029782285,11.228750663826547,3.7667800073852496e-91,0.030743849341800855,False,False,"[0.45268637547824775, 0.7113919937079981, 155.50209627570135, -1.0159253641779706, 182.00541881538004, 0.5711556758079938, 0.8525270808465703, 88.85298122691265, -3.0299794466586594, 311.9126459302488]"
0.0006569757174633374,11.143756321108178,2.0285087045391276e-35,0.44014794424187964,False,False,"[0.547301238412647, 0.7150811559115979, 157.77168230401983, -4.823841476994179, 177.95911623355394, 0.5061068875467751, 0.8830078373460261, 85.18926779276725, -3.4275751737455202, 312.6952827083839]"
0.0006536908388760207,11.188474565788313,2.650030884394076e-65,0.26899613583329096,False,False,"[0.5776491743111896, 0.7052697482733796, 155.310239594378, -12.213544599713952, 178.27235115414106, 0.616001907685813, 0.9196690749155579, 85.5898341054026, -3.634258503132589, 309.49903577560235]"
0.0006504223846816406,11.128870068057928,7.894979865045679e-26,0.07629748570746142,False,False,"[0.5571375979840437, 0.728067853899866, 158.40639468399448, -8.149001943177453, 177.40545841979397, 0.5227040477830559, 0.8923120025713206, 89.57833393064845, -0.3020186920237702, 314.834729155452]"
0.0006471702727582324,11.09603190327342,0.0006424053006032593,0.39884454142174897,False,False,"[0.5065074691456658, 0.7657486105265702, 158.91960818935917, -5.956748460649157, 181.46550733679499, 0.4702737906533691, 0.9196059871051134, 82.40655436568696, 4.259892003659525, 315.1174503526192]"
0.0006439344213944412,11.177387910994643,8.358034069581734e-59,0.730584712140667,False,False,"[0.5349263840498187, 0.6920417210010499, 156.37195346860034, -13.798663423475382, 177.38921844496122, 0.4773105584196659, 0.8460524623553662, 86.58910639622152, 9.452112660773084, 312.00616213044304]"
0.000640714749287469,11.119294687599782,1.017364390117422e-19,0.3298486827467775,False,False,"[0.5143580086179583, 0.7447141431321409, 153.95570691503127, -11.536393867877454, 177.67768348146024, 0.5562000007137003, 0.9144119136979104, 85.23892204675592, -2.5441528053058473, 309.74255058122475]"
0.0006375111755410317,11.1654964500055,2.7403829964606945e-51,0.8821094429191902,False,False,"[0.589637199397687, 0.7170905121915481, 158.6924148980048, -8.774535227429988, 180.45024482611163, 0.5142573060495841, 0.8889673431955931, 84.6230357954081, 8.0375772656949, 314.24537788247494]"
0.0006343236196633265,11.135803653633248,3.259330297882499e-31,0.46578765187683735,False,False,"[0.5613010576401246, 0.705072354709556, 154.87711556264475, -6.017891496022573, 178.73075631499222, 0.550170987561079, 0.9211473334937976, 84.74603892166212, -1.4719970471832617, 314.1566059150136]"
0.0006311520015650099,11.12998863611141,2.2973672145324052e-27,0.07694279808737348,False,False,"[0.45155705986102945, 0.6993290479790129, 154.8062678117942, -0.8609078401608183, 183.5050567205177, 0.48561222860452624, 0.9220243303012258, 85.18929073811242, -3.2441391260779593, 310.0107715255168]"
0.0006279962415571849,11.178707373219854,3.4327252047919826e-61,0.36052390733901796,False,False,"[0.47742669931855597, 0.7109706792593019, 159.79179266466062, 1.5617684587557399, 181.1187045594499, 0.5439437046904679, 0.8577996805320498, 83.22713453085143, 9.626756044537453, 314.3211762646919]"
0.000624856260349399,11.158367094294249,2.338421363380361e-47,0.51486153561373,False,False,"[0.5904661059936014, 0.7364869381443953, 158.77334438150643, -6.263589571669739, 178.947786102387, 0.48784994869169473, 0.9048586139995926, 87.17742409371229, 0.4709062124581589, 312.7984860949377]"
0.000621731979047652,11.161715197468176,6.249806190321334e-50,0.4746146175403141,False,False,"[0.5727610520910407, 0.6989637057395399, 158.00608226144686, -9.93558782361837, 177.9772095536494, 0.46134221808345854, 0.9067712159551314, 88.19210787123082, 2.545772343040266, 315.81393765405335]"
0.0006186233191524138,11.151931556638154,2.612499315825527e-43,0.274591169780274,False,False,"[0.4741080236122525, 0.6920488661818655, 153.94140839606902, -6.596476449201216, 178.00387909289492, 0.531399182962902, 0.9005350375776873, 86.91454133888283, 8.933154144305131, 315.8214983912369]"
0.0006155302025566518,11.172330328423378,6.46370074057796e-58,0.20592574075739323,False,False,"[0.5772143854416728, 0.6960178776616157, 155.1593389353666, -12.015902088336919, 179.23672089376427, 0.582624334316339, 0.8695681776051034, 87.12101767804066, 2.9495985130897857, 314.0419115505328]"
0.0006124525515438685,11.160643031862483,6.466097558951767e-50,0.11185398514393285,False,False,"[0.5987355803305182, 0.7281648373369868, 154.9460921195694, -11.138348990712787, 176.55546775438611, 0.4821067038847429, 0.9118905108040876, 87.72968182489659, 5.29914875275621, 310.3436233402016]"
0.0006093902887861492,11.161505340356182,8.890326791681682e-51,0.22183324745619493,False,False,"[0.4892154174513633, 0.7613982348974273, 154.85341465228046, -9.680610997577517, 179.45626295888627, 0.5885042966713104, 0.9133843261570159, 87.78990466339647, 6.218704763243098, 313.7543292154624]"
0.0006063433373422185,11.199797165167038,1.8655971705367756e-78,0.09687645336535333,False,False,"[0.4781085155957179, 0.7092650584168768, 155.38952658941628, -1.2270334182992197, 180.30191776420259, 0.5736164040892756, 0.8610927727249444, 89.07586789406844, 0.9500775814433311, 312.4811440163164]"
0.0006033116206555074,11.134463433661463,8.142763921427946e-32,0.1597017862569804,False,False,"[0.5743580900808387, 0.7176244362575456, 156.63263703228503, -9.399327395429102, 183.60824992645007, 0.5236771871124919, 0.9202462146958046, 83.4340196097784, 8.3749554969492, 315.74545742381207]"
0.0006002950625522298,11.182857378007071,5.53423019882646e-67,0.7564587895813462,False,False,"[0.5069189296056129, 0.6955092007153716, 158.75965972265485, -13.793645880174745, 178.31153362452005, 0.5645141556093102, 0.8509892255338984, 84.70517133692323, 0.9970593939898649, 309.79234655385517]"
0.0005972935872394687,11.18150257133343,2.484236515733064e-66,0.562498613074106,False,False,"[0.5757835879590231, 0.6858391051769409, 154.3983739667294, -8.669375926315563, 180.8419621713682, 0.48908002286445335, 0.8767991311469577, 86.69703913772203, 9.715891559620571, 310.21946821498426]"
0.0005943071193032713,11.201586824385362,2.4479283980170657e-81,0.11545163054673757,False,False,"[0.5726732967199184, 0.6928212212391489, 157.96681830733868, -8.032973277841036, 177.50751286517897, 0.4738175284086422, 0.8550364638285708, 87.31745441989457, 0.5714570951772764, 309.60298520533286]"
0.0005913355837067549,11.160632975114588,1.1519805344201125e-51,0.05508714891260236,False,False,"[0.5196301117432937, 0.689430401758257, 159.97371233483864, -2.0010065732596605, 179.36881998679178, 0.5510368368001298, 0.858880519371371, 89.1902852871273, 6.747998942954943, 312.3604708300727]"
0.0005883789057882212,11.146737317200042,1.1538285603224587e-41,0.46185908233391415,False,False,"[0.5915282101614237, 0.73309038613086, 158.7262497070245, -0.5963234166441662, 183.37013866316602, 0.5823746077177782, 0.9001954746855977, 87.99267759330287, 3.9086889480999236, 316.6676470919171]"
0.0005854370112592801,11.131626353702636,1.1646162381643388e-30,0.14947761387773417,False,False,"[0.4485332332277774, 0.7159818813167514, 155.10857490632696, -11.683174689260452, 181.25342401341302, 0.47090437366142424, 0.906866516986472, 86.05478704004932, 5.8834617213546245, 316.576328140516]"
0.0005825098262029838,11.170653458920388,6.588954924880108e-60,0.26777472750134246,False,False,"[0.5618695754195955, 0.695404061524053, 153.71368560184118, -3.718677481946907, 184.0763832734252, 0.5726926775516014, 0.8961440548113203, 81.66794532134378, 7.973379408516017, 315.5569398539483]"
0.0005795972770719688,11.137500286433443,2.3079375520428304e-35,0.16603766290217103,False,False,"[0.5094829910599028, 0.7145360596488439, 155.84830614781774, 0.00011379690376855933, 184.323273030892, 0.474244860629626, 0.8907939519494854, 85.72664809782883, 5.697351990732768, 315.37419155447293]"
0.000576699290686609,11.222139859709094,2.81652059655663e-99,0.6659066861378682,False,False,"[0.4720197583849533, 0.7669918216941632, 159.66501875510855, -12.897136892860246, 183.54635003641476, 0.6070507528217688, 0.8972560601115311, 87.29902293051141, 9.037577052583918, 313.4486886020439]"
0.000573815794233176,11.125856569590825,6.711641404758549e-27,0.17547248422101203,False,False,"[0.5724234801406421, 0.7274130815265969, 160.12426192443766, -10.19405846130376, 180.9909592228027, 0.5269255399779242, 0.9187730538597241, 84.2204267525724, 0.23611735252321076, 311.39654429362906]"
0.0005709467152620101,11.204677606606868,5.489719739452026e-87,0.02694058226258067,False,False,"[0.4871783128821446, 0.684655745888464, 158.59491920431284, -4.617726281274043, 179.14531802882743, 0.6076976255645515, 0.9071599252809331, 88.38204390012481, 9.399381593241595, 313.328402221184]"
0.0005680919816857,11.128583334374934,3.0099966977197406e-29,0.7256794232472058,False,False,"[0.5157406215362548, 0.7272354698426702, 157.49123873339633, -2.075008005524749, 183.5686463154664, 0.549790142175822, 0.9025577911629808, 85.83634506562925, -3.756247639117772, 310.0565645886299]"
0.0005652515217772715,11.144948297346918,5.776986498126757e-42,0.592611992340828,False,False,"[0.5947066862226735, 0.7440038915600354, 158.93054684086326, -3.0219194485860044, 182.92027324513023, 0.5458533227893324, 0.8980730181586459, 86.5748092760813, 4.850911885318055, 314.1629178577538]"
0.0005624252641683852,11.116692931612652,2.359116179659331e-20,0.8817608087356607,False,False,"[0.5759034124453943, 0.7598757894503763, 154.56261927277637, -3.397155020209233, 182.94740297777136, 0.5278791512832076, 0.9204243974277402, 84.55947769504994, -5.184046995243179, 314.0008595431711]"
0.0005596131378475432,11.147147192922684,4.3623999751870344e-44,0.6435957324828367,False,False,"[0.571022998803217, 0.697335502677879, 158.10567024442096, -13.89689213224971, 180.6434036685032, 0.5440707666512525, 0.903429714184759, 87.62538488971033, 7.119684954853476, 314.37175607360297]"
0.0005568150721583055,11.22817101069896,1.684040331649955e-107,0.5028346406887634,False,False,"[0.6034580478058335, 0.74590394384221, 159.71157590826843, -7.391707017869315, 183.22417745384007, 0.47294454575717715, 0.875179463827729, 84.85389839697592, 5.58797208383554, 311.6142243835675]"
0.000554030996797514,11.173391788649928,4.267796875480746e-65,0.8635460704336924,False,False,"[0.5720997093784486, 0.697027797417501, 158.96525999145257, -9.41328180281716, 180.7081856599695, 0.47805528893665433, 0.8848808909536745, 86.58579781777283, 7.13389006028298, 309.91445471289353]"
0.0005512608418135264,11.191886703409384,5.445880781165186e-80,0.19966479645683033,False,False,"[0.5774667283204581, 0.692994153547179, 155.73085748650536, -0.8846091454989775, 184.28383088469508, 0.5115624137300989, 0.8513177246974819, 82.92169634139353, 5.672120006368388, 309.64206930036227]"
0.0005485045376044587,11.136617402283314,1.2555665445755168e-36,0.14624660305910409,False,False,"[0.5455153936682247, 0.7131357094393391, 159.64293445116346, -3.097127622687818, 179.5111835458327, 0.47104966588884545, 0.9141634497067672, 85.78989001244908, 6.6653304897709855, 310.30326607065234]"
0.0005457620149164363,11.206964042271473,8.700241856822174e-93,0.3349599774602301,False,False,"[0.44797883014603895, 0.7672696051647531, 158.13394506165852, -8.660215335515396, 179.8529230169424, 0.5912026709792964, 0.9076196208951084, 84.52187937927371, 9.34368248837467, 312.47241513632434]"
0.0005430332048418541,11.145723072081244,2.849682108882625e-44,0.7686104126264139,False,False,"[0.45384544377054425, 0.7284451321624946, 155.58394062125979, -1.8095110585281429, 179.12322380823144, 0.5257652206969929, 0.8965218666405386, 87.62214607384972, 5.733465353499382, 317.02380934826016]"
0.0005403180388176449,11.152681065710539,4.398559361783811e-50,0.43447744910265107,False,False,"[0.567885197939834, 0.7156084699506051, 159.10295309640603, -12.830800915431992, 178.64284602450698, 0.4768700260183524, 0.9075121573176818, 83.50263825287098, 7.26232140343167, 311.0583057784201]"
0.0005376164486235567,11.136039013918216,6.902101338754999e-37,0.7484547035970708,False,False,"[0.561306688580043, 0.7284601351786916, 158.11932595961122, -3.9916014512600615, 179.25735087770343, 0.5779487299960593, 0.9188178275222266, 84.21373099199884, -5.360418782555675, 312.6663065739524]"
0.000534928366380439,11.198035197661735,2.1094647214164726e-87,0.5926623780120586,False,False,"[0.5602489889231881, 0.6927818193191354, 159.5916493358215, -12.315580554454442, 183.9336754592737, 0.610878016052278, 0.8970582027827527, 83.37944502493788, 1.2017138451124794, 313.7385525113183]"
0.0005322537245485367,11.184016849995349,2.122952392672867e-76,0.231092847468784,False,False,"[0.4485176772033939, 0.7410555661723922, 158.21354696890623, -4.199368193803847, 181.58286580190574, 0.5577841805039044, 0.8918677005266915, 84.10083569434074, 3.8455522419627535, 315.6333294103429]"
0.000529592455925794,11.176746124897388,8.110764367300246e-71,0.11974715088116439,False,False,"[0.509758050173657, 0.6896326083342936, 156.81412879337475, -4.479077008665747, 179.0059950113048, 0.5619413226112355, 0.8659779832043963, 85.22422832375024, 9.313592021152044, 311.25452839641133]"
0.0005269444936461651,11.136704597733768,3.614697489032564e-38,0.6128720369520837,False,False,"[0.46783823335394653, 0.7158794019303302, 154.90594586444212, -9.192862931144452, 184.14974982975593, 0.4674101896990159, 0.8738945428086826, 87.39866763918482, 10.217535613522086, 316.067416463241]"
0.0005243097711779343,11.156192536019534,1.6894252200999682e-54,0.5359662710978418,False,False,"[0.5641862184108294, 0.7118263344528252, 154.97012330027908, -6.0929628522508565, 178.41413351495171, 0.5138589768507487, 0.8688411249366197, 89.42716271492385, 0.01653974124958424, 310.730512940184]"
0.0005216882223220446,11.197159742808191,7.131614720676312e-89,0.49820567517805625,False,False,"[0.5885119768967308, 0.6902352432725105, 157.55566978634616, -11.486217164094247, 178.26161853662313, 0.5145974207238693, 0.8452884975352479, 86.05068259537722, -5.055335446875743, 311.2674507365226]"
0.0005190797812104344,11.184545469160085,9.207171428422718e-79,0.5351902446877072,False,False,"[0.572373083343607, 0.7281106797387344, 154.5081841818886, 0.4115333602563638, 182.26737958037512, 0.4634675299409191, 0.8913532180361023, 82.85599640347024, 7.241941854892572, 310.5341171420924]"
0.0005164843823043823,11.24367175253662,7.155953725658262e-129,0.19717158349989372,False,False,"[0.4959447851442588, 0.6867052603111288, 156.45394067903825, -0.15745022872629377, 181.97754875462513, 0.604342896075922, 0.8505513437206117, 82.23923487866742, 9.589326821567148, 312.9358946945638]"
0.0005139019603928604,11.094340077696472,0.0025688477398904974,0.6415295347083753,False,False,"[0.5037777864511052, 0.7598708200601175, 159.59874231940412, -8.637994083143662, 176.8842858324464, 0.5305271262242142, 0.9196912152627581, 84.29676120849061, -0.9968680064179196, 313.72184661706746]"
0.0005113324505908961,11.177704082087981,3.912369262037276e-74,0.34986910969701945,False,False,"[0.5135362686268033, 0.7339514290522527, 158.20967166714192, -10.536788724304223, 178.1928948943489, 0.5965144269111893, 0.904642154183379, 81.64151149146875, 1.7725182976718745, 313.3186456484133]"
0.0005087757883379415,11.169553860525076,1.515801466574424e-67,0.6223515484651488,False,False,"[0.44777962122754755, 0.7231821808278004, 154.45294719482456, -13.137808822839855, 182.57126066390427, 0.5291573509641135, 0.8798317962990467, 87.63179268180092, -4.41643424319574, 309.9858984940764]"
0.0005062319093962518,11.144940238164228,9.136970102409533e-47,0.4456897865067023,False,False,"[0.5691403084024633, 0.7260201037833054, 153.7381026295951, 0.6703606014018426, 180.8938901977376, 0.5149152151925711, 0.8981378724289497, 84.07900835011598, 2.0546697374740415, 313.31538838033185]"
0.0005037007498492705,11.127647660917441,4.3574902061509375e-32,0.0644291650280886,False,False,"[0.5354657580300972, 0.7227867879442634, 157.2847680661017, -6.2832492994342495, 179.5788666252288, 0.520977930167132, 0.8873166811461732, 87.76276985944055, 4.580677275236981, 315.11731917964283]"
0.0005011822461000241,11.226832588464656,3.419273899031215e-118,0.8569046690220088,False,False,"[0.6017031273998114, 0.7414360357679454, 155.5001474448177, -2.537580790470221, 183.41607505989046, 0.4799468887249987, 0.8721031416746687, 84.72069325209635, -4.372849393676997, 311.3131347373637]"
0.000498676334869524,11.159221527017682,6.695057740479781e-60,0.2750539480154963,False,False,"[0.5914616889073782, 0.7227130377024621, 156.01279915919923, -3.372464063857226, 182.47029503530354, 0.5419981633440569, 0.887071711427057, 84.13665999345918, -1.2045873223191759, 310.65970415486265]"
0.0004961829531951764,11.256769577445251,1.4042032592480122e-145,0.24437084008645127,False,False,"[0.4559864358191367, 0.7651171382054471, 159.66516684024515, -8.232877047169383, 182.96190354715083, 0.6082240527578812, 0.8853344155782201, 84.2383449552569, 6.220888307286785, 315.9470762225659]"
0.0004937020384292005,11.159157359877948,1.9319233236059313e-60,0.43885617748226535,False,False,"[0.5442614800213289, 0.6853581600820268, 152.62060304856718, -9.853018361382578, 177.06132843517696, 0.5322458802023767, 0.8737456890648483, 87.54947814916152, 5.695297139637404, 311.67876007366243]"
0.0004912335282370546,11.11688661705332,2.2753386495098894e-23,0.38480666171502165,False,False,"[0.4650674908069365, 0.7223380209800982, 154.0296745511722, -4.5059937749709675, 181.2012546485705, 0.5012304549092861, 0.9206012602936395, 87.77304932844801, 8.506705306527522, 312.22735060655566]"
0.0004887773605958693,11.132063000269511,5.7352899113883804e-37,0.048186619415570786,False,False,"[0.5211415106764621, 0.7215830011739497, 157.33098645545536, -12.780735141260742, 179.91392976842093, 0.5438371171449463, 0.8872302618834701, 88.77843534235673, 8.861439128516567, 312.0328282832778]"
0.00048633347379288994,11.165955763516447,2.0431078479972555e-67,0.024722385665848945,False,False,"[0.5155868171189222, 0.738831119750987, 155.68292316530005, -12.649431502881365, 182.142891826501, 0.586719445038007, 0.8994176281777574, 82.65962337946638, 5.981249027198206, 313.0426214421172]"
0.0004839018064239255,11.214360871752007,3.4066039873100144e-111,0.36315140725764017,False,False,"[0.4602209480998813, 0.7045072577295849, 156.3696059994817, -4.168389748086996, 177.6655387708514, 0.5665822319022042, 0.8542416166236498, 88.50377631205998, -4.04016961109884, 309.4391724719152]"
0.0004814822973918058,11.143646169361178,5.774237987424131e-48,0.4736168649164445,False,False,"[0.5203472730644954, 0.7058938905381391, 156.10612796222279, -6.204067094045984, 180.67346812976334, 0.4731852775640446, 0.9009196517709862, 82.99034799089426, 10.240281027696314, 317.08987447079045]"
0.0004790748859048468,11.125465237532996,1.0130409982301604e-31,0.0980033596060782,False,False,"[0.544572819483063, 0.7112480520454643, 158.50032953933137, -8.570534821551686, 178.61695174215856, 0.5040241975666006, 0.9128195178943592, 89.14373468618909, 9.490586298143166, 315.4391017695147]"
0.0004766795114753225,11.156264883456684,6.149646975581288e-60,0.045888553330938,False,False,"[0.4481756346148857, 0.7245136920767125, 159.9697633299405, -11.033061114539683, 182.34344411020328, 0.5349841488848032, 0.8972154837601283, 86.65397341502172, 10.408738295665929, 311.38887738831914]"
0.0004742961139179459,11.203876878122596,7.849776053190927e-104,0.6713622894732955,False,False,"[0.44996501011411494, 0.7320364923916832, 156.8756787330687, -7.854560092016506, 177.3007131914686, 0.5680817704299448, 0.8787202490220603, 88.23081481816558, 9.301101709951148, 309.98592572289886]"
0.00047192463334835616,11.200180189473144,6.007094060053366e-101,0.10864990233957572,False,False,"[0.45546173036114357, 0.7352487022913775, 153.47444977221966, -6.960706195852749, 183.07649204495362, 0.5799624888471513, 0.8919879638527122, 86.79344133056969, 8.92189680620895, 311.06473964971417]"
0.00046956501018161436,11.134472648485804,1.1144927922661048e-40,0.9818569378057371,False,False,"[0.5260183940973423, 0.7315364992962841, 154.2732323575026, -12.099658570089657, 178.34110998906212, 0.5591324617014607, 0.8994709440939987, 84.59593275893118, -0.23867950788237025, 316.732663239216]"
0.0004672171851307063,11.183115156644082,4.279769892631616e-86,0.03853702739678477,False,False,"[0.5080007094411492, 0.7286852987953375, 153.02376969852062, 0.22973805535441727, 177.57272435024987, 0.5969067793105374, 0.89016613896625, 88.66472707499464, 4.01647482752789, 313.1340922471941]"
0.00046488109920505275,11.176588179808512,1.995125736454232e-80,0.6778394683630092,False,False,"[0.4930219541883106, 0.7222825770042085, 154.21657214257826, -1.2141220898613643, 179.43209690290894, 0.5833566329464166, 0.902977410704108, 82.528586606283, 1.133077800168401, 313.0410926927128]"
0.0004625566937090275,11.150453149554,2.7393507162183913e-56,0.598146721887998,False,False,"[0.5437787788433178, 0.7099660124394269, 154.68450320017178, 1.1508986988797396, 180.81799722561823, 0.48999211392987474, 0.8946765818780628, 81.7367059945855, 4.99811008811586, 310.925837072372]"
0.00046024391024048237,11.193654824193239,2.46920930691866e-97,0.32703687473725973,False,False,"[0.5682606310634867, 0.6922984461081627, 153.34731813926317, 0.756803063140282, 179.38006420047148, 0.48695833083667317, 0.8527332705366955, 88.11355680522853, 6.324411892480512, 311.9418670912389]"
0.00045794269068927994,11.182938990665505,1.173708170060977e-87,0.5588540787122208,False,False,"[0.45580764067336044, 0.7296653603077917, 156.6030603963475, -7.177103464591285, 179.408280346494, 0.5601461801500474, 0.8918548027789556, 82.88444623822616, -4.6013347020360715, 314.75989392350766]"
0.00045565297723583356,11.14568622587717,1.378112403076561e-52,0.9463191916931962,False,False,"[0.4930446589942797, 0.686844441338411, 158.78992538859788, -5.68056627628868, 180.25217865000195, 0.5551162896196572, 0.9198768660383878, 84.44248740979553, -4.849044948067469, 310.2384872507799]"
0.0004533747123496544,11.116709091198377,4.328254908982142e-25,0.7228840128274002,False,False,"[0.5372702091646624, 0.7441982326865534, 155.44123646332395, -2.07349914371658, 178.86111499109884, 0.557023076974406, 0.9123793048615703, 87.1934513429956, 9.396074516370863, 312.8979997530313]"
0.0004511078387879061,11.19315361469707,8.289767330538092e-99,0.4480330806290027,False,False,"[0.5977135564134455, 0.7826498740423394, 155.43682913434685, -1.4072412862764203, 183.6969760293, 0.4644339042504714, 0.9103016299096289, 85.56677710051555, 0.29331352230217433, 315.00514574469344]"
0.00044885229959396657,11.172942707161164,9.573467420254255e-80,0.30446845636906306,False,False,"[0.5784442191533173, 0.7030918775045888, 153.42847847288527, -0.7898289287194622, 181.1857446325075, 0.48373661997915046, 0.8893348399182306, 87.6814559344386, 8.468129445071622, 315.89810092094797]"
0.0004466080380959967,11.171927224955898,3.7279773809560147e-79,0.643809909429456,False,False,"[0.5753174121957744, 0.7113048160030471, 155.97638629725716, -13.053029337640048, 182.85593864988496, 0.5908898526369636, 0.8732667304601975, 83.44781157765557, 3.5646697603684796, 315.84185769201605]"
0.0004443749979055167,11.195612221206941,1.0706585388533245e-102,0.058254474712294835,False,False,"[0.5925877996884491, 0.741227753303037, 155.72175819971753, -12.932231043208526, 184.05410698626324, 0.4864914504105352, 0.8836620713932495, 82.60834427139099, 0.49878475521804333, 311.0107586426643]"
0.00044215312291598916,11.162924923595114,4.203051362189863e-71,0.20058084291703815,False,False,"[0.5583030095669769, 0.6996066163363479, 159.89915786036156, -12.922197122117716, 178.3343654794532, 0.5885533949630614, 0.9028460438474253, 89.0066963553593, 7.213953015201197, 316.5315591255997]"
0.0004399423573014092,11.197625308061383,1.0351542962658718e-105,0.661014006578977,False,False,"[0.5221710270453686, 0.7031063990534011, 158.06809503272495, -8.251371893825203, 178.710782627005, 0.6160586621719478, 0.9022254766665901, 89.29647393252658, -1.2029966561659258, 316.70223384496074]"
0.00043774264551490214,11.165713700316472,1.405004087534827e-74,0.31068792050229865,False,False,"[0.5644132002120343, 0.687514419666575, 159.31909152643806, 0.37351341664455084, 183.51972240602018, 0.4923856745703546, 0.8851725250969682, 86.14400725900808, 8.100698677955137, 310.49526165397805]"
0.0004355539322873276,11.126748112148768,4.260645755927809e-36,0.6563665367241224,False,False,"[0.5010074964569506, 0.7162782350977729, 159.37029789407407, 1.669152029548048, 180.44979585323924, 0.5109180350212852, 0.8987323011013025, 84.81361001860944, 10.118968090704229, 313.2493561058665]"
0.00043337616262589096,11.175944810668085,1.4151038750299983e-85,0.38351303266151016,False,False,"[0.5345213925555108, 0.7197483923412706, 159.24274683850524, -2.3262221224874597, 182.35856986050194, 0.5967836906430242, 0.8758148300525637, 87.92951548462766, 5.528837539962463, 317.09044679743454]"
0.0004312092818127615,11.168541856499186,1.5147149833452346e-78,0.2983277319717369,False,False,"[0.5941520044324111, 0.7600429232752716, 158.6567888165945, -13.01801086538313, 180.6832105833644, 0.48460001754359044, 0.9059707749359953, 85.76785631642866, 8.111656677307073, 316.1672263791032]"
0.00042905323540369766,11.17269288878995,3.868447104861155e-83,0.5950757489375109,False,False,"[0.5437362965954312, 0.6957747736835863, 157.02177977651363, -13.005997405992996, 182.5361576066404, 0.4810011303734627, 0.8669381840904259, 83.46834749622252, 5.9306803517331, 309.68781660308935]"
0.0004269079692266792,11.159271271805046,6.718096384773506e-70,0.5990610632558518,False,False,"[0.5320120491203549, 0.7022277938278485, 155.38681970050612, -6.7364778031497075, 179.4414699765929, 0.552681111696818, 0.8729711262151143, 82.58218439163075, 5.454011819136836, 313.97753639275425]"
0.0004247734293805458,11.11721171807811,3.0334645679368156e-27,0.8949899660757549,False,False,"[0.4529650939460519, 0.7393747187734796, 159.09740562141636, -5.476904457541021, 181.94647786986468, 0.51032407055465, 0.9163029451189579, 88.06460625577569, 2.0815481369953925, 309.86856519314813]"
0.0004226495622336431,11.136136983296609,7.979665345780495e-47,0.5200829523933466,False,False,"[0.45784446523023, 0.712886555165421, 158.75741327316808, -9.959474515456577, 176.94043230180043, 0.5327637661349718, 0.9133128750553459, 89.37529291855057, -4.344293382482114, 313.5168459357989]"
0.00042053631442247487,11.126127058202142,1.0179907159482755e-36,0.802410952026536,False,False,"[0.5508515591929721, 0.719868654544934, 156.8438688032525, -0.9371549579708276, 184.45934398583256, 0.48985130712711833, 0.9224664829003887, 84.64236698482445, 9.595249533464317, 315.4720973223216]"
0.0004184336328503625,11.169768921506218,3.39435554132296e-82,0.958437740646175,False,False,"[0.49963294240039324, 0.7094847419341185, 159.6493404075089, -2.5573325291168274, 177.3455908013679, 0.5635127747642215, 0.8753102056429204, 84.07747080510411, 4.319662900535732, 314.4065161542508]"
0.0004163414646861107,11.173537019493613,1.551609394458503e-86,0.6271974978130269,False,False,"[0.478323919066043, 0.7321345605391314, 159.0196234071087, -10.328787421091596, 180.6101002381342, 0.5786670850319711, 0.9053158626547465, 82.07653273424505, -4.779582988074491, 311.48947198006834]"
0.00041425975736268016,11.129107521705361,2.1767522921942925e-40,0.9480362109524415,False,False,"[0.5389249810481032, 0.7246176295303876, 153.9158569728737, -11.562149178146228, 179.03573413368528, 0.5076784881017018, 0.8974061248481222, 86.0751932711673, 8.37703108779309, 310.24902947753134]"
0.00041218845857586675,11.219865675227462,3.2576901266207534e-136,0.2435689993087924,False,False,"[0.49106617479558806, 0.7047874683758492, 155.50149953297685, -8.85472200948389, 179.25712140090764, 0.6072901693393555, 0.8912347376935577, 83.10688610532067, 4.529875382328264, 312.36346372627764]"
0.00041012751628298743,11.207813720096858,3.9281913655309535e-124,0.593196625603183,False,False,"[0.47339393253940154, 0.6876108344534021, 160.42457657298084, -10.213340848307359, 179.5334527647077, 0.5658006104602307, 0.8500177769575001, 86.12382466894464, 6.095191413648756, 309.6585806859133]"
0.0004080768787015725,11.18916331636539,6.648046547721529e-105,0.07323782246732191,False,False,"[0.5971393913440698, 0.7242469545302199, 159.65240658103588, 1.0985704048494558, 183.713739224411, 0.4666206914223677, 0.8922164118926099, 87.21568554445206, 9.794767904289987, 317.23101590893765]"
0.0004060364943080646,11.15448918147931,2.4347864007317358e-68,0.8143127340139368,False,False,"[0.47516215064875045, 0.6988831287745739, 153.28010647684428, -7.351542146691836, 183.41039770222702, 0.5059887321619352, 0.8680934731927537, 85.72852621148812, 6.001036354712701, 312.9049951083932]"
0.0004040063118365243,11.149199095469433,5.412223207217524e-63,0.7423105204852218,False,False,"[0.573031719414001, 0.6985252585125119, 158.76335002691997, -13.848127160184351, 176.67880654050668, 0.5030667429982555, 0.9035601928681639, 86.9691397479568, 5.985347729668405, 312.9649272417614]"
0.0004019862802773417,11.17800174295428,2.0087292116954212e-94,0.03130663643527143,False,False,"[0.5948936667955175, 0.7047239047155561, 155.8933499604696, -10.728832254588957, 177.2787879675538, 0.5176960582689558, 0.8846781134543802, 81.75047153449565, -2.0137086788829404, 317.1921688399109]"
0.000399976348875955,11.20228070335984,2.9510512006527503e-121,0.9222596234709692,False,False,"[0.4463246319261265, 0.6880854910106384, 156.87763959395892, -8.540881054001831, 177.20832843592757, 0.5397444021507629, 0.8515539944318015, 88.06525433968872, 1.918476619731237, 316.5501175659976]"
0.0003979764671315752,11.118928264733976,6.655864127580432e-31,0.22638966364843183,False,False,"[0.5128345580145163, 0.7209529420000822, 158.1658709317828, -0.2909327325045403, 179.52310008655488, 0.5296170288970873, 0.9116938953000491, 87.10238272534018, 1.6199217524330454, 314.7578763000762]"
0.00039598658479591734,11.14704346058781,6.862642266546249e-62,0.6776388787424621,False,False,"[0.4921568265621029, 0.6910875401454729, 154.69585722039784, -6.694993800259839, 181.03486485610998, 0.5153226177574057, 0.90087684821518, 81.88123189910264, 5.207190493623202, 313.4362870931127]"
0.00039400665187193774,11.174167392943911,4.282899346334488e-92,0.3164178436986489,False,False,"[0.5074466087879639, 0.6856926051084715, 155.52436801771134, -10.509248910915616, 183.32645849743784, 0.5738600688827664, 0.8978662931554394, 84.03450454315387, -5.268160083429088, 309.9737792914896]"
0.00039203661861257806,11.156161272185297,1.3170802420743744e-72,0.9115853082254152,False,False,"[0.522907695225901, 0.7078178153695137, 159.10289940580645, -8.211610556117703, 177.1584524791436, 0.5617196948086522, 0.8830776931816551, 84.01597742250489, 3.7801496554015053, 313.7381706552382]"
0.00039007643551951514,11.142905870365416,3.284005087747758e-58,0.14943629391283264,False,False,"[0.4453906707704774, 0.7192755906193803, 158.54151370568366, -8.69818933581183, 177.93322813173043, 0.5340544859128917, 0.9175262122880995, 84.32735884888362, 4.0526613407523, 312.4590389654967]"
0.00038812605334191756,11.161173023782531,6.130147668654238e-79,0.2879514538739868,False,False,"[0.5503083861976327, 0.7079402181470349, 158.64412075990813, -4.6593780235157976, 177.79386146827386, 0.4675992112250032, 0.897514021027433, 82.19049806448581, 10.356954393865356, 315.6121612742124]"
0.00038618542307520794,11.124535942294944,3.940850781547323e-38,0.5350490398554967,False,False,"[0.49898233830433636, 0.6962068301422214, 155.97996803021104, -7.706969767441802, 182.46622982668293, 0.49742231837962736, 0.9194799118175138, 87.49294784110184, -4.479455665713042, 313.73332263990534]"
0.0003842544959598319,11.193091635875307,8.398275217023685e-116,0.5885538371944103,False,False,"[0.5247882604057924, 0.7153743111629707, 153.77677110665812, -2.0704569946657223, 180.04433090588049, 0.6089052568838246, 0.9005336242912712, 86.44790401450193, 7.684061174755174, 312.0423403191143]"
0.00038233322348003277,11.161445960743606,1.9607488608411166e-80,0.4862358389387871,False,False,"[0.4523637325064099, 0.6895446175749876, 156.83890293977657, -6.516254645286544, 183.15267304300735, 0.48082249601104976, 0.8789638507474843, 81.72178943721433, 8.852947376489984, 315.2182055199738]"
0.0003804215573626326,11.138729896000624,6.681182081340677e-55,0.5363617372783798,False,False,"[0.5383045699511841, 0.7176318980880511, 156.92181370218452, -11.517105690979951, 177.17173439929533, 0.5412304939933226, 0.8747402740635011, 84.93355193459725, 1.7963427007384993, 309.5159276427115]"
0.0003785194495758194,11.11630517455005,1.9126340672434367e-29,0.9882612625547286,False,False,"[0.5199270181730092, 0.7296987660223089, 156.19259142699732, -11.761384972709212, 182.50489662323136, 0.48634701119962137, 0.9079511345103422, 89.22412225416402, 8.65714107089163, 314.88615289059516]"
0.0003766268523279403,11.21155964510882,1.9854373996357643e-139,0.5448497596584077,False,False,"[0.4590403127934993, 0.6956144126956288, 155.20370249177907, -12.067441145067999, 177.4888794257132, 0.6074211565632005, 0.9042625519455971, 89.5073834562045, -3.070913397816664, 309.3986078908239]"
0.00037474371806630057,11.207474630743754,2.1628535343153703e-135,0.6552640155910331,False,False,"[0.48007044226365425, 0.7036250053894658, 154.8844353650896, -1.4999313387467996, 177.19407562061784, 0.594261445318699, 0.8781959473836821, 89.34698137110584, 5.093324009662018, 310.5971035782518]"
0.00037286999947596907,11.115407985491027,7.78931597538177e-29,0.7736016078979249,False,False,"[0.48936180638750193, 0.7372621624160928, 155.15746197322744, -0.913198238411935, 177.00570792520156, 0.46102251702978425, 0.9042106472308912, 88.67468717003, 6.005455607398822, 317.24306150269706]"
0.0003710056494785892,11.200599836117835,1.0611008655247443e-128,0.11638808030299364,False,False,"[0.5970502530490875, 0.7194404570275632, 155.3966305525373, -0.6206360506436592, 178.3444580156046, 0.47330315118749305, 0.8854662397403523, 83.57698704434793, 5.01890742587139, 311.9867955282095]"
0.00036915062123119626,11.172526368833525,2.5718800452675266e-96,0.8081585867623013,False,False,"[0.600742757657182, 0.7025576270177132, 158.65334240154547, -8.350766308498219, 184.04276480223004, 0.5860462894648216, 0.9118331203132762, 82.29435220533497, 2.6641023798512986, 314.546165594171]"
0.00036730486812504027,11.170341968600074,3.256076803099349e-94,0.10831262306895773,False,False,"[0.5751361712678019, 0.7155827670396885, 155.66569865032017, -7.731040679892423, 182.06885041334067, 0.5997270349516713, 0.9168908881842444, 82.48552010114547, -0.8714102459773088, 314.12567680199004]"
0.0003654683437844151,11.14808033761354,3.139929790243731e-68,0.8002002241671111,False,False,"[0.4680851560431128, 0.6958481793538226, 154.0403993938023, -7.931556936256245, 183.89533177272207, 0.4640013958563384, 0.8846857143641451, 87.84272522916166, -5.005997937679979, 310.69910158718403]"
0.000363641002065493,11.2231089928897,3.5595188629604643e-158,0.7182681178313551,False,False,"[0.4614934319397507, 0.6877896264416415, 157.85626424005758, -6.071670266890166, 182.90013910928388, 0.5762815885491591, 0.8492601606335501, 89.23956995414724, 7.405810256703004, 311.1611428735994]"
0.00036182279705516555,11.156385160705831,7.055794268362661e-79,0.13730887719746476,False,False,"[0.5771890153497625, 0.7322333952680218, 158.37763879453672, -9.590516077042597, 180.03722210615118, 0.4746078430970142, 0.9041795193555187, 87.54164027089267, -2.9376469423554283, 314.0850389859482]"
0.0003600136830698897,11.115002323438862,2.382804174072271e-29,0.4100702186514009,False,False,"[0.4920676002047355, 0.736564514284436, 152.85416851584955, -12.956152791550284, 180.9859290158573, 0.5075611682491142, 0.9057466410018442, 84.74341863177004, 2.095852781208251, 317.0856381507146]"
0.0003582136146545403,11.187359801013656,3.219564322615655e-117,0.6309553041389325,False,False,"[0.45010996264544945, 0.7137267397672126, 158.17812561792223, -12.022484253905597, 176.83025263140723, 0.5514723709212502, 0.8758403396194253, 88.44891827218676, -3.2440757374077727, 311.9348405963058]"
0.00035642254658126756,11.158606176071354,9.08208485643177e-83,0.35744094121834535,False,False,"[0.5349711793348746, 0.721971015293726, 158.76465348371687, -10.093090703445785, 181.23881109120614, 0.47579593219635663, 0.8747566226993545, 81.71686098038357, -0.05287539771514993, 316.83350291694563]"
0.00035464043384836124,11.218437833686938,1.8869588091204025e-156,0.3539483310012961,False,False,"[0.49461617590741247, 0.7107460884969865, 158.17450523802594, -9.153697696582427, 179.6639674054729, 0.59555456446531, 0.8603390791361853, 86.31886097525825, 6.051071836681098, 316.2294038309509]"
0.00035286723167911945,11.164997688997467,1.841457288900824e-91,0.3925670322881397,False,False,"[0.46765140968441443, 0.7090600390443392, 157.71961879856943, -5.0541866996070475, 183.33248701418526, 0.5271152036399479, 0.8617748608709098, 86.86683700905722, -3.853401932572977, 311.18468348442514]"
0.0003511028955207239,11.159638781118083,2.7407822237288855e-85,0.39569527458602916,False,False,"[0.5253301003184088, 0.7166115262690369, 157.49366930583878, -0.4924651800838937, 176.7702789804104, 0.58731051103127, 0.9046024406738196, 86.69281788307082, -0.7862599931182253, 311.7768160467888]"
0.00034934738104312025,11.176390283523112,1.542238299276534e-106,0.792634749541466,False,False,"[0.49419672805918935, 0.7497050526696899, 160.06875105377074, -6.5117320034467845, 178.2385679748942, 0.5981643603689893, 0.90147539226834, 89.32749957837669, -5.360858762611697, 315.89980101929774]"
0.00034760064413790463,11.149316235960555,3.0403453838200103e-73,0.5347741895582867,False,False,"[0.5966763041668749, 0.7058227970807063, 158.31551609298594, -9.010426618625514, 181.80158856949154, 0.49477132447609473, 0.9219818038253558, 83.75805922407424, 6.643459980702074, 316.78728175250046]"
0.0003458626409172151,11.151232439461985,5.156651410079489e-76,0.08625623883628564,False,False,"[0.5117315993583798, 0.6930043527240658, 158.06190684903348, -2.097483101995021, 183.15908028200428, 0.48038444101142286, 0.8747224724807121, 87.33667109488364, -1.619866607319576, 315.2497116325362]"
0.000344133327712629,11.17132642736751,9.452115622831877e-102,0.061072393007630565,False,False,"[0.4496362176313247, 0.6977228770664795, 155.42583276406924, -0.7648214411343446, 179.6683750584681, 0.5159011445346703, 0.8753742890295031, 83.02612618195931, -3.1743309173723695, 313.8583504967597]"
0.0003424126610740659,11.164248921715801,2.78308989365965e-93,0.10282036669890027,False,False,"[0.5388793829622657, 0.7042980409002606, 152.71566576663767, -5.188678856280706, 183.74397437868532, 0.49105646117245194, 0.8646208365417235, 83.31218896561244, 1.3163618933673256, 310.12865248759005]"
0.00034070059776869553,11.175617974256099,3.070284552202296e-108,0.8669657913104337,False,False,"[0.5932581245480308, 0.6872861702700211, 153.58723067212338, -3.1921944212856204, 180.6276672174657, 0.5647671646884131, 0.8828189563670534, 86.1598536338459, 0.7272509638433622, 310.70646010332865]"
0.00033899709477985205,11.162156723887728,1.5571542966732654e-91,0.06841939081165715,False,False,"[0.48190072981931553, 0.710599340373635, 152.53373291467165, -3.4031794342882, 184.2600189966929, 0.5608639735480003, 0.9058511136680113, 84.05262186332457, 10.365016754732705, 317.15397117219226]"
0.0003373021093059528,11.187030396688627,5.1265997155802875e-124,0.26675373264354174,False,False,"[0.48153668724749527, 0.7642028594837, 157.23251092921456, -3.5604337274732494, 182.7926285970745, 0.5949668556371908, 0.9019157837962625, 87.82374427908228, 2.7523189310603584, 311.9617756743667]"
0.000335615598759423,11.130760378337161,8.035420447088491e-52,0.8828012735557876,False,False,"[0.5481585978314406, 0.7060791189611684, 153.5099176728731, -4.699139705701942, 180.92081229725167, 0.5171781177902902, 0.9171783518931718, 86.09686667241135, 8.726365438479466, 313.8225298226777]"
0.0003339375207656259,11.15090204684375,2.8410772046780595e-78,0.9098205189679105,False,False,"[0.5111050099630704, 0.6868125870772576, 157.43805842731058, -9.284702715701089, 179.75157223004678, 0.4663970152316037, 0.8897572464440984, 88.95655967314019, 4.9624214134787685, 313.89619691595453]"
0.00033226783316179777,11.192423873081232,6.197590462483353e-133,0.6534516876617867,False,False,"[0.6034897188576548, 0.6940963836972975, 152.99029632597984, -12.055242674653286, 177.64453786782371, 0.5846983135168886, 0.8596414232347136, 81.8174963220821, 2.7161631939125765, 312.45036364276143]"
0.00033060649399598875,11.189760262976613,4.235057445974898e-130,0.9543811477722253,False,False,"[0.5840446298371927, 0.6920072673435794, 154.2809965576855, -12.973418355955094, 179.05382276803272, 0.5050072352596698, 0.8698931628852737, 82.40526142622674, 9.775779262664635, 312.18862821260734]"
0.0003289534615260088,11.133526787257807,1.6516118326107288e-56,0.39719637000460006,False,False,"[0.5218521848910277, 0.7248710873360487, 154.11936283317416, -11.451492540774067, 177.79653440060548, 0.5529651353778073, 0.8986259027483696, 87.53976822511488, 5.27939769309908, 317.2518106398741]"
0.00032730869421837875,11.162325193876814,5.321026338588084e-95,0.9077884253380757,False,False,"[0.46568584090404325, 0.7187987064849019, 155.80961132697328, -7.055160490635689, 183.0396355437258, 0.5714125394482443, 0.9157121184491993, 84.8141808693752, -4.388682232274951, 314.85181943007086]"
0.0003256721507472869,11.122225661815857,5.3247146508717064e-42,0.446193879938518,False,False,"[0.46623946282632467, 0.7121446323430038, 158.24432433158208, -1.310452795099307, 183.12618501633176, 0.4715583098778503, 0.9176683403802981, 85.17782599675954, 2.082435946957057, 310.99686479445]"
0.00032404378999355044,11.144955100956125,1.1379554629267436e-72,0.9565917782558349,False,False,"[0.5658618534021878, 0.7356949939366795, 157.79375356156908, -0.9640244718861553, 180.57755872371357, 0.5875783273313566, 0.9212264632976008, 83.4169578526263, 7.388325521865836, 311.7967117146046]"
0.00032242357104358266,11.192818754911894,1.6739828797062027e-137,0.7778427566362079,False,False,"[0.4537700583546652, 0.6953988703348317, 152.53889200122097, -12.468572053905023, 183.68342700270546, 0.5838359640485487, 0.9140184943357569, 82.24068588315556, -3.0501712282527293, 311.5432702335097]"
0.00032081145318836477,11.231956262895988,3.5852753362254544e-191,0.4217139131500355,False,False,"[0.5779886472463635, 0.6874205915096857, 155.18921915012498, -3.290614186985959, 182.02401552659722, 0.4623835891938791, 0.8463293958610334, 83.19788427660478, 7.829623872838724, 316.65843130408837]"
0.00031920739592242295,11.151254529557914,2.4857608769581692e-82,0.6227223034184398,False,False,"[0.5270028922894892, 0.7362536270470198, 156.73016248899808, -3.0147492890813687, 177.41834457366699, 0.5818803825906227, 0.8976215707086405, 84.24387773770087, 1.7481375295009158, 315.20594296588797]"
0.00031761135894281084,11.219727362008971,2.276181463891211e-176,0.9274376802046497,False,False,"[0.6006953717672391, 0.7036875441013963, 152.58415635117615, -8.820196952518227, 183.78494550336666, 0.4868500939821017, 0.8578010433420062, 85.74669386720262, -1.8570207420275349, 313.532017184135]"
0.00031602330214809676,11.214313060077306,8.2257392928846e-170,0.7833886914394923,False,False,"[0.5120166135923, 0.6866782930142092, 152.71214080587336, -10.856867622892889, 183.67055014782957, 0.6004727012361216, 0.870363012691941, 85.1232160501226, 2.660170815823447, 315.9187798717874]"
0.00031444318563735626,11.175943171136108,1.1487625667079994e-117,0.4752188593022417,False,False,"[0.5159500359578753, 0.6940074618978136, 155.33942347545943, 0.7683084729076626, 181.40219449382454, 0.5729146210818911, 0.889907857113501, 81.75449296081511, -0.5542269234071036, 315.57476513173594]"
0.0003128709697091695,11.165414496967546,1.2228924722155345e-103,0.847660451762276,False,False,"[0.45641621778470787, 0.6974337978193161, 158.60323946335507, -10.281583667825219, 181.14505577189587, 0.5009697506715389, 0.8654335067603354, 82.50627291100216, 8.21612043382359, 316.16152161052617]"
0.00031130661486062364,11.17200114226284,2.4066282251627145e-113,0.12658147059275926,False,False,"[0.5012331244817808, 0.719209362284516, 152.7597206194286, -9.829426061742442, 180.89944364271958, 0.5874420094755791, 0.9128463337984841, 83.27661326491099, 2.065377241039716, 314.4134425240088]"
0.0003097500817863205,11.200633147757426,4.6893873849571804e-154,0.772550000149426,False,False,"[0.5553166519649777, 0.7081222077601677, 152.66899143433363, -3.6543582552528786, 183.98971110654355, 0.6167433993937849, 0.889397760504227, 86.0717776489415, 8.098452959252596, 309.58795999037005]"
0.00030820133137738893,11.119063071082383,6.968315831129074e-40,0.1815443730200902,False,False,"[0.4665842781227768, 0.7391436814897933, 152.7175952345936, -10.399143962375584, 178.3375084605612, 0.5003793441519047, 0.9096736921001842, 83.33207028672871, -2.828025363026443, 312.06979969076934]"
0.000306660324720502,11.197917059003426,9.392781469240359e-152,0.33304135311765304,False,False,"[0.45109707934275245, 0.7281479222243855, 156.81286379810743, -1.5609051533460008, 179.93075372915862, 0.5807788308829854, 0.8958777777281964, 85.4242463000151, 4.915515723282798, 310.9412126386418]"
0.0003051270230968995,11.17690286678448,1.3300209865442237e-122,0.7961585138283171,False,False,"[0.4952375101097854, 0.7336882023069001, 159.1355898690555, -9.663462405440796, 177.82974542652906, 0.5807007537688689, 0.8803479249252171, 88.33765864032115, -1.1973985541436374, 309.65239747389796]"
0.000303601387981415,11.16868599578451,1.842688253981252e-111,0.5784767630714471,False,False,"[0.5420457400850288, 0.6971459931948071, 154.20156193400814, -8.156307865557629, 181.46186022961106, 0.575094236045487, 0.8524456839609813, 89.50293919835777, 7.393261962309316, 316.16687053943144]"
0.0003020833810415079,11.133434254219079,2.4499993613550096e-61,0.9297317096350272,False,False,"[0.4578878286896907, 0.7180953578484324, 156.7139405896707, -7.722412251823293, 184.02484481573643, 0.47538228219903633, 0.886531707926776, 87.58953744140261, 3.3942841256605814, 316.2125962202909]"
0.00030057296413630035,11.246354171564157,8.469843791267942e-225,0.5583323813890045,False,False,"[0.5934152397318363, 0.7223708471780108, 159.42596090509326, -1.4089852497607414, 176.8776146072439, 0.4672127122671643, 0.8535371474304271, 84.640397866536, 4.654339361535245, 310.8079459833921]"
0.00029907009931561885,11.191100790430458,1.091571423014483e-145,0.10567733327589546,False,False,"[0.46045228426575324, 0.6921212324437085, 157.3154819757859, -5.381606195397113, 182.50880678692815, 0.6032604064290482, 0.9205180070397573, 89.52969154865296, -2.0105071741181444, 313.7855234584108]"
0.00029757474881904073,11.232342100355869,1.3185813727781112e-206,0.8176367246376663,False,False,"[0.5044840283609477, 0.6986919813230554, 153.67256295554986, -3.3936692906447057, 178.14070217188265, 0.6052279398177278, 0.8512057046800686, 85.8875780453718, 5.323082147070892, 315.7889059608927]"
0.00029608687507494554,11.183958810840771,1.130328418743115e-136,0.8769415788501574,False,False,"[0.564284244742162, 0.7055131993599494, 154.5026609492302, -7.360759305799133, 182.43212211901758, 0.47280259601793617, 0.873452272173908, 85.58131033667892, 5.057487255478756, 309.478389835742]"
0.0002946064406995708,11.220486492477075,3.3321440745204353e-191,0.027604062226186388,False,False,"[0.5146500352819448, 0.7024881993568687, 158.5939729970577, -8.73757453929636, 183.94957503501064, 0.6062681643179928, 0.868696637551055, 82.14536474315864, 7.540429612706335, 310.56027904258116]"
0.00029313340849607296,11.121501575737923,1.6502893117681033e-45,0.9469622332811797,False,False,"[0.503948591605529, 0.7290607112297278, 159.87830230457422, 1.7520422668438353, 180.36537444734708, 0.532998883321785, 0.9012454461611401, 86.63118438700671, 6.075431026460835, 312.05445338712957]"
0.0002916677414535926,11.145205011892088,4.98893143575988e-81,0.282993628070483,False,False,"[0.5541248997441309, 0.7032511013379025, 152.90347971376065, -3.148252852711069, 183.17357890366543, 0.5142415783423031, 0.8959832960664098, 86.80310406169434, 2.407806813159196, 309.5234927196251]"
0.0002902094027463246,11.181061837961837,4.3173798968418073e-135,0.5575155679391391,False,False,"[0.4563145914721103, 0.6890368243555575, 158.8638015446691, -11.553385351637857, 181.583175112204, 0.542365104064848, 0.8819911562797289, 82.9120717414848, -3.901157255391663, 312.1178559486527]"
0.000288758355732593,11.217794833697635,5.168341329850251e-191,0.7241840119495626,False,False,"[0.4522688818757746, 0.7250466840303169, 156.65931818443036, 1.7276889473923305, 176.63397805954938, 0.5637324998036455, 0.8643099827844406, 84.6955191406102, 0.5485564649420702, 312.5525721015133]"
0.00028731456395393,11.198569339288344,6.572200832220286e-163,0.5619803465694833,False,False,"[0.5901514627561311, 0.7248764979426512, 160.25362955448318, 1.153648122298625, 183.36243353331648, 0.4765118054139667, 0.8733049297243204, 88.73294760844573, 1.5516166039837263, 315.3219347905541]"
0.00028587799113416034,11.186352590275796,3.6469011613176954e-145,0.8719299484636999,False,False,"[0.5767126227974643, 0.6974714441949007, 156.55958530544828, -13.763424002775366, 179.28311722138957, 0.5972535594556514, 0.8589582890739804, 82.23510147642814, -4.738141137990683, 315.0362766147128]"
0.00028444860117848956,11.19954731114454,4.9032143376360536e-166,0.15872998642034086,False,False,"[0.5825585927218078, 0.7022607398614621, 157.8921041045346, -3.4735015771241144, 181.70833587166652, 0.4688563624408502, 0.8699811798153623, 87.4519305329033, 8.294245498571081, 311.50610481496295]"
0.00028302635817259713,11.14292663866009,5.524694236051751e-80,0.4270063925105322,False,False,"[0.5884904113536947, 0.7249302529229147, 159.33038409154312, -8.19207361690455, 176.5789215797185, 0.571711135613666, 0.8987140687725492, 89.42710903820134, -0.6508506023862637, 313.13507594390524]"
0.00028161122638173413,11.127175489857494,4.3161330411479875e-56,0.343062610780419,False,False,"[0.4610107097273939, 0.7273232089333512, 153.91522818950884, -8.736371158935524, 182.90420558434698, 0.5052597984840601, 0.9063209908722819, 86.85985954150439, -3.5076136261542192, 314.8122484804849]"
0.00028020317024982544,11.214625891806165,6.5333052129491975e-192,0.8847217740272383,False,False,"[0.44952460984531495, 0.7074959310831848, 153.78403220408563, -5.179895033515903, 180.31468255245682, 0.6024740424327468, 0.9001615163184947, 89.06971529912147, 5.378869451089715, 315.7177938332453]"
0.0002788021543985763,11.159630358936305,3.3251232279851294e-107,0.964073312728051,False,False,"[0.5617454025469667, 0.7228740252826866, 152.55680792922803, -4.905106439849799, 180.0745337579011, 0.5949065170591235, 0.9142884706708023, 84.68605196490392, -0.41237684136088326, 316.62770460388384]"
0.00027740814362658343,11.158563730164106,4.535185565758045e-106,0.4528346653334474,False,False,"[0.5506398682460454, 0.6893079507132218, 153.77625351586042, 0.0058933045743572166, 178.01238387284886, 0.5454788308894604, 0.8946984221786566, 82.93689084038859, 6.572036857462798, 312.42452986883745]"
0.0002760211029084505,11.136825648847344,2.1387255867427627e-72,0.6262846408432694,False,False,"[0.5819735527259347, 0.7141342016349478, 159.70596118944326, -11.822033964480754, 179.08783815869762, 0.5131051303532614, 0.9160872711582424, 87.3512352968718, 4.659515515363243, 315.27080392020446]"
0.0002746409973939083,11.142671006726541,5.328944825605454e-82,0.47325161661722615,False,False,"[0.5246599183000114, 0.6974455122260579, 154.09943013410177, -13.638839936949374, 181.31094028849168, 0.5647864279466709, 0.9201500882025895, 89.38728894815293, 5.9241687099883915, 312.12828357719326]"
0.00027326779240693873,11.22203736934186,1.528208457679596e-208,0.5565290892623914,False,False,"[0.4929777514465273, 0.7106280156527061, 157.18181987476433, -5.756748764305687, 178.249710515742, 0.6024938187226307, 0.8685907171170204, 85.43938040289405, -1.2492337569162242, 315.1854025963555]"
0.00027190145344490403,11.164179248351708,3.578832496539166e-117,0.524244544681497,False,False,"[0.5033833980655924, 0.7469284348009423, 157.9052047396932, -13.368782253161532, 179.2277983920575, 0.5856887380085001, 0.9030171603589895, 84.37633315580408, 8.23414137288253, 311.95097981719664]"
0.0002705419461776795,11.165386472366514,1.0731405521458237e-119,0.7812494003482253,False,False,"[0.4658044817779392, 0.6861116466303108, 152.7890125179063, -1.4274539228701038, 176.8174174184464, 0.5394933597974411, 0.9010349053188504, 82.23340979185846, -3.9234228816566272, 310.354497483493]"
0.0002691892364467911,11.152441604035117,2.0764867663583554e-99,0.5981630878240642,False,False,"[0.557081664252412, 0.7032519352810331, 158.0549321643968, -5.767686170509974, 182.60273510952578, 0.5548935016523712, 0.8763046622351045, 86.77896273045228, 3.542038681557992, 315.84292867787434]"
0.00026784329026455716,11.166296616605562,2.2710532027317685e-122,0.8863543633469763,False,False,"[0.578309146375016, 0.7326136912870205, 156.18501924117982, -13.37269324537652, 184.12029827342838, 0.45967900861942607, 0.9068632374701436, 85.88206322481068, 7.35536167593326, 313.38674230946464]"
0.00026650407381323437,11.172424309977313,5.74481108993021e-133,0.7433845748443619,False,False,"[0.5983939394259693, 0.7056541884067153, 153.12344462323196, -10.485259745658052, 184.27038071486112, 0.501297894669199, 0.8992758403972136, 83.36508666138889, -5.30789749801251, 311.8161563836257]"
0.0002651715534441682,11.189153951938545,4.956350074473435e-161,0.718400424974405,False,False,"[0.6022638448004232, 0.703885827763532, 155.05091861884492, -13.542624529520145, 182.56659307311472, 0.5125893627354197, 0.8724642345697056, 87.38472390912072, 8.961970871417858, 311.2111009065063]"
0.00026384569567694733,11.180606283767833,9.103670741580086e-148,0.2923140475719297,False,False,"[0.594613118910972, 0.7338213004424559, 157.0163726536554, -13.587428624725582, 180.51921842979868, 0.5142101386536512, 0.8764046202305769, 85.4143964721931, -2.436073868605229, 317.3645375919484]"
0.00026252646719856257,11.201016737620144,2.8545763753798125e-182,0.6654865967983291,False,False,"[0.531523524871872, 0.6925522402879636, 156.01834228228606, -5.492585908794856, 179.31690966713626, 0.6122339636307134, 0.9217577464535194, 81.59681025675361, -1.7586410313400158, 316.53362432468975]"
0.00026121383486256975,11.186820224798137,1.4008761567419565e-159,0.0933164613093227,False,False,"[0.5252214595563347, 0.6994000536997925, 156.23618617395525, -3.408730486730043, 183.4110162363145, 0.5964454165152251, 0.886887560415078, 86.84944216830206, 3.8406806350495017, 311.0320220337852]"
0.0002599077656882569,11.177381420287546,1.3181625787904987e-144,0.38715337269670946,False,False,"[0.46613295401399635, 0.7210094307041226, 157.8236169520688, -3.8515296909453767, 176.51661124627304, 0.5469161806704503, 0.8728537263913827, 84.28760198578264, -0.24825586159019863, 310.7996585031951]"
0.0002586082268598156,11.148916576955898,1.5829661294077165e-97,0.8637121025368969,False,False,"[0.45625604242664713, 0.7016462628321992, 155.65801788692747, -10.94613048895576, 183.48638988797543, 0.5128696099248744, 0.9007189844880165, 83.82591415538482, -0.16034947324729742, 315.56373616531675]"
0.00025731518572551655,11.197039450532259,3.101997088230952e-179,0.6498633401770784,False,False,"[0.5804408435794409, 0.6921956757264952, 157.48030535145705, 1.4113897985316441, 184.00913251406956, 0.6106560865470131, 0.9224271578983978, 83.48751861357827, 9.726408530291533, 313.6369595404459]"
0.000256028609796889,11.190225302731054,1.423216897507091e-168,0.6070686241566096,False,False,"[0.5275960635233609, 0.7164363226626681, 154.9212476235283, -11.363571753336426, 183.11097141294002, 0.6031117746027386, 0.9026289939136455, 82.28317755449278, 7.028094825273419, 315.5398900700127]"
0.00025474846674790455,11.19359292581999,3.704295802791885e-175,0.37929198760875826,False,False,"[0.46699731558020463, 0.6975373100915467, 155.30765026467327, -6.274041985464672, 182.22630029098943, 0.5695050614126252, 0.8859929233222623, 83.98646921827392, 8.735977319060657, 312.77513176546773]"
0.000253474724414165,11.15140207488577,9.559913719234153e-104,0.8403652193822263,False,False,"[0.574046689067355, 0.6942248953997661, 159.43037256443338, -3.18506367854771, 183.914596317501, 0.526227426297697, 0.8966784324654654, 87.60183443880958, 4.085087822686869, 316.41370866707433]"
0.00025220735079209416,11.194499013357628,1.7822289376114275e-178,0.1557356877224283,False,False,"[0.4593343506427701, 0.6870883658702439, 154.55176528509966, -4.312138446512899, 177.42362201156666, 0.588023313967183, 0.9118721186482985, 83.27497072870611, -3.8881092602045815, 309.7259775926083]"
0.0002509463140381337,11.147737996868315,1.921466349000179e-98,0.3020423949103186,False,False,"[0.5919371594336069, 0.7545312333341496, 153.38515427578454, -10.077781518316867, 181.79941081342065, 0.4912525750958137, 0.9216184220928904, 82.09866726790244, -2.382859125277575, 309.7390311926411]"
0.00024969158246794304,11.194280666070973,6.91558813859949e-180,0.6586935972370616,False,False,"[0.47047970851215803, 0.7079454688449737, 156.04916518598583, -4.03622851565842, 182.3387831190598, 0.5913086473312903, 0.8964420403340888, 88.74979751489977, 3.2652733058394663, 316.1438751739786]"
0.00024844312455560335,11.142185947126805,1.010251475019443e-89,0.43703588724700493,False,False,"[0.46791819555558734, 0.7546566204058227, 159.81303674011028, -7.698841062245114, 182.27853519476093, 0.5557620650549348, 0.9133234735499306, 84.23281363341758, 5.98845478072189, 312.6914633736763]"
0.0002472009089328253,11.137737907009424,2.353677874721542e-82,0.4836554567755499,False,False,"[0.51681837480686, 0.7164503553769015, 159.00592756344997, -7.448168089878109, 180.79842850031372, 0.46335104341679034, 0.8982676939939622, 86.42146366723844, 6.465304915637846, 309.803978461532]"
0.0002459649043881612,11.173586227076006,4.623959931560143e-146,0.08692747409690771,False,False,"[0.5958504619261423, 0.7062765286971082, 155.00454388693512, -0.10930790259034318, 179.13803665974064, 0.577095237041348, 0.8817989014464903, 84.55261907944069, 8.466222171413309, 313.8665182601537]"
0.0002447350798662204,11.107469534060234,1.8281989992069528e-29,0.02724224849225909,False,False,"[0.5009639013424454, 0.7482493630791511, 154.93072227504385, -1.9967400042258863, 179.23071699692903, 0.5265277694202399, 0.9064482040705413, 85.82919847390801, 0.5748183294207436, 309.5331174192812]"
0.0002435114044668893,11.144818197910006,3.2174596616369237e-96,0.22304571468822465,False,False,"[0.5014349058503713, 0.6906127492700732, 157.18907387317932, -12.455824376974968, 178.6110646109776, 0.536700016863934, 0.9054250844265418, 84.48626317189047, -3.684098419662913, 311.33418497264125]"
0.00024229384744455486,11.123088013817174,9.494240144656425e-58,0.840380101155736,False,False,"[0.5195664805985986, 0.7252158610689934, 157.94081513296646, 1.2530728910279656, 180.652742016149, 0.5172723293466418, 0.8828422232843354, 88.35969837705312, 1.9234580796947185, 315.2408479777892]"
0.0002410823782073321,11.14440585124352,1.9417548564578577e-96,0.8472034376734401,False,False,"[0.4678086128263488, 0.7084490641871151, 154.3939978007746, -5.392844381398037, 184.44832785187162, 0.5030166875863651, 0.8787345019091484, 87.59577531742389, -0.9533896040772465, 310.68991527874556]"
0.00023987696631629543,11.161962976080698,1.047751898307106e-128,0.7724028169480106,False,False,"[0.5804323288631299, 0.703877019931226, 154.08675757988232, -3.009060433688928, 178.68345659756937, 0.5337742760794906, 0.8776299388222939, 87.39903219626125, -3.4936425144127377, 314.142457256816]"
0.00023867758148471394,11.142880950274101,1.2546970336742706e-94,0.8295166185840149,False,False,"[0.5852566420057818, 0.706434697596308, 153.04642042970832, -1.8602202211809526, 181.220241859941, 0.5021960902994717, 0.9192796242430337, 88.94724861696187, 3.4804010501776386, 317.08302301507723]"
0.00023748419357729036,11.149947631094001,5.053830152695697e-108,0.22014106968051728,False,False,"[0.5365999755120296, 0.7220268056111732, 156.15513036800414, -8.71768911310109, 176.969653385587, 0.47761312698913067, 0.8851411312160781, 84.12938540673177, -4.532682581077891, 316.06696896060373]"
0.0002362967726094039,11.126882237634451,3.60398321268832e-66,0.6442440573050584,False,False,"[0.5698190140136195, 0.7384092359989174, 154.1168261091785, -2.3569201980417525, 177.49896238694623, 0.5122079499706049, 0.9176767543559262, 85.26587936913009, 1.4371187242161323, 316.580829936987]"
0.0002351152887463569,11.141958117976385,2.4011990341798947e-94,0.8555831445950828,False,False,"[0.5481867557517783, 0.6865198835486699, 157.97219342386904, -8.520978626133221, 184.0434330330142, 0.5041659435452487, 0.9095366531304367, 85.51030924525274, -5.126335067486551, 314.69103223061757]"
0.0002339397123026251,11.224511107821442,4.523789105513572e-248,0.7710012618741743,False,False,"[0.47685021465842925, 0.7221685655057868, 158.95335195776357, -9.258029760315116, 178.03745405289231, 0.5917723691370529, 0.8640463513405474, 87.28433575799922, -1.4310037389232786, 315.9004082178252]"
0.00023277001374111196,11.12540881756931,2.0620221147738303e-64,0.38479398601943837,False,False,"[0.45828175360333107, 0.7434727620898006, 154.72014472900312, 0.43858276571463506, 184.07798827243886, 0.5023547580302815, 0.9041811997459618, 81.68223896895931, -3.9799618205201384, 312.99443578885723]"
0.0002316061636724064,11.157602254802196,4.236363593660018e-125,0.2172711707179359,False,False,"[0.467211943289336, 0.7557413922948536, 159.6193870933725, -5.932862668829811, 178.617200523096, 0.5592512919756127, 0.9049028517087061, 82.15194013353549, -3.7742424257781995, 312.10012672132694]"
0.00023044813285404435,11.149822641157662,4.6045872883442144e-111,0.17114819087127509,False,False,"[0.4906412798567386, 0.7315352343536015, 160.46700744349752, -9.6119935657995, 183.58179531601283, 0.5727346201826045, 0.9111556210116334, 85.3838213999349, -1.4314653526680683, 314.84549206335566]"
0.00022929589218977412,11.168303091378094,1.2767677016102935e-146,0.5083454368631992,False,False,"[0.5645453946565046, 0.7252402415250524, 155.1189115120317, -4.92083988409088, 183.2445544095028, 0.6048158068667883, 0.8801286693319017, 88.31693023226792, 2.523094602181917, 314.6515156685649]"
0.00022814941272882524,11.13081839461319,5.334342977371208e-76,0.8970767580322445,False,False,"[0.5335836567781002, 0.7533511275911462, 154.38739756873642, 0.3156452058763808, 181.89976016173995, 0.5834086825722221, 0.9077003213732483, 88.34941831379889, -2.5320880174653713, 314.76772295167564]"
0.0002270086656651811,11.198413679612361,1.0740725994546465e-205,0.9551071456288378,False,False,"[0.4964240203970506, 0.6912792691729949, 160.40639432334945, -1.5253117932483136, 176.79742252226202, 0.6001572956701395, 0.8943668431999058, 87.78484233528853, 10.10912458247062, 313.47435918315125]"
0.0002258736223368552,11.211897401215358,1.1897437222758388e-232,0.9688745294016956,False,False,"[0.5996837508283529, 0.7094130115834778, 158.10762733018055, -5.521312157886639, 179.79718817949868, 0.4743725827719017, 0.8718455419672645, 84.34157137916142, 5.997666886084833, 314.7992901037457]"
0.00022474425422517092,11.117573430476277,1.5173739117424265e-51,0.1734649596281106,False,False,"[0.5098152467477655, 0.7118746235998975, 157.45175345927328, -3.021457905394401, 176.56634072318622, 0.5137471741186846, 0.9182602686619961, 87.98869370117544, 10.41620988916427, 314.8021701112824]"
0.00022362053295404508,11.153230765887082,4.736346981732634e-121,0.30550311487950843,False,False,"[0.598904801573337, 0.7048790758094519, 156.97050184247018, -11.648599831089012, 184.02081779577293, 0.5731449281668609, 0.9167263718884772, 87.54950484712018, -3.05316992384018, 314.35728724509096]"
0.00022250243028927485,11.11704525636566,5.011763628624788e-51,0.10522420238949237,False,False,"[0.4979675958761697, 0.7135176557598627, 153.42361193469188, 1.2259621971912296, 177.73104276433045, 0.520762948817453, 0.9216127658412354, 89.0949995116617, 3.8718723209253394, 312.40029326230984]"
0.00022138991813782846,11.129461611353623,1.2314205423467523e-75,0.05851195376256513,False,False,"[0.5416459951652525, 0.7197530805635785, 152.77175452595745, -12.441801678745417, 183.24813803269444, 0.5498369390178875, 0.9123408577553945, 86.90241780817948, 1.850425578349368, 316.14856880635637]"
0.00022028296854713933,11.118313144340807,4.937572573515484e-54,0.16766397153592305,False,False,"[0.46458182486283606, 0.7537691567371341, 154.3256291001966, -6.056844572085767, 179.48418377452126, 0.5203286974698578, 0.9144216016796487, 83.34370243862634, 4.441887535217182, 310.11577842931297]"
0.00021918155370440363,11.130854180380606,3.7702182242046e-79,0.5698221784318042,False,False,"[0.49771961827888567, 0.7061637738114436, 156.6854401057461, -13.889575926427739, 179.09390405145186, 0.49940153298264356, 0.9023410099779018, 85.5934718181106, 3.984519651709947, 315.959381193205]"
0.0002180856459358816,11.15361812093526,7.084342950104594e-125,0.4388259413329787,False,False,"[0.47613630198923396, 0.7269489994289421, 156.73345782114524, -7.121677608942035, 177.5629982102403, 0.5464886070704031, 0.8882033120088947, 86.62790676971221, 0.2208509347540364, 315.84770315573246]"
0.0002169952177062022,11.149067783973976,2.1551695347683664e-116,0.22693007487562344,False,False,"[0.4512541431197178, 0.7069148697965304, 158.5248860561855, -4.037741786088409, 182.42930444444352, 0.5404696139406034, 0.9136072955771116, 85.7773066325367, 8.980956913923215, 313.1701268744997]"
0.0002159102416176712,11.16644884480413,6.179606452836224e-152,0.19333693766066096,False,False,"[0.5349099606372439, 0.684911515457045, 158.62171655442108, -7.23202603967388, 179.02854190645516, 0.4613083698552143, 0.886156298921544, 86.77063645621932, -1.1817240580148116, 311.9009039971396]"
0.00021483069040958283,11.094566536172337,2.2180351050671715e-07,0.5249126201490989,False,False,"[0.5025938281950026, 0.7520915680774583, 158.26475773465665, -0.5194660051809343, 183.32675726021031, 0.5095733598345571, 0.9157333122922147, 86.6637873966179, 4.468643694227147, 310.164870783879]"
0.00021375653695753492,11.184748153893453,1.2254383356914538e-190,0.9384640691279014,False,False,"[0.5549002264373823, 0.6883783206240746, 153.59966836415825, -3.241509252365665, 182.1674625263739, 0.5881245051870997, 0.8888688179937732, 82.0316948202517, -1.73509664443759, 310.3180139483148]"
0.00021268775427274724,11.135479037239879,5.473620534014059e-91,0.654622073132137,False,False,"[0.5231427569118323, 0.7242080477138648, 153.24105933512473, -7.700790762544964, 179.45879966735217, 0.47296629010552727, 0.9041387165727945, 83.1075395180225, 8.747867049430207, 316.1969649021153]"
0.0002116243155013835,11.122407251638759,1.2899076714876334e-64,0.018147176316194447,False,False,"[0.55458319873126, 0.737660588596782, 155.44070081413702, -2.288360180329491, 183.00120913690327, 0.5305434362616516, 0.9008776891011699, 87.51536290858506, 10.065765674907333, 312.5518986938766]"
0.00021056619392387658,11.175206398453373,7.77746096236964e-174,0.8981493576796558,False,False,"[0.5434630130470592, 0.6950285264075345, 158.60295354701606, -4.344748847540197, 182.9153983957354, 0.4877611760014951, 0.8563114093305706, 82.49982544985997, 2.9198461727312814, 312.5172900685771]"
0.0002095133629542572,11.152747995866813,3.752726953198573e-128,0.09069223375215496,False,False,"[0.5869661593857408, 0.7327071826865015, 158.82937073516564, -2.199884193796457, 177.51353389135502, 0.5934803607968439, 0.9046701654513959, 84.45821892729006, -3.858172685638598, 312.7626428685852]"
0.00020846579613948592,11.219023787162936,7.28443417496859e-267,0.40296484859536663,False,False,"[0.5266726892078357, 0.6962072265041439, 153.2916750503999, -0.6018578939085124, 181.0641259398199, 0.6168144103904615, 0.8797196452314933, 84.73808933264637, -2.161857695026269, 309.39388149163153]"
0.0002074234671587885,11.134603165410484,1.911383862486948e-91,0.914199511600706,False,False,"[0.516726724304895, 0.7186739549395257, 159.20505602218304, 1.4261329523751058, 181.44176568729478, 0.5605453307020635, 0.9051599662279652, 88.97524097717458, -2.0642116906983663, 316.97238925903275]"
0.00020638634982299455,11.182556484923762,8.285283872242611e-193,0.8951481300005221,False,False,"[0.5283645661272932, 0.699739465850154, 157.35014330919097, -1.4775127951347145, 179.26751677808272, 0.4614994162213296, 0.8511983632415248, 85.00626197862212, 10.489735232278898, 314.1532821261102]"
0.00020535441807387956,11.167976056223747,6.145276714473416e-163,0.29603519940724554,False,False,"[0.5862708359349968, 0.7020470748850678, 152.86823337425213, -10.384176807299403, 179.7521745713836, 0.578900133476888, 0.8652204064209, 88.57004277645336, -0.4943015579494343, 312.18829906963305]"
0.00020432764598351017,11.273230428558609,0.0,0.7525355239257309,False,False,"[0.4533820212768969, 0.7259863606891127, 158.5013921436125, -1.0710060082446695, 181.15999290845912, 0.5947975724433832, 0.8476748604363304, 85.98070637922262, 7.350047617256719, 312.4482038411594]"
0.00020330600775359263,11.152016544886978,1.7630891376347808e-130,0.5017247615647209,False,False,"[0.5152648146204173, 0.684547571145785, 159.66679355544233, -8.363017876055432, 184.07908769660926, 0.4796712979182792, 0.881752938456555, 88.15043523315128, 6.053147029888594, 315.3706486393963]"
0.00020228947771482468,11.238454241449856,1.0507409e-316,0.5439232689426228,False,False,"[0.490678208945087, 0.6848559302435575, 158.71371244219378, -0.2519416902671221, 182.58246812125904, 0.6115132111741143, 0.8561029450643468, 87.27004929540058, -4.6299270426718895, 314.97043172022677]"
0.00020127803032625056,11.156700972469611,6.783026478694179e-142,0.8694934186925387,False,False,"[0.4549879710604518, 0.6969665803373414, 155.7016913242373, -9.483799268041503, 181.94902836646557, 0.4704675961068787, 0.8747534500047929, 82.64499795923973, 4.115974373705024, 309.4374444270282]"
0.0002002716401746193,11.221895519538577,5.570455004016328e-284,0.7706263201955101,False,False,"[0.4589803487194192, 0.7162392148377372, 158.00357362062982, -8.80697705181695, 178.73095046804633, 0.5773731830262175, 0.8605120656220633, 89.27688698457085, 9.846235635647101, 314.77487437286084]"
0.0001992702819737462,11.181766675166815,6.0294700711184846e-198,0.5058932624245203,False,False,"[0.4559609992660232, 0.7453457040451923, 154.12035012895538, -9.565636059836091, 178.38412150037314, 0.5677830880876896, 0.8979379925860942, 86.91683648725272, 9.584587565118515, 317.2069864278394]"
0.00019827393056387748,11.153616731134319,2.8066634656829507e-137,0.7679276821905849,False,False,"[0.5505107474591927, 0.689738496966407, 154.96358170474315, -4.813920785386795, 184.13052544298853, 0.5163914344812771, 0.8844398480907704, 88.06542924330489, 7.910950035798297, 314.748341102105]"
0.0001972825609110581,11.212245969893244,4.9726628918408075e-267,0.2547113216392498,False,False,"[0.47739416424727515, 0.6915928097905704, 155.28208826350058, -11.754281507908601, 182.17499919156845, 0.561111108468235, 0.8421122219221528, 84.16308450045345, 8.752543123880898, 315.69522670776735]"
0.0001962961481065028,11.18867712618721,3.1853517722104074e-216,0.1612559118732525,False,False,"[0.593010444914298, 0.6870424734447343, 155.7330430953332, -7.57803605183301, 177.4135985939115, 0.582972657913611, 0.8557719432435369, 82.80332386672852, -0.7100291389367008, 314.31005319767013]"
0.0001953146673659703,11.150938003271463,2.165602797253608e-133,0.5658007967262775,False,False,"[0.5268578343164522, 0.7187580680167234, 159.20850188561158, -3.781955410963768, 177.92109209089884, 0.46585753857186674, 0.8759392504246694, 89.2289533798746, 5.275504011528231, 315.7643425396717]"
0.00019433809402914044,11.191726399517687,3.293025495803136e-225,0.11405825515932899,False,False,"[0.4501444018980281, 0.7030672732224322, 154.55592736209897, -1.8294673335408937, 178.11865082928065, 0.589284636175601, 0.9095004016826553, 89.01577953296592, 7.638375156522155, 316.7379435774336]"
0.00019336640355899473,11.25437642441704,0.0,0.09415917454079137,False,False,"[0.47442791380020055, 0.6921901980341656, 158.59692377165086, -6.584661503610416, 180.89112851222475, 0.6041079494401692, 0.8490448326403779, 84.03351009159451, -4.418251365861, 315.87120627864147]"
0.00019239957154119976,11.147464752442902,1.4640337341379484e-127,0.6135255733079656,False,False,"[0.5547295416935801, 0.7334236968642237, 155.96235861920692, -5.394328963645181, 177.57557132078279, 0.5899403470808552, 0.9033620620899667, 87.59801173912695, 5.814120449114267, 312.5316586856771]"
0.00019143757368349375,11.107235054514437,6.210364921406385e-37,0.06826890702857746,False,False,"[0.46289720331412154, 0.745778889446472, 154.82473410956618, -11.104904689253628, 183.3100822018189, 0.5021649404215577, 0.9186736292754123, 88.60747776562974, 6.909114167034771, 314.630642988427]"
0.0001904803858150763,11.106868993891386,2.7911917479718848e-36,0.29108831326440554,False,False,"[0.5080455553740265, 0.7361237452579112, 159.71518949396005, -11.720740376383615, 182.49686529042737, 0.5102596576912682, 0.9135720353918491, 85.7079409453246, 9.884373782067545, 312.2584772129873]"
0.0001895279838860009,11.16333797159286,7.432117633970253e-166,0.7766688104941489,False,False,"[0.4920662988607733, 0.6849532078506665, 159.32699220124695, -7.217981342062625, 179.84202452201174, 0.5402989156092117, 0.8859131362598488, 83.15272000137213, 2.6591417069593994, 316.00467185742747]"
0.0001885803439665709,11.147255463411888,1.1990009688919096e-129,0.860679881573881,False,False,"[0.5541283899971616, 0.7220135175802029, 154.93851793630782, -2.889099375976574, 178.77482326166188, 0.585474760060842, 0.9149048396544837, 85.93109082360226, -2.2847811585154165, 310.1738802905829]"
0.00018763744224673803,11.150568947685409,5.778038901250884e-138,0.9907002502838994,False,False,"[0.5036652588435301, 0.6889531487337163, 157.91706054343635, -4.488550338267661, 178.8821987115075, 0.45973210445881485, 0.9020527923819877, 83.25525601456192, 6.7875942012118, 312.67849616625654]"
0.00018669925503550435,11.121208892212753,2.3370326549137597e-70,0.3416535042157779,False,False,"[0.5821726222088124, 0.7584069002411292, 156.3810772624341, -10.913702500533548, 181.3860884432896, 0.5229677143094806, 0.9225392266445382, 86.44513295203802, 8.473053533542087, 316.62296139515104]"
0.00018576575876032682,11.20417004849272,1.1671453396837542e-264,0.393693913341421,False,False,"[0.602191055224429, 0.7478438624492633, 157.13644019409534, 1.648699728103626, 180.32061397852667, 0.4800056833868017, 0.8855827316570912, 88.48045859089532, 2.385486393752453, 316.9834049327717]"
0.0001848369299665252,11.158524600876113,9.767325107594692e-159,0.32135128837717697,False,False,"[0.514354850261466, 0.7300627197774598, 157.58807546868283, -8.646899215461575, 180.48891417030012, 0.589492799749114, 0.913250052163933, 85.78843086722705, 4.900033161449608, 310.753762989852]"
0.00018391274531669256,11.150014598389856,1.956183706954107e-139,0.26765083739656936,False,False,"[0.5727518142905307, 0.7032827042035066, 156.26463417072338, -9.94047229883861, 179.83589514549277, 0.4849309884653732, 0.9144407611793953, 83.68968724016642, 7.159920839500481, 314.81622886969706]"
0.00018299318159010908,11.153670529605986,8.276079228229627e-149,0.14590800400545745,False,False,"[0.5287865346840646, 0.6999498156795382, 159.50476755985648, -12.942374101049888, 178.36437946771593, 0.5424837671945364, 0.8616186449349963, 84.23981236323044, -3.35828663645513, 313.87980265378707]"
0.00018207821568215854,11.142532805031896,5.488919370935698e-123,0.9221208300863147,False,False,"[0.511547410847757, 0.7423721895004881, 159.01458191861295, -5.923751797089082, 181.02299204580143, 0.5744997444138098, 0.9141076888303944, 81.89159769046769, 6.088201983901106, 317.1759590375318]"
0.00018116782460374773,11.163544415842539,5.7042442815026324e-174,0.7089115104466106,False,False,"[0.48238208801121785, 0.7239897643320347, 159.81311699434923, -10.55970260569257, 178.183545624009, 0.5697209394717264, 0.8953352755995232, 88.72693948274875, 8.624362474803657, 317.01831390396865]"
0.000180261985480729,11.196376541256052,6.0973191814246354e-254,0.1378926307847549,False,False,"[0.5534465073672638, 0.6938843502995908, 158.10763918471764, 1.3170375939613308, 184.42173094858038, 0.6126518492060417, 0.8912689727710124, 87.443197845237, 4.70992728254336, 313.0173574417197]"
0.00017936067555332535,11.154564631033796,5.67357848893114e-154,0.6391958511722801,False,False,"[0.4633233717839881, 0.6841206805749518, 157.79873327286057, -4.561300318824834, 178.14492703968972, 0.5440129078942283, 0.9105314435628937, 86.63958771729385, 4.934976711659578, 311.8620579512921]"
0.00017846387217555873,11.267192652383525,0.0,0.6494819606074324,False,False,"[0.49490447266002935, 0.7105820021181295, 154.15657888338876, -9.313613605311263, 181.42499828193243, 0.6163238426980809, 0.8422512755458235, 87.50503129434058, -2.4718688305010463, 313.7948317003731]"
0.00017757155281468095,11.17890466592492,4.790065635163292e-215,0.6901829879188914,False,False,"[0.4997383109140164, 0.6851089115333758, 160.018317886383, -3.417748738120032, 177.93983915874236, 0.5776249165863357, 0.8865714529425405, 88.73901303580774, 8.006334168012877, 310.31163466350375]"
0.00017668369505060755,11.116398227594317,1.763161072595952e-62,0.8975387731055243,False,False,"[0.48819027425225214, 0.7251459799102474, 153.390896493821, -11.624904859129884, 179.61932344149065, 0.47414747870790974, 0.9154385141200744, 86.70416643050531, 5.9141944234521535, 316.5934317837274]"
0.00017580027657535451,11.137234925746174,2.8926212754030814e-114,0.03747853177114768,False,False,"[0.5867791844650884, 0.7332937607899211, 160.39773001981976, -1.1267811227409332, 179.17204705167305, 0.5153628028494512, 0.9105744902422022, 88.9294788223159, 2.0122356907732915, 316.03910030075986]"
0.00017492127519247775,11.145845264101702,3.258368466390994e-136,0.8008804754497235,False,False,"[0.5227578947594391, 0.6847435236439415, 154.52338649443857, 0.4025146748866124, 179.14710464842364, 0.4756967589719347, 0.9021681343403554, 89.13173498727838, 9.547193981292438, 315.8936288213198]"
0.00017404666881651535,11.147029431240462,7.539405719879887e-140,0.04509105504682254,False,False,"[0.5610155027822044, 0.6904249265446388, 154.3160193807592, -4.42724311661526, 182.73310290234372, 0.5199090742341378, 0.909823079795604, 83.24679703820071, -4.424803748099537, 313.59136877173864]"
0.00017317643547243278,11.237340143551773,0.0,0.9736117079480926,False,False,"[0.4613178127070742, 0.701275667997761, 154.4659088451093, -2.192411592380317, 181.82568215945798, 0.5980684076579211, 0.8710792817845517, 84.14394047916235, -3.8208171238025024, 312.5432791913013]"
0.00017231055329507063,11.235229370486264,0.0,0.20654287543835437,False,False,"[0.4754301654222849, 0.7272176274635144, 152.68958392460885, -1.789745452091438, 179.53657364045836, 0.6098105179856139, 0.882150630993158, 85.22794005688668, 4.226058643826251, 316.41495015259636]"
0.00017144900052859527,11.204455785584921,2.0125837194292915e-287,0.16699791793161045,False,False,"[0.5015869598083483, 0.7453666986094082, 157.18624654140655, 1.3656572242798646, 176.65607458551958, 0.6079643416451451, 0.8982108237103879, 82.2099296706903, 5.699383820778671, 317.3495859769342]"
0.0001705917555259523,11.120751556440963,9.083905876810599e-76,0.8715257696463897,False,False,"[0.5586090597108, 0.7516930829392456, 160.42654730106904, 0.18594975916045797, 180.00461958229914, 0.5701657461604422, 0.910397731458246, 84.41527414102865, 6.538192957888164, 312.9930784267351]"
0.00016973879674832252,11.112272153100122,1.8906872602394796e-54,0.928812203947295,False,False,"[0.5466015895200911, 0.7584571046359468, 157.1590475180423, -11.971222815415647, 183.82907996450572, 0.4803303553508558, 0.9190257331747824, 88.83850942564644, 5.617565073900073, 309.9341848209135]"
0.0001688901027645809,11.150737113797344,1.2458566987965734e-153,0.5586053890087803,False,False,"[0.4999508592427581, 0.6977129445955088, 155.41386786251044, 1.2756867427732104, 179.5845130720911, 0.5105017332727381, 0.8727212810729029, 82.90378361406489, -2.771031605733434, 313.3652730208811]"
0.000168045652250758,11.146768186218292,3.840044296249512e-144,0.30505091369909987,False,False,"[0.4695895229368108, 0.6931874787839212, 154.43045908012155, -8.78054879044418, 178.08998144010692, 0.47131467740832683, 0.8805613537457113, 89.5700996555763, 3.3886633829940926, 315.3624392988851]"
0.00016720542398950423,11.143677627208728,7.780045921911595e-137,0.251503081400802,False,False,"[0.571199494808108, 0.7252468769633386, 159.91452413491388, -8.026381670459756, 181.91463770485754, 0.5835096557164003, 0.9200368460899189, 86.39013878839309, 8.486197760724965, 314.21456355726]"
0.0001663693968695567,11.156571943521284,3.5269457875649365e-171,0.2429948099337822,False,False,"[0.5628870323802928, 0.7058696668014811, 158.97465404758563, -7.814209149479714, 184.31586645435857, 0.5587107826675413, 0.8729033649243375, 83.71649740394368, -0.8577504888477154, 310.87868041262664]"
0.00016553754988520892,11.12834943168457,5.4169959248346744e-98,0.9131060082684752,False,False,"[0.5487276748659299, 0.7175949550074745, 157.04257513421854, -5.226223304301813, 179.6197118975706, 0.5050389450375428, 0.9119057812155458, 85.57330822006647, 7.382978411373525, 312.6004888764769]"
0.00016470986213578287,11.111180270439686,3.27586976371676e-53,0.46901437058698026,False,False,"[0.4471263112745419, 0.751172668206871, 153.1703304341062, -4.697910913012555, 184.29601118178377, 0.4603979021560802, 0.9174058155418221, 83.62995674350775, -2.7905642476800345, 312.60930621451047]"
0.00016388631282510395,11.129440067296544,7.304593942903028e-102,0.5874885713249479,False,False,"[0.5373518126631545, 0.728832294322368, 155.44438709313582, -2.934323374641309, 183.89049979657722, 0.4813585862022889, 0.9139303368136575, 82.06710884893997, 9.051056898724996, 314.454763500878]"
0.00016306688126097843,11.101170228170602,4.427596086739833e-27,0.523219844055767,False,False,"[0.5390508522240327, 0.7548841403760791, 159.43965349155567, -0.013087137792656023, 182.78858470335115, 0.5088072252078323, 0.9213229140404737, 82.05325606959718, -3.3597190733398676, 311.5564375818407]"
0.00016225154685467353,11.156425932915596,4.09480808111918e-175,0.07326385605965002,False,False,"[0.46183635860605904, 0.6980032730493342, 155.22438315683112, -1.5563486298040452, 181.02868577167, 0.4993239649722364, 0.8665652518749556, 86.5800935968909, -4.924172431707849, 311.95372591995863]"
0.00016144028912040015,11.179160315530751,3.780878909621827e-237,0.6558008495210582,False,False,"[0.4737859248968024, 0.7517609715553246, 155.6258104381943, -11.975900503956776, 184.13717992902335, 0.5734653716747031, 0.8992618775078974, 82.15933980924433, 5.965098917128884, 313.1139126138305]"
0.00016063308767479815,11.14284555350138,3.729780925970596e-140,0.7096803559923659,False,False,"[0.5133103307659235, 0.716795796863244, 156.8930477229094, -10.89041811440464, 182.68129809362483, 0.4821970766521838, 0.8714059167208664, 84.25484504913054, -3.7230691170063412, 316.5269488719891]"
0.00015982992223642414,11.224132767873403,0.0,0.08771589966080029,False,False,"[0.5034265296119368, 0.6899913565928494, 160.51433568047833, -2.860169487415975, 178.5132342172025, 0.5947123932167097, 0.8494983383731115, 82.28513822614735, 4.706449267467933, 312.66398668280624]"
0.00015903077262524202,11.20397271491965,1.7207916773739443e-308,0.8917661827758412,False,False,"[0.5340454601762761, 0.6890048624312232, 159.05358634071717, -0.6790296041960495, 180.78955940465664, 0.6084969219800918, 0.8934347963068588, 83.16490829987491, 1.681909235260317, 313.1989806206204]"
0.00015823561876211582,11.130341599954775,5.992373277891743e-108,0.6442084063286863,False,False,"[0.4650342519612539, 0.7537809756334076, 157.89667606976002, -4.970789107872015, 177.10680918456498, 0.532552803095822, 0.90268736279866, 87.90492241419689, 6.165586180954952, 310.10257303660694]"
0.00015744444066830525,11.183395732404986,7.840839697092732e-255,0.21202324560566144,False,False,"[0.5722233655571843, 0.684068997329258, 158.44129960810236, -9.446471979261629, 177.15008083819782, 0.59732635703644, 0.8829717449305667, 89.33126088304532, 8.241038393589935, 311.7027134268054]"
0.00015665721846496372,11.155035673197848,1.7333926897717412e-177,0.4266930997804429,False,False,"[0.4635159562188066, 0.7105351132499534, 156.14109063245843, -9.29886623844235, 182.38676067504704, 0.5158023850823078, 0.8775638469252023, 84.72018079391681, 3.317858749818834, 310.6477832178394]"
0.0001558739323726389,11.144760198199648,9.551725815890138e-150,0.3424433738106144,False,False,"[0.5654111224433757, 0.7219617911295626, 154.49853138210858, -8.18029075023256, 180.00350193419945, 0.538786415316017, 0.8841592036415822, 84.40472348137851, 4.326072303458263, 313.2949105588194]"
0.0001550945627107757,11.14852161230911,4.995259817284092e-161,0.23859303377550234,False,False,"[0.4780926594048585, 0.7029166309328184, 153.77363693043952, -2.5159615408843017, 180.989172865187, 0.5055836927680697, 0.8736315109404267, 85.76426111296308, -4.747720483334673, 314.6872967426051]"
0.0001543190898972218,11.14501207111785,5.885652225968351e-152,0.7833837579626899,False,False,"[0.5022331287570674, 0.742521378822364, 160.40874297506232, 1.3176497164224248, 181.36911942398686, 0.5638575068657519, 0.8979515314107038, 81.88062870637725, 4.19753726923083, 312.19595785712215]"
0.0001535474944477357,11.22234287307434,0.0,0.4578954405434197,False,False,"[0.4991586733569298, 0.7089208500012372, 158.97010036907986, 1.389316806189461, 183.98111721129442, 0.6016600127124606, 0.8680035188761055, 81.82637707553121, 0.1494317946000958, 315.3102560682811]"
0.00015277975697549704,11.135284253150981,7.916702079760104e-126,0.7563985077565728,False,False,"[0.48964171840921933, 0.6892055492881362, 158.29661735463915, -1.3600650520697748, 178.0139625013469, 0.519210063852664, 0.9077846062580188, 89.01295415021237, 5.735630903523052, 316.4178440926568]"
0.00015201585819061956,11.137961548891075,4.179467356802542e-134,0.8735085384286063,False,False,"[0.5092496223115835, 0.6859608438421623, 159.6482154902166, -6.712124863436479, 180.02867877235232, 0.5312580147783335, 0.9180514596630336, 82.4662728690684, 6.719132837292273, 310.684046347899]"
0.00015125577889966646,11.13895793178359,1.2302749867245804e-137,0.8792997555458488,False,False,"[0.5440893947628844, 0.7034071400029537, 153.2074297532766, -5.898048848330509, 183.49118030762762, 0.48150926147626977, 0.9116007165742079, 87.43675855707875, -0.30415534350696305, 309.64855906665065]"
0.00015049950000516814,11.13791815619512,2.5262677029768396e-135,0.4319238326017416,False,False,"[0.5711429117701318, 0.7146511121719049, 156.49795398977827, -11.00983051843772, 184.3174977437659, 0.5542373852629747, 0.91497911191548, 84.95825102670707, 1.5003242380071544, 312.46413666568486]"
0.0001497470025051423,11.1952691469206,2.4971597506009106e-302,0.5610479596092306,False,False,"[0.5176201698397999, 0.7280600533452786, 154.70601084246368, -2.1138020512887383, 181.03133991587322, 0.6072177606542762, 0.8845415570129708, 86.87086942005278, -4.95104571745545, 309.44161409674876]"
0.00014899826749261658,11.198126838323535,3.567511774894e-312,0.5375043207713153,False,False,"[0.5969169537041449, 0.6971421982313423, 155.83672752329667, -6.751531857759428, 179.33195388755502, 0.49797582494063897, 0.8625263435979671, 88.9408571931962, 3.5032678079102855, 310.5290435622586]"
0.0001482532761551535,11.223517734728066,0.0,0.19589133936408065,False,False,"[0.5221315695945388, 0.703216737070539, 153.58714285344536, -4.222787639241536, 184.02759843541932, 0.6135992128928346, 0.8541304448398327, 88.79421274216593, 10.2202852540607, 315.4275063563916]"
0.00014751200977437774,11.158577217517436,7.138140759296969e-199,0.7196823114105921,False,False,"[0.49188037926582984, 0.7015498201015496, 156.04849991100224, -3.1835601816414023, 179.8450006960385, 0.5424756115868863, 0.8903261376807361, 81.9361355865886, 9.928485100985759, 310.0551573866754]"
0.00014677444972550585,11.17904627621113,1.9565000901495305e-260,0.7598616283086438,False,False,"[0.5678712206422819, 0.6974077672558044, 159.42625123862402, -7.605889508088559, 181.7335897990238, 0.5994910014112546, 0.869205584073475, 89.0870945643262, 8.400984502988821, 310.31876641733913]"
0.0001460405774768783,11.1186073296354,5.240136789051761e-82,0.4719936376079048,False,False,"[0.4928197300656213, 0.7143890242581107, 155.5379663043987, -7.229603006808848, 179.95849654607815, 0.48355427686146524, 0.912875409195216, 88.69020646731617, 10.096683667418178, 309.7842591798503]"
0.00014531037458949392,11.1188883484648,2.9580516844422424e-83,0.40350434319223616,False,False,"[0.5106613922358838, 0.7343431415363643, 152.90438581813297, -12.309095076143993, 182.6487811218079, 0.48217207506403875, 0.9094054034941502, 82.97848616891481, 9.00028850563513, 310.87206712045025]"
0.00014458382271654644,11.137930057216177,7.238456285028492e-141,0.5667958559117053,False,False,"[0.4895073047470258, 0.7103211967427919, 160.210675885644, -1.8678760222176845, 178.23934177295337, 0.45900480209383276, 0.8833506227720677, 88.91195727192272, 1.6537135963773526, 310.0106855779859]"
0.00014386090360296372,11.18941339505415,5.4318919467902155e-297,0.9081766116205875,False,False,"[0.5264957973091323, 0.6889643027220118, 158.7877642492012, -11.371802350410244, 177.33260065142034, 0.5942652707769454, 0.8988602823704382, 83.44444316133759, 8.496211962174726, 314.06591687954966]"
0.0001431415990849489,11.11790285107657,1.624076161944623e-81,0.5766368667840599,False,False,"[0.49978951028466034, 0.7201743173106979, 155.78887112606233, -7.596277500386666, 180.55479098912315, 0.49309621349075544, 0.9058784015592227, 89.20990544454976, 2.9648043222571356, 314.3620681398779]"
0.00014242589108952414,11.146821310057794,4.2125463512380124e-170,0.8944152572320179,False,False,"[0.564973435418908, 0.7013896431472983, 156.58395552816813, -5.7096164233164775, 178.0879408989179, 0.5103062825952002, 0.8973059126596341, 87.9989035056701, -4.321773142724576, 311.08643459817296]"
0.00014171376163407652,11.149525354292024,3.0663847160084533e-179,0.3071078087391811,False,False,"[0.5146826634382006, 0.7276305780203645, 157.1502288369202, -13.830639437304086, 180.68437726377888, 0.5774646690579139, 0.9016112928788023, 87.4031267107321, -5.090509486056288, 315.6489009099782]"
0.00014100519282590613,11.2213432729163,0.0,0.44352827730211697,False,False,"[0.4701987692182464, 0.7418554106834591, 152.90274950636416, -10.60035211552414, 184.15531435926852, 0.6019074328710544, 0.8875752617093436, 87.88011243094812, -0.5800390448412998, 311.3477095098337]"
0.0001403001668617766,11.263063964123507,0.0,0.12622271945221164,False,False,"[0.4439179541868221, 0.6901817665836943, 152.70837082642166, -11.54213555580327, 180.23254479166349, 0.6022737136061564, 0.8544425911119115, 87.28673614708174, 1.3626613649605979, 312.06009933452026]"
0.00013959866602746772,11.263371274891599,0.0,0.3760620635813948,False,False,"[0.4759727065551224, 0.7234250297054032, 153.71788179112156, -10.045357770648655, 184.39072549868675, 0.604860233257546, 0.8515049946380033, 87.21606580284126, 2.5329182773227163, 316.3015284736695]"
0.00013890067269733036,11.247889772915533,0.0,0.2812312108799234,False,False,"[0.4538609847795028, 0.7214141766614791, 160.1612182784637, -4.74433352569323, 180.30459335623172, 0.6101216564251439, 0.8815144544872066, 83.6107997219077, 9.798924079581303, 309.82799260748897]"
0.0001382061693338437,11.146206865071221,2.420869402543095e-173,0.010066028155607198,False,False,"[0.5769529811340789, 0.7401499604069328, 159.93784195968817, -2.914828523849387, 181.28591679631, 0.5928765581098765, 0.8953541147471674, 85.55437535108437, 1.9538261333298905, 316.57575578220883]"
0.00013751513848717447,11.127746591797013,6.561554841955354e-116,0.9950600187390045,False,False,"[0.45056695303575245, 0.7176327430261581, 158.33926813509646, -10.447016459961212, 181.33216629491127, 0.48377473214274413, 0.9045340336274099, 88.50197268043974, 9.357043447646912, 314.6378471090623]"
0.0001368275627947386,11.184640954394894,4.507251443498512e-297,0.3304804500870234,False,False,"[0.603442512497099, 0.693366171382585, 160.5062030416419, -2.494170829144963, 177.66687503543585, 0.5974367219240966, 0.8580789129227936, 86.26924596293368, -5.216127090376432, 312.95438030873254]"
0.0001361434249807649,11.156935580762134,3.501530695101339e-210,0.9752679039071404,False,False,"[0.4940832439787417, 0.7129495635916132, 155.30757340722283, -11.625647094337634, 177.30955924601713, 0.5563581286823663, 0.8979426108431064, 82.3795980180438, -0.8105023724235156, 313.09812030637437]"
0.0001354627078558611,11.196329504630086,0.0,0.5145704929050822,False,False,"[0.44501776178869357, 0.7550065086172647, 160.0872383480375, -5.6400463845006925, 181.75541676375235, 0.6004276818032855, 0.9193692589267857, 86.02160139976279, 7.8282128960849295, 311.57380664022963]"
0.00013478539431658178,11.158917063468035,1.1202483597431398e-218,0.08255121239991337,False,False,"[0.5300901664396029, 0.704786847519076, 157.05837761666362, -9.464753933426534, 179.63586895291357, 0.48100883627893387, 0.8555210977281242, 89.23718859043629, -5.039082126268923, 314.01269914341395]"
0.00013411146734499887,11.292716840919276,0.0,0.33837190354458113,False,False,"[0.45202533564168546, 0.7395597395452593, 159.10740068728995, -4.163032677031097, 176.95984894768057, 0.6103770148454348, 0.8565755124815172, 84.18986997847227, -3.9421097768823117, 312.99951986176876]"
0.00013344091000827386,11.17626080870457,2.55092496811256e-277,0.10380002848133485,False,False,"[0.5292518023314027, 0.6853361016388198, 157.1266223637803, -8.236381366904203, 176.9161757491909, 0.5754064911682469, 0.8923536993627782, 82.69472518817977, 4.757226488089884, 311.92736452562]"
0.0001327737054582325,11.202489459672428,0.0,0.04461101712018145,False,False,"[0.5348232973276911, 0.6914056885032287, 156.85026595554797, -6.90841499290438, 179.7732882112903, 0.6178859492266487, 0.9080773822312266, 87.45590638727977, 0.09241391969946022, 312.99142388743235]"
0.00013210983693094134,11.165788379374177,1.1134634698406494e-245,0.530319720520067,False,False,"[0.484492393811322, 0.709098423916574, 152.89207810624805, -8.071470750450677, 176.72845126609445, 0.5423154165285725, 0.8622652344133932, 87.95910513349814, -1.344845059481731, 312.8572247271974]"
0.00013144928774628663,11.124573336775361,9.680034852371786e-111,0.8611840651329356,False,False,"[0.5858361036419142, 0.7613567806011741, 158.20576602250208, -9.35020684198963, 183.00893262538813, 0.5384093463497471, 0.9126212784607224, 85.22601633685966, -2.503971602270676, 311.40270315310755]"
0.00013079204130755519,11.225355380415387,0.0,0.7067021978712258,False,False,"[0.45061784060198123, 0.751858776767438, 158.1492823271284, -6.089696570308824, 179.37230474769044, 0.6141157035338587, 0.9085093137519837, 85.96314990059176, 5.166381945662106, 314.3494536895084]"
0.00013013808110101741,11.19629119560145,0.0,0.4048281761196807,False,False,"[0.5431938487059772, 0.6871097975722212, 160.20538992008125, 1.6598207081461425, 177.79016015007838, 0.6038618125062397, 0.903098208207717, 81.66999765132644, 2.9197172199970343, 310.8626531853785]"
0.00012948739069551233,11.15192920301564,3.7047973351429064e-204,0.42562026522433405,False,False,"[0.5544932073781766, 0.6971311513259737, 157.94890203333443, -5.423574592621232, 179.39155964499037, 0.46258777141434837, 0.9130293733011527, 85.78769753386506, -5.161438977268727, 314.71384151439975]"
0.00012883995374203476,11.19131183906991,0.0,0.4569406060265304,False,False,"[0.5604707981989164, 0.7247185598806571, 153.12624624925007, 0.21159939684144824, 184.15191737244027, 0.4642639478259022, 0.8746988380020332, 83.87973915431661, 3.8954949304720063, 314.5836510400598]"
0.00012819575397332459,11.213571066373039,0.0,0.7190510132093908,False,False,"[0.4924581596560601, 0.6971198036409225, 159.66985482057444, -0.567590443499487, 183.86511731005277, 0.6141935619806327, 0.9044326914250688, 84.86038393004544, 1.5434554487756724, 309.5458101784283]"
0.00012755477520345795,11.130341022632376,9.75622444782443e-134,0.23892727126735303,False,False,"[0.4512803918702156, 0.7189560243945506, 160.0215528611037, 1.2150497989277262, 180.3974498926534, 0.4720738314379631, 0.9037929429187165, 83.12662164056587, 3.149152063642566, 311.2120922535284]"
0.00012691700132744067,11.17110054614972,7.027057367898058e-274,0.33921286007035734,False,False,"[0.46172838036511465, 0.7277951632743709, 156.74030442458528, -6.449056178380674, 179.64003001237015, 0.548320070429415, 0.8859701922477599, 84.09556309314301, 0.12254184823199132, 311.35724582638267]"
0.00012628241632080346,11.155340194596583,4.733124250466335e-221,0.33438506146162084,False,False,"[0.507959976748454, 0.7019398556064164, 154.8751534101912, 2.032921117832762, 176.5229061810648, 0.47602909069405785, 0.8586543870947119, 84.78357501567, 3.1901965062597366, 309.9784630361395]"
0.00012565100423919944,11.234113407904474,0.0,0.7912806382424992,False,False,"[0.45734553672661155, 0.6870024782068227, 156.60432248644614, -11.331431204001596, 181.90561001186038, 0.6096976423506882, 0.8845165730482174, 88.43994895006449, 8.58774160507173, 310.3673071461345]"
0.00012502274921800344,11.18394237619693,1.24e-322,0.14045111513631148,False,False,"[0.449434679061588, 0.7123517399881953, 155.03002953430826, -11.835579265321737, 176.6553600823263, 0.5859144446834363, 0.9133977231013877, 88.54228329986331, -0.4896828558701767, 314.9306481985049]"
0.00012439763547191342,11.124149326399106,1.6977366622636964e-115,0.6759927895209817,False,False,"[0.4562582409042259, 0.7317413349175524, 157.7907176252255, -9.964648373070554, 180.10553017562978, 0.4832502171412726, 0.889889873003374, 89.30247470375602, -4.303936299660579, 313.20553806295584]"
0.00012377564729455385,11.130515883410528,2.0637158025508415e-138,0.8551461622509826,False,False,"[0.518701593501969, 0.7339766578698489, 157.73179422841525, -7.002108078144831, 177.33369151979647, 0.5480753788990075, 0.891232967640684, 84.62750542553454, 10.631936283709049, 313.4266385884704]"
0.00012315676905808108,11.150855874911143,7.883771803975524e-211,0.9109073408201868,False,False,"[0.5894947091532663, 0.703454132844307, 154.86893707086085, -0.5615489025264768, 178.9397722375288, 0.4782478594719969, 0.9223095285597993, 86.1616267771639, 2.074574642449141, 311.5737891296797]"
0.00012254098521279067,11.182416982225277,1e-323,0.6911827183181554,False,False,"[0.44692127400456033, 0.6927817322490567, 154.2529461189899, -13.068662504969641, 179.64430247076695, 0.5160817891391258, 0.8636505138372123, 84.29338215060967, 0.811388789149035, 313.52944310000606]"
0.0001219282802867267,11.204808900979748,0.0,0.2148635090615182,False,False,"[0.4505565475798532, 0.7006055868656103, 155.48764708125006, -3.2214227370416317, 179.30216711596577, 0.6087051775363251, 0.918183467650137, 88.67673116565851, -1.3071862772842628, 315.88359623503953]"
0.00012131863888529308,11.15673856656271,4.5148306518528636e-235,0.8516706161781419,False,False,"[0.45979219153252826, 0.7056240907867597, 153.38232474403281, 0.4344184281343697, 176.58714769441485, 0.5428137599722445, 0.9022710865573569, 87.25668030169543, 5.581030056820326, 310.3602855186218]"
0.00012071204569086661,11.129074693452624,1.0123934307748055e-136,0.6032598029828018,False,False,"[0.46073753584483096, 0.7168040711961042, 153.00002075452565, -4.825889702819861, 180.37449108903232, 0.49899311635291405, 0.9079181754378128, 87.45223384025732, -1.747151100591319, 315.2921994117703]"
0.00012010848546241228,11.14928637194102,1.735902445355339e-210,0.47384054607816495,False,False,"[0.5374047264705909, 0.7072202124714783, 154.18169696482556, -12.354113667068106, 184.16679232542887, 0.4907771211071741, 0.8796669203580879, 87.40633878085912, -1.6860550225890147, 309.5273059866909]"
0.00011950794303510021,11.11981567015588,1.917026855371032e-104,0.6846718756489727,False,False,"[0.5280061195321453, 0.7430442149258178, 153.37804203148366, -6.217426695621965, 181.34126216397078, 0.48723177552188346, 0.9072461819863643, 83.22664978985179, 0.9472377201885962, 316.9845937991162]"
0.00011891040331992471,11.185360933262016,0.0,0.3448378440831169,False,False,"[0.5178048351967569, 0.7313564974331347, 154.73046946167577, -3.7124474362317113, 178.7498916419459, 0.5925204541875445, 0.8802982662431756, 82.7284316538204, 2.8849409087834683, 310.86885451206706]"
0.00011831585130332508,11.130016132304464,6.243596779184612e-143,0.734633910524248,False,False,"[0.5468852307538229, 0.7395499789862847, 155.7866632142888, -6.330430084217399, 182.04702384099795, 0.5020910078011525, 0.8982789042010189, 82.89664539334883, 8.49336063824055, 311.101381226449]"
0.00011772427204680846,11.134871965646344,1.469846975614323e-161,0.9102827131379488,False,False,"[0.501504758929568, 0.6951552785368779, 154.48722359567236, -13.499982242016431, 179.110915899328, 0.5008751702300784, 0.9072188116558351, 85.68586799788852, -4.932632002002126, 309.79427434207315]"
0.00011713565068657441,11.152967467017309,1.8527830054915578e-229,0.9379899003230204,False,False,"[0.478883162280594, 0.7130205402664413, 156.88174985665202, -12.7146261704298, 183.59302621003482, 0.55749144016501, 0.9038078597034847, 88.15949885150474, 2.998119621666442, 314.9578345051235]"
0.00011654997243314154,11.1698165906652,2.1594759896998188e-293,0.4104291403730773,False,False,"[0.5730937283941699, 0.6866602009308247, 159.5584777750718, -11.660622526950398, 180.02815230194284, 0.5578520784877197, 0.8440519513111747, 87.24864572518791, -0.8086505427078201, 317.3095925330936]"
0.00011596722257097583,11.152595577038369,2.2696134931698186e-230,0.0026923961835014776,False,False,"[0.5472493357854747, 0.6960345651832295, 159.90903669785052, -13.092878330845375, 182.12167610113409, 0.47082824694331266, 0.9018112782365406, 85.79392788548209, -1.6802197715154499, 315.21980007797555]"
0.00011538738645812096,11.156055581745205,1.510820563351675e-244,0.8907410243143937,False,False,"[0.44513651759647144, 0.6898582399963912, 159.28857930161467, 2.067120519422037, 180.81700414878776, 0.525862520087875, 0.8996200111720081, 87.25272379981801, -3.130647985165176, 311.2213540337535]"
0.00011481044952583034,11.137117746173594,3.893117006429903e-174,0.07689043441037036,False,False,"[0.5186333605685203, 0.6876636719327016, 153.74417929320026, -2.288433420784516, 177.49523354433376, 0.4686239595421646, 0.9216661223768196, 84.75874733805264, 7.094515857407588, 311.3314214015875]"
0.00011423639727820119,11.22852180175543,0.0,0.6097015834662676,False,False,"[0.49908243741669667, 0.6887603476674475, 155.86337456507556, -2.3517617586100066, 177.4655969355422, 0.5985914125166959, 0.8550445641976331, 83.50326467339696, 3.4800511719558553, 312.05259294733156]"
0.00011366521529181018,11.19679303933378,0.0,0.9082589477818815,False,False,"[0.5227530054848275, 0.6890887861903428, 155.43829603391728, -10.64717605641916, 176.9636810475006, 0.5961928549284363, 0.8914407563986865, 82.92252056751965, 1.349500777897143, 315.89278535297194]"
0.00011309688921535113,11.219306764140976,0.0,0.6492577262539021,False,False,"[0.467807357390678, 0.7504010627367943, 153.89884618033076, -6.894604881446028, 179.35952614745915, 0.6145591073876844, 0.9049479472968205, 88.630667884853, 7.315375550205005, 314.32285181072996]"
0.00011253140476927438,11.148939174840006,2.8553580372781595e-223,0.4133569161964211,False,False,"[0.49894395785221113, 0.7001534127227699, 159.79529185172262, -2.0357522630950093, 180.70965876476447, 0.4696227620547465, 0.8586750512753408, 89.09854561367419, -2.7125193390050857, 311.4915052050912]"
0.00011196874774542802,11.162031437664165,3.599444523522937e-275,0.06510296685235673,False,False,"[0.5170510000365263, 0.7146950548255725, 155.90104031570058, -4.673084815117447, 179.9226646614918, 0.5709072700719481, 0.867163847159016, 89.38963373938628, 0.4373413283397358, 311.86919492376313]"
0.00011140890400670088,11.135297969673907,2.4524273467146516e-172,0.2543022723147732,False,False,"[0.5032146789547439, 0.7133685158209392, 159.9760395691882, -13.521824648873633, 176.86850461381584, 0.5377685713959107, 0.9035502358908764, 84.24370749063638, 8.726431243349733, 314.4372575060804]"
0.00011085185948666737,11.144117088944434,9.45716739968486e-208,0.8925582293697133,False,False,"[0.5464539110855091, 0.6908050386633677, 159.81022483169718, -2.2089438582937024, 182.49480853883588, 0.48776565667927946, 0.9080260829672457, 84.84253586376059, -4.382225039666055, 312.37244738426324]"
0.00011029760018923404,11.178711813942591,0.0,0.034624943696035304,False,False,"[0.539084886561362, 0.7049642507051274, 159.26997404504917, -10.152816037801626, 177.31468320866887, 0.45824706615872796, 0.8679083149008107, 85.57695337857884, -3.7750046654111706, 309.71063822404847]"
0.00010974611218828786,11.139915906718493,3.274012707356366e-193,0.15135913634427067,False,False,"[0.5010371654463376, 0.7116033360557272, 159.69745166350322, -2.4506349214313374, 181.2426609937647, 0.47055449901967844, 0.8743937872944614, 87.74346667060554, 0.214870422933231, 312.36819646837586]"
0.00010919738162734643,11.174534467865058,0.0,0.3180772183239021,False,False,"[0.5651875686500474, 0.716107497649763, 155.12111982044334, -11.69819674593595, 184.43187471627004, 0.6080458930373157, 0.9227972187347477, 85.0862055115509, 0.6086220853150195, 313.4305534967432]"
0.0001086513947192097,11.137120573085003,5.61085079932078e-184,0.9378121941822548,False,False,"[0.5930821539762722, 0.7431165570232177, 156.25546690169318, -3.4925757725103974, 177.6880907004662, 0.5662481226092788, 0.904706001938334, 87.94945299887553, 2.9658088299058907, 311.6088340028256]"
0.00010810813774561365,11.183579151294424,0.0,0.6318071547440713,False,False,"[0.5829315105718137, 0.7041432283618514, 155.52500431458546, -6.1575291614337235, 180.7278034707406, 0.5077982045765221, 0.8639382619066364, 85.79643321356241, -4.274903287283404, 315.04815907109435]"
0.00010756759705688558,11.125738417016994,7.196356036292159e-140,0.7262512705319892,False,False,"[0.46886513666137913, 0.7167285429462341, 156.74306934041203, -0.31787191766852274, 178.09097663371242, 0.5020182106424562, 0.9074782281901403, 86.53162212203232, 6.044101933288724, 313.5432408445956]"
0.00010702975907160114,11.129482980588138,9.195864202901505e-156,0.3533542536006672,False,False,"[0.551270044875966, 0.7088457401956066, 159.32751850200273, -12.950095753598845, 183.3575593515, 0.4922756677849612, 0.9164754267029885, 87.41857754789564, 3.6386940144074025, 312.7689901696709]"
0.00010649461027624314,11.156064903195194,6.040503517715939e-265,0.8556344923570675,False,False,"[0.569288206403946, 0.7057277092894005, 156.4055487886938, -5.832620447677787, 182.0286967467772, 0.4622525705689601, 0.9101984612101768, 88.8840803468569, -2.6269558023377346, 312.6534384557711]"
0.00010596213722486193,11.14956089303125,1.2899034537623315e-239,0.21470756025396331,False,False,"[0.5692919309668949, 0.7383143111424381, 153.7133198856488, -6.403343701006779, 178.1120038409156, 0.5911795081949295, 0.9002817000700106, 83.4413718163519, -1.878600067326385, 309.8381326932061]"
0.00010543232653873762,11.245856715818373,0.0,0.10912302767876181,False,False,"[0.45567404866078404, 0.7705169895280525, 154.69580922890472, 0.12960545518923539, 181.21997409717133, 0.6023906271841164, 0.8932078602374269, 82.30630015473568, 6.663404082893894, 310.9596900024787]"
0.00010490516490604394,11.15290793441873,7.035356917908808e-256,0.02510537731184803,False,False,"[0.538192929641869, 0.7218396527646502, 155.11110412990527, 0.814663604034445, 182.65458591186416, 0.4797642601872765, 0.8754653644286421, 87.23314794744172, -4.675572059187152, 311.57375875780434]"
0.00010438063908151372,11.177058397571319,0.0,0.9200287738996799,False,False,"[0.5149639268911346, 0.6843224290497844, 154.84293839724015, -10.861547177152529, 181.57004122666356, 0.5533245507667586, 0.8499251776312031, 84.53460381137438, 1.85093451025676, 312.05542913834887]"
0.00010385873588610614,11.227728101547239,0.0,0.0455005502858552,False,False,"[0.46104791099838804, 0.7083997191775838, 155.2750290145803, -4.3550858365584535, 180.8504338642813, 0.613545276757639, 0.8994331845691167, 85.60166312449596, -3.3078303647056373, 315.49092805803656]"
0.00010333944220667561,11.170343953560701,0.0,0.4305743384638008,False,False,"[0.5336769256461331, 0.7062295367107121, 154.7647787832653, -9.58263231800556, 180.67198205648185, 0.4638080235348945, 0.8726522275739798, 84.92809046772058, -1.0366353620637874, 313.48458634676876]"
0.00010282274499564223,11.246198680004257,0.0,0.8805710259628321,False,False,"[0.47795794512558826, 0.7468179584345591, 153.23371483714354, -7.782018371424373, 177.28603327130006, 0.6061119580997386, 0.8806750393345701, 81.734670234544, 1.5398560259340304, 315.4171927029428]"
0.00010230863127066402,11.16071310380423,1.7343872048082365e-295,0.7346339684500988,False,False,"[0.4473989488315075, 0.7516986375458963, 156.57399584432005, -13.790248802704221, 183.5618127410283, 0.5633469443388595, 0.9197824704493787, 83.67605603599952, 7.701994148476276, 313.56826900790253]"
0.0001017970881143107,11.155115915120815,4.335986562646149e-273,0.841413353361138,False,False,"[0.5091017211406094, 0.68906453578587, 153.928781092064, -4.5397053985987235, 181.52514036344482, 0.53476387323697, 0.8823368482984365, 85.89034900779909, -1.5786151314554253, 313.1866395439133]"
0.00010128810267373915,11.245583377814382,0.0,0.5164263330732304,False,False,"[0.464386078541647, 0.7024258069686748, 153.31609842670818, -12.060183799879646, 184.0003787310022, 0.5855534525589818, 0.8549940453715046, 81.99368546895481, 4.51185698414036, 310.9644022422739]"
0.00010078166216037045,11.150762812985308,4.4827820477045924e-257,0.9906113646094454,False,False,"[0.5587740310691228, 0.6985204864707384, 155.5190005812413, -1.159071289533852, 181.81865095782348, 0.5081217728526027, 0.8930561993995592, 86.63057251588555, 3.2147412238299395, 311.89337206534753]"
0.0001002777538495686,11.116599036465391,2.1076325183883752e-110,0.34785180109324343,False,False,"[0.47675878900753615, 0.7368851764683395, 160.3945964895001, -2.401132996238765, 178.7947690620855, 0.521791987750687, 0.9173645746065741, 82.24558854804839, 3.0358490014778035, 315.9750817134128]"
