temp,cost,accept_prob,random_number,accepted,is_best,param
10000,13.933132619604425,1.0,0.0,True,True,"[0.881129415195757, 0.896638822226161, 269.98481634860343, -19.545234660486464, 272.64646300900586, 0.7947263591619484, 0.6386541444298105, 209.73771028456795, 28.2762576299016, 184.89744454240252]"
10000,13.93604079897169,0.9999997091821056,0.9082482970075396,True,False,"[0.7679868577665196, 0.8605694440807554, 267.6455858620994, -22.986621008819732, 273.44343113724074, 0.7707351479595428, 0.7014580082041858, 207.39806750409383, 21.839378192781027, 185.69126985595398]"
9900.0,13.858705033421515,1.0,0.8154184320348211,True,True,"[0.7036346313044174, 0.8816216801015321, 272.94626989853026, -7.60742976969313, 273.5325376620576, 0.6408937595631302, 0.6847573120132755, 208.88599788144916, 17.053162517804672, 186.4485715099735]"
9801.0,13.832596538456173,1.0,0.11461986074000019,True,True,"[0.6849429935956141, 0.8976640733686421, 271.0773768794977, -7.5573910311242845, 272.42892807357487, 0.8059010458593041, 0.7226905678477195, 206.23647112527576, 29.47315941260371, 184.73404357224382]"
9702.99,13.869225166617493,0.999996225023521,0.12982206480634462,True,False,"[0.6987735608082579, 0.7709510037230802, 271.3743368058072, -0.3153793103551843, 277.42918486937623, 0.8763376583597401, 0.676310769685034, 205.24312923913917, 38.7094283072651, 181.465825303285]"
9605.9601,13.90641977890834,0.9999961279726447,0.8050260082670948,True,False,"[0.84918203411412, 0.6881390438106703, 274.488792077751, 1.6542309826221282, 283.9977150808602, 0.658775956048143, 0.775748218352215, 203.85618442417555, 34.98064926615137, 181.32714615814706]"
9509.900499,13.906280332818096,1.0,0.7318305107033732,True,False,"[0.6964703628813729, 0.6064514707074405, 271.67988681233203, -12.977258970603724, 280.8877145688737, 0.5756278929572847, 0.7583365007374385, 207.7925676584402, 36.19554421445763, 176.4417755112243]"
9414.80149401,13.909147189616126,0.9999996954947629,0.7020468185074011,True,False,"[0.7187306428070974, 0.5086135740873323, 275.0889754387589, -13.184690067422208, 283.2614690299773, 0.6645165673766877, 0.7765158158994189, 212.9242470563989, 22.284941802764912, 174.05197665170104]"
9320.6534790699,13.907081939010968,1.0,0.9725164920332232,True,False,"[0.6637393260081477, 0.369907863299347, 280.7483304004355, -19.56063831122448, 287.8493090705615, 0.6148510591076831, 0.7398243482088007, 219.46290769382102, 12.79935481295035, 176.54277433532016]"
9227.446944279201,13.884379661418109,1.0,0.6316203148754089,True,False,"[0.8775176677922554, 0.25162094856251993, 280.9964422344165, -12.499388290236777, 286.243734942234, 0.6493171217724928, 0.8647619453307074, 235.0377167754756, 10.510869207865532, 169.8947030027774]"
9135.172474836409,13.894994757974708,0.9999988379978135,0.74883847855264,True,False,"[0.7521024806171158, 0.2952837726396463, 268.4900914326729, -4.436338191361639, 285.44720323070067, 0.6073245124223967, 0.8293193015964935, 231.39298890998055, -19.572114944706794, 165.6191777581037]"
9043.820750088045,13.863842653818473,1.0,0.5629535209993536,True,False,"[0.6199990274872409, 0.27000155935272857, 274.05199088529207, -4.7154396834964345, 286.3346308275633, 0.5731066086248555, 0.8133478064288442, 219.72010003223036, -17.38565748014259, 167.35817175330462]"
8953.382542587166,13.868744663390949,0.9999994524965053,0.5683458698359679,True,False,"[0.731686733106276, 0.20826442847995483, 276.0409813448525, -8.639495997264854, 281.7833537274574, 0.6343364562768185, 0.9008921996360514, 223.63382766524208, -43.31166389081702, 168.615604956937]"
8863.848717161294,13.828522081758344,1.0,0.615089472209719,True,True,"[0.8532644623781043, 0.29228594215279335, 281.9207338196617, -8.583525767770773, 288.49265313547266, 0.8190476789407503, 0.857961623737118, 227.91744481301546, -48.71356264424972, 161.42837239678073]"
8775.210229989681,13.839171756590188,0.9999987863916544,0.4224704947011183,True,False,"[0.8778422269704789, 0.19643113054855812, 285.41621415069744, -14.539532380717294, 289.2438662970754, 0.8339551014799939, 0.7557399490167768, 223.08741477129487, -24.96208875292134, 161.16017790458775]"
8687.458127689784,13.825389864577726,1.0,0.7307065802783622,True,True,"[0.656411863511081, 0.205865402293, 292.5083909057614, -10.49332803487724, 294.77770918562373, 0.7927549410917366, 0.8781632074969343, 220.8051494452191, -19.15864960260428, 162.38708429936227]"
8600.583546412887,13.85078915193623,0.9999970467992414,0.7925086575376117,True,False,"[0.5798278153182611, 0.18064281864322118, 292.360405560978, -12.023788520057616, 294.3404333583961, 0.8372761291159836, 0.8973782807493946, 222.1310950274381, -9.52118312277328, 162.2134762802941]"
8514.577710948757,13.823515007552679,1.0,0.19167379812364715,True,True,"[0.6378101803422845, 0.12384693243640309, 289.309600029265, -6.354479450174042, 296.08253829069884, 0.7784175426710869, 0.8299214320843806, 218.86192056602744, -27.887077755353523, 159.66268074666257]"
8429.431933839269,13.82599198955424,0.9999997061508229,0.6607034690106276,True,False,"[0.6212358775050383, 0.15718580647106054, 285.64655071531064, -15.430433335743437, 296.94747725763267, 0.7684537073407612, 0.7004224459082943, 219.38897676073603, -32.61961169614384, 152.37680387540703]"
8345.137614500876,13.823026726171364,1.0,0.21771954090707923,True,True,"[0.704992955113199, 0.2871489280854731, 284.21762057565854, -11.14687147535238, 295.2519178828937, 0.8453835340794001, 0.7287585153340846, 224.39212060915537, -32.45776005963473, 147.68691967651813]"
8261.686238355867,13.81548671859839,1.0,0.5218718915116318,True,True,"[0.6228069807818225, 0.30550286200624194, 278.0714117312587, -19.383680835611493, 310.2889524909217, 0.8577925188681411, 0.7125163457555724, 220.27883854883703, -39.986258660942724, 143.20553588321977]"
8179.069375972309,13.829810700500119,0.9999982487042596,0.022145202656058904,True,False,"[0.5291416244889408, 0.3348604524834871, 284.6023991555717, -5.881926641364773, 317.7798581342777, 0.7702770480016674, 0.7139143523851164, 217.60801184395694, -37.20655646771432, 137.47112043654522]"
8097.278682212585,13.823371075524724,1.0,0.0744523505517577,True,False,"[0.5311967700727176, 0.24618854112409802, 286.3936713999521, -11.988819219391706, 316.52952822556813, 0.7057235081480052, 0.7454350444587403, 218.45701657383964, -21.277498036374812, 139.01827943536853]"
8016.305895390459,13.839314047497542,0.999998011184163,0.9256068233794472,True,False,"[0.6438749315164478, 0.16383400923716976, 290.1178859039546, 5.0119194000023, 318.4677443905052, 0.48037778967610373, 0.6863622031466521, 217.79721946537492, -19.715899318413225, 152.74363539780694]"
7936.142836436555,13.855113258442778,0.9999980092098208,0.5793612213365603,True,False,"[0.8367943982664988, 0.3743704240243319, 297.3840449082341, -4.907546960871722, 316.29374038323874, 0.6487237166135151, 0.7280555398187694, 215.96492419364765, -3.821381084544001, 164.59070547875825]"
7856.781408072189,13.862960783528415,0.9999990011786304,0.21511020930689329,True,False,"[0.8751375311281938, 0.48630584873498967, 301.55303113727024, 4.735030233062471, 314.15455180795806, 0.6206398669726781, 0.7860455281047785, 221.8454839314201, -4.923843028338455, 161.42843326227248]"
7778.213593991467,13.85031422194368,1.0,0.6770553634220745,True,False,"[0.8313991000666917, 0.4308732456469281, 291.2346931880984, 25.79595959488352, 323.13704048839, 0.7458986762342634, 0.7721902175259976, 218.70308865380673, -8.196921845711259, 170.3146114239945]"
7700.431458051552,13.902258238869592,0.9999932544245069,0.3156698988522595,True,False,"[0.8254988719863416, 0.44688812052604976, 289.596161150805, 22.314527577069125, 317.81925933246754, 0.5658905063061906, 0.7098049085509273, 226.34827999475218, -10.393034061246764, 170.59898890672864]"
7623.427143471036,13.875203798481827,1.0,0.7821359706268172,True,False,"[0.9077793784841383, 0.4758667578256785, 292.88136032596424, 27.29458156136904, 315.7410973724454, 0.629439858358342, 0.743653897016401, 232.1466514279769, -3.2697946765971455, 166.87472920109187]"
7547.192872036326,13.916194446672899,0.9999945687704592,0.8479108591090138,True,False,"[0.8411342041239697, 0.5032214490789532, 290.6650848105899, 20.08563916807141, 307.87212572436874, 0.7135613051446041, 0.6010939056373596, 239.21880393449666, -9.330384838432582, 159.1095044360065]"
7471.720943315962,13.868568198764681,1.0,0.3534428414400198,True,False,"[0.9143709859874386, 0.45272302272066894, 288.1089386755631, 5.003322939038515, 307.02805461113155, 0.7385643132255274, 0.7983684213164638, 236.84472995861762, -0.3908109517872873, 165.05002412362748]"
7397.003733882802,13.925036618455398,0.9999923660706167,0.1629313574794774,True,False,"[0.8854692574726254, 0.5665344246215371, 289.4733843368816, 14.58174302934351, 310.35351793515, 0.710768588568695, 0.5968234256613947, 240.87942742626478, -7.0661181010151495, 160.89920256611904]"
7323.033696543975,13.904459192674672,1.0,0.09399313668811993,True,False,"[0.7313582663525442, 0.48054330449395144, 281.8041084806358, 4.079904240823138, 320.6866483302321, 0.5652286061518388, 0.5107634923871458, 232.53611009344402, 2.815848888581357, 171.72657808163817]"
7249.803359578535,13.892342296521235,1.0,0.4372782655121692,True,False,"[0.7586249253999723, 0.38075894828544865, 282.8355749075106, 3.829016060321039, 318.7037142456007, 0.5488921213397114, 0.29142868987948256, 234.25801242760352, -17.688946465676956, 176.20656675190048]"
7177.305325982749,13.85834069864757,1.0,0.4379368321822814,True,False,"[0.7843810447046429, 0.4029211782908317, 277.1589442433522, 9.769217128668753, 320.5698443099817, 0.5695857200109666, 0.1820448314011755, 235.2236717024595, -31.40286596650544, 180.23064178843117]"
7105.532272722921,13.843567012636381,1.0,0.227579990552491,True,False,"[0.7404659994690881, 0.3242985586822051, 282.3628382565053, 4.149555070814635, 322.045997978764, 0.3825076323093401, 0.21606774022333775, 224.35091974977576, -52.28330476703508, 180.4664537449499]"
7034.476949995692,13.905358670912694,0.9999912159230425,0.8175319166888052,True,False,"[0.8397274339687144, 0.29058679811484417, 285.99712063105034, 1.2992964072687414, 319.7463458976148, 0.5458749531850811, 0.2196096562458439, 226.8454496623265, -55.35427489910835, 185.18138376943173]"
6964.132180495735,13.910649091436333,0.9999992403334146,0.885903268600104,True,False,"[0.7210675862762371, 0.4025861152502066, 290.4767079516483, 11.347489140322198, 309.81810692363956, 0.48617537057101456, 0.2705444266986688, 228.42179173363775, -64.20809426699476, 186.40362004712307]"
6894.490858690778,13.900815150449922,1.0,0.5743304793974678,True,False,"[0.5500088129002707, 0.25940955616987094, 290.8583589953979, 9.631873325442447, 307.1118423853137, 0.6310531980506069, 0.42451559522111726, 221.2077971573134, -69.10503466520879, 174.23526428792277]"
6825.5459501038695,13.901649319650373,0.9999998777871901,0.20080392529751778,True,False,"[0.315916218760921, 0.20777430132923524, 285.0548392442591, 13.395381510187232, 303.89763625823883, 0.5964599873166936, 0.33359848799115316, 216.14928312621896, -71.67796135927202, 180.36475704724407]"
6757.290490602831,13.828826276747032,1.0,0.9386045672856116,True,False,"[0.35180227431136474, 0.2299157455584797, 281.0798712555853, -5.0914949820516355, 303.7392804335888, 0.8689732144304241, 0.3013747071088711, 221.2950780892681, -85.50830801944154, 182.38423495103387]"
6689.717585696802,13.826930663506179,1.0,0.724510232258419,True,False,"[0.3693965978959356, 0.3456924312854263, 278.8229726163379, -30.355309085283878, 306.2046658216519, 0.893587137560587, 0.38648665028926016, 221.86648262765888, -90.06688906800592, 180.40185279468474]"
6622.820409839835,13.819457282097881,1.0,0.34879434008719634,True,False,"[0.33393305064142786, 0.4132237575771383, 264.7383879755597, -25.443436430338966, 302.39026163474125, 0.8746297201790533, 0.30998328851893275, 211.80852278853118, -87.45022851883286, 173.07149900145052]"
6556.592205741436,13.82260734433753,0.9999995195581204,0.26873012937930096,True,False,"[0.4767391699474888, 0.4237815384848812, 257.57514547331675, -27.359870523667794, 298.9001327486024, 0.8949519205000617, 0.22858877744188832, 221.05854200207438, -82.24202438776804, 166.3300555414134]"
6491.026283684022,13.85917416112401,0.9999943665743767,0.9830610912559894,True,False,"[0.4060428351201565, 0.5752433371056918, 253.57508873403165, -23.013667605637217, 289.0185699784951, 0.6720964771759208, 0.5112026157883682, 214.21454757574824, -69.57994924683273, 169.3478798665729]"
6426.116020847182,13.905349607747938,0.9999928144340102,0.8800036844720527,True,False,"[0.45061563913298897, 0.5023664971717219, 246.72523011431517, -22.20321243778837, 292.8721979455974, 0.6403785121765125, 0.4808440902413622, 217.097449240795, -59.40367609835867, 170.59905197242858]"
6361.85486063871,13.883661693629623,1.0,0.5547490786004713,True,False,"[0.44113889218019764, 0.5725767281588159, 244.52135478363377, -27.34240506678834, 298.39374893024325, 0.8035744236524043, 0.28317731655166356, 224.76992217467762, -86.48588738034796, 167.50652106114225]"
6298.236312032323,13.89078799766699,0.9999988685245118,0.39765161680658867,True,False,"[0.4678812597165882, 0.5801878069383184, 243.32035162807009, -35.12934454407765, 299.1656039762096, 0.7850737800566684, 0.3610884890172318, 221.21662350510687, -87.93626399156409, 175.95642076142664]"
6235.253948912,13.880882958734759,1.0,0.490264539863113,True,False,"[0.5006812897125749, 0.5442448855103897, 245.3701527331244, -42.33490908136062, 306.25901354715046, 0.7056794235252495, 0.3392292637515643, 221.69724731125947, -73.34989087763626, 176.7676300011593]"
6172.90140942288,13.905040904022187,0.9999960864597677,0.33860314491041577,True,False,"[0.4570550630058089, 0.3951908382571762, 242.6272165345555, -30.579710073647597, 309.47911547604934, 0.7502618910991323, 0.4304474766704004, 226.86272780208884, -76.95117123846403, 164.22990497903402]"
6111.172395328651,13.835469837643771,1.0,0.43356829904136274,True,False,"[0.5982427162636441, 0.10729352863959662, 244.66277753306898, -31.73215583178269, 306.9782708365212, 0.652037393583943, 0.47974235580843083, 223.34680652155032, -75.52975896266234, 170.66286035002767]"
6050.060671375364,13.902186989577697,0.9999889725429716,0.5856678564520186,True,False,"[0.5464382166628536, 0.2532105424837685, 254.94206176413778, -45.98462923672771, 306.61345964556915, 0.7912808753278291, 0.434549902434461, 223.01160482032697, -49.84131704288431, 158.1774531705623]"
5989.56006466161,13.88873362587484,1.0,0.9770230108825628,True,False,"[0.5960049735053123, 0.2906367838340571, 251.05600853197905, -53.013520460132725, 298.81326860542333, 0.8497931601491984, 0.25017538297043646, 228.73318169418113, -45.33447966866944, 157.42604929308916]"
5929.664464014994,13.908611436442953,0.9999966477399571,0.5934770663145558,True,False,"[0.7064655632303223, 0.22582427305718084, 248.07970109165427, -77.14908408961512, 300.1422395062761, 0.8415590507474492, 0.39088227603610404, 229.0166668530461, -56.26381842930324, 158.35660159205335]"
5870.367819374845,13.868173632652034,1.0,0.8317282967308955,True,False,"[0.617060617184046, 0.25734117541246504, 250.67665071436514, -70.4544797034876, 302.03889890263764, 0.8830215511302926, 0.39618231748434585, 232.8175489934657, -59.72634590588523, 149.90224499293151]"
5811.664141181096,13.859409011626052,1.0,0.4816303983358069,True,False,"[0.5750314643521921, 0.15556995723830944, 249.30350190780354, -58.87783059543352, 298.69106639959284, 0.9122470686980001, 0.5014711572018943, 235.4644083142329, -47.66098119342549, 152.40958692433748]"
5753.547499769285,13.846932536155666,1.0,0.34509807059979125,True,False,"[0.5423377959625046, 0.1523698290498277, 247.7242416751371, -53.54847357922038, 298.2002672258379, 0.8544121005519268, 0.4730434124740719, 231.57293879120462, -28.560087230284772, 151.31430081642932]"
5696.012024771592,13.844616673491714,1.0,0.21332771134948614,True,False,"[0.6452414073787546, 0.17690582539223665, 255.11537407339108, -65.97265807107512, 292.0841589348046, 0.7447059229335342, 0.47945719556900396, 237.46203549251237, -43.33443981546945, 150.1215202382087]"
5639.051904523876,13.841234622698085,1.0,0.14005824645212417,True,False,"[0.4169769950528964, 0.238085784526885, 258.02886416087955, -69.84915930303441, 287.4917088598852, 0.8180147010275329, 0.195546884401686, 245.46383534011562, -41.63418922894551, 152.83127386714366]"
5582.661385478637,13.891207860318879,0.9999910485321422,0.47610022429629195,True,False,"[0.3566556241666714, 0.30858964249526777, 263.87953324301014, -57.79977060099468, 293.57029114788907, 0.6918960395904078, 0.3003390934253457, 248.52541414566667, -14.730371082135257, 161.1380024412329]"
5526.834771623851,13.863516920593435,1.0,0.8283606762604088,True,False,"[0.23241695107645874, 0.33229547940325865, 252.7788370793797, -74.11715548450161, 290.07178392937504, 0.8195024124918724, 0.31601033910336046, 257.85579114267153, -9.053722288486718, 158.01861215640122]"
5471.566423907613,13.863982420145483,0.9999999149239,0.6132657941692234,True,False,"[0.19954335267070858, 0.13023847948184686, 249.94186137620915, -78.66213525159537, 291.5913391637027, 0.7192329017262973, 0.4842547105488479, 254.37055642869663, 4.053213557479149, 164.47167177820816]"
5416.850759668537,13.872496248702088,0.9999984282709191,0.7991060845166507,True,False,"[0.22776338600680726, 0.2793358091526031, 253.63941407018476, -68.79539143817205, 289.6051653530973, 0.5297614024732797, 0.6546504108222049, 249.65801289461075, 9.036510484159745, 165.39361326360088]"
5362.6822520718515,13.861705044025335,1.0,0.11028137688210082,True,False,"[0.23291221114099966, 0.10888564063560524, 248.92451976335045, -59.12529124836164, 291.4822058517541, 0.5898195313896591, 0.6260890029476739, 247.0743651638848, 24.252560060860613, 167.40424550118504]"
5309.055429551133,13.851078515584902,1.0,0.0687308947546762,True,False,"[0.20975114176096127, 0.10658969937045659, 254.84476158029824, -58.75588337484887, 300.327096914413, 0.8090032744868637, 0.539821620386118, 255.63295880354835, 22.288030875761862, 158.01869168258634]"
5255.964875255621,13.852111816357063,0.9999998034041903,0.38861932342228256,True,False,"[0.212171338836926, 0.10955579430911376, 259.78813089381435, -67.7757404579928, 302.63213182495616, 0.8507473473729443, 0.6053265768086149, 252.10971398706565, 14.305528746963184, 161.81145801929244]"
5203.405226503065,13.863194029762827,0.9999978702020846,0.35798548309325806,True,False,"[0.22596597752054448, 0.2813734958938715, 251.399585648561, -77.14044764488561, 301.81283428458283, 0.8089254884637778, 0.6455773334990157, 257.2467778363289, 17.176731023452255, 160.12061825134046]"
5151.371174238035,13.86546138727627,0.9999995598536898,0.37734523723773283,True,False,"[0.26554672716325517, 0.15362966451048246, 258.4405702078885, -85.81794501253638, 303.1246967721897, 0.7470992948905113, 0.7035391050848232, 260.9220219157185, 1.615202142487794, 163.70888817471666]"
5099.8574624956545,13.872630703573716,0.9999985942134048,0.0450586892912177,True,False,"[0.12558362750285595, 0.09804743881384934, 254.968905713494, -96.89294305237235, 299.1254655287903, 0.6994591840662051, 0.6088777727071444, 259.1871662905, -0.1009579625275423, 167.10087884448018]"
5048.858887870698,13.860574411867272,1.0,0.5028285099495546,True,False,"[0.2203401737235997, 0.19946991744116485, 254.47548829554984, -78.86543375283709, 303.2352122426281, 0.8190123338731371, 0.5948782298500366, 256.0675948183025, 12.891026569241102, 156.89887525705376]"
4998.370298991991,13.865340984528483,0.9999990463750976,0.7774755601771582,True,False,"[0.20429751182448824, 0.16721504533543394, 254.05732110448443, -86.27586044314255, 303.33333947665, 0.8794090736839113, 0.5425090546023902, 257.3776066430837, 4.168791508519941, 162.94004622163763]"
4948.386596002071,13.854447605324008,1.0,0.022678451557635038,True,False,"[0.19722537258498682, 0.1290699954548916, 258.2872217388782, -75.96467451066049, 307.6323298956711, 0.861213051183286, 0.5021071077917105, 255.7026729665584, 8.23919545438487, 154.8698319710375]"
4898.90273004205,13.863351645060106,0.9999981824436747,0.8227994623173326,True,False,"[0.14846872009550915, 0.13490352716281406, 263.0689878909646, -90.16522073139618, 300.3835175337197, 0.7292054834251462, 0.6025819438218812, 255.8567614494438, -1.6956810571815613, 158.34255266874646]"
4849.91370274163,13.881076510936586,0.9999963453301288,0.08311953455191412,True,False,"[0.08744086214084676, 0.2523912873404714, 261.5979661868273, -76.73107801360527, 306.4236731893208, 0.7187702300224341, 0.5735629779444429, 259.84389676721673, -11.154780671782566, 158.6074118399214]"
4801.4145657142135,13.865078832523956,1.0,0.726032328657768,True,False,"[0.14567192180445826, 0.17873869689217092, 264.7409858639215, -78.02931613483864, 308.7531169687694, 0.725955478123865, 0.5675792588563847, 259.1651504463056, -16.018853579102398, 160.83837963494207]"
4753.400420057072,13.869288402086063,0.9999991144091963,0.019154593576698353,True,False,"[0.12568871941390614, 0.1913368015532091, 262.5382346997984, -77.93778992914434, 308.46833761274166, 0.8424809753197261, 0.5810346498477034, 260.4150793197587, -24.37826116509588, 164.70193187732602]"
4705.866415856501,13.872987558169902,0.999999213926979,0.4526003203567941,True,False,"[0.2874904069220272, 0.2482557876068805, 259.875743367578, -92.93678689809737, 313.7190586365097, 0.8912798696306603, 0.38783244423511076, 262.8930230647079, -21.01471654554316, 174.96513497322752]"
4658.807751697936,13.867332324970715,1.0,0.40795142029107945,True,False,"[0.24746263114926015, 0.23071307155619236, 269.45436780778306, -108.07899428035252, 310.7578831979739, 0.8266396136708275, 0.31167573320641623, 259.33562332239995, -24.29147525891013, 168.00065402018464]"
4612.219674180957,13.866680331831805,1.0,0.12284606222525729,True,False,"[0.2601347149979462, 0.2550048119155635, 279.8422392482988, -118.42171908446294, 308.41379642392735, 0.719468960509822, 0.2984270684095154, 258.11275237449445, -23.82801293705339, 169.0319413039701]"
4566.097477439147,13.882490784667414,0.9999965374314628,0.8038890949323769,True,False,"[0.08840358131491327, 0.15991186988670983, 285.1435881549614, -131.06086370207058, 304.8071999213455, 0.5787578438183821, 0.19552067396077344, 251.71439717890382, -20.48106035823563, 170.27009695151074]"
4520.436502664756,13.869386150385594,1.0,0.9527404781700944,True,False,"[0.09688393149264642, 0.1423103512231374, 284.6452533802706, -119.36968129804157, 308.50280512455055, 0.7544947118041313, 0.26675862733939015, 254.21477696369595, -36.46873880091083, 164.5952774964203]"
4475.232137638108,13.855872986781879,1.0,0.45417815315494847,True,False,"[0.21191839446526473, 0.19004659571205854, 290.71631704941956, -121.19458121797075, 302.4728635047528, 0.5676380456101427, 0.21867963539201524, 248.09982058134764, -33.26799371547393, 159.5461906271218]"
4430.479816261727,13.85291315523564,1.0,0.8953577179446911,True,False,"[0.14977449968004922, 0.2400213324054344, 285.0981248223149, -128.80810275224687, 298.20671495598003, 0.4534478947956265, 0.137949101859005, 243.74811702896426, -34.2431467274569, 154.24303574799671]"
4386.17501809911,13.86567713131376,0.9999970899570916,0.2897915615089707,True,False,"[0.1991170708860267, 0.1517059616161939, 280.65638828465507, -131.1752056190266, 291.2964283588209, 0.5674814706721018, 0.1968273475857952, 238.0813959659398, -32.33824577717738, 154.83397936115242]"
4342.313267918119,13.92301916095595,0.9999867946765943,0.639374608912687,True,False,"[0.23014486212269858, 0.22476814732065542, 280.99858748207936, -140.4280883319103, 285.1162543182068, 0.4909670687177057, 0.22235027453128553, 231.42962776121192, -23.789930078939303, 160.84097785344994]"
4298.890135238938,13.87140848032626,1.0,0.6475628712608815,True,False,"[0.25448513154405955, 0.14524601358280714, 278.00443430410905, -128.5129129921031, 284.59427837503773, 0.5325331955169794, 0.24054694344018182, 225.30268698180168, -27.862145787851667, 156.53728933448633]"
4255.901233886548,13.838508854520235,1.0,0.8630616519399752,True,False,"[0.26085851953289707, 0.18213909411554008, 277.51664314378013, -119.23378998662209, 281.2247728604782, 0.5093552771240947, 0.37752799916547053, 219.24263129174477, -38.316662067106925, 153.10829610799925]"
4213.342221547682,13.851179887505978,0.9999969926454424,0.11690103677607488,True,False,"[0.20821032445989043, 0.30213283496274923, 275.2343807364036, -140.12381858537879, 287.5396545028999, 0.6480687133765365, 0.3999892228923987, 223.6607240736389, -39.524621177307466, 153.7614573265585]"
4171.208799332206,13.857489191395779,0.9999984874170962,0.4216207573611327,True,False,"[0.1578064513518391, 0.3352566453038437, 269.6990567484737, -141.22850027166425, 291.30326613682627, 0.8069282122224782, 0.37785943677071193, 221.32050811827725, -50.04488176761095, 158.1497542850914]"
4129.496711338884,13.855614555547012,1.0,0.40762197592614025,True,False,"[0.21660112592890335, 0.47021527987108125, 266.9870609187136, -112.30394737760184, 290.33158886171157, 0.7706262681692201, 0.3820238448850615, 223.55500909078046, -45.379207388023175, 158.08299266075957]"
4088.201744225495,13.854363229862994,1.0,0.9404491782975902,True,False,"[0.24703949782855258, 0.5739198353967225, 266.94089163982574, -107.0112594371279, 295.50612188090906, 0.8883832638463789, 0.43784367919410727, 222.2076883344154, -47.73330055761144, 167.50571987759358]"
4047.31972678324,13.85221534203421,1.0,0.6466064361799594,True,False,"[0.1227786730768397, 0.38097212666662666, 265.1778468821759, -103.88924213110468, 294.0326397899726, 0.8762598271039936, 0.4267091099095252, 223.60171807209719, -66.26265743322871, 163.39415786622845]"
4006.846529515408,13.84499254567098,1.0,0.004586818889859345,True,False,"[0.18373764297905404, 0.2179038452394742, 258.45030111815004, -102.8015013300984, 294.93292621213595, 0.7581371915324672, 0.4643245626473491, 221.88032945616536, -60.4106339148966, 162.6003478879206]"
3966.778064220254,13.849346807784947,0.9999989023182911,0.06686777009390898,True,False,"[0.20550815752207374, 0.34892234074858186, 252.54084306306098, -104.5349322762116, 294.2385114017173, 0.6939014826438907, 0.5401409697572335, 217.13260496149752, -63.973880343917756, 167.51598375988476]"
3927.110283578051,13.851044692435762,0.9999995676504704,0.0724208938397829,True,False,"[0.1347218215326048, 0.42682488667163887, 252.09229402094306, -107.56992447931152, 290.9198040475618, 0.5455765085955979, 0.4758920462648482, 216.47910893169907, -74.64026647773346, 165.6924479934313]"
3887.8391807422704,13.865674033914704,0.9999962371607274,0.6252002911013772,True,False,"[0.1043548611661896, 0.3623033563266956, 260.22298190425727, -110.6205413005689, 290.60894560005926, 0.45027522959358635, 0.5307321306004195, 216.35929201092554, -50.27358240389383, 164.02855346695225]"
3848.9607889348476,13.86142112761621,1.0,0.33528957761426337,True,False,"[0.08993431681537097, 0.3693654683781676, 259.8476832262398, -98.30839155665781, 292.5971891261564, 0.468249387601034, 0.3959000312726814, 213.6304057252133, -61.91673313403402, 166.5074192814761]"
3810.471181045499,13.84523642588234,1.0,0.6893722490146269,True,False,"[0.2421322995473154, 0.3405224062515362, 257.86206064705306, -91.63120390303813, 299.06313784940323, 0.6010835623048888, 0.35813912287399674, 217.67945733493488, -67.25848676686039, 176.37066720687307]"
3772.366469235044,13.890053666393477,0.999988119665824,0.8576481284868855,True,False,"[0.20799474107505256, 0.3197954861442789, 266.6074156443971, -92.7089031766916, 307.1942182729418, 0.539822451012518, 0.3347353227281871, 222.82750632640943, -77.81154787398239, 182.15573694818835]"
3734.6428045426933,13.863421314520142,1.0,0.5989430076288051,True,False,"[0.12441708488321802, 0.45474980481798655, 261.1999051773051, -79.62400484699424, 304.43032775453275, 0.688298353799697, 0.3142472835683197, 229.48952180892172, -73.90102627698029, 174.7225521151832]"
3697.2963764972665,13.854403589667932,1.0,0.40570648770310025,True,False,"[0.11881765014070561, 0.38095821921513884, 253.31399236500044, -69.10413150658617, 300.7057300029463, 0.5468342389440453, 0.3065654619653954, 232.89997894528557, -75.76730462163668, 171.32761216128605]"
3660.323412732294,13.847752167036102,1.0,0.8651635145853833,True,False,"[0.13798138705247723, 0.3127966188400353, 248.974718212638, -55.953186551005075, 298.6824492318997, 0.5306986468485527, 0.4294230211552119, 231.35319798714997, -83.66849968014672, 174.127872405591]"
3623.720178604971,13.861571991908065,0.9999961862953434,0.17857571046528053,True,False,"[0.12044361978821268, 0.43775618797581817, 245.56897900593958, -58.52168836436992, 300.7438992564596, 0.5043469337118786, 0.3427841150671134, 231.21765826836233, -79.27965269846707, 176.67770936354245]"
3587.482976818921,13.860820832340067,1.0,0.928213551712855,True,False,"[0.22134708683513404, 0.4637612724387374, 250.07688117203156, -48.93138673732295, 300.02479237681854, 0.6075047527149882, 0.49178423382524494, 228.43193229715774, -58.822585686499195, 187.57318314062084]"
3551.608147050732,13.86851816590464,0.9999978327211492,0.587638842538334,True,False,"[0.12445442215861455, 0.40237424163066093, 250.12192695794738, -50.70077160483111, 292.67815668031653, 0.5284520497657937, 0.37341705194031805, 228.38409654758138, -59.10977829890526, 189.64929525605706]"
3516.0920655802247,13.891816402946422,0.9999933738481762,0.03580961857606557,True,False,"[0.10573320591942095, 0.41364920381551235, 255.557780075593, -45.970908475209434, 286.94524067525634, 0.5191555337945872, 0.3468862321957589, 232.2815571848173, -52.05130469828957, 193.9294660057628]"
3480.9311449244224,13.881432995077105,1.0,0.43899623733158544,True,False,"[0.12125222059671817, 0.4088121790361506, 251.95354854729442, -50.769674781114574, 291.8893452630111, 0.45320041693193414, 0.4545898518562887, 232.19543809562083, -62.05436689631291, 199.04352949872083]"
3446.121833475178,13.87035120075096,1.0,0.6736514383411226,True,False,"[0.14921453711107752, 0.49879381577478615, 255.51490825114914, -69.08574985611095, 295.91219226946055, 0.43660546028788066, 0.5843095941586863, 236.46618852341865, -74.85466384243446, 193.7302896588013]"
3411.660615140426,13.89246605125862,0.9999935178843012,0.7563137879821591,True,False,"[0.19616895194675749, 0.47546543308473443, 256.092079663195, -81.47090509665394, 306.75099731442884, 0.4476485402481379, 0.682673478038619, 239.617075698807, -81.0679441027857, 194.61394107508391]"
3377.544008989022,13.876451663057122,1.0,0.260311370519677,True,False,"[0.175514695987798, 0.42491579999246376, 252.51066540246276, -85.0329941952469, 305.9276535656086, 0.3896946406977842, 0.630973458056271, 239.40195885844318, -85.52677365759236, 201.00582173695176]"
3343.768568899132,13.89325130565,0.9999949758483445,0.2945378941278114,True,False,"[0.18336432089507873, 0.42604173986169924, 249.43791001703252, -103.48797875767583, 302.1987320007263, 0.41852596495161587, 0.7250964419903665, 246.3965601880689, -76.4543595264242, 198.90178864356713]"
3310.3308832101407,13.928496854577265,0.9999893529189259,0.02982633404430357,True,False,"[0.2503979410520999, 0.5484766899806274, 242.91270153888416, -96.25724708662489, 308.18302326333946, 0.4657684002407798, 0.6641151665609724, 239.61111974531553, -87.22784007200397, 196.11122505285906]"
3277.227574378039,13.898142557583293,1.0,0.9619140221466963,True,False,"[0.3392626090207353, 0.5253448938736218, 244.96279596062587, -87.61726032658196, 305.21203713113107, 0.5632066843647057, 0.6591789442569135, 233.89971966401356, -65.80469126788215, 198.8600579782073]"
3244.4552986342587,13.881539740079393,1.0,0.6175651056768298,True,False,"[0.225952001539248, 0.7094372322658196, 250.92765107045017, -90.04659686100057, 302.92166471542885, 0.5205167507785049, 0.7085571987850681, 232.81893733786055, -82.5069439410432, 197.7974256827935]"
3212.010745647916,13.91651853197291,0.9999891100608919,0.1439239913517919,True,False,"[0.25531999156812957, 0.5919865022673318, 248.4486269708789, -75.09255089480271, 300.2321509099204, 0.4737463954241575, 0.6467248969971668, 234.37301671675954, -80.3121246610893, 196.5367925737914]"
3179.8906381914367,13.910924604968907,1.0,0.8121357032396346,True,False,"[0.3162518854346644, 0.6421222510920611, 249.75920930567355, -56.53086286674227, 298.7186296215545, 0.5846122231341822, 0.7434117129620513, 228.61332930707437, -74.86775199581609, 185.97537288257658]"
3148.091731809522,13.846960281537918,1.0,0.6953254124109312,True,False,"[0.26640790953512083, 0.7145438508832097, 258.7733882536365, -51.89727049433924, 295.5539983363939, 0.684992308787112, 0.7307847217027578, 225.14580717729189, -84.0781576100465, 182.58047840287628]"
3116.610814491427,13.84715022204819,0.9999999390554305,0.5492633495819987,True,False,"[0.2836504568388743, 0.8150888876730257, 269.3717237088411, -48.33809963319289, 294.3687037414321, 0.4468275061560578, 0.6642864076796724, 231.25189726689564, -95.21158786017176, 182.54114728475864]"
3085.4447063465127,13.864690176002675,0.9999943152751811,0.8553897685888843,True,False,"[0.26209410072010836, 0.8844274949575148, 277.85469772229135, -45.83999144481124, 283.5620397949591, 0.47370979240670374, 0.6794377061886119, 229.7472870681816, -104.39354150299376, 187.14824195967788]"
3054.5902592830475,13.811700261015677,1.0,0.9756451059845377,True,True,"[0.35785934708978284, 0.9078676469358771, 279.297460312061, -56.20257555339328, 286.283575322048, 0.46564791472188605, 0.6925921371225848, 230.73638738718762, -105.90251085248848, 188.4410736596428]"
3024.0443566902172,13.832810918478202,0.9999930190892439,0.06941811952187071,True,False,"[0.3725343093703621, 0.872370652010182, 269.33329523840666, -75.5577908056409, 285.7613182116374, 0.4490799317866779, 0.618990165550993, 233.16853664236214, -108.30730648480376, 191.0856348007141]"
2993.803913123315,13.888398093127165,0.9999814327657354,0.3562017253388535,True,False,"[0.343110237111018, 0.8357924057648737, 273.2583121979843, -74.13270083048964, 278.1875483959778, 0.25148306999446907, 0.6424910412474037, 235.8479682492829, -111.38944693427784, 191.67755256047758]"
2963.8658739920816,13.867109375186734,1.0,0.15647581076730976,True,False,"[0.4741574768454122, 0.7859492003798205, 282.4317797001277, -78.67972051137362, 291.2854871797379, 0.42261572340603465, 0.5973014230323976, 239.08387344237636, -124.5694464357045, 194.54945593655233]"
2934.227215252161,13.778352336617928,1.0,0.7687017811725481,True,True,"[0.40002347330533206, 0.9071474731741614, 281.1180903268671, -85.01715040141052, 294.16220774110644, 0.5991791460042536, 0.7116863684127057, 235.4378373870215, -132.5885821968341, 196.82178343750996]"
2904.8849430996393,13.821543278825109,0.9999851317274298,0.01011360756618973,True,False,"[0.34793197745388244, 0.8533233587078509, 284.9829018768318, -92.79153427379033, 291.69638696211274, 0.5068545911914563, 0.7042835003302185, 230.67925289832564, -131.3130392931587, 200.34116177048801]"
2875.8360936686427,13.87066453706468,0.9999829194581576,0.11467299252988195,True,False,"[0.34109879282162103, 0.8020400053317627, 280.31633915547445, -86.60035855893175, 289.4228818517369, 0.47743453131648084, 0.6900385037518875, 233.89446874074295, -149.42912149844074, 207.2554834560082]"
2847.077732731956,13.871926553355383,0.9999995567328576,0.4141781738897018,True,False,"[0.3683284126413918, 0.7134769627313442, 283.89709840502337, -93.4187688419191, 289.5491417561792, 0.5907182101550557, 0.6414785425132741, 224.906566055481, -140.02667129481182, 205.31015326242726]"
2818.6069554046367,13.803881375178973,1.0,0.637728259938994,True,False,"[0.30343588680415473, 0.6629475297545973, 284.9888455506813, -84.60233249385617, 290.2163097879525, 0.5717195339795573, 0.5024658105582983, 222.3865832416852, -143.13100753153856, 204.3229087646513]"
2790.4208858505904,13.849616973141144,0.9999836099194254,0.2807301018387848,True,False,"[0.18970184104009286, 0.7936184083531461, 285.3442769532979, -81.33418383004297, 301.65946139283716, 0.5854990163466393, 0.6015843744554972, 217.8212154441637, -129.10376234392527, 203.78950325730065]"
2762.5166769920843,13.834085383763398,1.0,0.5150364903904231,True,False,"[0.25075170709959427, 0.7758629981153707, 290.2410987538734, -90.57805902605052, 293.77119049118227, 0.651309079392501, 0.4685925319653903, 219.24245482797986, -125.3001720119979, 200.5890592226647]"
2734.8915102221636,13.841019222947253,0.9999974646780803,0.6789025710241479,True,False,"[0.4400068491303778, 0.7542918146973129, 279.1009624758433, -82.78281392693019, 285.9291383684308, 0.612314160163705, 0.42047282589930585, 225.3454727901978, -122.88065639867146, 204.82044222430187]"
2707.542595119942,13.870573013803346,0.9999890847037403,0.6100102058531509,True,False,"[0.5282486005200607, 0.715916741740723, 273.2801854607428, -70.427069850666, 286.73086068792594, 0.48580489142784, 0.4566113862081071, 229.34188353726725, -126.35500481776837, 204.62067110763286]"
2680.467169168742,13.885491294834448,0.9999944344628845,0.4149844081941647,True,False,"[0.6044708308736965, 0.6837720291418988, 267.36388961688175, -58.06782215026022, 277.7079383742259, 0.34886939216984636, 0.5500299703429273, 224.31875251948688, -110.00353628711258, 202.2731959020795]"
2653.662497477055,13.874526420921406,1.0,0.44917865149222846,True,False,"[0.5532955433684842, 0.7729780335513993, 269.8400056301462, -66.07265751795222, 279.8369815822794, 0.4432920295392743, 0.6177904099842232, 229.56592457623086, -117.40598983946887, 213.46894034771668]"
2627.1258725022844,13.789838204859738,1.0,0.7687180369614873,True,False,"[0.49330528025884396, 0.8117137203753539, 271.93670574781066, -43.55978976288793, 273.2679736159454, 0.3125794744689017, 0.4664069455486609, 237.83871759340227, -134.6831129608706, 209.38711067103748]"
2600.8546137772614,13.814929619815263,0.9999903526733905,0.056746570708341104,True,False,"[0.4379871266621094, 0.7824046769869261, 269.1793822621041, -54.231943952202286, 273.0731307946746, 0.3613041629532108, 0.1475355222351683, 245.00457295563868, -157.8251507674434, 208.50962645880082]"
2574.846067639489,13.769676764616658,1.0,0.07795856989209593,True,True,"[0.39515465274295114, 0.8184072493572455, 264.13953202928155, -34.883955202672404, 279.2668093468602, 0.30525999107456986, 0.20021132574386297, 242.11952595052804, -160.7554433805118, 206.6427834889853]"
2549.0976069630938,13.830679344340904,0.9999760692373506,0.5053837992816521,True,False,"[0.5664473614559857, 0.756473213056954, 266.6979485270852, -48.02230749182055, 281.4603649429784, 0.10658629296053243, 0.287559392779345, 242.45326645039395, -144.70540511098926, 211.48056263550254]"
2523.606630893463,13.79162604802367,1.0,0.5630329797806629,True,False,"[0.5555605615153528, 0.7495926686891653, 263.87441302666826, -41.75661758846368, 280.4970694364941, 0.15538412873391216, 0.3907237496997971, 236.8722494391117, -150.727120689109, 213.7393374429746]"
2498.370564584528,13.857836194874444,0.9999734990195336,0.40879429865862826,True,False,"[0.40890937547575745, 0.7330209367734164, 264.02293690223945, -30.967261952764595, 273.64750819848604, 0.3445713814686253, 0.5325462052377093, 236.61487941340457, -167.79834783991376, 215.4503816902679]"
2473.3868589386825,13.803332825588221,1.0,0.6459352585551247,True,False,"[0.40375513896245896, 0.7456354188988428, 256.1471046263837, -45.98485530690884, 273.11379147001173, 0.35567880516098427, 0.3301001693467727, 229.33282436792436, -162.74344739002862, 221.1332655340388]"
2448.6529903492956,13.953433699257463,0.9999387025136633,0.3735118710140626,True,False,"[0.19364293247052194, 0.8992016880549341, 252.0898635528541, -44.99706561511909, 277.03148606698596, 0.2979041753301453, 0.41561676658736113, 231.8593626287098, -159.24608009638476, 220.22308255155224]"
2424.1664604458024,13.875297452007814,1.0,0.34551195456233064,True,False,"[0.29394232457405356, 0.8287185801678878, 249.94481087842283, -31.343912799938106, 274.29831092652677, 0.15426766349715032, 0.43710254382405844, 231.29510372512578, -160.2451957947219, 219.1821032990637]"
2399.9247958413443,13.80337824024027,1.0,0.6593598646536561,True,False,"[0.38034480485422584, 0.882135834824366, 258.08357084310927, -30.24175082727934, 273.40995079266247, 0.15565715551597845, 0.7216666515552712, 225.3794060383676, -165.2913367490618, 213.2954618854145]"
2375.925547882931,13.816839560812419,0.9999943342995532,0.7495914037135313,True,False,"[0.314655360593627, 0.8799244600163757, 257.856281823202, -20.816330743568564, 267.0398994842604, 0.25715142673921787, 0.5677134897725598, 227.60969719248294, -159.44144610325296, 218.05353808505967]"
2352.1662924041016,13.75242213696934,1.0,0.653967571900166,True,True,"[0.40138083194534946, 0.9008167429013155, 253.95811772184658, -17.03497500137385, 259.10631713792196, 0.4001958631400344, 0.5843250976186736, 221.62166853625715, -154.59256218184242, 219.77499401406354]"
2328.6446294800608,13.84611446457309,0.9999597661053123,0.5409939289395035,True,False,"[0.3698152240483265, 0.8966100304904744, 255.9081090106612, -29.344520419547244, 257.8192988992074, 0.28407904829476677, 0.6788834770729619, 221.6148432173925, -142.1137371506267, 212.3318463677088]"
2305.3581831852603,13.893549804865273,0.9999794240857565,0.11966266254789026,True,False,"[0.209545338243109, 0.7733418220441789, 252.1601162064493, -36.32533807848677, 258.1635435070774, 0.3296345728588945, 0.6776490282919205, 216.52038319643265, -159.24409757265622, 214.24478971513759]"
2282.3046013534076,13.869480895990272,1.0,0.2880844968416161,True,False,"[0.2604096650657403, 0.5929382269804655, 250.68809883811218, -39.6403192759166, 260.0670446892367, 0.26666148115440563, 0.8028203058780276, 212.20501510939968, -156.49300842873316, 207.35275828228905]"
2259.4815553398735,13.858761165480242,1.0,0.26080094712989177,True,False,"[0.34921021613821407, 0.6055705933855097, 248.94568988060436, -33.05730693802782, 257.1738652695234, 0.2529694071740336, 0.7068439485125668, 208.89469540525528, -146.8856104997923, 204.1760552473962]"
2236.8867397864747,13.85117103793673,1.0,0.8542746910395738,True,False,"[0.4312579739787721, 0.32641009152448924, 251.46968904606112, -26.220115728303114, 263.1715963361292, 0.21603903189808074, 0.5668523741876329, 208.4722728035302, -152.7496475083095, 201.32422505948983]"
2214.5178723886097,14.22646589725818,0.9998305441264922,0.60853475226369,True,False,"[0.22247501567687453, 0.31179762862396154, 250.11159517352186, -15.293772792822525, 254.76644363335677, 0.22126628702656784, 0.6753796497623454, 201.25054181010344, -142.08862600007484, 205.01500902278715]"
2192.3726936647236,14.337694747597432,0.9999492668244133,0.25749314234054954,True,False,"[0.32613052014444754, 0.3594048045380073, 249.6019851337315, -15.574061881815782, 254.1979474722279, 0.1788381489679694, 0.8198768198208728, 197.32377402400002, -138.42412921333593, 207.658773785829]"
2170.4489667280764,14.232145374257248,1.0,0.9365480204252423,True,False,"[0.3058314681403946, 0.33928496321454177, 251.25496261904524, -9.290046865182847, 251.46547134574928, 0.29308393292704893, 0.8307751922161188, 200.57658705139977, -143.54588682669834, 215.85365510155168]"
2148.7444770607954,14.39179152066983,0.9999257053513733,0.5154691826857631,True,False,"[0.21057188979080915, 0.2315648494145719, 252.27608413286163, -17.378510055795818, 253.84734795772977, 0.168563291008705, 0.7996664247038996, 197.59686435745897, -153.53865301971578, 219.31332714568993]"
2127.2570322901875,14.282691322443522,1.0,0.4494429137479409,True,False,"[0.2227774159647541, 0.46071957317007334, 248.03051299320398, -23.400523314726303, 253.0396059988921, 0.21563569336695096, 0.7097766607237708, 194.40669597213883, -155.66296236720828, 217.64981440609614]"
2105.9844619672854,14.33891784723137,0.9999733019045347,0.04415392408150298,True,False,"[0.1629661270659522, 0.45961271217924304, 248.77131753737524, -20.975452476975832, 252.25954000622667, 0.16941620704498192, 0.7820249267616078, 197.6347795918451, -148.6974156374976, 218.73656313335448]"
2084.9246173476126,14.19827677761199,1.0,0.6586755389892581,True,False,"[0.19560971676673883, 0.39487775782383144, 243.31597014928877, -26.42298370148278, 249.28152619127573, 0.27724289351113485, 0.7781508953215649, 199.8934945477786, -129.71886619736938, 215.1007313644876]"
2064.0753711741363,14.315382841062345,0.9999432662473856,0.868576842574052,True,False,"[0.230832903533878, 0.4767654765737389, 247.03257241674964, -16.996743512966994, 250.60016166891893, 0.15960153854140147, 0.8668316217601203, 197.84373548902235, -114.43285973396772, 213.39429646764162]"
2043.434617462395,14.252195434276839,1.0,0.01912964234057457,True,False,"[0.3959908268554797, 0.36711195370390814, 241.73819166936065, -22.97287338344917, 252.55953434123433, 0.2544191815223228, 0.8747412443652921, 194.61140424390348, -119.1812625399061, 219.72249317079786]"
2023.000271287771,14.234123369000526,1.0,0.2156823770019436,True,False,"[0.45070690884711545, 0.10595871953459007, 236.10961269793998, -26.162290855864853, 263.40136872406185, 0.16092337262813913, 0.7588278957108219, 193.4718697106203, -118.68971422295756, 212.46967388046593]"
2002.7702685748934,14.315319643340349,0.9999594588407331,0.32151273428003,True,False,"[0.5387161233435105, 0.13598237373937994, 237.2396466333091, -29.089380582380354, 260.9112797877256, 0.12334060242134084, 0.7069510365485595, 192.03653070652868, -135.73400624905378, 213.3356947962411]"
1982.7425658891445,14.317490673641672,0.9999989050373205,0.7683000167774571,True,False,"[0.5868412423463175, 0.3466711023468963, 243.9681446814088, -43.288575426064625, 260.57804408725156, 0.13244614024123982, 0.766666461695044, 182.50849999281618, -122.49279676016049, 213.13554654819754]"
1962.915140230253,14.470066448302342,0.9999222738457242,0.007261693836530636,True,False,"[0.6234481954182572, 0.2763470439143589, 238.54042174326293, -44.51145641283798, 256.2768438628226, 0.16392861302244108, 0.828817390180866, 175.19645091994812, -138.3633283576824, 215.27875403235873]"
1943.2859888279504,14.462344339393383,1.0,0.8327942472066682,True,False,"[0.5679158122243139, 0.3828022212968018, 241.54442830628642, -60.483140736789935, 255.12869993431937, 0.1907852285598226, 0.8402537456889205, 178.02154736496914, -143.00424721217198, 217.82006651344426]"
1923.8531289396708,14.364446125659459,1.0,0.9102290402264228,True,False,"[0.6355631474876299, 0.36134577762341696, 246.30982396714978, -66.98715995327007, 248.01037022210494, 0.24669487942508148, 0.8228282840932551, 185.3693144060073, -147.86023383578376, 212.8831702357081]"
1904.6145976502742,14.122541607811797,1.0,0.5252645939083036,True,False,"[0.6757457883364086, 0.38882775988733775, 247.7121137776415, -71.0525570050061, 255.00172272444877, 0.42829162977154067, 0.8790675029266851, 188.46956110502433, -145.38160563877145, 212.8756445308276]"
1885.5684516737715,14.244196352062199,0.9999354832121244,0.7243903975043395,True,False,"[0.555410051430986, 0.44578618975530365, 251.3809978139187, -64.43154941521871, 258.08189543179793, 0.23840198559835488, 0.7283212399552694, 196.13790890967186, -142.07147679677215, 212.12689767392334]"
1866.7127671570338,14.297479170477246,0.9999714567452924,0.046435071336783706,True,False,"[0.5771248110697252, 0.6630528036659942, 248.7492352254683, -62.77536275137975, 266.31252293432084, 0.22982075348516673, 0.7677311901707111, 202.73568368865324, -151.13382500143027, 208.16250280476115]"
1848.0456394854634,14.232061638868249,1.0,0.7266338766534444,True,False,"[0.5657416503893744, 0.6097320986454329, 251.34453833651207, -68.67315702387313, 264.38290393025403, 0.3311084788888221, 0.6873314296969968, 203.63135613057761, -153.14587973730366, 206.2476333892998]"
1829.5651830906088,13.860686835045694,1.0,0.7471251703985368,True,False,"[0.4737511857731715, 0.5787040803608082, 247.479336224687, -55.102193827469875, 263.4344257181774, 0.18609831252235529, 0.5613921875336181, 218.1142291973223, -154.11736043190768, 199.80686987125475]"
1811.2695312597027,13.863660648382623,0.9999983581621374,0.627279060797879,True,False,"[0.4216800702759407, 0.5385294112861814, 237.74960713484757, -35.403802822047645, 263.0170897276411, 0.2189392569005633, 0.5271411947070067, 218.24758147685844, -156.89451966037964, 202.46320802716352]"
1793.1568359471057,13.862872248402038,1.0,0.06943592003555654,True,False,"[0.5440036800656254, 0.5918005300288138, 236.61522164177524, -31.363468094329637, 265.0473649985437, 0.11943515814270525, 0.41518419910573834, 219.27088824631662, -143.3285445688737, 197.26751475911882]"
1775.2252675876346,13.817762413231687,1.0,0.7850034129296481,True,False,"[0.5404790086470497, 0.5961288614768699, 232.11153592601764, -32.29609394451418, 268.74856585871, 0.11123997552447483, 0.2459647004107705, 226.2963922447426, -130.57660740747576, 198.55404218246258]"
1757.4730149117581,13.832328765812626,0.999991711797511,0.6415013410741658,True,False,"[0.670095461472526, 0.6293595978905072, 221.40345691090886, -40.31957165979817, 267.58438302197203, 0.3442982792569737, 0.21686679872821144, 230.5694637150397, -126.06199383782814, 200.54771990469814]"
1739.8982847626405,13.896750075490772,0.9999629747798314,0.45453822900563756,True,False,"[0.5599821334382319, 0.6378399578427079, 217.04546195276802, -23.217076455915986, 265.5494514663374, 0.3641146891910156, 0.3075638929587746, 224.22423111551274, -114.22972511092867, 201.2512325801746]"
1722.499301915014,13.901721368500464,0.9999971139112623,0.07287130155736166,True,False,"[0.5563159008804666, 0.5350718724542611, 212.68945714536966, -30.085178005582257, 264.84272188068394, 0.40655699612596546, 0.24921153769819937, 226.68771820569867, -127.03824883441989, 196.0323941335202]"
1705.274308895864,13.814328823479109,1.0,0.8561200410862307,True,False,"[0.5909127248405558, 0.6999920905750026, 207.1071103702084, -15.290944447348066, 265.7782214672765, 0.12082529936209052, 0.2802020218472546, 221.53916595698476, -125.71063728069595, 197.45815737458804]"
1688.2215658069053,13.828835598966434,0.9999914071035144,0.8925411822490941,True,False,"[0.6724928027802515, 0.7209252973675828, 209.56526943748315, -17.20023222057823, 267.4332072854298, 0.26310507840870445, 0.11704941021699775, 225.7165785357055, -112.67334644022056, 191.07450931540598]"
1671.3393501488363,13.817603801337354,1.0,0.3795382836383322,True,False,"[0.5674987944912556, 0.7433544571859421, 204.9780767583252, -48.24617653236123, 266.1607438471685, 0.1434283360929259, 0.12947835626718773, 229.76913343506763, -105.54604398074785, 182.1452508061505]"
1654.625956647348,13.823242885913785,0.9999965919336968,0.43585488979825326,True,False,"[0.6285277588537684, 0.7570400899163313, 204.88654041806097, -30.289992225633895, 274.0727047726028, 0.13189609683043163, 0.12136642280818044, 227.17275291883237, -101.41125399582864, 184.6556593205471]"
1638.0796970808744,13.854565416619343,0.9999808786890549,0.4523264845321938,True,False,"[0.6660087622784012, 0.601253626621011, 207.7836942279208, -27.978743785717608, 269.3385477109904, 0.19149104850032256, 0.16485928197875332, 231.37038356165104, -97.57908553390162, 186.46930884883508]"
1621.6989001100658,13.911640248114393,0.9999648061504243,0.9629511987126761,True,False,"[0.6242020273547756, 0.5347878238034385, 214.59304823465894, -34.93350339751735, 270.3059234336723, 0.14877618127544473, 0.3695815607099173, 235.29126707772582, -104.92240015740063, 191.18591127481608]"
1605.481911108965,13.893333298301545,1.0,0.40861364272299294,True,False,"[0.8290742041391366, 0.7036175126954984, 216.91714527918103, -28.187853399407846, 263.4773180350641, 0.14544457612501555, 0.23873219330167428, 224.38303299052157, -97.06966481944102, 196.88473393128473]"
1589.4270919978753,13.872010010323041,1.0,0.8383860225566243,True,False,"[0.7893943447388466, 0.7052013848646645, 226.09627255660985, -13.52256552976278, 258.5950527967352, 0.21185567232756475, 0.46606728644616896, 226.7374567092266, -90.28448297393454, 207.02141791206526]"
1573.5328210778966,13.86948929288222,1.0,0.1129207830290112,True,False,"[0.8045950714281127, 0.7130588999561995, 224.52192302260607, -17.18693670290263, 249.7281446503587, 0.28114775094753264, 0.4634790142001675, 221.05003563329285, -94.69307380450854, 203.69197891990333]"
1557.7974928671176,13.848283049325016,1.0,0.6799744136437853,True,False,"[0.7079464063440811, 0.6020700244790851, 220.7735252812369, -13.642461438021662, 246.92516522251933, 0.19651368864299046, 0.5838771143689422, 220.04570997789867, -98.58036169139058, 204.51234302537156]"
1542.2195179384464,13.902598909039936,0.9999647813410402,0.8790792895542686,True,False,"[0.6238017682471849, 0.5807232325697124, 221.83295282117118, -21.60003874055214, 253.83691118033792, 0.3025955392019738, 0.6830879069573924, 223.53377131300627, -92.93594975439805, 197.33705292240523]"
1526.797322759062,13.878194881378768,1.0,0.9069854817370671,True,False,"[0.5448745571938852, 0.5791565939220419, 222.58358961265137, 0.1698612581943557, 258.6171816949421, 0.2209714794834792, 0.7757247554915443, 217.69864602915897, -74.28928214757447, 198.23126900701033]"
1511.5293495314713,13.856032766253058,1.0,0.6742156284069992,True,False,"[0.5166202268254245, 0.47708698083868395, 223.91735961831853, 0.45726751087799106, 253.1484958053815, 0.2529629343262727, 0.8185308606770734, 211.73549723006502, -63.8931500340741, 199.60330948765235]"
1496.4140560361566,13.904260002388995,0.9999677719820907,0.7278154371145642,True,False,"[0.5441829186996531, 0.45308544577851184, 224.0299259762999, 1.8117952824911756, 259.4644567567648, 0.2622592381111139, 0.7458528143267252, 213.11610671653884, -70.52141899038521, 201.84598305031767]"
1481.449915475795,13.902580431411568,1.0,0.9923343605062267,True,False,"[0.5782124620329361, 0.40851364198264833, 226.96909326503575, -9.495141315913664, 253.73914214930804, 0.2701522052419379, 0.6897161507029368, 216.80973449914595, -73.54553377518168, 210.21970972704182]"
1466.6354163210372,13.917732876915325,0.9999896686203932,0.6040203016753241,True,False,"[0.4523142363603605, 0.5351762212807721, 226.30912402252827, -17.99393838340253, 246.50758176838713, 0.19531717759378342, 0.8095259771347463, 220.27963123425664, -85.39210080609045, 213.38145224234705]"
1451.9690621578268,13.905239971201478,1.0,0.45338936289801635,True,False,"[0.5437067581399216, 0.5868167263141003, 228.02480438507285, -12.787094144726037, 249.31370418558225, 0.17597972305246784, 0.6949058238618231, 223.6278169064556, -91.16608360591047, 221.904074351847]"
1437.4493715362485,14.162242309765528,0.999821225449585,0.629390462484777,True,False,"[0.6753350171822226, 0.5666226113739288, 227.27822462435455, -17.76106653493794, 246.31968218108653, 0.14974196142136273, 0.5385509417252781, 216.99988351987236, -101.56456375930317, 217.98919923376076]"
1423.074877820886,14.137104444123768,1.0,0.32264024592701634,True,False,"[0.6872530795858742, 0.5196695255163025, 221.48663385294014, -18.62894441208302, 254.6265169063044, 0.1929332580249873, 0.27151302824685974, 221.71604957694723, -90.03253129934926, 222.3136577287866]"
1408.8441290426772,14.16844864667484,0.9999777520782945,0.4090529950587857,True,False,"[0.9031821094915778, 0.5923985372829854, 222.6130141778267, -16.913952239485095, 266.27244757355027, 0.2892504859558276, 0.3265386442196858, 221.76631341887065, -92.17045459562301, 224.79338023382147]"
1394.7556877522504,14.151357308419438,1.0,0.5498335103005554,True,False,"[0.8817934473432543, 0.4235481983202771, 219.53033104113138, -14.102290019993955, 264.04468212835593, 0.3786638756313579, 0.46531412707554226, 214.4632374072834, -83.83682617056087, 228.23097001947204]"
1380.8081308747278,14.156404481046623,0.9999963447757222,0.8592304142483426,True,False,"[0.8307538131672961, 0.4955322837198114, 205.36624755081493, -5.076653803401875, 267.26315468075046, 0.3321761887160401, 0.4740675246343146, 219.88934150632193, -97.62727061692391, 224.3127549632246]"
1367.0000495659806,13.918866360832011,1.0,0.10388138103565281,True,False,"[0.8823089896371576, 0.4963046915318092, 201.7116632622179, -3.877943460569469, 263.6756368278133, 0.2761882683006901, 0.3620990952693046, 223.16429886281324, -84.30127040064815, 216.4899185706223]"
1353.3300490703207,13.93032271838122,0.9999915347264576,0.4711294896767083,True,False,"[0.8283784150117739, 0.5124308480027687, 201.48657553853897, 6.58501042121814, 264.11598548255813, 0.14167268578817943, 0.5635032377257475, 229.95796359687705, -82.95688125868907, 220.07124287764145]"
1339.7967485796175,14.150615672066156,0.9998355908503781,0.13305611227701986,True,False,"[0.8465939349890778, 0.5202331002172009, 205.08219779214818, -0.21825789543996965, 262.6585090943049, 0.32940003822213465, 0.6159041963662752, 228.08039545130168, -99.89221222395987, 229.80356424850845]"
1326.3987810938213,13.944365671031576,1.0,0.015673856208149095,True,False,"[0.8855507750424235, 0.5390519125360625, 203.50304773182845, -5.665072733830159, 263.6782677004093, 0.24606977889948317, 0.6604873910528913, 229.80445909941372, -84.90322146742957, 227.1118295699303]"
1313.134793282883,13.880424152120586,1.0,0.014268956916431152,True,False,"[0.6768351130280352, 0.5643302943590432, 199.12325016698253, -4.9561207300381485, 268.9798580278825, 0.26026534254970984, 0.8200999619854924, 223.1658251061436, -63.52590885819552, 214.54824608210714]"
1300.003445350054,13.932364512945561,0.9999600467803285,0.7355383979081738,True,False,"[0.6641724480805895, 0.6781121041290281, 195.28904819836276, -11.296790200076993, 261.9390349052148, 0.39286272242318526, 0.8352690147779824, 219.73893007954464, -67.94932686954917, 215.62956206225977]"
1287.0034108965535,14.165328951186332,0.999819003312084,0.7940943588231486,True,False,"[0.5951847890964607, 0.6768200317982573, 191.603103978929, -26.625988138516597, 267.8962789685506, 0.22190431660410032, 0.8254207721454981, 216.46728884978515, -75.32937796804468, 222.28857083803996]"
1274.133376787588,14.163074656953949,1.0,0.48292185200448356,True,False,"[0.5561255539308241, 0.5820626844001894, 184.85331674445254, -37.928697160672094, 269.3240519863602, 0.21765736596887655, 0.6547536804918245, 219.84722732147932, -86.84596110951, 223.40084546936365]"
1261.3920430197122,14.139072591589503,1.0,0.6513396125094921,True,False,"[0.6082096232253699, 0.3640285835219573, 185.9548696822854, -27.674518527422336, 263.37454716821054, 0.3247747241991459, 0.6798683058367027, 213.19448957710563, -93.63027053850115, 223.6055607182071]"
1248.778122589515,14.159777497565642,0.9999834200055578,0.45066339654054155,True,False,"[0.5831943353705493, 0.4699194855594494, 187.52459760664237, -15.514966869866285, 263.4947459920735, 0.2701594031416642, 0.7085965729513536, 214.4773511266737, -106.01076233440475, 223.59866336352607]"
1236.29034136362,14.143810322324754,1.0,0.3457678412924776,True,False,"[0.7701326247057996, 0.4129361763422157, 180.89293235752598, -20.68370559843342, 254.78167520542235, 0.34188371078268864, 0.8271761949773644, 217.12543951010812, -110.9602254061917, 219.752784619559]"
1223.9274379499839,14.18778028768362,0.9999640753412434,0.024988609670693274,True,False,"[0.6384814808526388, 0.5120148979037858, 182.29949110582103, -20.05794031429159, 255.62097993371032, 0.27176872561833, 0.7582185837159644, 209.2157079119266, -120.34177528582033, 217.42784194716072]"
1211.688163570484,14.127520296006265,1.0,0.007614406471875501,True,False,"[0.7361650764352901, 0.44555130113873287, 183.08064672744166, -19.909309114593498, 248.71978744974092, 0.4284719183414738, 0.7978236122594328, 209.4229403147709, -133.90530126987244, 216.45290692364256]"
1199.571281934779,14.155983832862479,0.9999762721902442,0.06075641879087246,True,False,"[0.7708618162991802, 0.3955159056311976, 182.6271946409773, -18.757334657241564, 252.28222689966088, 0.352786533427735, 0.8168825278759283, 213.8171642827586, -128.5358739674761, 219.73086800116224]"
1187.5755691154313,14.109760031613376,1.0,0.37416690222004156,True,False,"[0.6203381159964959, 0.35594167651559905, 179.0540635555267, -16.996009749091684, 252.1469913298827, 0.4099959806513731, 0.8213709319470417, 211.52230158971045, -118.69620477833351, 217.6895501717763]"
1175.699813424277,14.139156044044036,0.9999749973210815,0.12025311412110773,True,False,"[0.7503148132092244, 0.3429729211013042, 178.96721549705205, -21.26229630201658, 257.3054525701773, 0.3849525998555171, 0.7921835115348003, 208.44505750661978, -120.68886838614078, 215.069282317793]"
1163.942815290034,14.219551264916916,0.9999309309328831,0.03190221361554069,True,False,"[0.7453348595187149, 0.27484882576712844, 174.8177244874892, -14.1685723245639, 254.57534334546344, 0.20717882977600344, 0.7222298494727282, 206.9673847349969, -119.15912420724112, 210.81987067928776]"
1152.3033871371338,14.230478558112516,0.9999905170448113,0.7249696563897513,True,False,"[0.7915419102324224, 0.11295689279760449, 172.81921116814397, -9.65256144426992, 253.76726815887477, 0.23016763075569857, 0.7959229302647087, 201.29694438965208, -118.67584031567101, 206.16227833723943]"
1140.7803532657624,14.308165635966102,0.9999319023750292,0.9140975490198169,True,False,"[0.7905174008448673, 0.19709167755874826, 168.57823639040748, 0.8513077369570095, 257.0917751262359, 0.15804217038506324, 0.6578405567693062, 197.16193974873428, -141.65612112979662, 210.29754281202895]"
1129.3725497331047,14.230472389149227,1.0,0.43123511999546127,True,False,"[0.6902381579154856, 0.29271835968496107, 164.80759529034566, -2.608910090170424, 262.8702034837331, 0.29752730308253106, 0.6153307255997483, 206.4614469995168, -146.12307260122387, 214.31914610081049]"
1118.0788242357737,14.239712850359213,0.9999917354458152,0.1533738076053066,True,False,"[0.7016591940861835, 0.2977356400509002, 163.2795254666677, -15.592939222808049, 255.05543709859728, 0.39279321557476365, 0.6029436239130593, 204.10309660488397, -156.95234147267362, 212.81237681028153]"
1106.898035993416,14.232701607734334,1.0,0.052146959555796846,True,False,"[0.7539159623114574, 0.2657572412429746, 168.14984960964225, -35.977530586509516, 253.0459336337768, 0.33585515976955815, 0.4567157530150733, 201.4266113525846, -141.66406845309805, 213.2255110519374]"
1095.8290556334819,14.238568943173831,0.9999946457709787,0.46561482305255475,True,False,"[0.8244577394720501, 0.2922023689607691, 164.31537877309663, -32.99554483354454, 249.49102187980756, 0.27511048941915545, 0.27058632045474973, 205.70518133767882, -138.24532216782723, 219.11078921328345]"
1084.870765077147,14.287839047417624,0.9999545853874673,0.28180578955061797,True,False,"[0.713177279950515, 0.33702359161094914, 160.8803954614475, -20.119437561501524, 247.14081963692786, 0.21411473221212832, 0.31687523964751557, 201.09701062912788, -152.2504794340958, 219.32252107920726]"
1074.0220574263756,14.235954921801772,1.0,0.6151437847195128,True,False,"[0.7840564658479693, 0.23443664969724637, 172.80464593864048, -25.436821727904615, 242.0099757515101, 0.500004299523387, 0.1942434642205177, 206.4864034035677, -138.84065885955548, 225.0185034562778]"
1063.2818368521118,14.211094945535875,1.0,0.22367668254231998,True,False,"[0.7243126335797608, 0.138665528573094, 165.39036868797137, -25.2524478632045, 238.21567677163347, 0.516369725187435, 0.31053906787789626, 205.54939288649396, -156.46625550942002, 229.4276311476319]"
1052.6490184835907,14.179536782687908,1.0,0.6016198888688854,True,False,"[0.8340197791174355, 0.10840221304668565, 169.63725629792773, -28.103536819905777, 249.85665870787497, 0.7370590768237931, 0.25912831060700664, 201.36070878216177, -159.86947844239126, 237.35796542077335]"
1042.1225282987548,14.168433419259047,1.0,0.7688461819920833,True,False,"[0.8142776726684374, 0.0899584997010241, 165.18185459666674, -5.228131256154757, 252.97041671578017, 0.7040570380309442, 0.25386552082970054, 202.43815256394157, -154.51869816147686, 233.0902170064314]"
1031.7013030157673,14.335221029527158,0.9998383503744349,0.9344634402209155,True,False,"[0.8753117680542618, 0.2665092852331574, 158.54340071278364, -16.872259961870007, 249.3879026684464, 0.6588525573601077, 0.24297699838010536, 213.65749107903565, -153.89374592772685, 235.9474662366355]"
1021.3842899856096,14.167289543487431,1.0,0.20764006302586113,True,False,"[0.735966778554632, 0.4834273949339867, 162.14444123102837, -23.279752634155464, 250.58726328951863, 0.6818604102583862, 0.13424964655371713, 213.64799382874267, -149.03393255422773, 239.02424117465387]"
1011.1704470857535,14.148118143753074,1.0,0.607824514455384,True,False,"[0.5932958998837362, 0.6132915343019664, 163.69963579445707, -21.17067166019758, 244.49057942481315, 0.6599004745885834, 0.1180552311615412, 216.47321629500857, -147.81712366889093, 236.39893106348183]"
1001.058742614896,14.144485137336602,1.0,0.34842238020356664,True,False,"[0.5779887522481326, 0.38988737421001785, 160.30837212577978, -8.935452979114894, 255.46313356831064, 0.6466475963882133, 0.19434304154569776, 216.48798189658373, -149.04674520703432, 240.35675568368416]"
991.048155188747,14.210748102521046,0.9999331407362333,0.2291050466371749,True,False,"[0.4818346062936565, 0.27715890112656083, 163.8192039798624, -18.232489016812856, 248.65377822397343, 0.6708454221965432, 0.19579778915975532, 224.24659232990066, -149.00561249237828, 236.74210972143374]"
981.1376736368595,14.206989440101026,1.0,0.161110424707547,True,False,"[0.4561147546674388, 0.38796398511224084, 168.72378974276754, -29.50552332848642, 252.17421213719433, 0.8116573698458789, 0.33121683512355515, 228.0315502379959, -142.786421074939, 234.97461173357684]"
971.3262969004909,14.232335394801222,0.9999739061692315,0.06345467119705628,True,False,"[0.6424203903606256, 0.26376198460798306, 158.6903106040038, -63.57726171828541, 249.1456609940372, 0.8170907544243133, 0.19047038913047995, 228.66994683924025, -150.34923599844453, 236.1552921888366]"
961.6130339314859,14.225549785013406,1.0,0.353981263619233,True,False,"[0.5865088778735174, 0.31250914998127355, 156.94294695251025, -65.32631624488317, 247.40638833585513, 0.7330620603014497, 0.2435920993388056, 228.30169086898746, -144.46847892450634, 237.52107791397074]"
951.9969035921711,14.198691983647201,1.0,0.42764043807174,True,False,"[0.6118422318306909, 0.431223617747646, 161.38062881592228, -58.17533283505103, 244.67169801684926, 0.8321418142404596, 0.2875355228894635, 229.78141879901526, -140.29696888324023, 237.63544822916117]"
942.4769345562494,14.188157328137756,1.0,0.7540212627049909,True,False,"[0.8148405736365971, 0.5401012948811198, 160.69385040386567, -35.48652709841677, 244.47284554278994, 0.671692745216171, 0.26116306041269977, 230.40298124682454, -144.40390757561337, 247.96267365613477]"
933.0521652106869,14.136311536143836,1.0,0.6247465721740629,True,False,"[0.7482472036866279, 0.47376747771078986, 150.39650189305192, -40.82602776892467, 239.72314969917875, 0.7074970654461741, 0.3009248410539228, 227.42882671771767, -136.04243789475595, 253.37474093791516]"
923.72164355858,14.157992072500125,0.9999765294208715,0.7950845157879902,True,False,"[0.6695555817640639, 0.5464036809038839, 153.06707717532973, -48.225377356214594, 229.05663750447152, 0.7867256196532175, 0.22268094472862143, 232.34224699438542, -134.13479802588628, 255.7898820926235]"
914.4844271229942,14.158712117943427,0.999999212621737,0.01453525573121961,True,False,"[0.7309606773057559, 0.5256672588339814, 151.96675737828159, -51.61749825564196, 225.0776298874833, 0.6708758197569143, 0.2173818693664874, 233.31505487568205, -129.27018965571975, 254.17697291197962]"
905.3395828517642,14.192671904191435,0.9999624901528951,0.9620092293298943,True,False,"[0.8336460404055901, 0.43147096445951477, 148.9961073099505, -52.153535559364535, 222.1186303641056, 0.6510345549019483, 0.1941032974849139, 237.44238824387708, -120.19349775766977, 255.14708518933034]"
896.2861870232466,14.150266625258723,1.0,0.3338590178666372,True,False,"[0.7842147229785733, 0.3899329509301026, 153.70205356709724, -67.63760362335115, 222.42004117993534, 0.7229833266620737, 0.16749589710874252, 236.6584501643192, -122.2071683023297, 250.24070264426507]"
887.3233251530141,14.135991784130768,1.0,0.8366963638792241,True,False,"[0.7869264152367105, 0.3519116759326211, 158.65427433818712, -65.29275225590904, 220.2785915257263, 0.7226824897834897, 0.10927146703813795, 245.71060150743025, -131.4012916391837, 246.14142719371227]"
878.450091901484,13.923468955332039,1.0,0.39331014687897015,True,False,"[0.831113254590027, 0.3739146017159858, 174.29450115902395, -79.63579515683439, 217.45832979091148, 0.7506338249251543, 0.11723667670108619, 242.33122226673453, -133.90817556795432, 239.1892737657318]"
869.6655909824692,13.971031997315691,0.9999453103102377,0.5190271898216434,True,False,"[0.8132622868656587, 0.6563353969026131, 169.0810214652801, -79.05104785432657, 223.69903188360828, 0.7102138460096539, 0.18347922340874057, 241.62251860500265, -131.59295897431363, 240.9573049825577]"
860.9689350726445,14.160196904636443,0.9997803124825178,0.5532016023410855,True,False,"[0.7661186149577431, 0.5450641176134048, 165.84183893412623, -71.20175168894613, 228.84049940001657, 0.7443397125053186, 0.3192643044158713, 234.35957523194486, -151.05696403300666, 239.34736909554633]"
852.3592457219181,13.894910880236075,1.0,0.28348116668070067,True,False,"[0.7000289574625581, 0.6952659013858168, 168.68309414445605, -87.75228252583202, 226.61396013483002, 0.6746458878103836, 0.22576505187723078, 242.07467208827785, -139.80306448274456, 232.3807303420024]"
843.835653264699,13.835960925892085,1.0,0.5862885256116785,True,False,"[0.5314702211269537, 0.8106441090077091, 162.92568544370778, -94.46823978588354, 220.54661985237067, 0.6433323169227063, 0.13068559920121464, 245.04297127016815, -153.76393624908678, 240.28482069692103]"
835.3972967320519,13.847182810958508,0.9999865670983867,0.15741311472504316,True,False,"[0.6256026924051632, 0.8493554946301488, 165.84491295469795, -83.90860253487035, 220.56606248620506, 0.5685889477740751, 0.25555843692781455, 253.32736655360387, -162.36647482913946, 238.9400838923502]"
827.0433237647314,13.959629386984304,0.9998640471074453,0.7039065377108393,True,False,"[0.7691541778109476, 0.7680581051993103, 163.91451882053533, -86.23142935606683, 220.0580999153089, 0.4088998453790499, 0.2806709062229594, 265.2810435538747, -152.86492961398758, 234.90228749363203]"
818.7728905270841,13.961291638895071,0.9999979698274788,0.6017012221914736,True,False,"[0.8302237786419558, 0.7969678906099184, 168.50153994294675, -91.99023043719482, 226.95026613192982, 0.47403318156776514, 0.37982107595409115, 265.73850981341945, -164.21299745070095, 240.79520061023686]"
810.5851616218132,13.843595118544236,1.0,0.9617464680776238,True,False,"[0.6283474635765949, 0.8400354503669889, 174.6884980550276, -93.3060567428738, 229.23571646794946, 0.4737472417323263, 0.4515042913370535, 257.7285474462903, -159.00763758580678, 233.20903467275133]"
802.479310005595,13.945505756575493,0.9998730133400601,0.0641392771659145,True,False,"[0.7243253800734206, 0.8262638828228219, 174.45408370236245, -96.29680640938493, 232.59734622916733, 0.36908954596090804, 0.7895195825278953, 257.94574012951216, -180.63496664033886, 248.66140628868752]"
794.4545169055391,13.912568099864938,1.0,0.769475976425487,True,False,"[0.7574092611113702, 0.738780622983578, 177.48435288035705, -100.03715443978243, 229.64753632412027, 0.26994080649380464, 0.8294960055394116, 268.7464149964455, -173.13233095632566, 250.5970069866558]"
786.5099717364837,13.877146491216358,1.0,0.8599301947053023,True,False,"[0.6039902715704245, 0.6587136680491503, 170.24675773845527, -97.42267855088326, 228.6165024105011, 0.1686411044747908, 0.8826387070251772, 267.0608409122632, -178.94869760709776, 244.84586243400005]"
778.6448720191189,13.891800531440591,0.9999811802493567,0.816394665706988,True,False,"[0.5068473789016443, 0.8216836063212237, 171.12554893834357, -112.87093589196112, 234.34133221287823, 0.27146577745477546, 0.7955756163553063, 270.8860666233587, -174.65011629360336, 234.19015743873848]"
770.8584232989277,13.923727673501007,0.9999585832107024,0.6636964080764743,True,False,"[0.7206596858613011, 0.8473823097770514, 176.15765690360513, -109.25206488206379, 243.1314376263021, 0.2547441777672926, 0.7214417251285323, 264.1848632145255, -172.05847985645565, 240.93602162191038]"
763.1498390659384,13.922221166419734,1.0,0.7187696163184971,True,False,"[0.7919616697086657, 0.7008467269700742, 180.07739085861687, -114.35134904192847, 250.02767741562025, 0.23719762350584084, 0.6784068061798428, 256.15272461719434, -169.16500693843236, 239.3247205947027]"
755.518340675279,13.862911415823469,1.0,0.35129266445779384,True,False,"[0.6921375919675291, 0.8205286712798014, 177.28722941550575, -102.11929202567626, 255.3731768057983, 0.3750816725588216, 0.7213106682640185, 248.89643736089005, -184.62966547530615, 236.7496496720935]"
747.9631572685262,13.964970173128927,0.9998635603990286,0.3859037015521293,True,False,"[0.788086198168858, 0.8035131985763454, 176.17376427618643, -101.2658994487966, 250.9476201007394, 0.4173799342719414, 0.6454975861121091, 250.30103483650836, -180.72555863047208, 231.91992439866672]"
740.4835256958409,13.905349077893682,1.0,0.5238156089591631,True,False,"[0.7248358299896044, 0.8426172281657588, 174.39684870345496, -115.27465119470169, 246.9174130246292, 0.4753168126865521, 0.6008596905383603, 256.1788388566221, -179.57055629353118, 227.91146057999623]"
733.0786904388824,13.854176878032206,1.0,0.3845140736407823,True,False,"[0.5342915379068092, 0.8557092516033797, 166.785773285472, -120.89375442916683, 250.39251837413101, 0.5291550558502737, 0.6875240944621541, 262.5958934297825, -178.7215005105458, 222.37588414456783]"
725.7479035344936,13.907175031517486,0.9999269770974685,0.869633537577525,True,False,"[0.47572602171198825, 0.8016306844845196, 160.38762372175182, -123.50888086682193, 243.606422247735, 0.5248159846940538, 0.6584951111046602, 268.73335803131727, -184.10883559223433, 221.68683546079328]"
718.4904244991487,13.807164704745825,1.0,0.9740360165482231,True,False,"[0.5219353612135221, 0.8452628259099964, 161.665350324257, -113.39979597668841, 243.94804794711104, 0.7600087238121825, 0.6536394275855326, 267.01068968002147, -180.50137652387272, 218.60610398149277]"
711.3055202541573,13.850548981141342,0.9999390093959204,0.04390832556391966,True,False,"[0.40943210120024165, 0.7803103889042097, 159.79243704971583, -104.26355796409915, 241.9710014645199, 0.7535243147777121, 0.7299876443977744, 264.20071702664825, -178.40741127378388, 217.40420739024916]"
704.1924650516157,13.918897534938067,0.999902945231086,0.34110153413995514,True,False,"[0.2397871929798216, 0.605679029977495, 152.28149000140536, -108.2639244143922, 246.66055804539386, 0.8212493428636081, 0.7712376567372677, 262.17931665871845, -169.9991633447986, 218.2723519393077]"
697.1505404010995,13.992536971952577,0.9998943764027314,0.05696158223803183,True,False,"[0.19999858138260912, 0.6731736390599287, 153.4858647559114, -121.05624855145417, 255.43448278712242, 0.868095692775278, 0.6238007256000968, 260.3181399363541, -158.6146733309747, 215.58598403089255]"
690.1790349970885,14.035270419017452,0.9999380854503349,0.8091734302076226,True,False,"[0.21843477525783328, 0.6827897258822289, 157.7630274754475, -119.85178597090786, 250.2498991762888, 0.8962510381581096, 0.6013617279227312, 254.05021708805853, -150.06904545879337, 214.39761134959355]"
683.2772446471176,13.919927519689239,1.0,0.044317418415763865,True,False,"[0.36390500439017304, 0.6692208280758878, 157.90103947664966, -125.40106377633543, 251.78262585059912, 0.8605480157156282, 0.6193316259619027, 245.62014698817396, -150.8926047866277, 204.3638958494612]"
676.4444722006465,13.922278026243069,0.9999965252100258,0.4254738634093227,True,False,"[0.3836167888566337, 0.6842571758994782, 159.1876791143439, -133.85619573355962, 251.02648010776917, 0.8449351841649333, 0.6514620258640903, 241.66168438764612, -146.7626182701962, 213.32340796132604]"
669.68002747864,13.986160104388038,0.9999046126079575,0.755515525679169,True,False,"[0.5060512023130312, 0.5884594169287818, 167.20279543199655, -147.2371658994273, 251.701319151827, 0.832027820576677, 0.722282921600983, 247.69013640175663, -176.24379661414247, 216.8456168220342]"
662.9832272038536,14.012408200182895,0.9999604098940487,0.5275553135993155,True,False,"[0.6932118673318369, 0.44293348056144055, 166.17144248404813, -144.60005749314158, 251.4567161666086, 0.8601149969729496, 0.8476719744429446, 243.42595167072903, -174.92249195799943, 222.43050682727625]"
656.353394931815,13.930262891602387,1.0,0.6845586376629452,True,False,"[0.6447054731057279, 0.36541810415896775, 161.0192564637458, -138.13810506462983, 247.9542771622853, 0.8453662376458891, 0.801292812602044, 241.62315869440332, -157.64152136740068, 213.4175767957714]"
649.7898609824969,14.026410817022652,0.9998520432248189,0.4542310476277178,True,False,"[0.6497837156268268, 0.4993598706466974, 161.3019719086687, -141.5013686109163, 247.8207906136391, 0.7605999574311643, 0.778747416797524, 241.0391791850601, -150.60685328984184, 209.2442405306076]"
643.2919623726718,14.054065286640917,0.9999570119373077,0.08397169481400557,True,False,"[0.7281791090369518, 0.512399337219405, 163.77186984263997, -147.29646519596483, 247.79308957308982, 0.6634188243311396, 0.7807325480046565, 231.42206588404792, -142.70145687553344, 209.54155504525087]"
636.8590427489451,13.991068251918673,1.0,0.7579716231013912,True,False,"[0.6174844936625721, 0.46811335460016207, 160.02078854129488, -126.49417337379296, 249.56975258305914, 0.6115066840606078, 0.7034622989139334, 230.12936923426886, -138.62685262526514, 201.84768181263158]"
630.4904523214556,14.018368882664548,0.9999567003122939,0.5881108810855016,True,False,"[0.6339668007227413, 0.5592654689038786, 159.16527156994312, -139.6677685841876, 246.4337527034619, 0.5982623850074789, 0.7630796243524925, 230.50451620013519, -134.46210596634205, 204.71150161701394]"
624.185547798241,14.029140463337715,0.9999827431317995,0.8262708905246359,True,False,"[0.677430022480928, 0.5053814947943752, 154.7164037539526, -143.89793071739945, 247.49950843963651, 0.37711619290648524, 0.6489215630752802, 232.2884762744424, -135.80441842531042, 206.89690073179784]"
617.9436923202586,14.014922853216518,1.0,0.10602287277674427,True,False,"[0.6448215153044178, 0.5866056684534261, 157.07466120927705, -136.06677622294822, 247.9060861648188, 0.3057184120680664, 0.5527423957184745, 229.87373798084576, -131.57494707637167, 210.1953395698034]"
611.764255397056,13.969837389601086,1.0,0.002138361130301414,True,False,"[0.6170155498876158, 0.5728307732832287, 160.9990831040195, -127.31275658625461, 254.4619087726898, 0.37635855890895303, 0.6849816383483532, 231.7371626687835, -128.1196606920597, 213.13775596335458]"
605.6466128430854,13.994534453756405,0.9999592228205526,0.5651182807611109,True,False,"[0.6656442513040899, 0.5688370369457643, 162.99008638558698, -135.58772266647304, 251.5940113814388, 0.35291523288662313, 0.6680584821777605, 234.15455499583913, -124.12100185577383, 214.5032533094122]"
599.5901467146546,14.002010775637055,0.9999875310237993,0.31635892553642164,True,False,"[0.658717393489883, 0.6151174002069255, 161.79761437883178, -144.28396119303792, 249.76795197289084, 0.43760482849245014, 0.676965663181266, 227.38164822639163, -130.63226560461555, 215.6109629618469]"
593.5942452475081,13.928348301140229,1.0,0.07131773071389125,True,False,"[0.6521102507456324, 0.6961421296841263, 170.70447640944556, -130.1480066923117, 254.64614272991236, 0.3416167166052042, 0.8474030319220537, 223.83931280479172, -140.6704041833355, 205.74419141250334]"
587.658302795033,13.872543036531312,1.0,0.022971146784175556,True,False,"[0.6042045314555228, 0.7751206649259583, 167.8804435282822, -153.54335241017873, 269.611150427302, 0.23006543433665722, 0.7430805337108027, 222.64581587556646, -137.62326291778803, 211.7481400478867]"
581.7817197670827,14.012316879249553,0.9997597775095243,0.8167247252192797,True,False,"[0.5436905504353667, 0.6340997239340687, 157.87465693228424, -153.19513773872924, 279.14340612698965, 0.388116029872863, 0.8309606853035941, 222.08432734475477, -122.25113892822402, 207.32224687889928]"
575.9639025694119,13.951111258715073,1.0,0.758736212793557,True,False,"[0.4884617975074801, 0.6588417062922182, 154.00578461132818, -135.9573593700803, 271.6135578350892, 0.18873315864224915, 0.7796294151771908, 221.1567570630667, -136.66321421419678, 206.0288924635528]"
570.2042635437177,13.97199037051299,0.9999633837716178,0.09338087741205114,True,False,"[0.5704757926504715, 0.6375769403192041, 156.7157580814805, -136.9534569743148, 275.35363300970585, 0.16429172912217035, 0.6863802027711918, 222.4361739281033, -134.00122360294202, 208.62278273582376]"
564.5022209082805,13.9471978590203,1.0,0.7437822182284304,True,False,"[0.4300749639758086, 0.6544373111641473, 162.29272376117024, -128.86230188483532, 276.7221858293023, 0.3040593489245803, 0.7487563659002401, 220.60064075624993, -130.14273456319495, 204.97701344760094]"
558.8571986991977,13.976016286257778,0.9999484346192881,0.850661551924896,True,False,"[0.45892887254292714, 0.6720630849280971, 152.45975964362654, -134.72805674703562, 272.8339332656619, 0.3291082080905142, 0.7835165684140898, 222.23131870755915, -116.6601247957772, 209.4477059258646]"
553.2686267122058,14.02767035241747,0.9999066427184069,0.7038134947358067,True,False,"[0.3641797251154821, 0.5420061151938182, 151.4305518694759, -131.70431206892948, 278.41761260447333, 0.37868270500044765, 0.8386486497416685, 225.88462963788305, -111.31054720548993, 204.99455503192553]"
547.7359404450838,14.009926147387791,1.0,0.5400035585433568,True,False,"[0.3360618715015017, 0.4674448916422293, 150.66417089141228, -122.68019547708772, 278.2002801448812, 0.4518664063374523, 0.8599110327888718, 235.069413917635, -130.3677905571871, 206.09863439772528]"
542.258581040633,13.95522166955465,1.0,0.4327297968841102,True,False,"[0.35229758425492935, 0.4785329574604837, 152.63945084434914, -114.11782408810127, 281.99651095028173, 0.6026725971973768, 0.851062723717956, 239.32040894420356, -114.60946294214496, 199.89784065333265]"
536.8359952302267,13.966864303767018,0.99997831272853,0.8520850627494402,True,False,"[0.48040659568624955, 0.5625091785702494, 158.86520692225957, -109.33991032723254, 281.76922414574506, 0.7098195688654655, 0.8526650474939148, 248.18407961731182, -115.69752996797071, 188.76162955349974]"
531.4676352779244,13.895830023143642,1.0,0.2583127621470619,True,False,"[0.3547034500900037, 0.39348819928719525, 160.59210656319394, -93.80814405147355, 279.28202429719926, 0.7650323319808028, 0.8926032864689009, 250.59159264660565, -112.8713700127954, 192.18042608699767]"
526.1529589251452,13.932563839773703,0.9999301865859813,0.47657263530505267,True,False,"[0.1592180901470034, 0.31966208007769376, 159.88529817244793, -88.8174684819634, 273.0556993529424, 0.7077558167319603, 0.7796842804886601, 254.0828525308377, -94.9032765290685, 190.2122958258688]"
520.8914293358937,13.947468639396366,0.9999713863858337,0.9428188096882949,True,False,"[0.24826632739657145, 0.2736318455136966, 146.71619789410397, -84.164524939918, 259.40757395525264, 0.5862766368041246, 0.6715427684442451, 263.79054181864905, -114.86658170700233, 192.21393511840816]"
515.6825150425348,13.959288671072375,0.9999770791216146,0.507184074336518,True,False,"[0.30893076339551445, 0.26579492052528025, 146.79456665444013, -84.19037265889486, 264.1367993167829, 0.4769986926358191, 0.6784623202258974, 261.98309531825345, -111.26120554222847, 194.11941612447333]"
510.5256898921094,13.926566404872704,1.0,0.7045825866396624,True,False,"[0.21263042561502282, 0.1745563826078101, 148.03525039888808, -85.90181558495351, 256.0510303577887, 0.46525902785129997, 0.479900347694291, 264.6671189936865, -116.93526925114682, 195.30781268864152]"
505.42043299318834,13.975143312581405,0.9999038927391857,0.20932179213276159,True,False,"[0.41563409942229945, 0.276279945902135, 147.56763119327252, -71.4956006929174, 257.3873023351144, 0.4338372537599678, 0.5414728202091945, 264.9825401074164, -113.52961504790133, 189.31084918297188]"
500.36622866325644,13.946335811215013,1.0,0.4654602422843921,True,False,"[0.26887632300998654, 0.2471985383236057, 145.40581859546793, -78.83633603616644, 256.4435851645489, 0.5733564808005034, 0.46281730557723666, 264.77649572107583, -126.12404884854294, 193.2531058610966]"
495.3625663766239,13.923284756309375,1.0,0.24145243370086755,True,False,"[0.26618718334785163, 0.27480235988508483, 149.46947565869326, -78.9169593593483, 255.47293304865283, 0.5498653858247481, 0.5874470938237583, 271.52858965830336, -121.54626321463844, 195.2961065760845]"
490.40894071285766,13.956508296132013,0.9999322556917319,0.20601554311442483,True,False,"[0.32446763658534317, 0.25561217699040306, 154.32737149884775, -84.35600124253814, 256.82443422402787, 0.6219506130532202, 0.5430292231236828, 276.54647472311996, -144.62475273038626, 199.35322706709607]"
485.50485130572906,13.928000254662333,1.0,0.7042918373199608,True,False,"[0.3158084357159187, 0.16647900183680198, 145.3309690514631, -84.50009373440479, 249.33259913136558, 0.42874020588056927, 0.5617162606729584, 278.29535667112856, -151.81182419235975, 196.90933514684878]"
480.6498027926718,13.929097580783498,0.9999977169971522,0.9132321937151998,True,False,"[0.21805831208566442, 0.1039806670769362, 142.61594057224866, -95.93212722641975, 250.51168539860598, 0.391033650244755, 0.5201573730730071, 272.1628319777349, -137.612061594946, 186.72879694627642]"
475.843304764745,13.951485663216245,0.999952951831947,0.7493201641217299,True,False,"[0.13348157542518765, 0.23406780098535956, 145.0040388853941, -94.36045759350927, 260.9708198911694, 0.32312499116666515, 0.6491445097413712, 266.70806966079203, -135.19691205144542, 186.35435561498633]"
471.0848717170976,13.997337126893743,0.9999026730954368,0.8211145971819005,True,False,"[0.22396510064486616, 0.22765308794659567, 152.66947277123268, -100.70349769959681, 263.5383699688172, 0.28280365881994757, 0.5265935429991839, 278.71920189589423, -125.72782515414694, 191.8043607913126]"
466.37402299992664,13.930950140966903,1.0,0.18942363668473605,True,False,"[0.11964633464081166, 0.3715348662972182, 151.41335148514958, -87.13404004283261, 273.27015560871047, 0.3512057687444818, 0.4110670462159184, 274.56447541811445, -123.40027116782727, 189.205050838803]"
461.71028276992735,13.990362263300554,0.9998713299179435,0.9304948791902277,True,False,"[0.2275006398318304, 0.5962614362753109, 147.59906328271182, -90.42207432190409, 270.69647529207265, 0.25277591664554105, 0.3945184959162167, 264.92244567409176, -139.21648268574654, 184.76790037409668]"
457.09317994222806,14.000298983769312,0.9999782612979176,0.41720620063876845,True,False,"[0.22236203458447498, 0.594529394221115, 148.57191416979938, -86.71658101382815, 264.43101557063864, 0.3109174792323007, 0.4266860060960035, 262.345779359677, -122.28715046598926, 188.09563100719976]"
452.5222481428058,13.998657322755463,1.0,0.5067491569040146,True,False,"[0.22486861241691897, 0.6587194979657862, 153.37929167855307, -81.44318277460683, 266.03150469028583, 0.23680555764393854, 0.48975302654710273, 254.19917356147423, -114.60783450937508, 199.34409157997246]"
447.99702566137773,13.9951698153797,1.0,0.3869070469650874,True,False,"[0.2434535458880421, 0.6651704771307037, 140.6549441943267, -73.36296168891833, 267.70317514010327, 0.2999634212578064, 0.35798212468123186, 254.43916899120612, -126.87101370969968, 204.7403630776134]"
443.51705540476394,13.963054569730149,1.0,0.8593174446503055,True,False,"[0.16687042641520444, 0.6403946075041977, 142.40433051106658, -84.17924468483413, 270.1957484808962, 0.4196982414542342, 0.4463445407194401, 257.1312292477098, -120.63258215894193, 198.3203552882479]"
439.0818848507163,14.01092578849184,0.9998909802227989,0.1904986037599491,True,False,"[0.15830570558192758, 0.6894838646765645, 144.08674728806156, -91.99043136241676, 265.772255203853, 0.44777757156175363, 0.6520374254538934, 261.5710713413052, -141.1388184335898, 199.25043190562232]"
434.6910660022091,14.051541295513008,0.9999065690261547,0.786052659397486,True,False,"[0.18328355791940198, 0.7283451712045101, 140.64048073976437, -99.4066300490674, 264.52260805491017, 0.43633557888823515, 0.6488479631270899, 262.25412213464153, -131.24002404995682, 204.00768748537786]"
430.344155342187,14.025640228419466,1.0,0.03740829606955487,True,False,"[0.19639111321355807, 0.8018960750412624, 146.50674405237677, -98.4052886113706, 263.18475549760154, 0.602155705690331, 0.5962332922882296, 262.90135509540994, -121.24482576173266, 207.19718723565663]"
426.0407137887651,13.999211773469703,1.0,0.4386342962531773,True,False,"[0.17739489418055296, 0.7232620800956848, 146.0544744641223, -87.14157686569173, 265.70411337101945, 0.39911782859172107, 0.5143375903638114, 271.84138429314277, -113.06379046211642, 212.8257385570409]"
421.78030665087744,13.983345269121926,1.0,0.0377659053705357,True,False,"[0.2282452241811058, 0.7747364508728591, 140.9417021616659, -86.40934580470393, 271.8556921751434, 0.4097620076999187, 0.48098909455736355, 263.2407420214125, -129.41533806411098, 211.28431507918083]"
417.56250358436864,13.980104170338755,1.0,0.35943234900990595,True,False,"[0.17486885984951403, 0.7460635742144088, 145.75729909899457, -73.81877170035385, 281.0909548153372, 0.48448499717720633, 0.6263706708398518, 261.3600568036971, -116.10927609680598, 211.90403406191191]"
413.386878548525,13.976848683079492,1.0,0.236417548872758,True,False,"[0.3653627371903647, 0.7890556446708914, 140.70854630925052, -79.6105278975895, 282.39209300657035, 0.3802545884910157, 0.5860011832881725, 266.1519623724669, -90.65005002520282, 211.51148065450704]"
409.2530097630397,13.97091117615387,1.0,0.19016197524430845,True,False,"[0.40008980199796557, 0.7590838104248303, 137.88845705591797, -79.74613815483698, 283.5568817584867, 0.35629853462086175, 0.4939402248499746, 263.25756280031345, -92.9905353735169, 212.12773475231492]"
405.1604796654093,13.937361778416722,1.0,0.8929340764349423,True,False,"[0.5100925944998328, 0.8086499253814811, 135.4082864743669, -93.45859852106192, 288.07021488973606, 0.41001611457640935, 0.6103580295767617, 265.6116403992066, -97.32890614977642, 208.48426356685772]"
401.1088748687552,13.923515303097808,1.0,0.8131778189878726,True,False,"[0.45362870886819195, 0.8309960287716402, 132.42582902102083, -71.32969738479461, 287.6568531835318, 0.3111198284394459, 0.643089729047862, 273.7296918163649, -98.43856983869222, 209.9407266960263]"
397.09778612006767,13.882546816038957,1.0,0.5132157787330518,True,False,"[0.6417830148194658, 0.8741539293097609, 125.87550073036009, -59.663315025351146, 284.25180575438793, 0.37234789587289957, 0.5428039665307824, 269.71775561658296, -96.24510108590155, 209.5034888312949]"
393.12680825886696,13.949268770026354,0.9998302932009696,0.07006938807604468,True,False,"[0.7199795764152827, 0.8108932029502786, 125.61375204175876, -59.45939257122342, 285.08831911638663, 0.46365477524704446, 0.5472646895810059, 266.35192642692596, -100.73752883630425, 213.53811138767043]"
389.19554017627826,13.896265427688151,1.0,0.5796043358638584,True,False,"[0.6652437292565052, 0.8712327660267569, 130.77097463652194, -70.32566785695909, 282.30148231584354, 0.446330360810243, 0.5051342463179707, 263.44598226374364, -108.93761571146902, 211.88160280429645]"
385.30358477451546,13.998217083175765,0.9997354341551492,0.983671902348686,True,False,"[0.7334878980548933, 0.8924973492058905, 119.6181206547977, -62.10747919577064, 279.7093646874108, 0.5654898553909026, 0.3904622170655866, 260.7738378614631, -125.22580596537802, 208.7055075673302]"
381.4505489267703,13.871510019635476,1.0,0.25875838956480757,True,False,"[0.5824729906999531, 0.8429888640187938, 124.60098414285565, -77.56361784399239, 274.0492689474755, 0.5371770000468398, 0.3072332999433419, 260.6616657721526, -142.89537182635667, 206.8278507916971]"
377.63604343750256,13.881590227357979,0.9999733074388322,0.6996899215253666,True,False,"[0.5128889145821561, 0.7489528201239493, 121.95076797663279, -65.03332061731085, 278.74516237944505, 0.5360037668383681, 0.3691686933410216, 256.8913133215359, -155.31562136149756, 216.37777592121282]"
373.85968300312754,13.87918525652319,1.0,0.999057256258964,True,False,"[0.5317287807255578, 0.7192773394652493, 123.79830967861119, -56.62937137052373, 285.2579383945612, 0.6477923269950592, 0.31626379981876296, 253.6580320934099, -169.82354384186877, 215.89828618520707]"
370.1210861730963,13.98065834481664,0.9997258757111411,0.8368637231841475,True,False,"[0.28869951177634867, 0.8104870968782555, 112.93658298066545, -48.50581517696624, 285.1866696825157, 0.523319978426554, 0.3681636437230491, 253.62574843488804, -173.3510483656578, 217.27008742039857]"
366.41987531136533,13.920732805170154,1.0,0.610433281197143,True,False,"[0.41484130246470663, 0.7100508979208031, 108.83590370911249, -53.34084966098411, 287.347321883371, 0.6049227541584483, 0.39520972156563805, 259.0110919093763, -175.71624146094365, 207.62067925276287]"
362.75567655825165,13.92600243477274,0.9999854734421313,0.2881561713809093,True,False,"[0.4278716787939591, 0.8036935465669324, 103.59236407951043, -49.63449070434214, 296.68135915685343, 0.582615154759898, 0.2644232649813204, 257.2098511234347, -168.15485978753182, 212.45468480153374]"
359.1281197926691,13.919009719957822,1.0,0.30014622732437624,True,False,"[0.39538616085244527, 0.7822132564670673, 103.47570220498918, -25.593631090132938, 299.42044683300855, 0.5579251297590656, 0.27982045942099537, 261.89277778234083, -153.97668870532485, 217.5701012552551]"
355.5368385947424,13.921279066572414,0.9999936171470132,0.33174636942449187,True,False,"[0.3870292996838839, 0.7221620010328, 103.82314991497294, -22.599220708961116, 306.8945364081608, 0.576691936981891, 0.40176295322923516, 262.9500499861574, -148.57440088951435, 228.34072886934365]"
351.981470208795,13.937821341572137,0.9999530035309171,0.8467771321208593,True,False,"[0.3466604659268472, 0.686539298893344, 103.89811163145558, -27.58232167085267, 301.19467612604353, 0.5723756178442069, 0.36599657782074374, 259.1875074754714, -142.4038243907488, 224.9741530885763]"
348.461655506707,13.902355617217268,1.0,0.9796676045586898,True,False,"[0.5390853486281354, 0.8115378347256831, 101.96642056899275, -24.235861475837705, 303.770079487104, 0.49458767662141345, 0.24270496109224307, 263.3122451833947, -142.48187490759298, 218.69761437169606]"
344.97703895163994,13.847276923850247,1.0,0.3073339649129684,True,False,"[0.5368789481232957, 0.9040439643358241, 93.15573484487749, -11.205112668750727, 300.0147613826406, 0.5651207250180655, 0.2473799752305119, 261.6132699864897, -146.0375553843803, 222.6902385951409]"
341.52726856212354,13.910033390742083,0.9998162644473971,0.8081547017274797,True,False,"[0.4839762773905301, 0.7418593705279097, 96.63850436128027, -8.116844579867134, 297.80337802733965, 0.5843587054628167, 0.25795891020603484, 260.3163426753728, -145.80808902126176, 228.05569808433626]"
338.1119958765023,13.969453003889171,0.9998242760002818,0.6231099529740284,True,False,"[0.38077511198711883, 0.6743035687536313, 99.30306259483956, -7.9725654238015435, 297.57746420907176, 0.4357240941739541, 0.27332516665386053, 260.8228582146442, -137.6051558229551, 224.3077449726748]"
334.7308759177373,14.011893481959078,0.9998732181859343,0.6830274947411826,True,False,"[0.3477932615653398, 0.7509546233240771, 90.56926405023714, -10.172428818479204, 301.9007391488805, 0.3247795810080267, 0.31036549020126303, 260.40259524080494, -137.121788142143, 223.64157157436168]"
331.3835671585599,14.033937481988724,0.9999334811106074,0.396445202270003,True,False,"[0.27582113587729556, 0.6274730678864211, 94.1676363763883, -20.582635372741272, 310.79052852072175, 0.370591766739773, 0.4891293748530487, 265.5173897429374, -146.43166177979904, 221.50341493593018]"
328.0697314869743,14.032677838169164,1.0,0.08815103847147643,True,False,"[0.25683606393985786, 0.6246167499696449, 90.60212327739391, -23.61542138036814, 312.27641374578343, 0.39398993410042116, 0.48661265227503203, 270.536179589426, -145.23183483036303, 218.13681900921873]"
324.78903417210455,14.060809418571157,0.9999133888180634,0.9157320399862078,True,False,"[0.21451505674181248, 0.8579140867222981, 98.29568267013006, -21.93303860457269, 310.77356219802226, 0.38354581573100893, 0.23326820521825453, 274.78342498869375, -132.64103906025866, 215.44050910351118]"
321.5411438303835,14.050194293516123,1.0,0.988978631100182,True,False,"[0.18602552981902826, 0.7573434140068761, 99.3660527518533, -20.141882762195277, 298.9528366831442, 0.4533194049595924, 0.17719109848434778, 275.38724604689133, -142.54157128828743, 213.08751275807623]"
318.32573239207966,13.989986251762446,1.0,0.8668474872375483,True,False,"[0.2092395039831062, 0.7235358371128275, 107.04250802624165, -29.98879219239673, 295.57180182600064, 0.5158010504750228, 0.1740689090065392, 277.61338946648493, -149.23646928985863, 208.2687336922099]"
315.14247506815883,14.13817081389736,0.9995298960310006,0.4972972719590324,True,False,"[0.21429028664054217, 0.8627537293717139, 96.16479975019054, -37.87778350162556, 294.84585896863405, 0.4960035855257995, 0.173952349171439, 275.37036893221585, -142.73586324033113, 212.92584746381436]"
311.99105031747723,13.92869690267892,1.0,0.22991439417066006,True,False,"[0.4100444329480273, 0.7058188186207003, 94.99124742444235, -31.67032801258226, 291.5051486892048, 0.7232639129512988, 0.18340003832853943, 268.03545104938854, -151.38698639582418, 216.5299460882746]"
308.87113981430247,13.9640523181785,0.9998855399954436,0.6708730414878756,True,False,"[0.6483768665302125, 0.8400831597491587, 95.41876430967768, -21.245968679493995, 284.86993454052396, 0.7508893226160674, 0.14615645442682845, 266.0209773486707, -141.47792207757684, 207.53342835428515]"
305.78242841615946,13.982518154524401,0.9999396130154115,0.01947395653076822,True,False,"[0.7284122522468324, 0.7451325787071739, 95.71524374765764, -33.21968600429827, 278.5170628786918, 0.8150000736980915, 0.18293279973666823, 270.0007866232613, -128.15967025433554, 212.4774067806426]"
302.72460413199786,13.993388776067022,0.9999640913681329,0.718598700705223,True,False,"[0.723466261329778, 0.6820251633694083, 96.33221114679878, -32.96946052447346, 283.533116438307, 0.7382845700105736, 0.14456600424262278, 279.6807414611387, -112.8737585007377, 217.59461806116897]"
299.6973580906779,14.022829338384433,0.9999017705177127,0.7642725522122624,True,False,"[0.7891216709165224, 0.6959727603249327, 96.38636726629862, -34.05730340763523, 283.9011815460146, 0.6913786738220324, 0.25292191189669233, 279.2747104193843, -128.1102485126431, 228.47730457563628]"
296.7003845097711,14.110998559882482,0.9997028783009482,0.7799389114482856,True,False,"[0.8531143527578775, 0.7358741805338354, 96.56564810748658, -25.22790648734251, 298.4154534619656, 0.5449625318775699, 0.24836245962030393, 272.54304381877193, -126.464140486071, 236.85511337787995]"
293.73338066467335,14.033465330378455,1.0,0.4508491836351377,True,False,"[0.8032919095261616, 0.6731852284229578, 94.40997337351993, -37.302844266018965, 304.2684075596567, 0.530565599849541, 0.2193309196156026, 276.8353540973757, -131.2422784441287, 239.4002639423208]"
290.7960468580266,14.048259837864105,0.999949125404867,0.6895046738624815,True,False,"[0.7631303322128394, 0.7865701311038913, 95.16979068054404, -50.98761604533886, 298.687115172651, 0.5844017857868907, 0.1643886709705777, 269.30199643248204, -128.79758709454083, 243.33711832922967]"
287.88808638944636,13.916816501968853,1.0,0.42014772017749835,True,False,"[0.6158413460688529, 0.8074497491086017, 100.6124023991628, -44.432729338441, 297.8097932041807, 0.5853546978538782, 0.18301924506572392, 262.363874091233, -143.8389753239487, 234.69668948257987]"
285.00920552555186,14.005178417072937,0.9996900162615621,0.44337990518490245,True,False,"[0.757822451967573, 0.6976309571816677, 111.16779798978864, -60.22089228513801, 304.84757973240244, 0.588467468835157, 0.16622249704766012, 250.59621502002972, -148.57143376036845, 237.52320901983396]"
282.15911347029635,13.945823500606773,1.0,0.4544486536080856,True,False,"[0.7261626131209369, 0.7432207666040546, 115.79974914447232, -70.53597588991349, 301.4652394358713, 0.5957565513893626, 0.13998117901330298, 245.95533296251625, -155.515039585004, 233.30222458391168]"
279.3375223355934,13.924718224051446,1.0,0.01604195116243079,True,False,"[0.6689245462372058, 0.800058619712153, 115.10260814620787, -69.61711499470367, 302.195309881415, 0.6431154561077899, 0.15934052274032542, 241.98491635096963, -163.79685615190866, 233.93081772814784]"
276.54414711223745,14.144171702330409,0.9992067580196436,0.6867455788749162,True,False,"[0.612082024958716, 0.8417180473014872, 116.91494148970968, -66.3182569629579, 307.378803324712, 0.7507232387699747, 0.11983878490860735, 236.09628235868846, -155.1850981363434, 236.12404002022777]"
273.7787056411151,14.242187774841044,0.9996420520401401,0.17574674609697483,True,False,"[0.7590342940864747, 0.7481648845144951, 120.28076663016695, -70.83156242556372, 313.2898192096463, 0.7424345494031819, 0.1840003765521711, 232.4720050353867, -150.3708746766603, 232.62185011001012]"
271.04091858470395,13.987563306465535,1.0,0.3101024719282728,True,False,"[0.7911067822642839, 0.7800182155569516, 120.1454802135296, -83.49464909803874, 316.48121528856154, 0.8354421718196245, 0.3050538697487308, 232.4330406089035, -140.39865420449965, 229.93146711957797]"
268.3305093988569,14.42981312166717,0.9983532041563804,0.5862925133440592,True,False,"[0.8471938140848208, 0.9039520868298856, 122.56943962429168, -70.90441728590301, 309.2293218957341, 0.823632221042316, 0.2596088351190042, 223.934528210671, -149.8982201976282, 233.661441582069]"
265.64720430486835,14.293476985644302,1.0,0.9729267897701699,True,False,"[0.8424340160935042, 0.7853740201689947, 120.88168597211596, -86.10976509829412, 307.77565455667764, 0.8206898967389785, 0.10212846405575532, 234.16994258977152, -133.43214755825733, 236.80053867735288]"
262.9907322618197,14.315904328820777,0.999914725561884,0.4452172041574195,True,False,"[0.834845148705118, 0.8599836594151958, 123.54267611367423, -78.36189561045582, 311.76913450192313, 0.7297903114665623, 0.14951004085373953, 237.48359577414612, -127.0917107878398, 238.552118039568]"
260.3608249392015,14.348488253977788,0.9998748587222173,0.6476629860301945,True,False,"[0.854138324276783, 0.8601362185519793, 121.82829596138679, -81.72716438206159, 308.8251868599072, 0.7825906865271546, 0.17997384177872425, 239.23914737047892, -112.7408798021787, 240.06496292650306]"
257.75721668980947,14.289676914802843,1.0,0.881180984948115,True,False,"[0.8358918816738771, 0.8056219483240402, 121.55532626034635, -77.36677556268839, 323.84580752170046, 0.6966715789066715, 0.20593203349581968, 233.97492696357622, -122.73166039446652, 237.96474317059423]"
255.17964452291136,14.239153449442167,1.0,0.7627099987753797,True,False,"[0.7282518413158936, 0.8410247309608251, 112.91679206240559, -70.83091415169976, 328.75365804653364, 0.7241830677286248, 0.401844788182281, 225.93604519076814, -132.74775763890796, 233.4878509705596]"
252.62784807768224,14.266385738011657,0.9998922097422647,0.5074018459385725,True,False,"[0.7350570181079613, 0.908506408361121, 123.15699172402749, -55.15845191056227, 325.97124782869264, 0.6555629977663237, 0.4713166590230846, 223.82616258157495, -138.1475415429434, 226.05982268167773]"
250.10156959690542,14.129216298846712,1.0,0.7917421308122852,True,False,"[0.5676596587948071, 0.807416485451759, 132.5543073335029, -48.36699157936709, 330.4305577111165, 0.6017262303926748, 0.4759328450797029, 212.13423462192003, -132.68503863593088, 222.02238367740517]"
247.60055390093638,14.130238802455933,0.9999958703586005,0.23614415933684807,True,False,"[0.5602866986070818, 0.8318317655129908, 135.0811810884831, -44.53425012235578, 336.0862056423374, 0.7516444799851665, 0.46649651261503444, 212.87329101302194, -126.4582290266734, 220.90477011166905]"
245.124548361927,14.169719834253094,0.9998389477809475,0.7166508338182642,True,False,"[0.4808622560186806, 0.7104561277655371, 140.97660735882195, -40.99547591830193, 344.6227125704181, 0.7852248500841936, 0.38861645260027644, 215.76283461773613, -127.52546856280605, 232.14572948087033]"
242.67330287830774,14.128307593270211,1.0,0.1820059404700496,True,False,"[0.4652420009368809, 0.7730687841446023, 145.41912463343562, -46.52374772123023, 347.10010904972745, 0.6898434857967866, 0.41912256548887805, 217.027643626853, -110.30799826442916, 226.7496563500094]"
240.24656984952466,14.142607066078554,0.9999404817838876,0.8187603791375552,True,False,"[0.4801721092216767, 0.7249276074449871, 147.86931461127318, -52.443057412855836, 348.9883991736918, 0.7927538132382017, 0.3821852472854458, 224.99444569037493, -103.78753009445374, 227.91446091376704]"
237.8441041510294,13.865900858150244,1.0,0.9066445923940333,True,False,"[0.5295897683308305, 0.7454126030396632, 152.14744912789516, -59.51149080824128, 344.8627728882859, 0.7553578575581246, 0.32735369939907333, 232.25991752568848, -120.96563103167296, 229.68336071574288]"
235.4656631095191,13.879465738337611,0.9999423929192566,0.7793532895552097,True,False,"[0.5723305809869438, 0.6774889913526596, 153.13077187479698, -56.06461714461527, 356.5738378488629, 0.75785723192598, 0.26824939325862895, 225.68024632480024, -115.35459232319691, 224.94803578720644]"
233.11100647842392,14.160465088400397,0.9987952947413229,0.5096542629034282,True,False,"[0.7316235880959869, 0.6256526335815641, 154.9678911209086, -51.62815914151402, 361.5670007309831, 0.7236763701653163, 0.22747855496960512, 222.47185676120293, -109.08147398299394, 232.35551588993985]"
230.77989641363968,14.168167789964281,0.9999666237261602,0.9575399366328738,True,False,"[0.8393207524505576, 0.47732950392462725, 150.45895521170658, -59.595235025251405, 364.57067022322605, 0.8336079946084978, 0.21655211844843508, 229.67974250635132, -117.80329155164478, 232.7857278264707]"
228.47209744950328,13.96037632343208,1.0,0.8441685845926915,True,False,"[0.8282708331344715, 0.7737999123498425, 156.85395880330674, -67.53639430022336, 369.11967508983867, 0.7351196395177814, 0.3418660030156004, 228.78511967474736, -106.35693701855594, 226.53687251767792]"
226.18737647500825,14.184872526277147,0.9990079692582562,0.5508037751678903,True,False,"[0.8474894578131646, 0.587838390297726, 156.51836255875324, -53.78798135381894, 363.63720657113277, 0.8278533410992565, 0.30108924465734643, 224.00167956288323, -122.5690425364693, 230.6368205800306]"
223.92550271025817,14.200240741717398,0.9999313714253228,0.6576609644107756,True,False,"[0.86520804745352, 0.5977059405386307, 159.7923395783221, -54.41307724599373, 366.28090538421, 0.7980860982460961, 0.30089197272221685, 224.22486666289925, -133.92654762385905, 234.44722176977416]"
221.68624768315559,14.187383633299927,1.0,0.8588319466924664,True,False,"[0.8240975724786305, 0.6257580800881338, 161.68395694871614, -58.258198144379904, 369.0184969099378, 0.8358996204033521, 0.33563770128509557, 219.35763859523547, -125.80955820255879, 226.4312706797084]"
219.46938520632403,14.176265569042176,1.0,0.6036019610352804,True,False,"[0.8105160713404812, 0.6153414840070599, 166.1412873434353, -58.983018667223575, 361.83086052285694, 0.7872423040046193, 0.3222069440700258, 222.46065834999266, -127.88218875165433, 227.62938929476874]"
217.2746913542608,14.213014797899145,0.9998308771216167,0.3101096321535862,True,False,"[0.8098931398619439, 0.615171128706874, 164.39165475464011, -53.54960196780089, 362.2254484264132, 0.559028541532515, 0.3988467710502632, 209.65236952650477, -121.29433965245465, 221.54663092950176]"
215.1019444407182,14.20624409868424,1.0,0.2545427085652029,True,False,"[0.8132048156128232, 0.5873982037660708, 169.973355085404, -57.37033634889582, 351.8398986915717, 0.6356766412727157, 0.3783293598061991, 208.3182172441497, -120.4083441285859, 223.1680718848498]"
212.95092499631102,14.194440072129606,1.0,0.9588797911280746,True,False,"[0.835612592926638, 0.701026111370864, 168.54658744855905, -70.85846003336499, 350.05544427262265, 0.774074109180939, 0.391821455278814, 217.16870300019633, -119.83182061348356, 226.93837017349261]"
210.8214157463479,14.222075757068332,0.9998689228340598,0.1935021674134153,True,False,"[0.8880431521142564, 0.7215969127059618, 169.7458310464292, -61.72979787461049, 348.55356751856596, 0.8720898230654756, 0.4340035036471877, 221.11097701533117, -116.79111067938462, 228.38933363607399]"
208.7132015888844,14.258928946109343,0.9998234422388883,0.48909770025424526,True,False,"[0.8699125781883599, 0.8102690989087938, 165.52414348096238, -66.70687930728423, 350.505701316815, 0.8594207585369937, 0.2823334374437533, 219.0113436211656, -130.13184409100538, 227.7656919659753]"
206.62606957299556,14.197368854629046,1.0,0.38422589628888404,True,False,"[0.8032958165816019, 0.7304235690326221, 164.64789496849474, -55.897946602435965, 351.3212838706463, 0.8733680803953113, 0.4129538763272342, 218.94382990326167, -115.34462523042227, 235.626531031116]"
204.5598088772656,14.17530904707196,1.0,0.9383814977416868,True,False,"[0.6400312886989284, 0.64994570275943, 165.597391647027, -57.10612397969696, 359.05019980037343, 0.8233186198747838, 0.5142173400150816, 226.2066890618529, -117.26905541778683, 238.44010121359986]"
202.51421078849293,14.182030116900442,0.9999668124114666,0.4135326970112351,True,False,"[0.6499272391237131, 0.7599254277641307, 166.24253740232248, -52.430538344192726, 363.71410929780325, 0.8418290265409268, 0.61946994496206, 222.42131345413915, -121.43438401350879, 240.95916291051645]"
200.489068680608,14.155242360845985,1.0,0.14107252389867841,True,False,"[0.544780648950409, 0.7408689037263076, 163.9545592490303, -35.38295129014976, 366.2688989670534, 0.8616435419912818, 0.49932658116740214, 223.62088839610448, -114.34630393513801, 236.71823056338872]"
198.48417799380192,14.177085998136409,0.9998899537707026,0.6331056437274931,True,False,"[0.7235759671856686, 0.8115092271143911, 156.49698171723549, -15.91758423428385, 384.00270065180223, 0.8828104319678104, 0.3516484467106894, 219.4050906837929, -93.10319776417356, 239.04788444951856]"
196.4993362138639,14.21743037143355,0.9997947055054035,0.28112398186047327,True,False,"[0.8455144552115347, 0.7946587364021254, 154.1247160670651, -20.768723007694994, 390.0125152371635, 0.843143816872133, 0.3047589419884924, 218.89949937172977, -102.11923941963826, 245.6157479615096]"
194.53434285172526,14.191699775169319,1.0,0.1523033284541473,True,False,"[0.7366339568550235, 0.8971586058596428, 148.49132928930052, -28.47100099573939, 387.76374771131566, 0.7445983128692175, 0.3132116520820266, 222.8339658065922, -86.82959490056703, 245.61760264503823]"
192.588999423208,14.188786887017233,1.0,0.8282248485383026,True,False,"[0.7323753252039911, 0.848782867594619, 142.19084422436944, -35.345753021567646, 390.7012986882721, 0.867979512722384, 0.429668972372549, 226.95716928368185, -90.61265707741329, 248.04324395856528]"
190.66310942897593,14.125069770671521,1.0,0.19541396212700268,True,False,"[0.6595317119645004, 0.8869162271646983, 151.50217624879565, -33.72334710261718, 397.37765395369695, 0.798522257130119, 0.4247993531409014, 230.75668410225504, -107.10291056094918, 249.55917047786605]"
188.75647833468616,14.104154795665504,1.0,0.7912790518279612,True,False,"[0.6397985050389933, 0.8906079612815042, 148.8111310138549, -34.307583442146885, 394.5808605272019, 0.7656821490107799, 0.29865214147445374, 229.1974660030715, -96.20045367510636, 257.12894797868046]"
186.8689135513393,14.08215526228592,1.0,0.7401850962513941,True,False,"[0.49038068654671096, 0.8771587773361005, 145.7361720689706, -40.29094778326652, 390.37829334069136, 0.8685958789760333, 0.1669122497641873, 230.73824653822473, -115.20879837992157, 258.722745930627]"
185.0002244158259,14.125812628536428,0.9997640423651305,0.868594034823312,True,False,"[0.5482999521140177, 0.7597467815756702, 148.76043811801006, -31.179939402968543, 388.2259398607536, 0.8666947450472637, 0.1088607354795977, 228.32221478009782, -125.50797862498807, 253.66548256146032]"
183.15022217166765,14.146709241447173,0.9998859110264582,0.4534627197138641,True,False,"[0.6219850954990938, 0.6176682212337588, 146.72988290929098, -34.80823760005497, 387.2181148011702, 0.833766882447955, 0.09495371972481595, 226.68326815308694, -123.73623447490283, 258.79594459956945]"
181.31871994995097,14.167480476503806,0.9998854500772564,0.20038022053636784,True,False,"[0.6913292668717735, 0.5449180956947358, 148.43484287782357, -62.708001232769476, 383.684353384469, 0.837700943664197, 0.22896092509810906, 231.9376512109821, -115.62944285549001, 261.51491511256853]"
179.50553275045147,14.238330765104147,0.9996053809196993,0.7318172337780421,True,False,"[0.847631835592666, 0.5081278383944288, 143.26193932478614, -50.32122243993256, 383.312826142093, 0.6294694440301071, 0.4031248126273666, 233.0271935683579, -100.42228017538169, 264.1160842211567]"
177.71047742294695,14.23210568311989,1.0,0.6597939921230295,True,False,"[0.7529301379323357, 0.38855117738716405, 148.4761807411793, -43.57331989302671, 381.55351482409753, 0.889822230696645, 0.30822267140909965, 233.5370461332195, -109.03744998610574, 266.6183294246579]"
175.9333726487175,14.131026521618091,1.0,0.6464004314367383,True,False,"[0.7699029773908069, 0.27136804499128286, 148.06105189794278, -53.82663046735816, 385.0166310233134, 0.8118878022823726, 0.41921631248521385, 238.0960029753903, -110.20825225591274, 267.95359232021394]"
174.17403892223032,14.166714121561663,0.9997951247827337,0.26311865739648277,True,False,"[0.799154051435219, 0.23975712466907595, 141.83016103590467, -48.62564210148753, 383.0190972159006, 0.8577078897211711, 0.5403434685441734, 239.5737466848193, -89.2252313770633, 269.0517788395531]"
172.432298533008,14.19273766723251,0.9998490910215226,0.5274474159543544,True,False,"[0.7458046403970757, 0.18985961826738174, 132.6076644417496, -52.25366088217929, 382.84865338684426, 0.8842889577128317, 0.6350774355384035, 239.5837274124981, -84.4519785286969, 270.0994988337318]"
170.70797554767793,14.16183072045493,1.0,0.25646622858413315,True,False,"[0.7319157681144995, 0.10587405330569223, 134.7162357526298, -34.0241501373238, 381.51730685564814, 0.8059546031051803, 0.682342900520136, 234.08877018407475, -87.75625266655103, 265.18390586539124]"
169.00089579220116,14.205112248412647,0.9997439304331657,0.21550148187125506,True,False,"[0.8612847346102828, 0.3266749766665282, 127.09849463310564, -29.696163127145752, 380.48473587418994, 0.8220858003558221, 0.72650378455512, 230.30252197618657, -85.20503161507814, 268.28697464993996]"
167.31088683427916,14.249670080893043,0.9997337178674818,0.6950080182091846,True,False,"[0.8171783234292022, 0.2647813583030497, 131.3746107928524, -21.60742516513554, 381.8636408228944, 0.8449046401331233, 0.8907285350346696, 236.3174980352481, -94.55902310361753, 268.95144453427605]"
165.63777796593638,14.227834877508666,1.0,0.9268014112169143,True,False,"[0.7864592310172033, 0.23407844562685154, 133.6107309308588, -21.21768776820368, 388.6634031519685, 0.8949999799724742, 0.7892588978137061, 236.65359911826266, -90.37386772310592, 260.11195114179884]"
163.98140018627703,14.222115373944522,1.0,0.8785007446312522,True,False,"[0.8681073374722477, 0.29837442957533306, 138.41451242889886, -5.013147264124484, 380.2692411687352, 0.839913301807385, 0.8622633017842101, 244.9917796253872, -66.89035487321101, 252.65354704070026]"
162.34158618441427,14.186128244077036,1.0,0.5339659219700542,True,False,"[0.8702267791846011, 0.25539264677220846, 138.3327464845526, -7.9669630228509645, 374.36290481011093, 0.7245980749120837, 0.910869213556952, 244.66051284026346, -70.8937039390905, 254.3826770230474]"
160.71817032257013,14.097135385171814,1.0,0.6822040136892691,True,False,"[0.8314762917208092, 0.534208726935388, 138.87686994835582, 1.2884308309368455, 379.1478883497741, 0.564079951393967, 0.8898770622401422, 246.99138211679823, -59.236068556489464, 257.58267212504796]"
159.11098861934443,14.099600429729065,0.9999845075096085,0.806841323826505,True,False,"[0.8045162108079231, 0.39865942619058925, 147.87613543208667, 7.713648805496684, 376.9634804561163, 0.562090038978934, 0.8376586239222331, 256.48625375538643, -57.06171684030199, 267.2044705711959]"
157.519878733151,14.13689183429441,0.9997632870783522,0.3838271841822736,True,False,"[0.8139572162602319, 0.3788101301084129, 152.00274767268178, 1.1039699210751452, 374.448401541612, 0.6916826611026667, 0.7118431608408337, 250.56231461578452, -45.25114498056007, 264.2460926896414]"
155.94467994581947,14.149374081880662,0.9999199604113014,0.7137606682142335,True,False,"[0.7786497147783699, 0.17875830186107988, 145.6353941291038, -13.592449359945341, 372.9564081026241, 0.8481024027394476, 0.5617747197172893, 248.2182344381631, -51.92895088302442, 265.0587018483407]"
154.3852331463613,14.150985630761102,0.999989561563392,0.49749945449161803,True,False,"[0.8444218194830798, 0.2691069916030253, 143.49487619237684, 2.2203615435453354, 370.70521391018826, 0.6896892640216041, 0.6015882329745018, 245.4696733116774, -43.00841895273893, 270.9212960738867]"
152.84138081489766,14.145732402692559,1.0,0.03482856794661948,True,False,"[0.854835235776565, 0.27391245840924544, 142.06617338699684, 0.05336119850423904, 378.54932693843307, 0.6384452426361118, 0.704510053139217, 251.57894119448002, -40.451542958042225, 280.35671965558026]"
151.3129670067487,14.122006530795591,1.0,0.4251194840231647,True,False,"[0.8126222292553766, 0.23251100946033246, 145.61599645443178, 9.47133706625812, 382.59267958739844, 0.6247348378390783, 0.7957188486461098, 246.83475219914442, -24.312941582906873, 280.6487848712497]"
149.7998373366812,14.148896500478143,0.9998205101096934,0.5154156579329902,True,False,"[0.8930601773702871, 0.10535579096661157, 145.3445090036762, 6.191522771574103, 387.46815634115825, 0.48752982046231563, 0.5804881275715723, 245.85711549505675, -20.904670259491695, 276.7466862438077]"
148.3018389633144,14.121819070410616,1.0,0.09954986956045908,True,False,"[0.846439073076877, 0.08550263167161427, 140.15377186268447, -0.6162865496167429, 388.96011154262425, 0.6156337986627797, 0.6900947265030172, 252.16343398095, -27.541053382361024, 280.22555220840866]"
146.81882057368125,14.123099239499432,0.9999912806580064,0.152304180623265,True,False,"[0.777798765086295, 0.1086412911112542, 143.33179507936387, 10.672735456024917, 390.56030181475006, 0.6149062739137306, 0.6566469587533346, 253.4951143080019, -43.62857920987767, 279.3100254916196]"
145.35063236794443,14.126749069674904,0.9999748897937916,0.682806598680544,True,False,"[0.587171311154322, 0.2353764892317292, 148.12271221676806, 7.431802471623085, 385.8991294041542, 0.6433889289145447, 0.6694218399528103, 249.52380002168783, -40.73835040208872, 280.71425416292243]"
143.89712604426498,14.11664883047438,1.0,0.6309927615678286,True,False,"[0.5189130524372022, 0.30328723801930146, 152.69552544377575, 7.783308420336493, 387.90163040028153, 0.6428269348927205, 0.7589797552773121, 250.91800950331273, -33.97360773188431, 286.85671357680235]"
142.45815478382232,14.119610821240787,0.9999792082104513,0.5430877671002927,True,False,"[0.5362780475449151, 0.29143134436684137, 153.6509834258879, 2.9641400990169373, 390.7061667166386, 0.6480698802416278, 0.7556008573426278, 241.89762046293933, -13.86680241241687, 292.78318509138614]"
141.0335732359841,14.084659927007873,1.0,0.3664438721184009,True,False,"[0.46696226336550817, 0.2171196379483647, 157.69517599702195, 2.3997258598555553, 396.54745895957745, 0.5414550405467307, 0.8266347897283584, 254.82912489728642, -20.699584572558532, 295.35914120372263]"
139.62323750362427,14.102246239284558,0.9998740524493532,0.0927435145292621,True,False,"[0.35435206910309736, 0.4319998509645459, 160.69821014680772, -3.9260410851343273, 398.2042904400772, 0.3772833771182811, 0.8101428729665799, 245.59874857686086, -32.449790085272966, 290.48140161625247]"
138.22700512858802,14.121138361120495,0.9998633347308618,0.2396367077367384,True,False,"[0.3091241339898881, 0.43865534613106255, 152.9911816609449, 2.188002377884049, 401.6533310013055, 0.33873280497809904, 0.6955551603975512, 242.13379285933797, -39.45449702298195, 290.4408924683385]"
136.84473507730215,14.155815648920376,0.9997466260252276,0.2305056792610396,True,False,"[0.12298961360433305, 0.2678918040162956, 156.2551340107653, -17.655612559360588, 396.90534601299635, 0.2849690426288715, 0.703874609966187, 239.76844853472738, -31.21895390383289, 278.2862144518247]"
135.47628772652914,14.129717193243287,1.0,0.7990394334270192,True,False,"[0.19235368858319618, 0.2725172181769795, 170.1755048262195, -28.032271156252996, 395.9170724579847, 0.33007880638812415, 0.685763270963824, 237.9282550198136, -35.98549727752582, 276.4236144196826]"
134.12152484926384,14.119719290100235,1.0,0.39694556304034734,True,False,"[0.24876531165210763, 0.09350329098424784, 165.90260003271936, -37.13094920728631, 390.64244025429997, 0.3072415721845614, 0.6813675554296565, 233.6144407165202, -38.42464850802355, 276.05403698779736]"
132.7803096007712,14.122251530752251,0.999980929276986,0.9737959089783721,True,False,"[0.32801104993308533, 0.15190110276244018, 167.76774073256934, -41.11330645128223, 387.3540159912598, 0.40180649022048764, 0.5228176017342763, 234.05250665783177, -37.88914550177913, 275.02715678114015]"
131.45250650476348,14.129125349764468,0.9999477100933429,0.8592037063252033,True,False,"[0.25580376156245566, 0.1311078065970095, 176.38874331124177, -61.933631060970484, 390.1122428077716, 0.5788299204330439, 0.49604787592152666, 236.99287755420093, -35.47955618813094, 277.81058000190336]"
130.13798143971584,14.14453012425115,0.9998816343806747,0.4381810537905043,True,False,"[0.1749064971337001, 0.11188703988692923, 175.9084407866503, -70.06857016274262, 395.34855174593434, 0.6416471955268029, 0.419794913426235, 222.73339083938055, -28.428083078627402, 275.59371504863367]"
128.83660162531868,14.150614394383748,0.9999527764129589,0.5204667855604367,True,False,"[0.17956467561170833, 0.2734315591158622, 179.3582941740973, -61.229081891182744, 404.04486328808065, 0.6568745690667246, 0.4894846560209263, 223.1054357166864, -34.01794827170111, 278.8384677082268]"
127.54823560906549,14.157273873969595,0.9999477899031178,0.14803353254560225,True,False,"[0.32675430483255086, 0.3812480762754044, 175.07447212039528, -62.01492653084014, 408.27649934207625, 0.6996201746072777, 0.4220942066938241, 220.61231309108553, -22.602040468065262, 281.40709628853153]"
126.27275325297482,14.160832662672526,0.9999718170510864,0.42350138306896323,True,False,"[0.32175367768340357, 0.5653553933534091, 166.22498619776593, -51.167656526725985, 406.19612645435467, 0.7847794966632218, 0.45334460786903735, 213.81943175632256, -35.28460785123355, 282.25975098974146]"
125.01002572044507,14.172852743980993,0.9999038516840977,0.7962720417516743,True,False,"[0.19074261442561805, 0.5923371472652093, 168.3257659573253, -48.10442346767457, 403.24860341799496, 0.7795971210673801, 0.44653301919077953, 214.14374150082045, -47.28419623826474, 277.4076442713238]"
123.75992546324062,14.195500286430093,0.9998170209759861,0.926705381088591,True,False,"[0.15126412893184876, 0.5754817834017556, 172.0099844611869, -52.61224239115649, 389.1069095437587, 0.8492747944490975, 0.6908332700758086, 215.19030936768758, -44.82183503000301, 278.91956459559253]"
122.5223262086082,14.182476651188543,1.0,0.046413371957499616,True,False,"[0.15513603824366115, 0.7111246528143883, 167.49286703246548, -64.9478862718145, 383.3262654430824, 0.662383533481447, 0.6774586548002213, 221.92260917221137, -21.99325693046416, 273.975868304284]"
121.29710294652212,14.261673870732594,0.9993472938054548,0.40291843115106385,True,False,"[0.1510663501428713, 0.5934508437091205, 166.66308102025417, -58.01452992760261, 370.2914218849478, 0.8038964962654739, 0.919770740730955, 221.04869703319758, -18.663451848909496, 279.332651460413]"
120.0841319170569,14.25502953734062,1.0,0.3992581828057329,True,False,"[0.1470315910797238, 0.5568068132211453, 169.32245448387437, -54.360218265092385, 364.19607655127834, 0.8189032697144122, 0.9114397193152496, 216.2487357443536, -15.896885462539986, 282.7823959705046]"
118.88329059788633,14.191215268663662,1.0,0.7491314749879027,True,False,"[0.11688474685275956, 0.6338646913483325, 176.43297331831508, -47.10468436583829, 371.9672699703927, 0.7741445502950156, 0.6905183471705467, 216.28838651248407, -33.65549155816054, 282.3543719716979]"
117.69445769190746,14.21751976209049,0.9997765268249771,0.8097568864106482,True,False,"[0.09970121116116397, 0.7264522994311174, 168.6679619165122, -44.31339203235804, 376.1842317116521, 0.694631101113054, 0.4399795525839213, 223.53821672907503, -27.90719984115189, 284.1678868450246]"
116.51751311498839,14.199293924153793,1.0,0.40217815269155455,True,False,"[0.10272413339186615, 0.5545210422216483, 167.6756303876037, -51.72990946149305, 379.14259348394717, 0.7107465169724548, 0.5155443547411294, 215.0237291379129, -24.965037339732895, 285.51076700908055]"
115.35233798383851,14.17324117758687,1.0,0.6815284748720682,True,False,"[0.1509186190631132, 0.5458513230774955, 169.8510619268066, -54.0671705467146, 383.75540218587565, 0.5957281070034721, 0.45064630364265296, 213.70879437605095, -6.647555605787545, 286.4723119463044]"
114.19881460400012,14.176949471225175,0.9999675282668784,0.5077706655969347,True,False,"[0.13561183935417198, 0.5641704762784008, 161.89750832956523, -44.68859469349883, 393.24716034715146, 0.5811058098379843, 0.5982996062640094, 215.46586836273917, 2.099072263899725, 277.0857156723692]"
113.05682645796011,14.219805743042349,0.9996210034240622,0.244938574859353,True,False,"[0.13254983384562125, 0.7183976866556037, 149.0772964803291, -53.33594248342314, 394.20055450303676, 0.7348731920532872, 0.6470528743704617, 222.2743869186895, 11.622476560931815, 280.8204473268068]"
111.9262581933805,14.197629635370653,1.0,0.7290113955643877,True,False,"[0.24060990832473364, 0.6510296798681405, 134.9188304296221, -61.2603569354375, 402.6882647894874, 0.6675079336474685, 0.573518110575164, 216.688932721733, 13.594577160088294, 279.88462782862956]"
110.8069956114467,14.24528656175417,0.9995700029658089,0.6291547790053652,True,False,"[0.11683917655000671, 0.6028136120853703, 139.15563525566802, -73.89757846967234, 404.1965497726703, 0.7603058613528137, 0.7082340462321943, 217.6360448448206, 10.384312312152572, 279.5739056672105]"
109.69892565533223,14.277717668248336,0.9997044062843037,0.980596272613481,True,False,"[0.13193434097498324, 0.4693105515460916, 146.4411741620852, -73.57218378291297, 405.29503023429044, 0.9124937947966617, 0.7922827893241882, 224.01018833507257, 25.722264489087067, 277.6024524250632]"
108.6019363987789,14.31251798151574,0.999679612175205,0.6627611002793437,True,False,"[0.2005903381141248, 0.5404677666347291, 129.6806307564352, -90.90547346264715, 405.4160612414184, 0.9061787341952541, 0.8519032993958728, 227.65293458105447, 28.960969987305475, 284.4572209980328]"
107.51591703479112,14.279954421585405,1.0,0.8894681088340092,True,False,"[0.22287270404417772, 0.6558971368897024, 131.83770128078774, -94.21427410267104, 406.7065863229094, 0.8224032492168051, 0.8744102337283389, 223.82833225739225, 25.098788222877253, 286.4796262074792]"
106.4407578644432,14.23485619129121,1.0,0.7160994742541708,True,False,"[0.3256785782331821, 0.685987447561841, 130.46144218397816, -97.58724736348556, 406.6696110464161, 0.805678614391642, 0.7874698139435372, 217.0511445225382, 33.9723354182774, 292.1310560502528]"
105.37635028579876,14.25054311790046,0.9998511453566022,0.155931396748475,True,False,"[0.29690552732695014, 0.6757155665486814, 117.67785916445445, -88.7147332305791, 408.01537513776674, 0.8003206090885793, 0.7386153715711271, 219.2566733618121, 40.20615149945096, 290.3617813419318]"
104.32258678294077,14.256238450567215,0.9999454080139191,0.07570596536500385,True,False,"[0.2859103372893048, 0.6724337105115474, 116.20404826363419, -102.88886445070928, 406.07474344304757, 0.674219742926915, 0.6873692518126757, 218.0068863423036, 34.37693241394187, 304.5804873606678]"
103.27936091511137,14.232656853006976,1.0,0.9120337018454407,True,False,"[0.3416588797995455, 0.8226780741558565, 120.60231038560948, -114.55370867818328, 408.9317665972367, 0.7755193057428341, 0.6975749158686328, 224.10211087468963, 37.62793005122503, 296.51560366671487]"
102.24656730596026,14.268845717727674,0.999646125418812,0.23564239924036223,True,False,"[0.355307212188567, 0.7543187837307895, 113.13873469218096, -106.32358618824199, 409.626540538946, 0.8919821807269079, 0.7108588595842107, 225.6048873046067, 25.428778631937817, 301.34186648935355]"
101.22410163290066,14.281959412652892,0.9998704572794078,0.054097324827508286,True,False,"[0.1737415657858084, 0.6052248627065617, 121.2580299683482, -104.34960930763853, 412.2752586328375, 0.8297281349228421, 0.6272320792351793, 229.785957035365, 23.38988630729472, 293.3765975547242]"
100.21186061657164,14.257402850865668,1.0,0.441725062004641,True,False,"[0.31795636716137166, 0.6504211062096821, 116.22557348442668, -95.4032840469628, 408.97879409709293, 0.828457724658472, 0.7767475152010255, 238.0151127838078, 40.7615398294634, 286.9643871049568]"
99.20974201040592,14.256869817930845,1.0,0.16602179092008884,True,False,"[0.2868705418212114, 0.7487158632014876, 122.15252690144122, -108.73596332070055, 400.78599042795554, 0.7538520102138729, 0.8047234149488789, 235.96809226803916, 39.918886733891085, 279.1457307398638]"
98.21764459030186,14.291645349687581,0.9996459966413264,0.7951849320584546,True,False,"[0.2595925768133901, 0.7240856917142416, 124.44010033518227, -118.68168099725402, 406.8771082496944, 0.8132453795273864, 0.8302903814871068, 243.09475605079118, 28.68954316799382, 276.5318096324286]"
97.23546814439884,14.221320217975721,1.0,0.9541334481407929,True,False,"[0.42770951783027145, 0.8481918602556648, 121.71339266026368, -102.07038752479568, 410.7802071053393, 0.9159540735351335, 0.8324246995691329, 250.76962147385603, 35.98944361315784, 276.67035899783593]"
96.26311346295485,14.16674976233698,1.0,0.1991582667319669,True,False,"[0.4756836336596333, 0.8150298267127912, 126.7265169412721, -95.22820059967238, 407.3061995963881, 0.757949157546615, 0.8455481826230595, 244.68030193609417, 32.03679459348928, 276.67685251968646]"
95.3004823283253,14.248529540207949,0.9991422425443138,0.7000388200144718,True,False,"[0.22125355105861072, 0.7166282785943123, 123.45941087442942, -90.49105838784055, 408.7716878691806, 0.7082475356345789, 0.9068405328185589, 233.5672113867642, 41.96992081165928, 281.1964564112696]"
94.34747750504205,14.153589822755414,1.0,0.018266899644190926,True,False,"[0.23463607653279747, 0.5979880352421033, 126.05550277088551, -106.18794301743, 414.48768057830483, 0.579642105981991, 0.9046105161539132, 239.98427677745974, 34.14532517855566, 281.48114324049254]"
93.40400272999163,14.172231376976214,0.9998004400929219,0.2613700085095937,True,False,"[0.2072523621176926, 0.6184100321998182, 120.9752428349379, -98.63633136985929, 414.0092969720434, 0.49896262540932673, 0.8762148751586011, 243.1161646851377, 25.47194186801414, 286.19575281933606]"
92.46996270269172,14.165981871543607,1.0,0.7743295818951206,True,False,"[0.3105020202638518, 0.6833803255743892, 124.74547846577451, -90.32025517225011, 417.21538391388225, 0.5279567562193214, 0.8228060894103855, 240.83318481117846, 21.78756655128882, 282.72051160345944]"
91.54526307566479,14.19866475817972,0.9996430503106544,0.33731382025295575,True,False,"[0.17482937222269812, 0.7366242468395857, 126.93752206005102, -83.03291668026583, 409.6814037345924, 0.49770357439713636, 0.8534134645173199, 240.13670407832902, 28.959963422048695, 276.7452118158081]"
90.62981044490814,14.234705856592084,0.9996024052915307,0.3882396762818059,True,False,"[0.1527881567529639, 0.7686538691503639, 120.3673585062001, -81.99011188222921, 403.1963216677673, 0.5496440033939455, 0.863201989472921, 240.6734234675989, 33.00804502264231, 273.10465200253935]"
89.72351234045907,14.262941435785251,0.999685354082571,0.8445164545722519,True,False,"[0.2791694663343857, 0.5622336434570017, 111.74122167886422, -103.62044024105847, 397.58515954538746, 0.7210846245708338, 0.7171183900091426, 234.72657674186704, 36.53080388501235, 271.3294026244944]"
88.82627721705448,14.224212065054118,1.0,0.909679828983176,True,False,"[0.36418451715463224, 0.7123853034792708, 115.66636679539052, -97.15258244280602, 401.09673493197295, 0.6174328154828075, 0.6510070462769264, 241.00971359595525, 24.47315381709145, 268.3569818599948]"
87.93801444488393,14.251294039791729,0.9996920807779862,0.8223228171146617,True,False,"[0.28189397594728566, 0.6480360618752549, 111.35960410153668, -92.90144010340983, 401.32015262287246, 0.7043165210947528, 0.5667947828195008, 233.67078807408123, 21.837683148664603, 274.0751766273508]"
87.05863430043509,14.21887354257694,1.0,0.4250804211419169,True,False,"[0.29853489021553964, 0.6282156925196329, 112.97887721900356, -74.55981850874474, 404.4906444167625, 0.630189988405107, 0.7026167116619096, 236.34441800540134, 35.286583441474406, 276.20418022194235]"
86.18804795743074,14.201872291177558,1.0,0.8829698619000999,True,False,"[0.18067906769720368, 0.5225969845807679, 118.9731908212961, -67.87700851579211, 402.2629529168911, 0.6683205713408279, 0.8253579394559096, 235.26271882952364, 29.192413131173634, 272.8723144573404]"
85.32616747785643,14.211474677805331,0.9998874689134886,0.4911998190444049,True,False,"[0.21293181638881759, 0.4967656754262758, 121.23600707576179, -80.40802005907895, 400.96285677944826, 0.5313506555080795, 0.6717880919480259, 227.53584753410547, 37.04263307973386, 269.8513811518872]"
84.47290580307786,14.141217402562951,1.0,0.6773137603240044,True,False,"[0.23264148291800052, 0.613070707789792, 130.00075339586627, -60.05291607478671, 401.0033193384857, 0.5525537617831341, 0.8399430385100914, 231.4269371393628, 32.799235320471126, 270.2168498162957]"
83.62817674504709,14.159971122949027,0.9997757739257175,0.7091853433009939,True,False,"[0.33430476714660795, 0.5901743779787315, 130.60299690061103, -71.16877420513062, 401.5369013643442, 0.5739784284548585, 0.7528673919438142, 235.80266064839753, 33.93369004635625, 269.99703519063]"
82.79189497759661,14.126563267825167,1.0,0.6806123368238853,True,False,"[0.33444495675550145, 0.7031849106033381, 133.81265080623157, -81.51124248465017, 404.1227541144111, 0.4381061647739992, 0.8399016111006242, 223.94162395952276, 30.506217981729176, 278.4340161468817]"
81.96397602782065,14.15704680506352,0.9996281553092793,0.3481412326980785,True,False,"[0.3248357974515348, 0.8617989012135534, 134.59086996338556, -89.48838179332688, 407.665279964077, 0.6114801044654328, 0.8329848509581325, 228.2423787041319, 53.953968417966905, 281.6691354804289]"
81.14433626754244,14.185859443223402,0.9996449841762093,0.16926808841479113,True,False,"[0.20510865633564257, 0.6337018981008786, 139.72720401987266, -97.17987790689907, 407.7267640333604, 0.4642670129670734, 0.7850804695478157, 231.28933447834487, 55.784830743973686, 283.7474668365217]"
80.33289290486702,14.201775487472343,0.9998018935073099,0.15836412907072173,True,False,"[0.2955424084032164, 0.6275975589361448, 137.4140455163504, -91.50724182899489, 400.43597885017243, 0.7062834197339407, 0.7406304690176757, 223.73423517072973, 56.940279392274384, 285.3117515691444]"
79.52956397581835,14.186547521309592,1.0,0.953433411136671,True,False,"[0.37741848195903077, 0.5918188303307391, 137.83697732180318, -75.34370466580927, 401.1471258493246, 0.5811466987063849, 0.681808998637915, 226.53493294551825, 48.03577552574647, 282.6164536496802]"
78.73426833606017,14.250976166989197,0.9991820297173247,0.46322420053904634,True,False,"[0.4511487404042286, 0.5477892597128438, 132.89135797457428, -72.20195485324523, 396.3666166611611, 0.6244222288266259, 0.5142604976785561, 233.66423892651446, 32.43371615301632, 281.31089957756154]"
77.94692565269956,14.21386836586285,1.0,0.09634125109155511,True,False,"[0.4427562705412181, 0.47275272764059284, 127.08811339383104, -64.82478405154211, 397.71044745727505, 0.6479901526461874, 0.5473539647992631, 242.16638983019897, 41.511830619776966, 282.2164918278816]"
77.16745639617257,14.163725872303889,1.0,0.6925232188433365,True,False,"[0.6748374511715123, 0.3930612144550087, 118.13742115248428, -58.38434358183609, 400.89305000724374, 0.6345030770562456, 0.7373997355783388, 242.73397459044565, 52.53685930489033, 280.121867758642]"
76.39578183221084,14.175081934317907,0.9998513632852901,0.14235909334668817,True,False,"[0.701325262837299, 0.328181747447393, 115.34209676326415, -41.26105579086078, 398.7905504358686, 0.7085497153328204, 0.6922051886273123, 245.69800037273131, 35.7643958017281, 283.9210421270365]"
75.63182401388873,14.209924883965897,0.9995394144540796,0.7810408587130134,True,False,"[0.7162938040293579, 0.3039756872422802, 118.51948566797007, -55.66240198056106, 396.45299054817394, 0.8748784616882511, 0.7191211988546209, 254.74482706824944, 32.209820748208024, 277.07733362757534]"
74.87550577374985,14.206678411897965,1.0,0.7907465008021058,True,False,"[0.6767833048156768, 0.3536668447553372, 125.5532670922763, -58.26538812180398, 392.480719945294, 0.889561379318512, 0.5382396620874733, 253.629992623587, 18.05154400962146, 281.2917767843666]"
74.12675071601235,14.193213737969556,1.0,0.7335386129316068,True,False,"[0.7359643590568453, 0.35653906705992994, 124.47197086348265, -71.72956311418922, 390.80630910068544, 0.8606195052279073, 0.5896675847636524, 250.0354090259759, 25.785108102032737, 284.5986050506056]"
73.38548320885224,14.170015707351652,1.0,0.46353182930452275,True,False,"[0.5725010793672142, 0.3282372302595901, 122.14481430715203, -62.65752830360832, 397.3619841911571, 0.7044335551873063, 0.5773602396881028, 249.8786758037041, 31.355211787751198, 284.5534561078681]"
72.65162837676371,14.182011786078117,0.9998348958080393,0.21323005571858755,True,False,"[0.7871411337737105, 0.3486122050569812, 121.05034702178155, -60.88194397493759, 395.3499211730097, 0.6226568535266005, 0.5619520363254791, 254.3372632643422, 15.9571687695822, 279.63861205085874]"
71.92511209299607,14.240264120766971,0.99919042529093,0.3274215256040417,True,False,"[0.6654252911890051, 0.5300119727590972, 120.42329221039199, -80.71612735595056, 402.97940943363926, 0.45389351966132, 0.4677881347997127, 249.5810055553406, 22.973426862726846, 275.2293397636584]"
71.2058609720661,14.19317886460161,1.0,0.31661669214987664,True,False,"[0.608794375242182, 0.5497277283909987, 118.58817473135113, -71.78582737401277, 404.9192789602157, 0.360526912240953, 0.6612324225631452, 243.32101184095038, 20.960638823950283, 276.62220378171753]"
70.49380236234545,14.160825841510242,1.0,0.7176013145849125,True,False,"[0.5770421578699406, 0.46392607495729543, 115.2543510244464, -71.41712237793294, 407.46857334531995, 0.42007827114082186, 0.7298654453998554, 241.6744559497954, 31.302672164267804, 269.5294027662441]"
69.788864338722,14.175509575360147,0.9997896198863233,0.5001252744454914,True,False,"[0.6997555351446557, 0.3900493941850228, 124.00046651705595, -66.75872224682925, 408.13996186772624, 0.3410305388827614, 0.709882740596319, 241.05728578777524, 26.205848963621587, 275.00842376301]"
69.09097569533478,14.161289010064973,1.0,0.5996012742969875,True,False,"[0.6582261946044116, 0.2807414573914545, 123.75422073775773, -65.60862113329154, 411.01255904447714, 0.32137990144199957, 0.8295747625525136, 243.9966583945609, 30.11875350260734, 271.58358175943454]"
68.40006593838143,14.164327246450334,0.9999555823687075,0.06682061983207144,True,False,"[0.6539844155793104, 0.5007333257358048, 116.57707455971372, -66.4678492186514, 408.16920827177154, 0.3930642911710456, 0.766638920714656, 241.70694427436888, 25.783352283912418, 273.75452728435425]"
67.71606527899762,14.207903332943065,0.9993566952176334,0.9253144774765591,True,False,"[0.7412857740414978, 0.48147542979692576, 113.49515601637533, -73.61292511471363, 411.2185133435492, 0.2753281119479668, 0.8313121326063166, 249.15773454765872, 29.311853395826326, 280.02005670799986]"
67.03890462620764,14.237054907353693,0.9995652489062218,0.9101852951798179,True,False,"[0.8144878718953921, 0.6048667199219036, 110.35894934544424, -85.44532667315373, 425.1812534554118, 0.3608008485762726, 0.7379358029549603, 251.18372733386767, 37.88501400765607, 281.2911838634232]"
66.36851557994557,14.262612552516591,0.9996149872478812,0.8584699934068336,True,False,"[0.7119170030243538, 0.531833798391605, 110.21629004557258, -75.2546697170232, 417.2670238316169, 0.1035060580666598, 0.7666231431720781, 250.29679540162414, 26.349915687561083, 276.4065759161064]"
65.70483042414611,14.246488105690064,1.0,0.7267942938799076,True,False,"[0.7580668391265818, 0.4934734306659572, 105.92773675771352, -83.1058653770107, 414.47357353944795, 0.23800373034110273, 0.677922853650913, 249.40011804305627, 28.455186317427934, 276.5359178269397]"
65.04778211990465,14.233060931565863,1.0,0.8577102677752907,True,False,"[0.7337717374477767, 0.42892030690075045, 107.5541410501738, -72.90937131088242, 419.3904117740584, 0.23193276480004513, 0.5535204217941967, 250.77498815895171, 41.06657014248182, 282.1361486911121]"
64.3973042987056,14.241057753109132,0.9998758282643898,0.19574770347225823,True,False,"[0.5441824540172303, 0.4901547468766102, 111.19060745186543, -73.12847200806853, 413.660384092814, 0.2909202731164564, 0.4453348978768833, 250.9199178080995, 38.794257622087, 283.19580614337315]"
63.75333125571855,14.2006538312883,1.0,0.09518245030679973,True,False,"[0.6387343655546055, 0.5576787138142699, 113.85237669426506, -64.95366277573942, 411.46838238044563, 0.3101343854355064, 0.3551532749440399, 247.3321491890478, 49.973471038930334, 290.4454884104029]"
63.11579794316136,14.210497664531877,0.9998440475133127,0.11806877158148321,True,False,"[0.5422354285663874, 0.5078857003968321, 112.66876156089408, -72.91996288105662, 417.46104458521614, 0.41362515177640347, 0.392774564496884, 250.67005230479157, 35.74635754302178, 291.8424313268046]"
62.48463996372975,14.165035033272083,1.0,0.7646273256760864,True,False,"[0.5787717721520373, 0.6442153238892495, 109.77964804896992, -69.38632315185444, 419.96045281400336, 0.5954477306430781, 0.3235697046943253, 248.48195597603961, 32.68167470123086, 293.6925778606887]"
61.85979356409245,14.17776861838592,0.9997941752810345,0.516478711724688,True,False,"[0.6709580942044472, 0.7174514889236026, 117.71106790944, -85.9871909212747, 428.19957551356777, 0.7357095558834429, 0.20891916599940313, 249.15493869873023, 58.547859649507785, 292.8373355414556]"
61.24119562845152,14.138366577145117,1.0,0.04199967896749457,True,False,"[0.5926781845371878, 0.789910941722591, 115.25365872632315, -84.58264151828362, 430.48212106058725, 0.5803783802276399, 0.24820515397427342, 258.2613761610943, 63.35360934642816, 297.63161607991304]"
60.628783672167,14.146020577098216,0.9998737643017827,0.4491750768281496,True,False,"[0.5236482846921153, 0.7068742736473723, 122.61521659524203, -88.07806225231529, 437.28089544045156, 0.4520348421094532, 0.24771648048136863, 266.3742759958936, 63.34957022051392, 294.77422245664076]"
60.02249583544533,14.158256357675132,0.9997961675311968,0.8812414222948093,True,False,"[0.6497385988492392, 0.7715951577145675, 120.62076743397535, -100.72870628249119, 440.80780915626633, 0.4493192055804011, 0.11441092865015573, 271.9775241243734, 79.84475389777516, 301.5568349527553]"
59.42227087709088,14.188013502884294,0.9994993510815547,0.4930992527387098,True,False,"[0.5616235086236048, 0.6436980538683402, 113.72137931840001, -111.13119421112214, 439.6388908518817, 0.5799323399385317, 0.11787216950798139, 279.5841536120916, 85.68824938306857, 301.5124271280588]"
58.828048168319974,14.09142758878771,1.0,0.4473746210358621,True,False,"[0.5699048048070626, 0.8806919531045992, 112.59286784669914, -107.85905177174847, 444.3276494250978, 0.6152298865864785, 0.26018621137451786, 279.98707509685255, 86.19878905948967, 302.51873907456115]"
58.239767686636775,14.168774801660671,0.9986727990695089,0.10663141266332754,True,False,"[0.6245309320088157, 0.7206750942400642, 120.25229394218763, -105.3954632382828, 444.71936389717615, 0.6164828845949994, 0.17686745494868805, 278.18607579785305, 95.58622769344339, 295.139767478886]"
57.6573700097704,14.175819530735762,0.9998778248345414,0.1624343397959236,True,False,"[0.6735248338639428, 0.7317623244159122, 119.85100675593627, -98.5310696129229, 435.98556467648785, 0.5640817679917054, 0.27302566553910834, 277.2282238836534, 81.08815624284843, 295.51021595887613]"
57.0807963096727,14.182527784453956,0.9998824848288155,0.5643572802368408,True,False,"[0.686266322306873, 0.8247237498098086, 112.43673412686468, -103.15400039984445, 441.39331705747986, 0.6168606761554368, 0.12510722304954366, 279.54122249018116, 82.57836769226626, 289.28039469214923]"
56.50998834657597,14.19004028351055,0.9998670677531772,0.13242198388209125,True,False,"[0.617174114366995, 0.6603292437588277, 118.3851575869127, -117.85504047977014, 433.59171631406736, 0.5606904278720604, 0.11328694241438, 270.78077649403536, 84.32318394459877, 282.78688968188095]"
55.94488846311021,14.234311474941478,0.9992089772528365,0.050302962265764584,True,False,"[0.6368701718184963, 0.6076762961460396, 104.51004452333848, -115.94411120313373, 438.050733925505, 0.5447603575906342, 0.2448051475178689, 275.25163565911635, 87.57696802044903, 280.91092308423976]"
55.38543957847911,14.198992793988513,1.0,0.3715336635123534,True,False,"[0.5518094248988099, 0.556569705261257, 117.76697832650716, -117.86429556966047, 426.6527732648648, 0.505600143068557, 0.21096641279252343, 281.7886120470481, 95.64610251432946, 289.4425511358091]"
54.83158518269432,14.078523047800745,1.0,0.8376522929432837,True,False,"[0.6162026823957866, 0.45374353313995064, 117.90200627999788, -117.87602690053559, 436.22878717123035, 0.5288226434296173, 0.2129581850593677, 292.76116125804674, 85.1598667748806, 285.45330748591323]"
54.28326933086738,14.061561275796072,1.0,0.7933122619126238,True,False,"[0.7341012994133087, 0.6113994909087859, 119.31253885447653, -127.6823299767502, 438.2317238944233, 0.4902779734814434, 0.1764237946249835, 290.4769626455182, 71.14808182966125, 281.71234204982454]"
53.7404366375587,14.031163253890071,1.0,0.5787342672473755,True,False,"[0.7011229212077746, 0.6077255329179078, 125.89537609396615, -120.59080599900645, 441.79981996802707, 0.4834019932230253, 0.08561682721704308, 285.9134968067435, 48.701134161200386, 280.7360577584436]"
53.20303227118311,14.094989500446665,0.9988010462219269,0.29407681182952494,True,False,"[0.8127993317178706, 0.6496177694088943, 125.25640279852485, -134.76858983368743, 435.4792809194542, 0.6262739795528725, 0.18760237161616403, 286.301299148157, 66.71599982934602, 279.8008086157845]"
52.67100194847128,14.225657164178202,0.9975222473297606,0.1639769856486304,True,False,"[0.7560351701282416, 0.6823708530991968, 127.1268963206412, -127.50017010035178, 438.2322070947919, 0.3750949159793351, 0.20920672447366195, 286.5571948359472, 71.21038821694498, 290.0120188948691]"
52.14429192898657,14.24567562694154,0.9996161685216342,0.2193100661039088,True,False,"[0.6326322826305347, 0.5699492217599749, 123.44341875081581, -143.56794988157714, 438.1311821746112, 0.25634862037337913, 0.1942750810420757, 286.71621672950226, 81.27493155147002, 297.7022933224055]"
51.6228490096967,14.28500538539151,0.99923842288869,0.1309941891336821,True,False,"[0.7594454087693773, 0.5050269761191424, 127.04007355072477, -145.1668003635448, 438.49248020582866, 0.10758080297518197, 0.3099407117669039, 283.807307129167, 90.91243594912014, 294.0082074626137]"
51.10662051959973,14.27839534049715,1.0,0.41647285413928936,True,False,"[0.7983833669282457, 0.5334674964441378, 132.5614433845138, -152.74983830556954, 440.91664485428834, 0.2031573937987854, 0.1806607361837216, 290.1725676317036, 97.87040286094386, 290.4651160578127]"
50.595554314403735,14.056374750077515,1.0,0.015232593964279895,True,False,"[0.6945267203249262, 0.5333348333105719, 130.4435770001982, -150.41514308255415, 444.4713661930941, 0.33611879874448414, 0.13439292383856932, 297.8017927212626, 104.5917634174095, 296.2391496043894]"
50.089598771259695,14.25025329829906,0.996136846369841,0.08136274534885068,True,False,"[0.704603408993844, 0.5870244815171591, 125.06674255828345, -142.20393004637236, 452.2542128865994, 0.18445153648533538, 0.1675222926498468, 294.06350527943823, 115.87686250433774, 300.13876851886505]"
49.5887027835471,14.242587287139092,1.0,0.21130822215684097,True,False,"[0.5282975487711059, 0.49369489428031005, 129.006262470009, -145.5605086909166, 451.3842786885977, 0.21233293380712312, 0.1827872261156494, 285.26925554780615, 125.55834349000271, 297.94280390440156]"
49.09281575571163,14.24865685976585,0.999876373001954,0.5290761861986994,True,False,"[0.4801829876442488, 0.44410050914667965, 129.34123276202592, -143.68629344465808, 453.94936290727895, 0.12915107559658814, 0.17907214899243148, 292.6393762061385, 119.22448383629909, 299.572619163075]"
48.60188759815451,14.22214697259388,1.0,0.7939819549301599,True,False,"[0.24876266702173952, 0.4352854978833167, 135.2253594891716, -154.2122249022968, 450.30849429002905, 0.18708253291635762, 0.23745387189090283, 290.9242111608342, 109.67897749984634, 299.3440252390188]"
48.11586872217297,14.247498281602752,0.9994732583594437,0.11154871578666958,True,False,"[0.5008706481561295, 0.39829453054858266, 142.9273103055268, -139.84601394071214, 448.55872204323146, 0.26424757699089235, 0.3356004688914555, 291.497233234651, 119.72557663711767, 301.93873311899296]"
47.63471003495124,14.219233857158649,1.0,0.10083301758456942,True,False,"[0.5865546167117731, 0.42886680572665936, 132.92643584859908, -122.79039827457892, 443.7207655871448, 0.1869187550552055, 0.27697988908909643, 293.8475785898299, 118.63192934699727, 295.81654461046014]"
47.158362934601726,14.255675262800938,0.9992275531414124,0.074533868553193,True,False,"[0.45057211224437765, 0.44467509610396777, 131.16151217835662, -133.35908894379378, 441.0752479999446, 0.18090614957030568, 0.3459582164549074, 290.36266732884457, 119.06602214184869, 295.16563335287503]"
46.68677930525571,14.229664364216354,1.0,0.037019683013928995,True,False,"[0.2708168665619093, 0.45340070588236764, 130.45143298831107, -131.56733962190344, 437.09224509895466, 0.13734845255305703, 0.2421166341526368, 284.5740907937825, 113.75075845558793, 290.34365616518204]"
46.219911512203154,14.222183690905124,1.0,0.37481170877191294,True,False,"[0.3625931581820882, 0.5037935110551314, 126.94795505106559, -128.64436185785553, 440.312380376955, 0.14528538392244755, 0.13042993049846924, 278.1719555863431, 111.20025248132409, 287.3239581374884]"
45.75771239708112,14.2251687549496,0.9999347658236624,0.6574302444183431,True,False,"[0.6120731674424078, 0.6134988368840402, 125.4614402180647, -134.86939114299503, 433.9341664881382, 0.22427936205414126, 0.27142834365665097, 282.0472705697186, 99.90093020255992, 287.2910239485892]"
45.30013527311031,14.238532706949279,0.9997050344139318,0.44976491346479097,True,False,"[0.4236421086604464, 0.590853280943862, 123.61332700286718, -118.38387434357436, 443.53905926161286, 0.20295866451671338, 0.47354314114128454, 293.0499787463077, 107.0224642553779, 294.3656427031625]"
44.8471339203792,14.195593786816037,1.0,0.1964836983720687,True,False,"[0.43919112565599, 0.6295561584186637, 126.91209144824396, -118.80594266694189, 442.76620346986414, 0.2486315261857818, 0.42742170924886613, 290.1557473499552, 104.14654796714608, 295.2513179264067]"
44.39866258117541,14.171576527501298,1.0,0.22588827390479027,True,False,"[0.4231404441722029, 0.7119424624450392, 126.15945840243471, -114.69942401084104, 446.2013731342748, 0.2455613530795415, 0.39426509581629277, 288.36732914475607, 94.23351257914047, 300.2203997781274]"
43.954675955363655,14.117071827527475,1.0,0.9294375664946689,True,False,"[0.574755747486138, 0.8563820065571661, 120.20129734480541, -119.67239026434588, 449.10887461421544, 0.1793369484485678, 0.40516441217134275, 292.32032218751897, 91.69896239897834, 308.3879755028497]"
43.51512919581002,14.141261190340062,0.999444270503947,0.4494398742898901,True,False,"[0.47829393929377684, 0.8138891902792195, 117.17178130811018, -118.92680949148345, 455.3563785085913, 0.23194896736292184, 0.32670519407784765, 299.7192446041936, 103.69414016675789, 312.42326222373714]"
43.07997790385192,14.172009272066969,0.9992865105159953,0.20580984706390126,True,False,"[0.6044993552758655, 0.7660693684963326, 111.84556475846074, -105.7925931734569, 457.68351227592757, 0.23301128172917643, 0.2430258576657057, 296.5428357096068, 103.93127097590087, 317.45318299673806]"
42.649178124813396,14.165360447630457,1.0,0.5606878198371298,True,False,"[0.5883265480116645, 0.7558915502957373, 112.45632120604581, -106.64722307981093, 460.16180506813896, 0.37757557671728037, 0.2518084664695807, 305.19640292939823, 112.05500622529283, 315.1765304640896]"
42.222686343565265,14.06948330575473,1.0,0.013888436363354462,True,False,"[0.7072840282661085, 0.8807948232956819, 109.28571558878666, -114.36588128559248, 460.8656186096684, 0.3615942183660011, 0.15746311226111137, 305.3671176714225, 103.5786723235571, 303.6139397651483]"
41.80045948012961,14.261074821984604,0.9954270093952141,0.6774247317351014,True,False,"[0.7406939462574299, 0.7453688520077872, 107.66241812369822, -125.31920434988788, 454.55673528409875, 0.38117238844306434, 0.10920907747883264, 301.89917216222074, 86.02046707253177, 305.44378361052406]"
41.382454885328315,14.165677425244073,1.0,0.36041692085967847,True,False,"[0.6048025154155823, 0.8139586724373263, 112.24813069708628, -127.77717062911981, 454.26486294542576, 0.4069060769233692, 0.28974407729309104, 299.95189513334435, 98.71862017953048, 310.2567630825937]"
40.96863033647503,14.135667255067736,1.0,0.2714336048945536,True,False,"[0.4191616683747701, 0.9090562988403323, 116.36503906375398, -133.6320680903733, 449.7098479248546, 0.3107690325133274, 0.3486142315654262, 296.20902303373407, 117.91322632896276, 313.5202393755626]"
40.55894403311028,14.192647508524805,0.998596111203592,0.3139076073266306,True,False,"[0.3752314800796972, 0.8615064066105398, 118.47862112795059, -139.1542713739418, 446.04892218674485, 0.44319434776212074, 0.474867589491631, 304.0055182562671, 135.05989289424886, 315.98415231051086]"
40.15335459277917,14.065584485676311,1.0,0.05905824287651118,True,False,"[0.4906821174837076, 0.919790415153085, 121.37403467250775, -135.78375392607694, 447.5331983090826, 0.49639317963947016, 0.46390306478623927, 304.3955332409967, 158.90236355386367, 318.0286584987925]"
39.75182104685138,14.059756308833109,1.0,0.9898066232588895,True,False,"[0.5362278122748426, 0.911167331147171, 123.54945214314374, -140.31089612567794, 446.51467192453254, 0.5366615478724632, 0.4664671414169251, 303.98204537155107, 154.4469074653658, 314.5729826636694]"
39.35430283638287,14.210590376192588,0.9961746143881552,0.0667420551221759,True,False,"[0.3524858364712746, 0.9047687180232398, 121.45210805913243, -131.4020141205932, 453.3279074903781, 0.6591447197009287, 0.4630988611797168, 305.17851984400005, 153.76632615801094, 316.7851682916149]"
38.96075980801904,14.159529498144947,1.0,0.7060776836833496,True,False,"[0.39863927616815975, 0.8737468742589283, 122.40360389922178, -126.04789707903844, 457.63789116196943, 0.7279579822369758, 0.565366557173827, 302.58554175115194, 154.1675465721037, 318.21237958769393]"
38.57115220993885,14.088775946891285,1.0,0.9587829242313721,True,False,"[0.46753087447989433, 0.8969474265787902, 134.5628464915052, -135.1590966620596, 456.96488039871303, 0.7660331684152406, 0.5784695471315692, 309.6806057782223, 138.04758971770838, 315.11079829586924]"
38.18544068783946,14.216468829471815,0.9966615648716615,0.7721714772114464,True,False,"[0.3127102629577063, 0.8413068381066783, 133.5311617988753, -134.805914818906, 452.03568617492675, 0.6445215654848189, 0.463265220611037, 303.18543606974936, 123.90811644425379, 313.78047354020293]"
37.80358628096106,14.18729628332491,1.0,0.8458074116855715,True,False,"[0.407239149706215, 0.6019734144075621, 140.2374238437523, -123.87278459002093, 450.1878026850163, 0.6790550847614669, 0.3863471032082212, 300.21565848282853, 127.71776613803945, 308.24531056336804]"
37.42555041815145,14.201249824092821,0.9996272348768752,0.19484169467606005,True,False,"[0.35556516085617274, 0.6801347369159351, 138.83721194075355, -130.67715192003118, 449.9264733614275, 0.7986257842045641, 0.48347323862639474, 305.6982444108487, 122.1310377371297, 316.1140929671174]"
37.05129491396994,14.218216259212177,0.9995421873611133,0.5600267653581747,True,False,"[0.2920396134665001, 0.8010830261206766, 133.6088690953021, -120.56626852731337, 451.46603602829526, 0.6814589663920604, 0.46541401487548567, 298.67012713844116, 142.51265088804004, 317.120266438985]"
36.68078196483024,14.328492156496301,0.9969981474641103,0.2118570441134907,True,False,"[0.2707628325108219, 0.9124784917412315, 145.1035286512537, -139.83609665837014, 453.3601247960374, 0.8804650134361975, 0.45577291031102973, 294.6914979236381, 142.67964722268604, 316.81321215309293]"
36.31397414518194,14.20524442357966,1.0,0.9779736701748871,True,False,"[0.3135203020762194, 0.6785011646912941, 157.55464234146885, -137.72383519672604, 450.7650433213965, 0.7761211266786154, 0.5795053100792843, 290.5359839456526, 146.4744695467539, 318.52973145074463]"
35.95083440373012,14.185125794653203,1.0,0.31695054381702215,True,False,"[0.27531299539622156, 0.7113630328232114, 165.64417455553013, -122.19971257251616, 451.2713056557532, 0.7952307911134412, 0.537680813556196, 293.8652964942649, 133.21612685245134, 312.39686996928066]"
35.59132605969282,14.174195051162105,1.0,0.8645051342515673,True,False,"[0.41073829158132613, 0.6826247215769928, 163.60724061815665, -111.63354672205624, 454.2089764309649, 0.8958569644352418, 0.5598174989306667, 287.6364446050028, 124.53507744894868, 313.996428582248]"
35.23541279909589,14.141861207897945,1.0,0.4820884206328572,True,False,"[0.4259064751384642, 0.7928250356901414, 155.73183625551187, -111.35861374513985, 458.441385705553, 0.8796024539315525, 0.4240639890514819, 283.5685252279473, 136.22751216941214, 308.6885825553138]"
34.88305867110493,14.21085930203532,0.9980239720022593,0.704032476314322,True,False,"[0.30992092903355156, 0.9264542049951757, 157.6939080718624, -114.52564987742517, 461.6498339585543, 0.8181126414376689, 0.475947333280238, 282.314303940114, 136.85989592061867, 308.31028882885164]"
34.53422808439388,14.251379663849171,0.9988273489435963,0.4376460076834149,True,False,"[0.15521815089895652, 0.7713479030790047, 150.55207030139258, -110.28189072578695, 459.4434357812444, 0.7016719200181214, 0.4523180738505771, 279.7226959245767, 142.96314655873448, 309.43210035144324]"
34.188885803549944,14.304046170611095,0.9984607289444071,0.8568875808371567,True,False,"[0.143559225403622, 0.7412310772584072, 141.19944290559673, -111.62512546165732, 454.8711406221453, 0.9062865767347277, 0.46887857060862526, 280.54701147761534, 149.5363218602837, 310.7922848810873]"
33.84699694551444,14.27190380858777,1.0,0.78322406702442,True,False,"[0.15002634103104887, 0.6109487690873824, 136.74219181666336, -116.92613510988477, 452.3372384230904, 0.8552030914122837, 0.46117705745901055, 289.98406757078675, 157.01851797938932, 307.6343297455505]"
33.508526976059294,14.237567754592703,1.0,0.9278470926286053,True,False,"[0.19330394014085933, 0.6521676355530264, 135.62406958443998, -92.32968391210818, 448.3737849839797, 0.8285890943228811, 0.5458909383756134, 290.1394600838603, 155.77789428059046, 311.38422817306645]"
33.1734417062987,14.219471294626482,1.0,0.6972690793000212,True,False,"[0.2824700990945879, 0.5254001015328595, 137.65322382043212, -94.53262763234352, 446.4507664068004, 0.8708078323361068, 0.47677708972465044, 294.6128725460669, 156.82622069849177, 303.5366538420535]"
32.841707289235714,14.194203244273606,1.0,0.7772426189919989,True,False,"[0.34046207616760665, 0.6558310753884002, 131.7605897815544, -101.48229666959637, 449.9574536989584, 0.6559082844191577, 0.34076315720403283, 294.49984960433045, 153.20672311583414, 303.5303182319862]"
32.51329021634336,14.190780879266411,1.0,0.559265860890532,True,False,"[0.4486012856349956, 0.6343678607418103, 132.55611833277425, -108.32391531662405, 453.27731653990577, 0.7224348300812217, 0.3643930875861315, 292.5807917072342, 160.20509571492684, 301.2308120939317]"
32.188157314179925,14.184492811058345,1.0,0.1259846936055471,True,False,"[0.49614979961977457, 0.6702347744944208, 134.7355383200987, -126.81297989231958, 450.0091832750141, 0.7076419892413145, 0.41630126330346323, 288.46544241711996, 148.1340853522571, 305.66992952707704]"
31.866275741038127,14.144559114240089,1.0,0.44732683676771867,True,False,"[0.4318984398595896, 0.8028241678099433, 142.8960607439573, -127.77339823984904, 442.72933461488844, 0.6867460763649286, 0.2659295677804201, 286.2880406871163, 155.19551641428157, 308.99594204345436]"
31.547612983627744,14.200135070959721,0.9982398974940582,0.26792796668364216,True,False,"[0.3193562358482165, 0.6784315839722769, 151.60197322121613, -140.49410917298803, 439.93926000305487, 0.6732965753916046, 0.23309401042444178, 289.86577609612226, 149.3370661175088, 297.0855979447599]"
31.232136853791467,14.203282875918191,0.9998992177080601,0.28935364565659094,True,False,"[0.28433804699857057, 0.6731506845706526, 155.99990679041724, -140.64955752173628, 438.0956558551773, 0.6787160892933014, 0.27421954311579716, 293.6455666243837, 145.72714550764826, 295.43485181550335]"
30.91981548525355,14.008246955689344,1.0,0.543346020945464,True,False,"[0.38022728879266376, 0.63310380081201, 162.31131029337766, -133.93809190168304, 443.27948312240966, 0.706550783428986, 0.3890493422007012, 300.65943722112206, 151.0865526847824, 296.38206831691946]"
30.610617330401016,13.979585082834271,1.0,0.2567912456367758,True,False,"[0.3017612532986676, 0.5400680550350438, 155.19243568038283, -131.22463899448059, 448.8415408971856, 0.7367681652085171, 0.3400683388102839, 305.39026156152306, 143.92472348138398, 283.5881450634277]"
30.304511157097007,14.01809594075537,0.9987300109096795,0.9528559244254896,True,False,"[0.17471914175580391, 0.5924498720651765, 152.42715499617458, -131.91595676298272, 444.9658453892172, 0.876794744041252, 0.5108483816383579, 306.2118252249323, 149.44964476160828, 278.6073058494798]"
30.001466045526037,13.995483310876574,1.0,0.13091107078646558,True,False,"[0.2654039690677472, 0.40582711815045475, 151.33980312400192, -149.18369003754515, 441.42473728612293, 0.8452395492479909, 0.3721122517888845, 299.6048729202293, 158.73701921354356, 278.25396163974756]"
29.701451385070776,14.034733178820904,0.9986793929730234,0.3237928353350932,True,False,"[0.21295958359280653, 0.4297169191882445, 143.82840014377328, -149.88349113582487, 434.60161596919545, 0.7779411503185522, 0.491434282303855, 297.88677092916566, 143.49151968509864, 278.37418495000463]"
29.404436871220067,14.068228954777513,0.9988615083787176,0.5339434331970143,True,False,"[0.128149900117889, 0.2523088553873338, 150.9988029629945, -146.58156783569996, 435.8128980054621, 0.6711782010091181, 0.4672456365435471, 289.065179347115, 148.4963794020692, 280.4802637245252]"
29.110392502507867,14.207742747335375,0.9952188892437942,0.5637685189585994,True,False,"[0.23801652930224826, 0.1950622535549975, 150.85001276725026, -148.76714177255934, 444.5674020652898, 0.5732822623226388, 0.5924160937700416, 282.1798132264068, 149.84991764088554, 285.7491381917949]"
28.819288577482787,14.032756690224058,1.0,0.896378098847586,True,False,"[0.16996316514656812, 0.25777363437965234, 150.88609840863603, -152.3740908521752, 443.3499517019897, 0.6055640150886286, 0.7349036298593857, 288.07306764639475, 123.29319466815252, 284.59179097670403]"
28.53109569170796,14.198356272498211,0.9942126328510478,0.09341161079827165,True,False,"[0.3375646587136592, 0.24877062273449638, 140.74703553399155, -138.70522537557255, 443.16265789630916, 0.5849421390730668, 0.6340031228177808, 280.5585870706811, 119.55602039739426, 284.23556177143524]"
28.24578473479088,14.207603129901043,0.9996726823461541,0.45020868422529337,True,False,"[0.1829729624429535, 0.24153761073032506, 139.86589313582465, -132.65490553038293, 440.7946325095658, 0.5701140209627523, 0.6494772984473517, 284.2371799369818, 123.76365211922759, 295.3940552396881]"
27.96332688744297,14.255856317293674,0.9982758997540798,0.10559886925624995,True,False,"[0.2743112741726744, 0.3599788935006746, 135.93441989613842, -139.46595777554384, 444.4314503552545, 0.6075107271138126, 0.3098454060574713, 291.02522524887684, 130.6410869235001, 293.8209371354746]"
27.68369361856854,14.24410789376843,1.0,0.472985785159462,True,False,"[0.27789315427610833, 0.4873990269170597, 131.4175092945252, -141.19773539489483, 446.9366415070934, 0.5943915856650644, 0.1966180099213467, 296.33602055861775, 133.455934755202, 299.24481268800923]"
27.406856682382855,14.048004742699842,1.0,0.6867533246589718,True,False,"[0.2643476997138626, 0.37065922132978024, 133.85006065023802, -141.9178791320726, 457.83562228005326, 0.5866505899334971, 0.2222451463543139, 299.5580837319692, 138.7824624971721, 297.699657796136]"
27.132788115559027,14.05241565521122,0.9998374456035897,0.508218644979949,True,False,"[0.25201982068465806, 0.30145306280914624, 131.35176395456372, -137.10421896682027, 453.82237811876985, 0.4542300072350535, 0.3657740748768251, 301.80786764837825, 156.76012217475727, 291.3759141407524]"
26.861460234403438,14.093962677147879,0.9984544806040393,0.30694637923129664,True,False,"[0.2642066559233978, 0.28526467534632677, 124.06835986057546, -137.98514028573092, 453.5835748456386, 0.5019205666238536, 0.43901658442523017, 302.6648670266278, 151.13599586166217, 295.40325146627373]"
26.592845632059404,14.042131751802447,1.0,0.6564554009898561,True,False,"[0.21828692316379478, 0.26945673341261833, 128.33145204550829, -138.2391593213718, 450.0466157686859, 0.5509124502098022, 0.3628713309393173, 310.11755499999566, 166.1897104057062, 299.62035298807706]"
26.32691717573881,14.042718021746364,0.9999777314065192,0.5892895135591777,True,False,"[0.21745257175878627, 0.46312642187872294, 135.28762965337373, -140.42702497553938, 444.30310537521467, 0.4933227002504029, 0.21314274030444572, 306.0952390939289, 160.58085981181193, 298.2030569017162]"
26.06364800398142,14.102162467980623,0.997721857315549,0.31414364397258054,True,False,"[0.18702877726198658, 0.51622127663314, 124.80490944652018, -140.04436487280674, 439.5133363723459, 0.5340283866509843, 0.1828717636296024, 303.52505078159146, 159.1983656766863, 295.9189429038169]"
25.803011523941606,14.093129918218548,1.0,0.7508617883044851,True,False,"[0.34035142593979595, 0.3022633280423509, 127.28240331159972, -147.8621316962999, 442.76219037731937, 0.582222895046154, 0.3298288778243974, 306.10299532351956, 160.4308257398661, 296.5461836971589]"
25.54498140870219,14.054308747550264,1.0,0.5254176169978683,True,False,"[0.17600063168596083, 0.22882030577570261, 129.12627507680696, -145.5646716795548, 441.977860523484, 0.496298598322841, 0.24629558014413905, 303.02266221984866, 164.5912564033379, 299.78952792168207]"
25.289531594615166,14.061580565317527,0.9997124987324675,0.365000241159401,True,False,"[0.19393860866895546, 0.20988845963033892, 131.83566525397606, -147.5797685721112, 445.8049638626001, 0.5125730927976497, 0.10862713183424247, 308.577499336141, 156.10413494136606, 306.4487414789425]"
25.036636278669015,14.098632072183285,0.998521202933705,0.6352064784765006,True,False,"[0.2236495788215465, 0.27716788240021745, 131.2331602720127, -144.60022788894372, 445.5951446118705, 0.5590502859408375, 0.19293931215909713, 309.7561180922099, 164.61778305642386, 303.69543112839864]"
24.786269915882325,14.26631646478578,0.9932576196498301,0.9144007312864484,True,False,"[0.262873635265663, 0.37058050394483927, 138.7797355683571, -146.56439413916056, 451.8211215832847, 0.5773795479018785, 0.27228378282393884, 299.00634406261867, 162.52844506049087, 303.14518280930446]"
24.538407216723503,14.24710456349822,1.0,0.22934722727616597,True,False,"[0.28634744610400614, 0.39324055348493536, 134.5309622510183, -129.7602692424386, 457.20263940946626, 0.757864155570889, 0.30099797959047114, 301.6130728094657, 172.5608640058489, 306.9694025396291]"
24.29302314455627,14.278678623042328,0.9987011270861955,0.3314417671347203,True,False,"[0.22342219521769713, 0.2519769870817375, 121.00532691078277, -125.39784282652644, 459.554404179994, 0.850027477389437, 0.36286518483558705, 299.77172223972053, 165.19215673764432, 302.7898874224223]"
24.050092913110706,14.306946429862181,0.998825318437074,0.1278546647100106,True,False,"[0.2541036266272121, 0.3017347582756923, 113.70376293670442, -127.33115003955902, 455.1651851544633, 0.9023607760281559, 0.33994279760769797, 297.73789306431814, 143.56864657551864, 304.99706822814]"
23.809591983979598,14.312996902809077,0.9997459131493894,0.9946936851677272,True,False,"[0.13444069883570708, 0.36874794239648834, 117.45528068004414, -123.18395977372431, 462.4522639888193, 0.7886880621589496, 0.3417743257312597, 300.07262799962984, 134.92172482315738, 309.5184418698712]"
23.5714960641398,14.249912815387221,1.0,0.44175517321475444,True,False,"[0.18690336478533012, 0.32913755258972766, 122.29915908759611, -114.91675645483686, 449.7401332184722, 0.7275405967496853, 0.3425642162289083, 306.81560986532, 133.6273520569192, 313.75821161824575]"
23.3357811034984,14.21002729584371,1.0,0.4474800187196569,True,False,"[0.27732517181334837, 0.4101194877627459, 121.1000957110222, -82.94460598690095, 456.61484007788, 0.7889176946743748, 0.44281296217092236, 314.8289440109599, 126.44173554976507, 319.90037017246]"
23.102423292463417,14.184584631618435,1.0,0.8175812834965788,True,False,"[0.2688063058057572, 0.3426536978015124, 119.84084236375107, -84.35341812670151, 460.4149268454096, 0.5796314660442135, 0.6710382592441007, 312.6751852474967, 125.3092158865851, 316.7683380980881]"
22.87139905953878,14.189017770797243,0.9998061898373738,0.4574701164037245,True,False,"[0.13150879245364724, 0.19778574786198183, 118.0743085884414, -88.04415065315365, 451.48391251861625, 0.536544573320725, 0.78577431328036, 312.88360801993304, 114.71908277319716, 318.7571363503705]"
22.642685068943393,14.188664706808794,1.0,0.7293746350060193,True,False,"[0.164389726910838, 0.15291680455623194, 114.20291695039288, -85.84527934012795, 453.469819106496, 0.3950060237544662, 0.7046656555006147, 309.98364309157466, 124.08162606587997, 319.0361119000825]"
22.416258218253958,14.002314582736147,1.0,0.8270437671390065,True,False,"[0.22604024155286634, 0.08383244034634395, 114.6689611936721, -87.84331978891667, 449.04552263806846, 0.31212639266118763, 0.6515972487381324, 315.0192316417921, 117.38861606372886, 314.73241472820985]"
22.192095636071418,14.166796915232649,0.9926156462584439,0.11785202899619662,True,False,"[0.3343527063408312, 0.1201261506600487, 115.03478520865455, -77.7426350858953, 445.77856716402897, 0.4915567320171726, 0.5799383201888054, 308.88921057259904, 135.9252980117898, 313.2180584886884]"
21.970174679710702,14.178326374183369,0.9994753599165196,0.9730320038086284,True,False,"[0.28782442451574963, 0.1205283603784487, 110.88871789057153, -79.1707912450151, 449.9365268922742, 0.41825806537839255, 0.4605997905531087, 307.27916710647594, 140.68449799400747, 316.2574775673512]"
21.750472932913596,14.132978793415624,1.0,0.5013834519873434,True,False,"[0.3638801373132625, 0.07650190231194667, 110.46510336345088, -77.3404574329839, 450.98303399648347, 0.34373008751895406, 0.3021664527550903, 310.24852576458267, 136.2624707647345, 319.42372816108815]"
21.53296820358446,14.142850222490258,0.9995416717922357,0.41645278065896807,True,False,"[0.5049801436168592, 0.07006890295932497, 113.8717798979189, -74.20697457558676, 447.77986931391433, 0.3690291893378632, 0.3476294608213239, 314.9421864738486, 138.2007381259124, 323.7668749969023]"
21.317638521548616,14.133386935778724,1.0,0.7302671837691945,True,False,"[0.33069049657330163, 0.08979580702400086, 113.59274390659826, -60.67907050466888, 439.62869131681043, 0.396805560597109, 0.3030971517776426, 312.391175547146, 133.30379744112, 320.9760350757302]"
21.10446213633313,14.252576021748343,0.9943683400648242,0.18393596327335227,True,False,"[0.121602512114513, 0.19328028138213205, 116.47582048271148, -69.7289978694385, 432.2456878516815, 0.4560477015743397, 0.22873267852699974, 313.4304113490515, 141.42844265934744, 319.6319923482571]"
20.893417514969798,14.223530676697209,1.0,0.8395966077969568,True,False,"[0.17405271776928508, 0.19794808885783455, 115.89153315645841, -75.10660601164668, 429.56764716090936, 0.7015200911123458, 0.24911295437266043, 316.8457882998522, 145.0453982221051, 321.67209829290994]"
20.6844833398201,14.227081109738746,0.9998283675598876,0.44566212543094685,True,False,"[0.2703578455767426, 0.27258274294990087, 112.7349771953626, -83.67265505224786, 432.5780037964766, 0.742262601540117, 0.2567222974785202, 322.9181937596839, 139.06190018869583, 327.1719017554873]"
20.4776385064219,14.236760831514678,0.9995274145334295,0.4067630974840045,True,False,"[0.3100388602011542, 0.2964485004889591, 107.71401114263281, -82.97913542266198, 429.23486583576505, 0.5903904742895807, 0.16942974689953222, 319.32720944518735, 139.94563129099865, 331.5129240389788]"
20.272862121357683,14.235019648209121,1.0,0.5490534782064892,True,False,"[0.25062897913321885, 0.5527837541480006, 109.52121530246094, -85.72765312174828, 426.78665921009593, 0.544864801577406, 0.3431102988411876, 315.92847959854174, 128.97774508676287, 330.78778199310244]"
20.070133500144106,14.230041928861949,1.0,0.11183208823185242,True,False,"[0.22827404253738615, 0.5822185288733966, 114.26750784982889, -81.96122120671427, 425.30801597691607, 0.6866932315793435, 0.39425070829716435, 311.202903809545, 125.41671955668653, 329.1995373337987]"
19.869432165142666,14.247339303260993,0.9991298267958768,0.22447812379185061,True,False,"[0.3060813427189873, 0.6157815931365125, 107.6311805075016, -97.76921687071925, 429.81712913966385, 0.8572572966292167, 0.39968591232853373, 316.8352889172477, 124.50914944066119, 336.40559807366225]"
19.67073784349124,14.216990678764107,1.0,0.7322968544192004,True,False,"[0.3726925481339965, 0.7509686323818399, 106.73922985960566, -95.7949965276071, 431.09594675301946, 0.8710619713699361, 0.4769468660266639, 319.963631644668, 136.91259508226943, 337.47625684165473]"
19.474030465056327,14.189249682979906,1.0,0.13320964253556,True,False,"[0.3547385662090842, 0.7859820331355742, 110.48139109788492, -89.5408480845237, 432.7345583163464, 0.7512501475875476, 0.4377353473323077, 318.7674631567265, 121.59383784817055, 337.52354935335023]"
19.279290160405765,14.1705570767881,1.0,0.14368875045422203,True,False,"[0.39505434229949776, 0.7884218214248354, 105.55435071899598, -91.31489066219481, 435.4291578455728, 0.5887620056312648, 0.34567539443958356, 320.13964128500373, 120.30234852089615, 336.7102420090143]"
19.086497258801707,14.073610677342213,1.0,0.36255200621126593,True,False,"[0.5595897930459466, 0.8937477134819243, 107.18875608683882, -102.13178908606358, 438.8806960084091, 0.653978021254813, 0.39317477267875656, 324.9154553117369, 110.18949843887667, 343.3582562513172]"
18.89563228621369,14.135338147277494,0.9967385714153871,0.5334854524066873,True,False,"[0.5608722191701759, 0.8366883393094644, 102.26531583707596, -112.51564842129862, 441.0284560274653, 0.5893007468987073, 0.3683901907993739, 317.3275002239548, 93.49881859445581, 344.2594441748298]"
18.706675963351554,14.149119057936362,0.9992635871897676,0.7311203496977133,True,False,"[0.5628951909041192, 0.7790897451956975, 101.11419424494107, -96.628386711392, 441.6613960287782, 0.6619270207821956, 0.5264691706256341, 325.23745827037084, 89.02707744614578, 346.18149077050384]"
18.519609203718037,14.190747479626594,0.9977547220335045,0.4892975768000738,True,False,"[0.5059837918485417, 0.6431277064198111, 99.50960594789726, -97.36552287331386, 439.23218664203586, 0.5998861984657993, 0.49768335458358015, 319.6829614520718, 98.78574343313285, 347.5302855888024]"
18.334413111680856,14.240755416863507,0.9972761713480558,0.7346880447695253,True,False,"[0.5885299802035212, 0.5203516550370586, 102.7078427915829, -90.8240571688021, 435.92582863073216, 0.4210211486214848, 0.4024595949241696, 310.8867704859868, 98.56861259156184, 336.4398232550679]"
18.151068980564048,14.185687348646288,1.0,0.37949320363829175,True,False,"[0.6268297896789261, 0.4587850535961462, 104.32917824492061, -96.25379111240875, 427.91801340924405, 0.5761813449628881, 0.6398469970709525, 317.26759212385764, 103.9634062062511, 341.0708335069204]"
17.969558290758407,14.21724378469215,0.9982454357788738,0.11529298814288125,True,False,"[0.5322330092566425, 0.4447805482166684, 98.66027877765393, -101.62783322791142, 429.35748052732464, 0.6136112624589168, 0.7228147308321069, 313.84535313737047, 98.43731977947502, 343.5888762670738]"
17.789862707850823,14.192007570083772,1.0,0.09688054583937988,True,False,"[0.5115851245695527, 0.46752410557185564, 107.73552660331367, -104.75865730414803, 425.4484599396973, 0.4287643977924721, 0.6054689217137845, 303.85132530635434, 98.67840859091855, 346.8509549721551]"
17.611964080772314,14.255880726092515,0.9963798772527054,0.44163748462985475,True,False,"[0.42948071152587813, 0.6026904435860609, 109.30742756218523, -98.00087206039817, 418.361391556349, 0.6009450385485111, 0.5371400402729178, 311.9410910871586, 82.61081919517943, 343.0717384951788]"
17.43584443996459,14.20225938214032,1.0,0.09379906796255533,True,False,"[0.3510521990784831, 0.7174949335974562, 113.82991659910898, -92.4932799746893, 414.79441706704836, 0.6879491358189374, 0.6555483133384923, 323.1297196704782, 72.76270195278889, 339.40999925220905]"
17.261485995564943,14.15592199392891,1.0,0.6147729883010095,True,False,"[0.4869321835631998, 0.7708104556862388, 113.00441462211522, -76.74516746548272, 412.3303436467406, 0.8757241868736801, 0.6099279073843957, 317.90307078468925, 66.2461379027014, 337.0732773027433]"
17.088871135609292,14.216638767117486,0.996453303616844,0.8666961843196892,True,False,"[0.5931778329916764, 0.6491445582151211, 117.88583119489958, -79.9529494843287, 413.45292033174735, 0.7388071006488683, 0.5755524894223912, 321.86634949269217, 66.22195972237165, 343.89880041951295]"
16.9179824242532,14.252602393749024,0.9978764945060976,0.07309483762185243,True,False,"[0.6042976828877755, 0.5629056041177269, 120.09438557831605, -82.40102563299946, 410.20791438095665, 0.7698278816677868, 0.5238406583344533, 325.9660618975312, 51.48707692472651, 345.8530533314116]"
16.748802600010666,14.127232751596406,1.0,0.329135345025502,True,False,"[0.565278909747944, 0.7332453933725103, 124.99133347185168, -80.48971468895907, 406.55188978649505, 0.7122776883235084, 0.5081910977702621, 331.12401567441026, 73.74582376678228, 348.7046605820413]"
16.58131457401056,14.217253087362295,0.9945856876576475,0.5564583879214072,True,False,"[0.6352733646922704, 0.6559051895042789, 121.30490307209601, -93.20990000929918, 411.23575970776756, 0.8494199070034743, 0.5840570591373255, 335.359180598849, 75.18297339803185, 358.33532741343714]"
16.415501428270453,14.172901095704322,1.0,0.23204683887879796,True,False,"[0.5694674861101628, 0.6906476428845276, 123.03333853085002, -103.55171399252055, 420.03211645722905, 0.8200977549259136, 0.5210645411296961, 328.86996913121214, 56.84247161196179, 362.0534232936405]"
16.251346413987747,14.162078917706872,1.0,0.5461129792431413,True,False,"[0.510632520891135, 0.7016335491888186, 117.12186611944458, -101.07686890508798, 423.0833700557753, 0.8142368998285561, 0.3599981773492382, 334.8426004299223, 45.05009227339053, 358.3291053041278]"
16.08883294984787,14.163534994269892,0.9999095017842251,0.19831988850722826,True,False,"[0.4500314048572027, 0.6713083572547244, 116.0233682603161, -91.35167287376181, 425.3529226292192, 0.6956028135322988, 0.38372978902381316, 344.106189031213, 52.15059208891627, 355.13161836653074]"
15.927944620349392,14.18125887612526,0.9988878650211762,0.04569526753217523,True,False,"[0.5680211027759997, 0.5802102110223439, 115.5834342339559, -94.43075111613216, 424.1499297267323, 0.7543970800646926, 0.3778406930876614, 343.838018136603, 58.05758864539132, 352.9831377361618]"
15.768665174145898,14.185047917427852,0.9997597395807319,0.7227436320177806,True,False,"[0.5923406247570872, 0.5627907201981657, 114.34548407887097, -101.21803254630059, 422.8838745191504, 0.8072656798808603, 0.11972499938265263, 347.5077155598544, 54.85634094223672, 352.50642937005347]"
15.610978522404439,14.181635282188378,1.0,0.6749997244487078,True,False,"[0.59118194440933, 0.49320559007573506, 115.57467534209376, -97.8463499352111, 421.2658762233261, 0.7058581892462488, 0.13562650095080364, 344.6667642568226, 70.14626358644529, 352.1991027927267]"
15.454868737180394,14.168496515948043,1.0,0.9016346793976234,True,False,"[0.5988276415509615, 0.4971159729771258, 116.97953269322592, -81.59958257621813, 416.45179370966014, 0.7472637605367677, 0.1416503667481861, 354.47807937784285, 65.78414648940434, 354.70813963760935]"
15.30032004980859,14.085678090878348,1.0,0.8675921718158386,True,False,"[0.6381316461346568, 0.5155642562388117, 110.42906429841291, -87.94121619218154, 412.7952510338399, 0.7021586248740663, 0.19709471888521876, 356.4859592504439, 72.59007331799462, 351.2971118071709]"
15.147316849310505,14.084571144639874,1.0,0.3475779647426198,True,False,"[0.5902277375925989, 0.4374865264363227, 114.22976137458166, -93.68733348549213, 416.8724654739113, 0.5860511705756074, 0.20427161797279011, 359.50586806547693, 56.166882487372504, 344.2652918557922]"
14.9958436808174,14.081151426178064,1.0,0.06782197088535946,True,False,"[0.5562959219203004, 0.5256711585899894, 114.98922254489979, -103.47908064203216, 420.64002358245983, 0.5383431358938122, 0.107534444899783, 356.6664813054912, 67.91807531476563, 341.84580166294194]"
14.845885244009226,14.071641190498305,1.0,0.3920183677273966,True,False,"[0.38140650940361265, 0.522524484108374, 112.58403182864441, -110.40819592110762, 412.9039202387438, 0.6693853595333064, 0.20641706572989138, 358.1859949831642, 62.0163571524296, 339.1467468881175]"
14.697426391569135,14.043294478761602,1.0,0.1598337194269024,True,False,"[0.5224153011005668, 0.540142521665342, 112.09419913349284, -91.61144700611041, 403.35041407292607, 0.7431984512499891, 0.1565766777269869, 353.0721352516432, 67.32218407327748, 337.3401330184568]"
14.550452127653443,14.072393130870243,0.9980021531399934,0.6133062610906471,True,False,"[0.5989165791506557, 0.5431649390353979, 110.94514330974114, -82.10110047741762, 411.2075895351981, 0.7452788055283388, 0.3628803587924826, 350.17674161529834, 66.10408945175051, 338.30243786461955]"
14.40494760637691,14.04810956987512,1.0,0.48354342663563266,True,False,"[0.5462245349176337, 0.585922887822813, 114.96416853495326, -76.39592035218402, 414.13261502463587, 0.7614413201255585, 0.510891428187922, 344.31915590417526, 78.62283209087434, 339.4229954371936]"
14.26089813031314,14.218152213641533,0.9881471074993752,0.14592348996025117,True,False,"[0.5995528898459103, 0.5002385240975495, 115.17691214709697, -74.01067851250521, 410.09202634847895, 0.838073525743884, 0.4452374116640713, 335.4933549926688, 65.20273521538081, 336.99542358521285]"
14.118289149010009,14.230546971039885,0.9991224632075449,0.37675818065178457,True,False,"[0.38628135609299746, 0.36331356433681883, 105.80689726841966, -85.75855793453684, 402.4265665315816, 0.7464276012075022, 0.4997426129777668, 327.0453328874939, 67.77050042325449, 336.53677850330286]"
13.977106257519909,14.284926581881614,0.9961169385354608,0.8614344578954374,True,False,"[0.3916329853213452, 0.4242993267331567, 103.28493132227314, -110.82756155042844, 402.94402835854146, 0.7501606777631441, 0.435887280084431, 317.53744613601805, 76.42154389893312, 337.672354716671]"
13.837335194944709,14.277828528365117,1.0,0.6611701470725061,True,False,"[0.2811191558110398, 0.36022662322478505, 107.1867556891163, -114.34867351426062, 403.5916927105261, 0.8088712057884255, 0.474197179615197, 319.3151302677888, 68.08214359051104, 341.89508045863]"
13.698961842995262,14.2539822387563,1.0,0.9500556033556697,True,False,"[0.3481763930667672, 0.22325336507726598, 111.09812950612015, -116.95366861745693, 408.88399692841125, 0.8307739156171625, 0.5951329755956286, 318.4617129593065, 61.99111320948085, 344.8661859496156]"
13.56197222456531,14.24688397913198,1.0,0.689887345614383,True,False,"[0.28514272507725036, 0.363332775057067, 108.28953613122479, -101.73391304949767, 409.06949157028174, 0.819294327973522, 0.5376937361337271, 329.65470068037274, 50.372216468275376, 340.87162666310985]"
13.426352502319656,14.241554995388187,1.0,0.15597334681863873,True,False,"[0.34427172400020606, 0.35347490976970997, 108.62994256344483, -97.3637092967163, 408.46869325242756, 0.8581150052315853, 0.34292015800750647, 320.44685071665396, 58.648917946971814, 336.73323467892453]"
13.292088977296459,14.21161486416123,1.0,0.7877425482621035,True,False,"[0.27680759775048447, 0.4955615847968039, 115.04069748187906, -87.69532136900494, 392.89657834158226, 0.7244982068571133, 0.2065190809538612, 316.11849111139543, 58.123017547457515, 340.6663185245815]"
13.159168087523494,14.25020171016001,0.9970719785189303,0.6951539831420518,True,False,"[0.21425206707383962, 0.5672755621442553, 104.95078358994095, -83.2270616727297, 392.27552470971403, 0.9090192399586886, 0.10560221914727001, 311.90866004637695, 38.47393049919961, 346.62410771016783]"
13.027576406648258,14.242170639919376,1.0,0.5348134769280757,True,False,"[0.3269909041513205, 0.5061055796777658, 100.6980476192994, -83.0135202990986, 393.98527118023173, 0.9000561654189817, 0.1813154496604304, 314.5935659198916, 58.55799644580176, 338.82382415945835]"
12.897300642581776,14.198456623048218,1.0,0.5280261629118825,True,False,"[0.373171902483149, 0.6740023006969694, 100.43179318344428, -67.91853643805295, 397.404120665638, 0.8511589875645181, 0.15755597792397266, 305.68961506176845, 52.13489466375788, 334.9367774437523]"
12.768327636155957,14.208081362123165,0.9992464860938588,0.6745299799944986,True,False,"[0.3214809467698874, 0.5729688455936696, 101.71666414486806, -59.42979877534107, 410.5143645460064, 0.8601775021427128, 0.14835011264601422, 311.3054471499457, 37.87156440506577, 339.1839005142549]"
12.640644359794397,14.221051707484062,0.998974443632431,0.27021633320430216,True,False,"[0.2844581572935782, 0.7907768671502571, 104.40426293627516, -67.70090285561784, 409.4782861784636, 0.8711360383986317, 0.2577640486353249, 310.10211446974677, 50.39222539819052, 348.668031393554]"
12.514237916196453,14.20217576556048,1.0,0.12975376590484344,True,False,"[0.3083340236673839, 0.6794082638501044, 103.08431829791441, -53.71086148051769, 400.3557024517836, 0.8339603784038163, 0.16389443513827368, 305.8046233888829, 71.4394464344446, 344.0529978027223]"
12.389095537034489,14.141606660628897,1.0,0.6273844874389547,True,False,"[0.48803241947063214, 0.7748545368726779, 110.51461328743143, -60.33045685614884, 396.4689877462484, 0.9158447749087457, 0.1893827943752341, 306.3097944292443, 82.6187973637777, 335.9592561673956]"
12.265204581664143,14.18678261024346,0.9963235138916986,0.40363702578119187,True,False,"[0.36314099495199526, 0.6152504790966296, 110.60395375954204, -47.565466910322144, 392.6773132555582, 0.8475769414521246, 0.2790282500531565, 303.978742376186, 93.16205221838915, 331.91076432342174]"
12.142552535847502,14.195626355770127,0.9992719384401104,0.35343139915789246,True,False,"[0.4335919350198455, 0.5174103378453698, 108.42506091675007, -44.99981605094522, 389.2673026823703, 0.7984902164747779, 0.3417781613678178, 299.18222269806273, 84.8285854652947, 333.7601354160286]"
12.021127010489026,14.19545318437162,1.0,0.9862297839185822,True,False,"[0.3239175233738575, 0.5622311978888628, 107.68069226574853, -37.91529598051288, 392.8245025731843, 0.8332251424140763, 0.2621499120676816, 306.3023216260952, 87.40608064646364, 338.8639120276514]"
11.900915740384136,14.219562179402358,0.9979762404914523,0.764326374760314,True,False,"[0.33586475136528093, 0.42181270724300657, 96.69634701980894, -18.649231371372924, 397.19323902102684, 0.8948608047801726, 0.1978602232621811, 309.26580491952745, 79.27102960390066, 329.50005454856193]"
11.781906582980294,14.224428996059984,0.9995870098289741,0.28728890273017715,True,False,"[0.34462668648485784, 0.31452857864599115, 94.97406045586906, -21.61094485786375, 392.05248779410533, 0.7945581600375278, 0.28794753139005524, 309.9846674685994, 81.33127418587499, 328.3637463518988]"
11.664087517150492,14.217752307838602,1.0,0.4193741493731723,True,False,"[0.44831738525179216, 0.4656751023197685, 96.57434314501194, -20.55984029845097, 383.81800417866816, 0.916410310313563, 0.18540967095238742, 310.524246605961, 85.07499366936894, 322.5588095607164]"
11.547446641978986,14.221123206264593,0.9997081253919826,0.287159825368557,True,False,"[0.3539873597160212, 0.3903018588996581, 98.13016879098822, -20.49977273343702, 392.50844875477094, 0.9080456809710484, 0.22869459256723546, 312.75150481587525, 72.76116177866024, 321.805787039017]"
11.431972175559196,14.207111314484766,1.0,0.9307120341346894,True,False,"[0.3741921366537829, 0.43661249328689, 95.55768870673003, -28.6050509853134, 389.8309857167763, 0.8379475193343585, 0.12251704516462085, 318.72618299087105, 66.10577255408633, 323.4734839530611]"
11.317652453803603,14.216903999245574,0.9991351166308584,0.8524354211387378,True,False,"[0.29937970325253943, 0.49498077381222444, 93.34297157080695, -36.15903904555975, 385.53083048900373, 0.8821953242548133, 0.0835686450871376, 320.67612588963794, 73.37955407253682, 320.7543459713946]"
11.204475929265568,14.214376493167878,1.0,0.5131819772506847,True,False,"[0.3075754779997866, 0.5081530165996778, 94.59050233670493, -26.48618111020018, 383.3243049943243, 0.8323486492058945, 0.16047026002237808, 319.73016182968416, 78.35634241382861, 324.578255670773]"
11.092431169972912,14.20662328269966,1.0,0.8397301454919817,True,False,"[0.3438534952196195, 0.5191873721375765, 98.65726458314393, -32.351894886889546, 384.2775594079636, 0.7951124090047894, 0.2707696574822203, 321.5058152373818, 88.30824577790347, 326.61557278879906]"
10.981506858273182,14.18852443355333,1.0,0.3610575177078471,True,False,"[0.36113452192507867, 0.38179782566826737, 114.23019176340361, -33.87638111085903, 384.1200944862581, 0.7964299367783149, 0.3009980402485932, 321.29351501361737, 85.27939846047775, 324.7101038979574]"
10.87169178969045,14.197198430055021,0.9992024666161825,0.7987803540459775,True,False,"[0.2587558026825916, 0.39895879383938293, 110.14308797778298, -34.367354731712204, 376.69915381279395, 0.6706612604146227, 0.21308900643855022, 319.12996940071855, 95.31068238513919, 327.48059009167713]"
10.762974871793546,14.030281173357551,1.0,0.7371840221863636,True,False,"[0.29473424720591274, 0.4798513459007388, 109.68255903854629, -45.18905840093295, 373.0645877142738, 0.6129945871008967, 0.08223644169074854, 326.9440333829236, 93.99012155817897, 325.78706021192215]"
10.65534512307561,14.028532935575978,1.0,0.2931323897776853,True,False,"[0.2453886201823296, 0.4744293100039697, 108.5803094429367, -37.40960176581049, 378.5580208891564, 0.8912285056024414, 0.12407295553258584, 329.8921928039701, 87.42926635940687, 324.0553901236416]"
10.548791671844855,14.027578649339208,1.0,0.5857754715356256,True,False,"[0.2943323200234722, 0.446260885145726, 110.53754311664883, -42.47283877699611, 381.15581978888184, 0.9024594319103965, 0.19760357964633235, 328.5496941417865, 93.96551255859208, 325.642358893529]"
10.443303755126406,14.028681773189252,0.9998943758013177,0.12828693759393184,True,False,"[0.2726527089158624, 0.3154808881130461, 106.61562406588729, -45.31810955253107, 387.77866414678437, 0.8342714547381562, 0.2005275259629226, 324.4889525872099, 80.2409294406506, 323.52756914720254]"
10.338870717575142,14.206561681897497,0.9829421952515202,0.2618163220353349,True,False,"[0.3718070954364362, 0.2940623730799442, 112.13838480651319, -58.58543218170405, 388.20077727470687, 0.8841285528749704, 0.2478458703536073, 317.2909319719137, 77.44374646794286, 324.39137808237524]"
10.23548201039939,14.221262331082206,0.998564786947721,0.44564707987339236,True,False,"[0.23729614544410735, 0.25760397317421313, 109.14642582793654, -75.7667592719578, 388.8178832227918, 0.7860982831105917, 0.451218142801784, 315.3594676689273, 69.3319476031521, 327.36476728317973]"
10.133127190295397,14.203970146089281,1.0,0.17262639550557934,True,False,"[0.22844704732982885, 0.11113723487108501, 110.42084934244518, -87.85287377747855, 399.888894784154, 0.6772353229521603, 0.35745800550871354, 308.5095096604273, 64.63450995555186, 312.4746918674856]"
10.031795918392444,14.247109352426481,0.995708985223958,0.808206951142392,True,False,"[0.2401220898657562, 0.23272564437989685, 108.36543184387008, -94.74454009608414, 397.58913218846675, 0.7030415846230622, 0.17777282098754246, 305.07539587290336, 74.11048341277336, 318.6794100478735]"
9.93147795920852,14.237935423807102,1.0,0.35610897096263405,True,False,"[0.24589561284617803, 0.20598085212321948, 105.64299624431054, -84.58704969269756, 393.6451978466025, 0.6127842392914775, 0.12423238292684494, 304.0064639362073, 51.14888430704049, 316.99647764059443]"
9.832163179616435,14.267848255228806,0.9969622783500525,0.49317262663989603,True,False,"[0.20997776224108416, 0.284848282041811, 103.42549753370665, -86.47044140881707, 396.9281944006655, 0.5434072615977812, 0.2683738733945199, 296.0096021938098, 60.21605681944373, 317.62693331934895]"
9.733841547820271,14.270961678734086,0.9996801955712825,0.4708687211609741,True,False,"[0.23355282134554062, 0.31156509093414836, 99.69023223838555, -87.1805423905406, 401.70261434205275, 0.8618684809008975, 0.30738625640251527, 291.6091117507899, 65.04828939830135, 309.6405488992508]"
9.636503132342067,14.231019712499618,1.0,0.18111453809589417,True,False,"[0.32765668112789564, 0.14688383086750184, 94.63604893883462, -59.64426982418732, 398.8629290069228, 0.8312977308625409, 0.2694580408412033, 296.67110181942826, 59.77146925492333, 312.45802978613887]"
9.540138101018647,14.252106366069409,0.997792131885685,0.4194456463526861,True,False,"[0.2839958010608712, 0.17997093896151814, 88.74082557651613, -50.91582712945733, 389.3282350253426, 0.7008474589411474, 0.15975390721120986, 292.06397884780046, 56.61876591272373, 309.8205590750071]"
9.44473672000846,14.191654008133819,1.0,0.12544595110563728,True,False,"[0.3004661499492963, 0.07469514038514008, 91.05131998343369, -59.534106662926064, 388.63777423602465, 0.6245931965750509, 0.29677126758009087, 293.1796266353558, 75.16223434796903, 312.5036489624203]"
9.350289352808376,14.200741661467607,0.9990285606975103,0.8692502878167655,True,False,"[0.48792756802366916, 0.1063472082390112, 89.15510579661131, -64.17743210641999, 384.6583471432524, 0.6813249294513204, 0.3419292153830717, 304.30367276629016, 71.661615382761, 315.8205789048715]"
9.256786459280292,14.2389276942631,0.9958833036958381,0.46178131202781525,True,False,"[0.4350928713293035, 0.18120111176053483, 84.57573510569179, -55.711727119563506, 385.9845767855278, 0.6972305911172771, 0.46109453616512175, 305.06079534056755, 85.07246692610664, 314.79822474050803]"
9.164218594687489,14.296912888768496,0.9936926281305901,0.19659582801578257,True,False,"[0.4055560996615268, 0.22051983456373364, 85.86030345524254, -46.59931163749343, 385.6024419218022, 0.627781444631121, 0.2574216736394909, 300.69622369889754, 96.90723103868659, 315.0589322463227]"
9.072576408740614,14.228252622784442,1.0,0.8124793978489753,True,False,"[0.21516683753804436, 0.3167674907117166, 98.50315087037777, -42.20911157833188, 377.16253834932996, 0.750586386105135, 0.10796795166558626, 303.4322613830002, 105.9827227844941, 306.9595461300307]"
8.981850644653209,14.217958704125127,1.0,0.9886456707274778,True,False,"[0.26794273904925325, 0.45246329351789194, 101.14018705551592, -44.37600832456822, 381.87786229990934, 0.5704495648079508, 0.2068985741732825, 295.8894560244502, 98.39256273359513, 305.2224919959547]"
8.892032138206677,14.20245575831932,1.0,0.4379189244972914,True,False,"[0.22606274194727116, 0.5371207251671261, 111.06281605822358, -44.401023726433905, 379.48809781648606, 0.5138359235700332, 0.23036257630368648, 291.3421696783107, 88.47912743742333, 304.6107763240318]"
8.80311181682461,14.220701393509337,0.9979295117047996,0.320124506100695,True,False,"[0.1582826624033703, 0.5988379098677157, 114.84779985009811, -50.94144320643068, 381.8762863854994, 0.499985412041959, 0.21102236911064015, 295.2997876586337, 81.85582031899881, 301.70302891679984]"
8.715080698656363,14.203361944706977,1.0,0.690797259966672,True,False,"[0.19297300453382954, 0.6292359807308038, 121.66243827056613, -56.739105329159635, 385.26037332683757, 0.6531079259835648, 0.19717388204735314, 289.1081593272298, 76.3814241613292, 290.487152857591]"
8.6279298916698,14.287709053557085,0.9902715762406514,0.3193844128445176,True,False,"[0.14449472756124976, 0.6179031413536776, 104.67074551078427, -85.91820041659956, 389.56452590209176, 0.49020515765184747, 0.09077811338959892, 285.69141294892444, 84.89208065481755, 288.4811817781054]"
8.5416505927531,14.220647045879645,1.0,0.7594772972594426,True,False,"[0.16213502535158916, 0.5936530244680044, 119.62095309215263, -69.34263839071644, 396.0992788819633, 0.5633114611201305, 0.14071838382800103, 282.823055997872, 88.08963600852081, 292.73581019043905]"
8.45623408682557,14.177162708155121,1.0,0.625201662064752,True,False,"[0.3244680443554261, 0.6058829117197274, 117.10711520067544, -54.07975098919826, 384.7889326429401, 0.6503932254382864, 0.17184199118331148, 288.3345753645009, 81.54246211199622, 292.7730970103439]"
8.371671745957313,14.00921556743161,1.0,0.9507463120550694,True,False,"[0.30141590762897147, 0.4279126537038174, 112.81346611614134, -57.77655632188198, 382.95139914375073, 0.7339012474289145, 0.16135655746027977, 290.66864767981576, 74.84242435421234, 290.31142015673436]"
8.28795502849774,14.004285855732084,1.0,0.020456270674898303,True,False,"[0.3754370767334438, 0.4222141611073204, 116.58879140943058, -64.03065628134473, 380.4036904525489, 0.7541691024882191, 0.15743140222860547, 297.9300416026767, 65.91912829623982, 287.30349237448354]"
8.205075478212763,14.178243251470608,0.9790219715569948,0.1495070397008248,True,False,"[0.30434364854213714, 0.4284269834682872, 133.83344322782625, -74.21081351503697, 378.9479611194614, 0.8219049971915162, 0.18977336413543197, 289.5441552061057, 55.7766699596809, 293.66438970077974]"
8.123024723430635,14.180236372300328,0.9997546632695701,0.8043603983902953,True,False,"[0.2546702701997961, 0.46987099530515397, 134.3560290396043, -88.29762654787488, 377.711869760006, 0.7243763124300948, 0.1272093676927602, 295.23479059841014, 46.57955520000897, 298.11770018981076]"
8.04179447619633,14.188818931309868,0.9989333250407805,0.6831501497684155,True,False,"[0.17838133631848194, 0.3566524804110838, 135.94451645928663, -85.70466402907483, 375.56369114021663, 0.790786559526613, 0.11175172392090159, 292.69703478447457, 45.67041725510497, 299.8204506789516]"
7.961376531434366,14.178420084278947,1.0,0.9943574876202498,True,False,"[0.3087219037026353, 0.4324261843641764, 133.3389222923375, -96.12465822367855, 376.2282535380818, 0.6743744221989938, 0.1104456663487141, 290.27745458962806, 28.336349932636278, 297.09140795872315]"
7.881762766120023,14.211453459320133,0.9958176553536189,0.4251708605646066,True,False,"[0.14692216550309478, 0.4239283321479943, 130.60852217431847, -78.86421079053669, 365.8261795064019, 0.5944988429515513, 0.37731999345883244, 293.7302785844497, 14.449951133046213, 297.4466516883197]"
7.802945138458822,14.188316125196703,1.0,0.9896751725979749,True,False,"[0.2227708684501961, 0.14963661972696496, 125.02461359554023, -83.0469049503994, 359.45131590849553, 0.5905776482576164, 0.364213222253326, 296.7825882955266, 7.7743296064876155, 299.93502743382356]"
7.724915687074234,14.195673241752278,0.9990480654351647,0.8003925059386751,True,False,"[0.33151890343200063, 0.23592854321655524, 127.79203654790138, -88.36591952425819, 358.72775896615974, 0.7750971332747278, 0.3855345746674025, 292.29616527815324, 5.32791901082469, 294.59473126921415]"
7.647666530203492,14.168489213316494,1.0,0.054354254084928666,True,False,"[0.40874923043170763, 0.1303705658978014, 128.82437042245692, -80.49664918148784, 352.12589663816334, 0.7643191197498009, 0.39750504290924343, 288.8975141291541, 12.370717580972132, 293.5942340887278]"
7.571189864901457,14.204574893583603,0.9952451567213091,0.5836608990329664,True,False,"[0.3334049303324293, 0.16765972031926807, 120.14237270708142, -86.49077762677933, 356.8739764562953, 0.8364464833579744, 0.31273431971196486, 289.99138993227905, 19.219608949631994, 301.43855712065874]"
7.495477966252442,14.172153158965386,1.0,0.7861606044537313,True,False,"[0.2513042791619559, 0.08220368822525008, 117.55321232225108, -84.1798186575053, 357.94687789416633, 0.7801751086505915, 0.3823791957450254, 291.75016776501326, 22.249621208492982, 296.3619114162593]"
7.420523186589917,14.214035614730609,0.9943717603739353,0.7483395277522683,True,False,"[0.1649361914486941, 0.12342246013514352, 123.82111044549704, -88.54720185296117, 363.5173762545672, 0.8943603816069683, 0.2623871051064696, 290.6988337439726, 30.037176618380506, 293.42836508874035]"
7.346317954724018,14.218243454076093,0.9994273819192204,0.35004083124294383,True,False,"[0.30432040027873075, 0.26978802755948345, 124.56759278698257, -103.07020526247202, 365.64148807133535, 0.7378967023433696, 0.41337445623935165, 288.3865096213173, 8.133355507584561, 290.1805387462682]"
7.272854775176778,14.19325284833157,1.0,0.05290139355649359,True,False,"[0.3852169005051407, 0.21332859165268347, 126.3646586739426, -105.52997749863015, 366.34878806985233, 0.6024920623240896, 0.4997502841698883, 280.9459234499031, 9.151902875062426, 288.1378228159397]"
7.2001262274250095,14.197040466548358,0.9994740894762506,0.44784553008319317,True,False,"[0.3975655850156934, 0.21856507213995835, 126.03789400837515, -108.88700649119433, 358.5967669853387, 0.6049666773094202, 0.5221014133377778, 280.85422882312025, -1.767260136051016, 287.1962383061772]"
7.128124965150759,14.221024234353578,0.9966409870141312,0.5661896212121141,True,False,"[0.43336479551095375, 0.3373153492261902, 123.77849450077001, -97.92690225143778, 361.6642131464657, 0.6463345997949242, 0.4694349447522592, 281.6295024372509, -0.4799756760991911, 295.02880773601186]"
7.056843715499252,14.216515751365112,1.0,0.046563375832260334,True,False,"[0.46363988564399344, 0.426343823560872, 124.89951276830355, -97.4028135151598, 360.2764961967577, 0.7397109637978438, 0.5452481863438043, 281.9689185079183, 9.56360596486927, 291.28559756984396]"
6.986275278344259,14.245582041246536,0.9958481583434523,0.4857868697069109,True,False,"[0.5626970319117162, 0.4129315146939152, 130.60267461636013, -105.06574519756603, 362.1499680592783, 0.7953149920357355, 0.4694780297952178, 272.9073786455779, 1.5497048983194208, 289.2632152967061]"
6.916412525560816,14.220860074059718,1.0,0.18749618437430615,True,False,"[0.38862762620059954, 0.5125870149527245, 130.66407291568342, -116.94577929808595, 356.7056043214739, 0.6714492208318457, 0.6493861738699163, 276.28254814505823, 7.509113145678946, 290.6305264988994]"
6.847248400305208,14.188791502573444,1.0,0.5318748454184886,True,False,"[0.42576456226993953, 0.34365553890505457, 134.4390413619657, -118.28239981445141, 348.0803908940234, 0.664899688197995, 0.7693948112691731, 275.3220745708043, 24.704409837425235, 286.93004715840914]"
6.778775916302156,14.208661675191308,0.9970730587288515,0.8523134755360305,True,False,"[0.34790087384378776, 0.42517839762687804, 138.29273609563643, -121.84552976784626, 348.7469618461356, 0.729656500856614, 0.7685012960956993, 272.9569460284481, 13.76430427871091, 282.41584029500916]"
6.710988157139135,14.24614587845987,0.9944300730271589,0.5483978080102858,True,False,"[0.2879896852864571, 0.5999418550399993, 132.5332885031962, -119.1658921739548, 343.0961510543294, 0.7824872842554954, 0.8043588870342927, 273.84272395155966, 18.634500231270636, 281.9036815921613]"
6.643878275567744,14.250066989522347,0.9994099900632039,0.023925053918791184,True,False,"[0.19899783741492727, 0.4777024313570048, 125.71975678072525, -108.2560849084008, 338.7794311062877, 0.7693256915471859, 0.656473608650187, 275.66012429502496, 5.293872767419554, 281.51261940520004]"
6.577439492812066,14.066891402170645,1.0,0.46169972018437355,True,False,"[0.13066209494632464, 0.49279743600459763, 129.35180414723894, -96.538666207308, 338.5890133428672, 0.846621698024856, 0.5617893047999574, 283.8382978956344, -7.912451581449876, 275.09435236446603]"
6.511665097883945,14.245890131453017,0.9728854488661027,0.9152609863528348,True,False,"[0.19403242910526108, 0.3658690230394446, 122.9495552405852, -105.72200963852055, 341.0958084058374, 0.7716997110822462, 0.7309936153805263, 276.52910109643557, -24.818036189184788, 281.33341260728935]"
6.446548446905106,14.107667487385854,1.0,0.30796947208677106,True,False,"[0.1556368613074113, 0.40278691280459056, 127.96696924109872, -127.75236842407551, 341.7625807515872, 0.793784957170089, 0.5944075539588336, 284.912812875608, -6.596699221646517, 283.9077788537243]"
6.382082962436055,14.269899616976096,0.9749004319283674,0.38407491497037194,True,False,"[0.14319568876445965, 0.3612468495370671, 126.34317490340595, -121.03409037399496, 344.74233123357016, 0.6302994285778514, 0.7154486086890254, 282.49637426747677, 3.6984451498755533, 285.1609206158415]"
6.318262132811694,14.221716892245215,1.0,0.5660930424743685,True,False,"[0.15396292603136624, 0.2622720483802311, 134.94290674892886, -115.84653825655212, 343.3342121611768, 0.4244732606624901, 0.5907418315479371, 280.64694624794777, 11.53250264777511, 290.0515363018578]"
6.255079511483577,14.201918086242316,1.0,0.38964851619489926,True,False,"[0.2236543524165664, 0.1352067777596963, 131.57307875681036, -118.82131608379342, 341.36307710420135, 0.4129962950154028, 0.4294059592512315, 277.57567358027944, 15.498571389990449, 294.99155346184773]"
6.192528716368741,14.289333257834208,0.9859829349031339,0.38365957054085953,True,False,"[0.12729520972847702, 0.29358597421156735, 131.12005842779453, -106.92874988110106, 343.61861629977363, 0.34922329444473865, 0.40926168245438294, 277.67565517570915, 17.273286631224714, 296.4445284670782]"
6.1306034292050535,14.227441560542111,1.0,0.2774779635199859,True,False,"[0.14027016504332443, 0.24735881196579945, 139.35060794489428, -117.8181612646991, 340.9815249770477, 0.4724923529108337, 0.5422397928474871, 282.1622960729245, 23.834143584747515, 300.1067096465518]"
6.069297394913003,14.187294915517068,1.0,0.6779486178251386,True,False,"[0.19620327900745604, 0.17973737564371062, 133.2227749043869, -104.27699022860637, 341.7558994144853, 0.4087598285191877, 0.58710447810846, 278.92048381950025, 26.307516577176827, 306.21162786287607]"
6.008604420963874,14.171688186103278,1.0,0.6273480597049772,True,False,"[0.3023370496275455, 0.15728997674526218, 140.84419395683815, -111.66845030667497, 345.81284881741004, 0.4930694618555028, 0.45284486526449064, 284.166185667361, 29.671404349500023, 299.2838684584109]"
5.948518376754235,14.153176250996477,1.0,0.12064227907157954,True,False,"[0.27980634591642717, 0.08528717038847068, 133.0399573349528, -105.18028580554021, 345.714017155295, 0.46566693351484245, 0.3306176488155407, 281.2355422846013, 25.289571962056755, 299.6658723931184]"
5.889033192986693,14.170390730268378,0.9970811263879732,0.7304010403074458,True,False,"[0.388883240739726, 0.1830584930655052, 131.11988621394863, -114.77854356314337, 349.2742645013337, 0.3070499116085758, 0.3634305448805358, 272.7555850097487, 23.379693148594704, 298.2779888904555]"
5.830142861056826,14.154454223511653,1.0,0.24940559154965936,True,False,"[0.387729610127606, 0.19718121659921517, 129.2887741836457, -125.31231531457965, 353.1467052666004, 0.36634814876570304, 0.33198925323689116, 279.5388554380221, 24.69956749336293, 301.58661323837924]"
5.771841432446258,14.190035074347453,0.9938544039797319,0.08181742869001629,True,False,"[0.27569459959811293, 0.19102018803955756, 125.32569924247319, -119.50042399445266, 351.9646428277448, 0.3450730332486538, 0.34966259183342674, 277.57194159859836, 27.131799181748704, 300.7452106713933]"
5.7141230181217955,14.246508198128712,0.9901655990729336,0.42582666308129646,True,False,"[0.2967234930697357, 0.16930829338883885, 122.2390830512678, -134.01618737363313, 345.713113119053, 0.29898187151717687, 0.5925208285988558, 279.3575710597505, 39.40700520757461, 303.95874881593454]"
5.656981787940578,14.229357016392285,1.0,0.08200401107725808,True,False,"[0.31289065316059245, 0.10786039995530809, 121.96392312129962, -132.58954527293048, 335.4752812115906, 0.2167410747211814, 0.6940324877533938, 280.9051429866161, 34.48075914724118, 305.24648359564077]"
5.600411970061172,14.197130404179699,1.0,0.4537313304034537,True,False,"[0.38016291957242243, 0.1041721566277687, 122.56331636736769, -126.96476630903209, 332.3299830628983, 0.30542886867439856, 0.5567466661765079, 289.9538708096313, 5.195453643194348, 312.5767540544392]"
5.54440785036056,14.200554563170929,0.9993826028059735,0.7000491637910944,True,False,"[0.36551916852286004, 0.1633394773160185, 124.34122904088315, -117.95625493191687, 337.1978674471231, 0.3097185834224331, 0.5203469379160339, 284.5603117915459, 8.269375070095553, 314.8205483534652]"
5.488963771856954,14.194961688082717,1.0,0.08891102806994844,True,False,"[0.48953405421288215, 0.1177423025108968, 124.10453160018653, -115.49207800074592, 326.96038329453756, 0.2090883618343775, 0.5056244872471052, 292.04416392464583, 16.18200820778304, 300.4309693097614]"
5.434074134138385,14.07467358006354,1.0,0.6361976967633405,True,False,"[0.2999351382671641, 0.17344530427007465, 121.55709191435865, -121.4874686302253, 324.67014105221403, 0.26506164127366716, 0.5980886106445462, 301.0049625549831, 33.782517141123655, 299.4745486349215]"
5.379733392797001,14.069022428026297,1.0,0.4929714376923311,True,False,"[0.19982123861914025, 0.2443991681903851, 126.07979823167186, -116.22635960033895, 324.36675942572896, 0.23451221455363325, 0.7745101911696155, 297.49614256748316, 18.765850178416557, 292.86411530080443]"
5.325936058869031,14.07262766301095,0.9993233086181519,0.7889021477420847,True,False,"[0.28497747925518313, 0.30551077472506716, 131.2172614197854, -110.76682369564159, 324.86357396075135, 0.2811767681139415, 0.665378546844166, 305.0976730274881, 20.953485977965183, 301.32954529748275]"
5.272676698280341,14.27992403461612,0.9614476071348064,0.37522267705605594,True,False,"[0.1924038705810716, 0.49715589371392277, 126.7024557621555, -137.29505131867623, 328.10462022358155, 0.18303083795590358, 0.6946682850979049, 299.94129298140797, 12.016023371975173, 309.3271064364765]"
5.2199499312975375,14.334864039038674,0.9895301880522398,0.5821846593358603,True,False,"[0.3052280852741571, 0.5257064376436018, 130.0589389620325, -143.39313675745092, 329.8839055337122, 0.09068816922477113, 0.6541660333344741, 300.9623312293438, 10.519560946605132, 304.1859680892722]"
5.167750431984562,14.296373820118058,1.0,0.8656654415181951,True,False,"[0.4112969574501537, 0.50628847010931, 130.704890795754, -141.33540015806818, 343.2594611899805, 0.14395358558450563, 0.5779625772224021, 300.04727675103044, -2.110552045912522, 301.2012684939457]"
5.116072927664716,14.237524428472627,1.0,0.6873213887879741,True,False,"[0.43327438824930753, 0.3884116460117617, 135.1874628163088, -123.666735665374, 338.04341951050986, 0.16152862109036784, 0.480732473056794, 294.1148951114829, -7.800278198405508, 299.6631896994643]"
5.064912198388068,14.221389462850315,1.0,0.44942977584206434,True,False,"[0.5036517874040916, 0.34082335211767484, 142.41831107630307, -142.5330198428795, 340.39065988253327, 0.2774760638028466, 0.5778262691163933, 291.1852829552684, -14.82823373479204, 298.5970326658873]"
5.014263076404188,14.242420738521469,0.9958144933140728,0.5179925443989883,True,False,"[0.6413856104700368, 0.33127863750826037, 139.74668633780428, -141.7218454676509, 340.9508033862468, 0.26400303902022687, 0.5101070211487001, 290.8395243743239, -19.537449995280305, 294.51164198155436]"
4.9641204456401455,14.227854707680239,1.0,0.5083760185471832,True,False,"[0.7400921122334141, 0.29369930791067855, 141.78203325296084, -133.35155423578104, 348.0136613440486, 0.2512672460343051, 0.41584047657732653, 283.7726998859065, -17.414880790080566, 295.0277404471409]"
4.914479241183744,14.20822207338048,1.0,0.9523687470467602,True,False,"[0.7428681737368165, 0.24628757251429828, 147.86608946211987, -130.24294405444257, 338.6992922984709, 0.24700444770307417, 0.44259034656166046, 285.3107914992388, -19.116740496777133, 304.4626390077531]"
4.865334448771907,14.223540522269616,0.9968564629297705,0.05085283107879879,True,False,"[0.7674579252652423, 0.30380804618279605, 145.85225452938133, -134.9087169255264, 348.3328630355439, 0.34432031087451126, 0.4096796755289847, 285.48293003943866, -32.1828525929965, 305.43303363742757]"
4.8166811042841875,14.193540732089588,1.0,0.88658773498343,True,False,"[0.8516015764722279, 0.15089834798901952, 143.53575499053096, -122.89243004835615, 353.8646803672513, 0.3733292014975871, 0.5759496926663665, 286.12193065723557, -30.303567717888917, 305.760384274879]"
4.768514293241346,14.208458987509351,0.9968763973422285,0.6992551207851361,True,False,"[0.8182476005965473, 0.23029146135792034, 131.48982860371385, -118.5919563883795, 352.9692007642814, 0.4320014417169287, 0.6339926199964221, 282.9818810916853, -25.104403999775222, 301.26480267953156]"
4.720829150308932,14.249990878628395,0.9912410014810312,0.8448737823185847,True,False,"[0.8465868919166034, 0.24313194802369853, 127.25075387690731, -129.73129110826426, 359.44140975568104, 0.40024773522448276, 0.6972230366232651, 283.54453402447126, -21.14105599284156, 305.18974268994407]"
4.673620858805842,14.24068869580421,1.0,0.8842512954092386,True,False,"[0.8217450766809211, 0.43350625210007687, 134.88224379010958, -131.1008757781864, 351.8388619266448, 0.34624879077051746, 0.7374800295365532, 280.4377154585937, -34.3502292429168, 304.48192917529764]"
4.626884650217784,14.246243840163874,0.9988000974097245,0.5342026036172273,True,False,"[0.7300601208792767, 0.28858128871856503, 131.63983569064095, -146.21321846309417, 350.87539288147923, 0.4824357028815256, 0.6925354676020193, 288.7610990158795, -33.9612435293282, 299.4660235039264]"
4.580615803715606,14.188966884771247,1.0,0.3710622647333579,True,False,"[0.5165919633437722, 0.37360822312428693, 136.71566109130234, -139.82850085522955, 354.7813832129717, 0.47453112635958855, 0.6064813501697118, 286.9262745439344, -28.52996097296454, 299.4073072021483]"
4.5348096456784495,14.174748395321734,1.0,0.10486345251231877,True,False,"[0.5689537698625684, 0.34407798341311185, 142.75788266976005, -135.2340669049848, 354.8633471701072, 0.5506540180188129, 0.6314783877144521, 288.674143510891, -29.493493269165093, 297.9631903661587]"
4.489461549221665,14.17440420805377,1.0,0.3712272222001267,True,False,"[0.6462240292670273, 0.37611181448713593, 144.00331878386336, -132.3320722904673, 356.3894743968046, 0.43989948060768386, 0.7161988816612579, 290.93010513154104, -32.28073648233469, 294.36623570888776]"
4.444566933729448,14.120908667887292,1.0,0.3710580908141107,True,False,"[0.49986515943932364, 0.560972653072666, 147.0155271062874, -138.18557774826007, 356.55099604437487, 0.5095431813066361, 0.7227116096888196, 289.1492406735845, -27.810193013750073, 296.66393504711374]"
4.400121264392154,14.113833154205722,1.0,0.9629435483823913,True,False,"[0.5234087396280844, 0.5672451760069824, 146.21193420965227, -131.5632869836411, 353.967681104768, 0.5573057427447938, 0.8670044896461384, 296.42023134501227, -21.090135494395696, 297.9425855801125]"
4.356120051748232,14.133934353100162,0.995396157201824,0.019063457910905468,True,False,"[0.7233982330657138, 0.6813388322318392, 147.68958474004967, -132.74209477339107, 357.24277460500224, 0.591000459793054, 0.8835111724711866, 292.83296396068886, -26.094475442003702, 294.862170164841]"
4.31255885123075,14.2344699813659,0.9769573408334523,0.621014980294408,True,False,"[0.6422142747738435, 0.6680673220219189, 137.6504740718028, -149.23239201236518, 347.9957329646869, 0.4337911851734202, 0.7386422548484817, 286.05559123363344, -25.230849814705483, 295.90282365029674]"
4.269433262718443,14.312072206723304,0.9819879557570074,0.13849678541935728,True,False,"[0.8602576428872805, 0.6613736805995512, 148.30913099332872, -151.28766656827742, 350.8812179499411, 0.35054621474905145, 0.73044421503115, 286.1392808515435, -13.93361802265549, 298.4778892181626]"
4.226738930091258,14.249455075750948,1.0,0.9598118633962157,True,False,"[0.8008295788709052, 0.5407035035686671, 156.14534596959476, -157.73950620890545, 353.86946232563247, 0.3067346935795411, 0.6876225103421693, 282.6791946932591, -23.716557993596055, 297.3127993801795]"
4.184471540790346,14.251257109637024,0.9995694448144402,0.4931297813974279,True,False,"[0.7981861211070189, 0.5468640349989637, 150.019720902103, -159.78074389309796, 361.12533111713645, 0.4452181748222997, 0.731593937430369, 274.5995886913882, -9.855017193760256, 295.8731951533825]"
4.142626825382442,14.211690195557772,1.0,0.22118260278876467,True,False,"[0.7380551985527561, 0.44655784700496565, 142.45308927942895, -144.81131736320162, 348.5036759292692, 0.5729994640183808, 0.7018492034443741, 276.87263078775493, -26.863080146227766, 289.72798001532186]"
4.101200557128617,14.183504445637675,1.0,0.223630226298152,True,False,"[0.6573817437369749, 0.5017878255974477, 141.00435395067078, -146.2469445255003, 345.6567296887774, 0.48836123335221504, 0.8196996938463424, 279.22250136437765, -23.155085817173635, 293.80380672639706]"
4.0601885515573315,14.207225113126825,0.9941747751845326,0.8198299823879432,True,False,"[0.7005318607641735, 0.46227760122241013, 133.1795532253666, -131.04539143292246, 340.99820434566493, 0.4487376411152321, 0.7285216933569263, 278.2407418104392, -26.941504308849744, 290.17434947590465]"
4.019586666041758,14.182350341663991,1.0,0.7940207735269653,True,False,"[0.5502640628499129, 0.4287870059586442, 129.46834522155677, -125.6448929260247, 342.24549688422496, 0.634092370202961, 0.8412888018032754, 274.7397407945461, -31.628363849576715, 285.4193210505125]"
3.9793907993813407,14.100317242925303,1.0,0.6663776774321387,True,False,"[0.48664465704471127, 0.4713205548517281, 115.1225583058417, -114.86728202032266, 340.5115911378907, 0.6898125237876125, 0.678819620978233, 280.45693976988684, -17.131716187086035, 279.8810918102865]"
3.9395968913875272,14.084003346090395,1.0,0.9601370587924604,True,False,"[0.3235220615991121, 0.47087951049966825, 108.04602984985719, -107.26398541875909, 346.5211966088052, 0.6588954492444925, 0.8219927864514548, 281.45299006441604, -21.44176312404293, 272.5868074412289]"
3.900200922473652,14.09730294769448,0.9965958287938829,0.05861181161815021,True,False,"[0.39538418393281305, 0.41345303664172517, 106.92803947904795, -108.9125696321282, 343.8150852871205, 0.5060087450304361, 0.8362983772895406, 280.8218800628953, -24.259622218915077, 270.6489627304471]"
3.8611989132489155,14.165919025175398,0.9823863007924369,0.10339731049555279,True,False,"[0.47245682114275905, 0.3834061381129918, 107.45538697794959, -90.12597003762787, 336.53570840836795, 0.5277260651913906, 0.8492566342598579, 278.4759100708757, -22.03429980572653, 279.9746527882957]"
3.8225869241164263,14.145668263340589,1.0,0.16931543652233982,True,False,"[0.5323586451389731, 0.40033325511465345, 116.56168586814614, -76.86626756814977, 334.73619078120726, 0.4754966962357915, 0.796214507586116, 274.6233200704497, -22.00101386853528, 286.5688309368065]"
3.784361054875262,14.152760382431996,0.9981276951088203,0.6478259704052747,True,False,"[0.5532366313371544, 0.32735576198920757, 120.69424054602975, -72.1555733245364, 343.3478687554853, 0.5461493148639787, 0.6816861851723757, 281.0569691868019, -28.070928543557365, 290.5594526474046]"
3.7465174443265097,14.1485600234084,1.0,0.002911106549510434,True,False,"[0.36904100149578334, 0.1872408604215929, 124.99707837809717, -54.057341954967626, 342.5825815644669, 0.5131843895900794, 0.5962960775184221, 286.1175105810395, -32.82341173254651, 289.5203920820035]"
3.7090522698832444,14.146057469108863,1.0,0.6749330595081219,True,False,"[0.3181584456792525, 0.3075256471925416, 122.54535109385388, -61.99341224205373, 335.6818158641942, 0.47882359583776934, 0.764144440850832, 283.8231012236913, -62.15247153585321, 291.58694200222874]"
3.671961747184412,14.178617772845698,0.9911719208707616,0.9858741659660721,True,False,"[0.29771181149549075, 0.4746263423751227, 123.4713289819101, -67.19706185955184, 326.10583359819645, 0.630251431526698, 0.6960631453559719, 284.8620439062413, -66.8035608918039, 287.5351466781497]"
3.635242129712568,14.213361335498023,0.990488099676146,0.00746080439108765,True,False,"[0.1855851189957976, 0.5677528539140555, 120.44498431946553, -67.29055128849298, 325.991670126452, 0.6645138422164351, 0.6877614680736572, 285.8054486024488, -73.42956834072204, 290.8962394313135]"
3.5988897084154425,14.165173207326134,1.0,0.7674635641727712,True,False,"[0.3352413912308433, 0.6113695217647577, 129.43948004644474, -67.48937329976643, 321.8141034732843, 0.6733545479629239, 0.7571162694505333, 290.0316270999039, -57.46831397014208, 292.94669155739416]"
3.562900811331288,14.154084829266687,1.0,0.8293883483491229,True,False,"[0.3448920951345082, 0.627092241042317, 135.652605700127, -67.1720626061609, 314.06871796996404, 0.7031562683353109, 0.8206016999225926, 284.0343015596207, -57.32828449559386, 292.63347774105193]"
3.527271803217975,14.150570577094815,1.0,0.712509050219137,True,False,"[0.3223017734772127, 0.6471469550220565, 130.6111569497583, -68.66004249733834, 304.30537338037163, 0.667996481996529, 0.8437089817769494, 280.5104461291195, -60.96192364581223, 287.77257451731504]"
3.491999085185795,14.020808759334196,1.0,0.9051385249458452,True,False,"[0.1867449310641193, 0.49910795790275053, 129.67102917856127, -72.95154489343027, 306.5765428702014, 0.654835033286064, 0.8188032082029306, 283.37807613253625, -60.094692390188435, 282.51707517297666]"
3.4570790943339373,14.17231133736497,0.9571225224944887,0.8949092941241938,True,False,"[0.2763746493691638, 0.5593461889671102, 131.5624608002025, -63.138434214478146, 310.54674427045705, 0.630337131971068, 0.6992426088449886, 285.88159311470105, -70.60853932792645, 286.9789522652999]"
3.422508303390598,14.122218532235504,1.0,0.16980126868862222,True,False,"[0.3327977727987128, 0.41765117656750816, 135.94241947752533, -68.7798629132401, 309.49712609763014, 0.5098858342606726, 0.8093126060543114, 286.1943765668077, -77.23250647420232, 293.6356570738147]"
3.388283220356692,14.150856313898903,0.9915836142561941,0.8690749334851151,True,False,"[0.2721208081779192, 0.36412115327375416, 142.47087108622392, -59.78878203456881, 310.94251726074316, 0.6275672007816526, 0.6654036579165975, 284.65919481092266, -71.46572440863804, 289.6347163713123]"
3.354400388153125,14.139142928904432,1.0,0.4684052307961485,True,False,"[0.4592522444896485, 0.24087300675795284, 147.43601867709438, -69.6935742548476, 310.44176799599603, 0.64294860424278, 0.6308133993122884, 281.51149929226005, -68.42096107704495, 282.44106419806525]"
3.3208563842715937,14.157696722919347,0.9944285275335538,0.32781656202452714,True,False,"[0.45393535760704556, 0.19529125534147299, 146.34845656231434, -61.26098108509534, 314.0530139400459, 0.8165266724580138, 0.586880669671225, 275.441641773957, -67.64774383513924, 278.23521641960036]"
3.287647820428878,13.972926503982293,1.0,0.06028901652760932,True,False,"[0.5510558985060942, 0.20350826430307226, 136.8213853317525, -70.12411998440382, 310.23529205846785, 0.8379531246654165, 0.6022817183770096, 277.54537827131765, -69.82519706891516, 272.559581296199]"
3.254771342224589,14.163050810099143,0.9432593302838194,0.2216626853763195,True,False,"[0.6175647822103237, 0.24298336130531287, 132.62062748432308, -51.42817327960749, 307.1881999691861, 0.7800733487236017, 0.6098990182080386, 272.2198559046834, -87.19297176931771, 279.9522280444686]"
3.222223628802343,14.141350673891704,1.0,0.2996148706164179,True,False,"[0.673841582021731, 0.262686076596403, 142.1601627032772, -54.88558882377449, 301.2797038519065, 0.6911311949225605, 0.5600958075914145, 265.9517737567049, -107.2214722382139, 278.2909393392936]"
3.19000139251432,14.130426756060793,1.0,0.7303636321565858,True,False,"[0.5328629644365317, 0.33609752904304724, 144.1044097274038, -56.44468287407309, 301.5657665291733, 0.6097716349873983, 0.5143980154022074, 267.528684175107, -94.13934454487895, 276.9098853002034]"
3.1581013785891767,14.185309188580607,0.9827718319272146,0.6589331406132254,True,False,"[0.28326081263431646, 0.40061468829160607, 147.48319339730412, -63.3884871227164, 298.5451952270273, 0.594594446634649, 0.4466617151005718, 268.1961791652548, -99.30824834355965, 269.56950622707893]"
3.126520364803285,13.958865813187533,1.0,0.9335496939917619,True,False,"[0.21683941954804, 0.2437553616637348, 147.4305123830306, -60.1133360108971, 293.3552585679032, 0.39797212138366267, 0.49011026771132016, 270.72564466004826, -102.12724549722905, 268.3528679298274]"
3.095255161155252,14.166631890056742,0.9350791931357961,0.1170888026453567,True,False,"[0.12160215269528044, 0.12510235863461616, 145.37221476409735, -50.7807837248197, 285.5836154046553, 0.36700384263798486, 0.4857583568551455, 268.24108285637374, -92.81615784688584, 271.85810622558824]"
3.0643026095436996,14.15887468129085,1.0,0.5520115485276923,True,False,"[0.1572934758299402, 0.13698773375406664, 137.58651624574344, -50.05325265355398, 289.7586558892675, 0.14006436857962845, 0.4841416863578847, 270.2720708469738, -94.68895468982814, 274.34824200994524]"
3.0336595834482627,14.151983701433645,1.0,0.8195611161310102,True,False,"[0.3120158276622555, 0.1670204450506923, 135.77304959355908, -33.37676732017339, 291.8871539633741, 0.2894651308449342, 0.6164720855976487, 263.4738687707137, -103.23705295354347, 271.72579311875467]"
3.00332298761378,14.121076787546379,1.0,0.7699555706829055,True,False,"[0.4796467196283464, 0.2874692185936898, 137.77654993741925, -19.791320032463, 290.6418848161999, 0.4187289648778989, 0.5037943591528165, 266.4385761402654, -76.3226408507166, 277.39988385477045]"
2.9732897577376423,14.138777425587676,0.9940644686486952,0.5346170815886543,True,False,"[0.43533300056406854, 0.21216150003836587, 140.09835900111372, -19.95244510389801, 297.6788219731537, 0.31758262181700136, 0.6442936874851285, 271.42694004657915, -86.66331616415148, 272.03522934892436]"
2.9435568601602657,14.002308252064527,1.0,0.2288611390273766,True,False,"[0.5089984646943797, 0.23322992635820058, 127.39821593820261, -18.859740671832, 295.98597552132156, 0.37916852549060576, 0.6643129487976369, 273.8947705628649, -109.89478212158556, 271.9913085293253]"
2.914121291558663,14.006415460268489,0.9985915770927681,0.19337273338837602,True,False,"[0.41348524357251126, 0.38528916089378484, 126.49022314705702, -17.240020261303833, 299.12847240804774, 0.4106935037338651, 0.575396074577023, 275.12136652001925, -117.15081637224823, 267.84216890474966]"
2.8849800786430766,14.005604136344328,1.0,0.17676977735355304,True,False,"[0.44724145977747287, 0.41540884597465455, 126.48348642032467, -23.171472288491536, 301.7016215774802, 0.4004524389693256, 0.5565024545626613, 277.2120914855484, -121.84689679384427, 263.95799656517823]"
2.856130277856646,14.013882404325948,0.9971057753649527,0.05774264370295501,True,False,"[0.4027939228196805, 0.3171762024964957, 122.28603712652362, -20.546680165909304, 297.9453021336343, 0.39798033041520836, 0.484098608436993, 276.26305913036066, -107.70110301239735, 261.1611106124928]"
2.8275689750780795,13.999209653143222,1.0,0.10257920861445724,True,False,"[0.3534414652228452, 0.30754742269408203, 133.63069124927657, -15.79235815771375, 294.35093200478576, 0.48456227134437, 0.4908570831456253, 277.13538771445195, -110.52516618421654, 262.721985385566]"
2.7992932853272987,13.974985917701892,1.0,0.7798657506609606,True,False,"[0.3629312931532085, 0.45225976673682, 140.7058591688127, -21.748676127221497, 294.5674435373684, 0.5611291545801207, 0.5678332972045795, 276.91186219773283, -109.13682725859763, 273.57780827064227]"
2.7713003524740256,14.137835810006626,0.942930227451072,0.9871992706572789,False,False,"[0.46531854829063035, 0.33964560617688033, 140.27386911362333, -12.97252047803559, 296.0862094664331, 0.5850042977361325, 0.5410317039437456, 270.3258827782898, -105.22279307493251, 270.50911617255605]"
2.7435873489492852,13.995594517005632,0.992516589105204,0.4121726963559512,True,False,"[0.21927870477332387, 0.4068669206228538, 145.24656710001372, -5.315535809154966, 304.1373709396152, 0.4097811219540862, 0.5540437801162537, 276.0193442111916, -103.41076202107988, 273.04863588100784]"
2.7161514754597924,13.961867787490366,1.0,0.005284727087148777,True,False,"[0.21050479829664928, 0.36668617314575475, 138.50385412009445, 3.8048521519782987, 298.9241513053344, 0.2184649868923907, 0.6632516599487746, 273.53961949823747, -98.72667721798975, 266.2711944235236]"
2.6889899607051944,14.156539220036407,0.9301627153584809,0.366611314537339,True,False,"[0.2454425985175291, 0.5007020223771103, 129.70625052547712, 0.5733423837243188, 295.93468049343835, 0.17557723317806315, 0.667568943938719, 268.88971949733804, -104.73386467340393, 270.982442205785]"
2.6621000610981422,14.180091768184807,0.9911916662398716,0.3378756234436101,True,False,"[0.22208342826552777, 0.3936195757706832, 132.72210030004712, 0.9994311580521699, 288.2384604145124, 0.2631253844360387, 0.8157709409451789, 264.0753077556645, -98.84138769920015, 270.1770366906447]"
2.6354790604871607,14.219181358599876,0.9852773906298877,0.47260343701409635,True,False,"[0.12860892689667014, 0.4837989703520314, 129.70840784426423, -12.589702095291289, 292.66384081641627, 0.23663302268906905, 0.7591896313092469, 259.9465851657173, -103.06705184610607, 271.5780860416634]"
2.609124269882289,14.208059094999166,1.0,0.7096703213565346,True,False,"[0.2500431796215623, 0.6707348360583971, 132.92524389653101, -10.305868052151238, 291.7936657215323, 0.175337058158422, 0.8612502198346428, 261.8300881112472, -96.87106969347931, 264.7428044008026]"
2.583033027183466,14.159317798689626,1.0,0.1434549975108531,True,False,"[0.4664612024098843, 0.7965431028237063, 138.60567063883616, 7.373274117247123, 302.1734905822163, 0.23067662227264235, 0.7540996940600233, 261.5205859841837, -98.5309592634465, 265.8611793032069]"
2.5572026969116313,13.917120903456222,1.0,0.13864366357616575,True,False,"[0.6515724411084716, 0.7696488582873334, 135.11579499368924, 17.315235377365113, 290.69894268138023, 0.20369804131432925, 0.8431677740937068, 267.3715118742018, -107.28032559234444, 262.4223460418969]"
2.531630669942515,13.918019640975865,0.999645059596668,0.00792623491660982,True,False,"[0.6202832735485918, 0.7243619210896898, 131.2822697860254, 17.67275298801766, 292.18799698757556, 0.2377523678520938, 0.8140019126830014, 267.97366345055724, -114.24856125370779, 257.59824447215254]"
2.50631436324309,13.945905136989875,0.9889355693820724,0.05873186906090222,True,False,"[0.38354718708061974, 0.7297135655614185, 132.32866083957006, 10.345988312451585, 295.91727980906376, 0.21658687014723624, 0.7678074666982614, 266.71291561744965, -121.43923337740455, 258.26368894572033]"
2.481251219610659,14.161783787527957,0.9166734771709643,0.7672885779474532,True,False,"[0.3659700725327649, 0.8343860431510004, 134.42433292054073, 22.699623448040025, 296.25196736589464, 0.15771220970854255, 0.6305453580852662, 257.835458583524, -118.03757194595244, 261.1139607726937]"
2.456438707414552,14.29680455116861,0.9465172697914471,0.8993050182093513,True,False,"[0.3465490847825154, 0.7469650954425653, 137.18844302636856, 35.28788336383593, 295.9774833484652, 0.11041827132529557, 0.7417267546520823, 254.36006654135372, -127.62830661647656, 259.61000127070287]"
2.4318743203404067,14.259870641049433,1.0,0.8416092434287331,True,False,"[0.37299063650292524, 0.6619458064467336, 123.53783811451424, 17.88929829718788, 290.9418553981268, 0.2145336315543836, 0.7243796387728385, 260.22423862937865, -138.00511648444254, 261.3249407345287]"
2.4075555771370025,14.313617839784417,0.9779229595991932,0.5079291161198908,True,False,"[0.35180620850578354, 0.7808471388560765, 126.79441387718086, 38.577849929017766, 286.63003053373905, 0.14604551636314667, 0.7907723178067477, 260.8614573162506, -130.62192718180708, 264.8896098563467]"
2.3834800213656324,14.218958374054399,1.0,0.46889454541556685,True,False,"[0.4838720125243576, 0.7462989450980004, 129.81460095205153, 39.577170029218316, 294.02671567285296, 0.24113837757243065, 0.7370889949775096, 260.6836005044424, -146.29782744033918, 268.3188944065335]"
2.3596452211519763,14.207180401830955,1.0,0.19576314101433756,True,False,"[0.4965039242757037, 0.75887179025372, 126.02280004218171, 28.79232166665546, 295.511693819966, 0.22986337846114374, 0.7722701009630148, 269.65021894399064, -151.5373211451256, 271.5656166909775]"
2.3360487689404565,14.188885218602886,1.0,0.29194672486826045,True,False,"[0.5928528908563171, 0.7918040686167869, 121.74294058083596, 42.620112699614026, 289.68658863641156, 0.304591811303391, 0.8236511412272002, 261.225567323022, -154.67130522492718, 277.4792243724223]"
2.312688281251052,14.25786415258559,0.9706141147885267,0.9536763173413455,True,False,"[0.4473665370024237, 0.6709138027756708, 125.70525870979338, 48.44807080312546, 288.74045013524557, 0.20578732610418665, 0.8383535840681322, 259.4945647322684, -161.34765785076067, 274.4288743923667]"
2.2895613984385412,14.226891224992023,1.0,0.9786773187652736,True,False,"[0.5595482825146006, 0.5677610676506049, 134.60601324779384, 78.26889261094816, 290.04097846770486, 0.2545959195369455, 0.7697385519681701, 256.1693439472168, -153.4178758129739, 276.50931163917926]"
2.266665784454156,14.237704047034619,0.9952409955951615,0.7425527848529403,True,False,"[0.5125361947282949, 0.6557348175083771, 135.22530077240626, 69.47406534904209, 285.4636827104887, 0.19561768947546498, 0.6790713571188526, 255.5561388083245, -153.71758389652976, 276.8840120959258]"
2.2439991266096144,14.150724537452195,1.0,0.6891299084236492,True,False,"[0.5098655596786064, 0.8177724608563265, 140.42900677286397, 58.89077825822663, 284.135535148124, 0.3058115776064774, 0.6739363050736638, 257.5476870117699, -156.01081849384, 269.5865165901751]"
2.2215591353435182,14.12338392059683,1.0,0.4857139744014677,True,False,"[0.4604545678002256, 0.7659503385371988, 149.03804171599046, 71.05142778019474, 280.71434330779095, 0.3171314544981153, 0.4831590261102814, 253.77179703678794, -143.76775819518133, 275.86025639841364]"
2.199343543990083,14.218172500944025,0.9578169652671749,0.9243081888794173,True,False,"[0.3316390959625566, 0.7132755033238983, 139.19942176025688, 91.22476494066558, 287.39273201414335, 0.1489856788598583, 0.44921891293024185, 250.61648666249826, -161.30888134201322, 277.7622923713219]"
2.1773501085501823,14.185573219191138,1.0,0.040039183242380316,True,False,"[0.33329864679585136, 0.8630133508914091, 137.73265584603138, 80.03089296091197, 289.6312627094868, 0.1859623796047838, 0.2552379951704016, 243.01146980773697, -173.17811712997803, 273.57911135714005]"
2.1555766074646803,14.209728518198126,0.9888565957560819,0.6013019485002056,True,False,"[0.43649843108980757, 0.8088366633909453, 136.44246054942448, 86.88714966584706, 285.43001873271874, 0.11013469573374561, 0.3213215263278931, 240.29191994873605, -171.94476600250593, 268.2937365726894]"
2.1340208413900332,14.15718170853146,1.0,0.23413232610066614,True,False,"[0.4453131855744936, 0.8615479391136828, 143.70537664623907, 74.21376834678779, 286.66774821594794, 0.13316354236435718, 0.24918088180704023, 238.8905512639602, -177.47864877835158, 270.3124308422797]"
2.112680632976133,14.129148677603439,1.0,0.19189777504739347,True,False,"[0.4611830497768277, 0.8454953672739863, 145.47107124028184, 57.788172108516676, 280.00099430123646, 0.32419022566027167, 0.36179885061816297, 241.33691430113996, -176.41238860709174, 267.8542501334724]"
2.0915538266463716,14.192625400255139,0.9701068349958691,0.5024891979291355,True,False,"[0.3436351232695496, 0.706189990636827, 144.0181973904611, 59.22584794781056, 280.515576785319, 0.29875893781424456, 0.46268119448023, 239.7884614876961, -188.0929390594325, 269.89316705634195]"
2.0706382883799077,14.246908732825634,0.9741249009645496,0.045901320390464795,True,False,"[0.16062063137799393, 0.6465793849257712, 140.95028928837505, 63.478141613882265, 278.13962121712376, 0.2562504465546849, 0.45819855245725216, 240.07168247542097, -187.95736819817225, 265.32515191176765]"
2.0499319054961087,14.283134696251839,0.9824834416411986,0.6783993029437432,True,False,"[0.21533043465626878, 0.7623221105838546, 134.50851169026856, 74.49269696543219, 280.46962169045446, 0.1260421114187166, 0.5410053352252131, 235.56475347836727, -165.55052939729507, 260.7711397209275]"
2.0294325864411475,14.235577648505904,1.0,0.9539908108265925,True,False,"[0.3489757773220614, 0.8706945882851405, 136.65611860350268, 77.73393040153682, 277.2562199273708, 0.12639626551192812, 0.5512369446412744, 241.25127329076804, -173.15567370634295, 258.7905272578376]"
2.009138260576736,14.276328936638576,0.979921347157967,0.11086971089930764,True,False,"[0.23265014388225352, 0.8764258148043681, 132.90863092950036, 75.56155298511997, 277.4344357028523, 0.20579057340698945, 0.6327799008254169, 238.2606132853013, -163.30232890494176, 259.8242004063123]"
1.9890468779709685,14.228549220501792,1.0,0.30869785321767684,True,False,"[0.14244227454658975, 0.6660542583221548, 132.32679498377706, 70.25798689682021, 275.0301986882684, 0.22064575100983633, 0.5004903831282872, 235.67502428671793, -144.6340778964671, 263.0206459320232]"
1.9691564091912588,14.298102995080855,0.9652949178983892,0.42238355349737244,True,False,"[0.1399003307674535, 0.7880208683008066, 133.83470308186932, 76.47984587033967, 286.5026961648846, 0.24206577590614645, 0.2099829476783021, 237.13425495039925, -155.0876055251553, 266.46379960000405]"
1.9494648450993461,14.217415466541668,1.0,0.3741718753211638,True,False,"[0.2853492179729572, 0.7583721111704156, 137.44044963682416, 73.62693632246126, 292.15936387069803, 0.23527741574373218, 0.27069316448712155, 235.0156051693121, -165.40987862887826, 257.2358421124364]"
1.9299701966483527,14.190979086249984,1.0,0.44132883722756167,True,False,"[0.34933633717335144, 0.7586261953057021, 145.08638231677818, 72.8430943964912, 292.7429636336197, 0.2825064322571438, 0.3328166705293879, 235.6741030337369, -166.2214647625797, 244.1880265463704]"
1.9106704946818691,14.16034848354263,1.0,0.2169725957037547,True,False,"[0.4996216681588367, 0.6991922157095383, 146.36802006307127, 73.84065853715683, 290.045972101968, 0.40065163047736213, 0.2900507490383484, 233.2581443780129, -148.93428511160462, 252.18078371100955]"
1.8915637897350503,14.129922792570355,1.0,0.5869213386884664,True,False,"[0.46855684212712373, 0.7825032191861124, 146.2222740981887, 55.371011696489774, 294.82341909821355, 0.43681768866299087, 0.2397259286030306, 233.9134028499053, -145.97023823173646, 246.8447851724747]"
1.8726481518376998,14.182191505650414,0.9724742742056446,0.1954908597603029,True,False,"[0.6907402752107711, 0.7291214982856447, 144.28120797515155, 58.1269029659572, 294.11931801109625, 0.5340035086737183, 0.15206092297783427, 236.2921839284662, -149.6967777690812, 241.76249401976176]"
1.8539216703193229,14.225430973077518,0.9769466406135072,0.420635856820357,True,False,"[0.7904305853956926, 0.6472737684089978, 151.18487970827496, 60.72811143404838, 299.9036980809999, 0.47911578006487165, 0.30708702747652267, 234.18460201370922, -154.51164480094303, 247.68018342821716]"
1.8353824536161296,14.204505543716675,1.0,0.9970232987889203,True,False,"[0.6783807179800132, 0.7089010195926417, 150.32270400986394, 60.39074423183258, 293.9867403568431, 0.42136964814052436, 0.31422483002195106, 238.61631298597916, -168.04595699593352, 255.6445020757464]"
1.8170286290799682,14.210975490039104,0.9964456029936013,0.695297272073783,True,False,"[0.6205047519461104, 0.665999908326327, 139.0095301531081, 78.49116904323384, 294.9476858667923, 0.347578086876741, 0.26326815263875714, 242.07777829664528, -166.55647144923967, 258.6359072055532]"
1.7988583427891685,14.22234769931567,0.9936980374538913,0.6313012417523837,True,False,"[0.7036446112486486, 0.6320222944708394, 138.5255425927394, 90.45949660584114, 292.313165651357, 0.31261133476360703, 0.13180274759541438, 243.5472014496273, -160.32055714474058, 262.3748475026529]"
1.7808697593612768,14.254825648721978,0.9819281622791891,0.250849961590456,True,False,"[0.789593804175404, 0.6565325790167862, 147.11937588818824, 99.89397939813375, 292.23370834453823, 0.28062733079844543, 0.1319543074989425, 230.31366185843032, -154.0572945536371, 251.21977099104873]"
1.763061061767664,14.329113066034612,0.9587398853888287,0.7953795732927296,True,False,"[0.8011134913387763, 0.5765875941732033, 146.45995974134766, 96.567476021349, 283.9909756988026, 0.12213471793433078, 0.21903057729581776, 231.44855636467767, -165.65877477126494, 241.59807003755049]"
1.7454304511499874,14.368015339684955,0.9779584753308339,0.8903198089882977,True,False,"[0.8603921707957134, 0.4988199309127388, 152.1900363662608, 102.49971986389389, 280.6158175023566, 0.12542455065399355, 0.3229700533945765, 226.06775375245599, -168.7484255327779, 250.61024724899755]"
1.7279761466384875,14.276086280818431,1.0,0.5355595907218268,True,False,"[0.7229528195565602, 0.521683151394275, 152.7177976859934, 97.51567042915968, 276.5229572532364, 0.19182912099907018, 0.3987273674680627, 226.34545159116027, -158.05714583142054, 254.53267010967804]"
1.7106963851721027,14.317242986477655,0.9762286462638841,0.7049909606167648,True,False,"[0.7749379455849866, 0.42238025860720496, 152.0089716565205, 91.55156202269492, 283.411844390818, 0.11386323331027119, 0.6032078775716583, 222.42900659622134, -151.7858603081817, 258.25177441097986]"
1.6935894213203817,14.294875054587429,1.0,0.9920328202042475,True,False,"[0.8209781129477414, 0.3719825615002864, 157.3056592425015, 103.68834276354082, 284.94962262318313, 0.15714143341740003, 0.5413802226608059, 211.92269598312527, -145.16141902580515, 258.8324516624564]"
1.6766535271071779,14.236692082373665,1.0,0.9661734577590742,True,False,"[0.7357611222991066, 0.21746773510672068, 157.2395761565948, 99.45903858367346, 292.3235892662245, 0.21087725224566348, 0.5306451882248334, 216.45854809278106, -134.0690019543844, 258.9422246939364]"
1.659886991836106,14.248150563554795,0.9931206026865678,0.4904995255188278,True,False,"[0.7451097410032007, 0.26698644128615795, 153.48433301664213, 105.15619547357235, 287.89093437525685, 0.20210769163599776, 0.6237539038000505, 222.64629979472716, -130.5177370038175, 253.76334895001634]"
1.643288121917745,14.167825258368415,1.0,0.6436426761789874,True,False,"[0.575437707834981, 0.10507256864546582, 158.59030513124907, 103.05289462365573, 282.1198369738015, 0.38499068015452165, 0.6425207363406873, 230.98187740595677, -143.24874286423753, 253.591750264594]"
1.6268552406985677,14.203457912410078,0.9783353432201618,0.9281717314114332,True,False,"[0.48279411528172506, 0.08870328097398836, 162.95479776831948, 98.78184207606068, 284.082254591021, 0.22133474429244807, 0.6455376446179623, 224.09778686808158, -149.92191052620367, 252.42115151170825]"
1.610586688291582,14.22675739346849,0.9856376806541995,0.24254761107848677,True,False,"[0.5229106523820384, 0.22838489440181214, 163.14364750447785, 117.08735535877159, 282.95278424497747, 0.26809045663950876, 0.7034753568792139, 226.2948708281673, -140.46135192702988, 250.11985334973937]"
1.594480821408666,14.154832043526955,1.0,0.8180029819789538,True,False,"[0.43530442374787043, 0.2959725468403265, 164.148792850541, 117.69403614546049, 278.57674670162606, 0.44890943228751257, 0.7953774474118952, 226.5903137899978, -137.4503383443915, 247.99321728800504]"
1.5785360131945794,14.104502776639704,1.0,0.569490636664148,True,False,"[0.4763612080685104, 0.5152206685883132, 169.03329675377316, 117.9091361173968, 279.45731761190933, 0.5082505637062544, 0.6923095297390887, 235.14280519654412, -118.50361698790677, 245.36139106506116]"
1.5627506530626336,14.201801937146412,0.9396371631663523,0.3593010447467886,True,False,"[0.4512886012933676, 0.40150943948400836, 170.51188758865376, 115.58462825133152, 275.9525675270036, 0.7160336925087987, 0.5586480471618551, 232.49685515762076, -111.00156319136576, 241.40638939805703]"
1.5471231465320072,14.25278831933966,0.9675815126095783,0.11265712213374934,True,False,"[0.3478366363984548, 0.4327052412941861, 157.99880969398333, 132.97496685001897, 278.64745749614764, 0.7712150720058336, 0.5959771872620603, 227.36340052297518, -110.54878211480607, 246.4818554517219]"
1.5316519150666872,14.290475237038946,0.9756948391030358,0.13579495518392848,True,False,"[0.24106680045309442, 0.4924391747799455, 150.93027222475766, 143.1845380598275, 281.1976833619628, 0.7269140429112713, 0.6691283966622326, 228.59598501460064, -94.01421273344663, 255.01809427295046]"
1.5163353959160204,14.370945767621777,0.9483144968075546,0.31558620466192333,True,False,"[0.15323776812457857, 0.4705083472204675, 138.70662042811045, 142.48059005383624, 287.3054595495046, 0.6752907919199092, 0.6822788179573993, 241.06703168554515, -80.1845813852294, 261.09466567112935]"
1.5011720419568602,14.333442459797801,1.0,0.04330372870379595,True,False,"[0.17692580803767716, 0.48875404196235145, 141.8713508231298, 144.35248171632307, 288.03839702728436, 0.6623031798601475, 0.7021840041062026, 239.09905449690498, -81.40482068789817, 262.3362249486944]"
1.4861603215372916,14.19584054759903,1.0,0.854117083980339,True,False,"[0.43077612174702995, 0.4739481053259438, 145.5869150426791, 134.3784043391861, 288.8357187239452, 0.5803720381550579, 0.7104791237581438, 240.98134298041518, -76.0830754458884, 265.33124528535745]"
1.4712987183219186,14.178013367783615,1.0,0.2868979865806567,True,False,"[0.37360146788369847, 0.41987286647312266, 147.29647651294093, 130.53077683265795, 291.57562133870607, 0.5484132669450472, 0.766337276311879, 237.86130873114925, -51.55278786329852, 265.857395757289]"
1.4565857311386994,14.195525410607488,0.9880493181076995,0.20453949170707175,True,False,"[0.49174916990748724, 0.37031313905916663, 142.49525065486685, 128.23039782131715, 283.95410995082324, 0.3959123946152863, 0.7668864636213167, 236.79146559025304, -53.47262033132625, 270.0200291059382]"
1.4420198738273124,14.199789392766782,0.9970474164382337,0.7688841665497934,True,False,"[0.5145063652478704, 0.2702288405740435, 144.765104055319, 117.58817642644883, 279.046693293757, 0.3055549786786004, 0.6589068928053038, 243.91381338009018, -43.27564369681542, 269.87054388800397]"
1.4275996750890394,14.168383844561937,1.0,0.26660149335663086,True,False,"[0.6909215751568214, 0.12141687149074079, 148.44781897407114, 130.08536945708693, 278.23346653510066, 0.3972095752884389, 0.7748566081468269, 251.34600360654605, -41.961762869125465, 269.575185814143]"
1.413323678338149,14.150543858056817,1.0,0.5785055182539043,True,False,"[0.6988543594911161, 0.1323792589362986, 149.3953176435894, 130.62100482445993, 267.49062759918604, 0.5284502829210735, 0.8339037644071295, 247.34802174946938, -50.66288844880642, 275.2356617553162]"
1.3991904415547676,14.156589462092995,0.995688534052412,0.4356512250855067,True,False,"[0.6189452830578293, 0.11335582703134889, 152.11932454790733, 135.53664387741918, 266.4575882844255, 0.5040123046496914, 0.7589760176637491, 253.30827384412027, -39.60463546011425, 279.1481300390602]"
1.38519853713922,14.183741317381788,0.9805894409030603,0.15964085958155938,True,False,"[0.44042276738876307, 0.1931101412315991, 153.54647325498715, 133.7507266403646, 269.99296720915225, 0.586725922634622, 0.7174622430658129, 247.71905106375488, -21.630535563772273, 275.21343944025364]"
1.3713465517678276,14.154472422566462,1.0,0.9443189792079637,True,False,"[0.4975360663617665, 0.18801696558513672, 159.75309900344104, 112.84592139643902, 266.72629401206126, 0.6550029395137887, 0.6981985516993016, 245.6884523642993, -34.829774517525294, 273.40959115055404]"
1.3576330862501493,14.185249035151527,0.9775857028977873,0.09325541384710678,True,False,"[0.608148227511276, 0.2969317075208352, 158.30264433304612, 114.68427251280048, 268.5003947811126, 0.7637714435805049, 0.7588719714190042, 242.72029563604863, -44.74462270109824, 275.66787332528423]"
1.344056755387648,14.14530204302497,1.0,0.7654445616693588,True,False,"[0.5045298617523508, 0.30500898979269, 156.10551821721796, 110.38826335792572, 273.30275909150646, 0.6662779552015832, 0.8656784039983292, 240.07126687673306, -59.10962739767714, 277.76488838055394]"
1.3306161878337714,14.110748547597897,1.0,0.6100916625120163,True,False,"[0.41997426239985935, 0.2841624411330483, 158.19558711101473, 105.37269938242811, 265.55962561632157, 0.5962180693978694, 0.8672782519101444, 252.69413467914492, -39.870719056455044, 276.30895811438063]"
1.3173100259554338,14.111296393967645,0.9995842038283698,0.10891731774893476,True,False,"[0.4891650937197146, 0.3722818427852739, 151.1038875140963, 95.27751293611773, 262.063890317206, 0.5654283017215177, 0.8444290302466207, 245.18085144772277, -35.29875214680279, 278.05664327034947]"
1.3041369256958795,14.12415481236954,0.990188732637475,0.23300782409835064,True,False,"[0.4608782017919603, 0.33053943317907813, 151.5016952801495, 113.79655433220587, 265.28562218974287, 0.5808335780225173, 0.8768009935538039, 242.86599821021963, -26.76209763764114, 282.6214476325249]"
1.2910955564389206,14.13275335830545,0.9933622444179626,0.8827086951732707,True,False,"[0.49825340408338403, 0.3514016679394291, 143.86599512367573, 108.832377648762, 274.61839311524136, 0.5131380278855727, 0.8417491964178275, 241.11440944918925, -23.028137535921953, 284.7332842467508]"
1.2781846008745315,14.183913080431282,0.9607651314716359,0.03580489326406311,True,False,"[0.318262247788184, 0.38451492919490815, 143.81558195910836, 126.88172069457849, 274.80613499510434, 0.4697949997403735, 0.7867248563407502, 244.3961493772581, -3.61896959572325, 290.2413350787049]"
1.265402754865786,14.2224320582984,0.9700185409770482,0.4976656013954833,True,False,"[0.16837983856361796, 0.3201334716386986, 147.04010193618296, 129.26754776609428, 269.43902100559814, 0.5611599585256687, 0.7794732784562989, 238.68471411836717, 5.888984951249951, 294.7983848574247]"
1.252748727317128,14.200380058954721,1.0,0.9469427175475683,True,False,"[0.15811135355603564, 0.4216663778926404, 148.3044171358929, 132.60092205879826, 264.8720797781132, 0.4167429022325341, 0.9177897965653663, 239.75506591686667, 31.93758990346538, 296.58534168451655]"
1.2402212400439567,14.200790780429694,0.99966888692087,0.3939665136159337,True,False,"[0.19760248701016245, 0.3777440704647351, 150.93709933810163, 121.83293668493423, 264.4792516170111, 0.3188488205356562, 0.9072188109798516, 243.55674614214738, 18.517624754266837, 299.4434928254891]"
1.2278190276435172,14.154209747353523,1.0,0.42645565997571067,True,False,"[0.1903431461140719, 0.3620231101737909, 150.3003839761012, 118.14071970747607, 267.8541225797251, 0.39584141722593313, 0.9028962193404091, 236.0245622751026, 1.7451956889407825, 302.1672280259143]"
1.215540837367082,14.143921571039044,1.0,0.028547016632922584,True,False,"[0.18726139976869413, 0.3239993502520075, 150.2791264647537, 116.93505172498067, 275.40145197165515, 0.41463881127970326, 0.9020604757713797, 235.52270565110283, -5.24955713391566, 308.90535869003753]"
1.2033854289934112,14.193330825377956,0.9597729387549793,0.88290811640219,True,False,"[0.1342811603423456, 0.3775080514612569, 144.7186082045629, 115.90519465243766, 278.86773925829687, 0.4183263437988039, 0.8801058653555298, 228.0694456409946, 8.802484374466841, 312.0262037276356]"
1.191351574703477,14.19626961266562,0.9975362725192722,0.27761746102295526,True,False,"[0.1638130326607102, 0.5185681192378945, 149.4026683874476, 118.49214101472882, 269.96936245031236, 0.5082994074430826, 0.818208089419325, 229.7275763796432, -3.1768974402897623, 317.07211111863586]"
1.1794380589564424,14.191577506732399,1.0,0.24071221429769585,True,False,"[0.18484989337234053, 0.531412943763145, 151.39458153415995, 118.48621562683864, 271.93881745425324, 0.45778163719680487, 0.7964960994930519, 227.56132798639777, -13.813997318956325, 319.09790501217094]"
1.167643678366878,14.266512242729306,0.9378398968299605,0.1188823584170543,True,False,"[0.14919009924553364, 0.4907477306844236, 149.9152671323944, 135.9217349830134, 270.8908461357523, 0.6436035388050029, 0.8560546553584111, 225.4409086309649, -28.601387990624275, 322.29242099553807]"
1.1559672415832092,14.286830109321865,0.9825770585290575,0.6026710183211134,True,False,"[0.14298736121505334, 0.45519910367154354, 147.48024505526243, 133.12180413028497, 270.8670090420476, 0.5911749652465659, 0.7458264419261037, 228.0370006257724, -40.55778617852219, 320.9504432690081]"
1.1444075691673772,14.30755728284257,0.982051325133722,0.6526421346807231,True,False,"[0.15025724445039312, 0.5910814034478906, 143.12925869632969, 128.44986196849933, 274.04098926702324, 0.49026128577052586, 0.7213790245501311, 222.94600414987184, -46.46183304871271, 314.46585143923517]"
1.1329634934757034,14.175751798921166,1.0,0.8174022957935618,True,False,"[0.23911302518655508, 0.6836962021405641, 148.1678323075275, 116.0534772668372, 279.0974069031493, 0.5141309119646269, 0.8294540208249421, 228.89577698047106, -29.356614540820903, 315.3083521621314]"
1.1216338585409462,14.133483972522361,1.0,0.6860484837883185,True,False,"[0.46116930848483295, 0.5295916199062357, 149.49697428705883, 111.33029076906935, 283.16180891391457, 0.5665210523682915, 0.774472351623234, 223.77507579534057, -21.19711168231304, 320.2497676487778]"
1.1104175199555368,14.144978043957959,0.9897022627369522,0.18205166160049358,True,False,"[0.32003444857615293, 0.38956154121386144, 143.1667340804086, 112.2790084665354, 282.4352508777835, 0.4934665768088399, 0.8443953255388562, 230.4324416065248, -8.233006385015418, 324.6134481711564]"
1.0993133447559815,14.18412569424237,0.9650156091253155,0.4777680267092672,True,False,"[0.28061722646697906, 0.6078468635984426, 141.11313456037732, 111.16683412470802, 275.90620407682, 0.5668968917627965, 0.7776988465760397, 232.64220301191324, -6.954364245425964, 323.15207873660853]"
1.0883202113084216,14.129701707029358,1.0,0.11116093665949633,True,False,"[0.35110251418274685, 0.8031928351711546, 151.03962631712358, 98.98646906350565, 278.31865544383476, 0.5302351234826421, 0.842983322822546, 230.63899842639057, 2.47081683634082, 324.77894819175214]"
1.0774370091953374,14.134204042919368,0.9958299725352306,0.5300232115742435,True,False,"[0.39804600713646204, 0.5662852710424455, 145.24929454960488, 96.18844573006723, 291.23814995015886, 0.3293882677771943, 0.80826521209988, 231.36732575059966, 10.50453863809589, 329.0975889540561]"
1.066662639103384,14.1643141387164,0.9721663750762033,0.714936891330574,True,False,"[0.2816516730465395, 0.5485124749331793, 144.39669733387785, 112.38119015821607, 286.08010627092114, 0.2628491307359972, 0.7442299726203923, 235.31425200282732, 19.053759600217298, 328.6605219932935]"
1.0559960127123502,14.169040242770459,0.9955345058775701,0.024763628396247128,True,False,"[0.22636330875154337, 0.5274141564514966, 150.1587826060361, 102.53666244183654, 286.76581866840536, 0.32256618797876535, 0.7092684987017681, 226.28285743289908, -3.5235046816351385, 334.34246193169247]"
1.0454360525852266,14.193222798878844,0.9771339335489505,0.7429889865089362,True,False,"[0.33073277926470684, 0.42410169604518455, 154.72684953822937, 100.03170664336315, 288.5336154790396, 0.1752522942534323, 0.7415870597315952, 226.64523256224527, -12.299472215132047, 329.31448820507177]"
1.0349816920593744,14.22888441740536,0.9661305784120476,0.9164866769714136,True,False,"[0.2152837731942633, 0.44432310414404264, 145.8664234217353, 96.64692786288721, 294.3494007033299, 0.09177262873332348, 0.6467847174443355, 231.1190370504862, -26.140816509059363, 327.48547234841834]"
1.0246318751387806,14.213030270558804,1.0,0.2353728935314855,True,False,"[0.19388801310258777, 0.3840776031015449, 148.950540372337, 111.95468065823164, 305.4797649941884, 0.20188824570953834, 0.7573492676304004, 228.41259016925775, -23.16379356131074, 338.01778647090407]"
1.014385556387393,14.20613283968149,1.0,0.6275538024625046,True,False,"[0.1533383274980833, 0.35156270506427484, 151.26205959452452, 116.86002982891142, 307.80525023408615, 0.34738939535181423, 0.6638856352156752, 235.80391680300121, -33.44888687487449, 337.044554335304]"
1.004241700823519,14.219260699359328,0.9870126624274784,0.904774717118382,True,False,"[0.14879271641201547, 0.2656542989165621, 143.57816742979807, 119.54880494023354, 317.3258145793255, 0.39121609494437715, 0.6510656890260262, 229.4758867912508, -31.62833223053987, 341.27055731826584]"
0.9941992838152838,14.189646078421159,1.0,0.43641161706636256,True,False,"[0.22945857920268686, 0.22243373829021923, 143.69039905918336, 116.52716278016189, 319.1436374780823, 0.3151023464317594, 0.5332367728796166, 228.7469650431813, -24.949883144779044, 337.3410619124578]"
0.9842572909771309,14.162082048886369,1.0,0.8302484412887141,True,False,"[0.31408067003423745, 0.13228690706721508, 143.54733150476653, 109.12665796325906, 322.8275316143082, 0.3252737763773857, 0.4289207290371354, 223.65985065625063, -46.33272040405032, 342.726553030466]"
0.9744147180673596,14.185518018236447,0.97623559889067,0.30104453349313043,True,False,"[0.33821356012390985, 0.17051597415141356, 150.8796421241691, 126.62136366475521, 334.0880875713114, 0.256065524779974, 0.5057101519106384, 221.17844437848552, -44.08387380905959, 348.3848298912254]"
0.964670570886686,14.18944750870015,0.9959348836361965,0.4019395440415249,True,False,"[0.5003123151671369, 0.09863939820295849, 144.600350584607, 137.1355819201827, 334.392055039953, 0.29255712391092803, 0.45290748535179104, 222.6335447902791, -58.23883124892465, 348.77290393768277]"
0.9550238651778191,14.236284661657209,0.9521402690040722,0.03854411993713369,True,False,"[0.7080684116521101, 0.2335289694213759, 153.16145144429294, 144.54066345534426, 341.9851206560027, 0.40910258775780806, 0.48056283913402686, 218.83781726267713, -33.448915598766874, 352.11797825028486]"
0.9454736265260409,14.19880215289798,1.0,0.5835885558205517,True,False,"[0.7030528462026584, 0.20547238415360453, 156.52345238076322, 130.34528845516843, 357.11456484698584, 0.37836539036478645, 0.48653993517908994, 225.252228587276, -34.21160492129723, 360.61087940374523]"
0.9360188902607806,14.222976678985585,0.9745036993410263,0.062388206145453484,True,False,"[0.8104727750433423, 0.18027617692677086, 152.0460182710994, 130.53431614722075, 356.53920101335405, 0.6017572561545315, 0.3725132893520256, 220.70100055950132, -25.872929502267056, 351.41273036551]"
0.9266587013581727,14.278069523144435,0.942279611869598,0.5830675400647409,True,False,"[0.8752170557280138, 0.2883451904081472, 160.9621757686177, 134.41055457827017, 355.8999386373175, 0.5836515867727657, 0.34057663764839335, 212.32165210948767, -15.69739777693665, 347.29777812452255]"
0.917392114344591,14.24142059079606,1.0,0.17906133145816738,True,False,"[0.7326609152734448, 0.2398566767340341, 160.0994671693072, 141.54043049186083, 357.80791079201896, 0.5233386970552347, 0.368767749938394, 220.23533602187214, -6.415738501403943, 345.56375818819134]"
0.908218193201145,14.183103189265847,1.0,0.2679099573311511,True,False,"[0.6568749216907919, 0.25592792287960386, 152.87669859826124, 160.42591839379173, 356.12624573317004, 0.6545810211393027, 0.4106204883340165, 222.70371370465827, -4.303722573000156, 344.2544607753825]"
0.8991360112691336,14.212520065840868,0.967812579994029,0.020197946551042012,True,False,"[0.6380910646974642, 0.19567842231838106, 151.88664754640988, 159.4630584155405, 353.2971038092324, 0.6957798055970569, 0.4251181010935748, 222.75599898531235, -17.107091144124208, 343.68562936911763]"
0.8901446511564423,14.182619147435318,1.0,0.4091698752913663,True,False,"[0.6180428834212135, 0.11952376482441333, 151.93579108312525, 148.28652743693723, 348.7072744416097, 0.6928051230808056, 0.4221410306058603, 228.00662456507843, -4.702937472480709, 350.7535847401311]"
0.8812432046448778,14.187870126072545,0.9940591140030401,0.7248704690544081,True,False,"[0.5571727011015101, 0.14156348752905923, 154.42096164804175, 137.65051664922677, 345.6299138193295, 0.7584399768914617, 0.48347778788524254, 229.0064375675248, -29.472841294879014, 351.1709160420117]"
0.872430772598429,14.184309733420037,1.0,0.40188345964343297,True,False,"[0.3977146166693282, 0.11259296271541039, 151.45811285734874, 140.84686703922725, 354.26096045629174, 0.7058680541777647, 0.5294885883116878, 233.8351715079693, -15.63484793564068, 356.1012111514051]"
0.8637064648724447,14.161053513974803,1.0,0.9366394792765932,True,False,"[0.34549391759761466, 0.12915394040816458, 149.82331781003143, 131.26295663868936, 350.88375195613156, 0.5641128869355216, 0.7028621231728592, 236.88229320429448, -20.97682276589775, 350.2192904725222]"
0.8550694002237202,14.126837018899762,1.0,0.20308596499961085,True,False,"[0.37740944687560707, 0.1495718681009343, 146.98147186722767, 123.054253993943, 347.4065611378775, 0.5146112180416983, 0.8497199455699843, 233.03922385280507, -12.575790613825983, 354.6559780824465]"
0.8465187062214831,14.194754774263226,0.9229023537530718,0.854601869706508,True,False,"[0.26944168756443143, 0.16091504199957335, 139.79259217916828, 131.81807672430452, 348.7163722992367, 0.6487505220748064, 0.7564924677093574, 241.93414298850132, -8.074058141501911, 354.99486132242714]"
0.8380535191592682,14.278756642770112,0.9046252660502052,0.9514461383291319,False,False,"[0.2437333480082897, 0.21105299799834837, 137.47336378502985, 127.1704673137206, 348.940483044195, 0.8238765527513936, 0.8909188363145819, 235.4880965177144, -6.024440677768351, 351.1120055987899]"
0.8296729839676755,14.191414216612255,1.0,0.1306845839682812,True,False,"[0.2774035753449939, 0.24886339614144712, 145.25905713686385, 133.22067384312362, 344.4118536620946, 0.5650090016156281, 0.7158534378045461, 239.18354397231536, -2.274667997411285, 357.969201988966]"
0.8213762541279988,14.1693672678339,1.0,0.8197199417960103,True,False,"[0.2497849893866474, 0.20306326567332794, 146.54696142636678, 127.2989162514471, 348.4722780382063, 0.4159636333433996, 0.772121257565531, 243.67326690131233, -7.839610108702285, 360.84384854596306]"
0.8131624915867187,14.18713282370464,0.9783894420969893,0.2756601628145692,True,False,"[0.22780771666448107, 0.1814156610567912, 146.1188679802198, 137.08361429151324, 348.43472844940686, 0.5240330825594027, 0.722769727908395, 247.14789073581224, -16.440992088645224, 358.23769965218474]"
0.8050308666708516,14.178635423710098,1.0,0.9114637967179557,True,False,"[0.3215167259319853, 0.3441068679174857, 151.54090924237173, 129.65589500783244, 342.4321629882591, 0.5754569602052559, 0.6836732658427596, 246.0387625531742, -12.000949725097994, 362.5942057747467]"
0.796980558004143,14.234238931715735,0.9326104313395303,0.38503361313905793,True,False,"[0.21144233508681684, 0.29235691773438066, 154.16532464021327, 146.6615770950711, 341.11002953214927, 0.4977027119817718, 0.4632790439943869, 248.74141005557414, -20.99557510711115, 356.01159926518164]"
0.7890107524241016,14.32853042703343,0.8873587102618149,0.9495320772485871,False,False,"[0.20969312534239615, 0.48109365183752595, 152.09183119765098, 155.61420449740805, 333.5584227504209, 0.4345657415312997, 0.49830398365894396, 256.29516983174716, -31.145836763454298, 362.587659350307]"
0.7811206448998606,14.173442503793686,1.0,0.6766282035367793,True,False,"[0.3012038533452741, 0.2987885846127467, 161.7660535122875, 125.85213081753233, 354.1160234073758, 0.4234167502454443, 0.4138493815758551, 245.7980515052764, -13.406107576430212, 354.7649100645389]"
0.773309438450862,14.165854529085117,1.0,0.371533594001597,True,False,"[0.42726915144573807, 0.2651671127894919, 154.6704209661702, 116.80577012721712, 358.32399443072, 0.5776467847371751, 0.4325176593900108, 252.13547978505278, -30.915203647626992, 352.3399081496276]"
0.7655763440663533,14.223054546822876,0.9280079537035975,0.4065240253336124,True,False,"[0.26559257631870303, 0.32961216745163224, 164.70212696538113, 112.08469544297895, 365.3594117795594, 0.4478292231506882, 0.35140153429003923, 258.86809508903883, -25.244895411886894, 352.84083119981597]"
0.7579205806256898,14.168473854861325,1.0,0.8708747926683685,True,False,"[0.14299187551184783, 0.2517198462030322, 169.8623589253178, 110.31203981743039, 374.9646103447729, 0.3058727322053696, 0.4308076939301114, 253.74946767018318, -39.34809126691919, 353.26420605982315]"
0.7503413748194329,14.17884249779336,0.9862764706417931,0.9363949026346133,True,False,"[0.29758970696507764, 0.38118788528448655, 171.09021111932728, 118.69921531173979, 376.1466098399488, 0.17600444730482492, 0.5046765056495126, 264.9963298600718, -10.546128219492857, 360.70485397655005]"
0.7428379610712386,14.184516984331095,0.9923901733407011,0.8619088620601703,True,False,"[0.4416945927499727, 0.39862729903591826, 160.36432839642825, 109.3834612691589, 382.616819938111, 0.13185281853308406, 0.5092283529816052, 272.15259785604087, 9.981772279836747, 362.8726495996854]"
0.7354095814605262,14.182579642357625,1.0,0.3718986285479221,True,False,"[0.4756747509328627, 0.4014998101340335, 168.32894467124956, 125.22082051042572, 375.81338172276384, 0.16544050718694955, 0.3694048632411854, 269.000323008881, 28.33732306422671, 365.6974116045248]"
0.7280554856459209,14.177630413555466,1.0,0.8678786566307116,True,False,"[0.5472166742470546, 0.39678316484389736, 173.08442904649505, 130.91710095577432, 382.05368736884657, 0.167793639756556, 0.4338906786547067, 270.73311474899924, 23.538182861028233, 365.45983575637837]"
0.7207749307894618,14.173245481541956,1.0,0.5225679981881882,True,False,"[0.6303745911519965, 0.14531018625307057, 166.55087685949175, 122.5342065106372, 386.02934034652463, 0.10941049191713366, 0.4155474721561419, 263.97319285035064, 12.468894888501147, 368.8903681090315]"
0.7135671814815672,14.173336598340036,0.999872316183745,0.5777653404367031,True,False,"[0.699414800606986, 0.18409340022672505, 164.810652910006, 124.51765337935024, 388.3239971415371, 0.18155290443764682, 0.572204977634533, 267.5151334071186, 11.70064603803091, 366.94465653773545]"
0.7064315096667515,14.190198538025964,0.9764134374342508,0.48624048083317273,True,False,"[0.7772679338145705, 0.11253219327562396, 156.96413753824848, 140.641129204056, 371.6894187034586, 0.2602843673069274, 0.44518754491587553, 261.75023353931243, 34.2264007668953, 364.4374386754836]"
0.699367194570084,14.178336787223373,1.0,0.3978531687480459,True,False,"[0.7385021440819779, 0.13891534719552043, 164.94673290922873, 127.77732649741723, 377.61548569717706, 0.26458624449129414, 0.2971832581036923, 255.1500889818976, 42.62977885500888, 366.9824758121336]"
0.6923735226243831,14.175462705034098,1.0,0.31910347211744083,True,False,"[0.8306090164657967, 0.3116482250421664, 165.7358040050349, 96.1700301583767, 372.74590234220767, 0.294903299534965, 0.30043304928464704, 250.7410704907313, 40.495474387673184, 361.81298434546414]"
0.6854497873981393,14.186991729151348,0.9833210125957929,0.015951081378796528,True,False,"[0.8618034261631808, 0.30960445718459695, 153.45279641027687, 78.83151194425758, 367.0476609240008, 0.26752346579485115, 0.29206528171385476, 252.8755596786777, 44.392072216138104, 362.6227936225871]"
0.6785952895241579,14.17309839586173,1.0,0.7348219090568139,True,False,"[0.8064981831032514, 0.26804680559882443, 152.4385854382652, 83.23745910750316, 365.1180103457153, 0.3391328412545612, 0.4234628667285668, 263.2573570090109, 37.55891116973974, 366.3569067886577]"
0.6718093366289164,14.155309314780897,1.0,0.15370819760683418,True,False,"[0.7107177908176812, 0.1800246526383079, 149.27502993884013, 86.5216452011663, 371.16906168242605, 0.37173655101849584, 0.5536994462753858, 268.36096572356223, 38.776266397358924, 373.12851616134174]"
0.6650912432626273,14.16590255574081,0.9841986716018838,0.6857603091789894,True,False,"[0.6396781082575664, 0.27534450820753786, 150.39960262890952, 94.54829774158867, 376.3537604022076, 0.3240263290304596, 0.5292679851550071, 268.9680399779747, 32.28001736364744, 375.63418915517366]"
0.658440330830001,14.15111851561778,1.0,0.7182825219931553,True,False,"[0.6857646461738991, 0.0817870185302261, 148.70221550132044, 102.48746068854936, 384.15467782519517, 0.1762201265868781, 0.6971192781372567, 271.9244788142336, 34.84050720625058, 379.00271915592464]"
0.651855927521701,14.173955445246962,0.9655728690581655,0.8544589874803736,True,False,"[0.5711838386460221, 0.18792185750709461, 145.46843632588994, 96.25656335966059, 383.7312690805591, 0.1952668148622862, 0.4623676969218642, 266.62439429495, 28.287821759675033, 376.30494892290307]"
0.6453373682464839,14.180853338369078,0.9893681052753543,0.511625634703319,True,False,"[0.587016306702619, 0.16871458838587008, 138.44357422763505, 90.1557101503192, 377.36634487063895, 0.21327900585006823, 0.33461061901069433, 270.1757741782893, 31.548188338913175, 376.19431421783185]"
0.6388839945640191,14.184251436537291,0.9946953166927273,0.5696870450418562,True,False,"[0.711299686943045, 0.17905470899247636, 147.45562284157725, 96.1355654066491, 371.2417288769196, 0.09921289875268682, 0.2441919860048295, 277.68090478820983, 12.16974686371292, 382.7677466867606]"
0.6324951546183789,14.179438359469565,1.0,0.28526548864593915,True,False,"[0.7720943332261879, 0.21620081977656858, 146.66576375413808, 93.49827942086606, 374.2452502393716, 0.27707576858351013, 0.26516909008003675, 279.44302230872273, 16.79394954222324, 377.22376792105865]"
0.6261702030721951,14.19738531542357,0.9717453776879701,0.6385083795341854,True,False,"[0.8466099474139613, 0.32851760762526694, 143.0379497236545, 92.52337336947097, 370.7316114216404, 0.27504474256306527, 0.3168221030196687, 281.0847162677956, 27.817494407123085, 378.07854007077896]"
0.6199085010414731,14.192709756184763,1.0,0.880968230069516,True,False,"[0.8156346354893667, 0.2689671181424107, 144.385334091501, 99.12148435669768, 379.66911702651214, 0.18710442511649963, 0.31309971560600663, 280.3006277261803, 29.329840480346803, 381.15467983228865]"
0.6137094160310583,14.187005124280816,1.0,0.2315205428618452,True,False,"[0.7200809126976799, 0.22906619806635123, 137.54218279059998, 88.4221669076492, 375.86460354345945, 0.1896885778923826, 0.2767034030160142, 278.32099281735077, 17.345980201047276, 382.19016670135915]"
0.6075723218707477,14.197721144063586,0.9825171901763244,0.4972451533052631,True,False,"[0.7718014898336616, 0.43534135005286656, 132.29539273539083, 78.97515240138516, 376.8373204534709, 0.09939002868010094, 0.152730124874204, 272.56444425186857, 26.17633896616056, 379.46850718170697]"
0.6014965986520402,14.18556069362409,1.0,0.22462110697924365,True,False,"[0.7711410446101108, 0.32916147580843075, 136.53272924915592, 79.98117192299186, 374.48145886537606, 0.11613037777367513, 0.10053531336186755, 272.42300144237873, 27.244322908007398, 373.72346721612263]"
0.5954816326655198,14.17266458835784,1.0,0.7774009548561592,True,False,"[0.7012782526275638, 0.2570302693688775, 147.79772239042597, 81.23503029725185, 375.71023412895755, 0.1474251967139094, 0.24960641786184667, 275.53343974972967, 24.342399475323663, 375.704033492636]"
0.5895268163388646,14.154807211812189,1.0,0.16383407751103052,True,False,"[0.6913331336026253, 0.37941215840781384, 149.07026210649397, 81.2911949279556, 373.6493941319713, 0.21899585141050032, 0.08848500711080137, 277.4986909895484, 18.066445755824148, 363.6905842634228]"
0.5836315481754759,14.150010705745755,1.0,0.6714471747084997,True,False,"[0.5868827509999335, 0.25969054782515594, 145.21362526182068, 81.59342623540996, 372.4239540371067, 0.3365431150885037, 0.08254730713157284, 284.04319046386337, 19.62687355066009, 364.1600918074379]"
0.5777952326937211,14.180624094302935,0.9483960304508573,0.25329296505109644,True,False,"[0.5254964882621543, 0.18962054721403393, 153.56615147474753, 97.90301764578084, 370.7218279402188, 0.2582359197704526, 0.18929628726689113, 274.4051700944914, 27.942235784939324, 365.71286754551176]"
0.5720172803667839,14.16603893330766,1.0,0.15584362505883675,True,False,"[0.6532806901965935, 0.190012099005392, 155.77108039316974, 103.74177169159682, 366.55771291351743, 0.2698352019404398, 0.43430645700098425, 274.97745762872114, 32.860121420832286, 362.11850086910835]"
0.566297107563116,14.16301394489902,1.0,0.5669195425023892,True,False,"[0.6272928984884021, 0.19898518792513428, 159.45090640587432, 102.54444520582861, 357.3538713227429, 0.29347487937265415, 0.43233065468027865, 269.41996938211093, 41.21558789402249, 357.3292224882086]"
0.5606341364874848,14.136220455179874,1.0,0.1644662850156705,True,False,"[0.5790846742402167, 0.1528608605522448, 161.08652694090532, 90.09563019756543, 360.2466742836787, 0.38401437590497445, 0.4884925261386802, 268.67679082351077, 22.998068359311837, 359.48295891679004]"
0.55502779512261,14.129742117979783,1.0,0.8199342166029656,True,False,"[0.5717610408672307, 0.1436865956004883, 155.76309852801285, 76.99102123987981, 369.5568103852978, 0.4612242246427607, 0.4344103756324114, 261.1762966083149, 24.40262287573481, 361.5050393371511]"
0.5494775171713839,14.145382849549941,0.9719365694943966,0.0632312101527781,True,False,"[0.8232578410754983, 0.09834276171037445, 156.99934257365467, 71.05655868497165, 372.40428905064385, 0.3634995322523338, 0.3792322683918722, 261.32452222433284, 21.992854358379294, 359.24666530943006]"
0.5439827419996701,14.162547615171995,0.9689387495912563,0.3185912279465497,True,False,"[0.8488706502657672, 0.21285095847822544, 164.03982944730268, 54.11041208149091, 372.30404156841985, 0.4869372714040108, 0.24475447149803597, 259.39091972358784, 24.224401961528542, 364.39002665847335]"
0.5385429145796734,14.14905974404609,1.0,0.5923925383502887,True,False,"[0.8151697773792433, 0.26446637602094525, 168.6644140766659, 44.735038101835954, 362.3299375597654, 0.35629702248630346, 0.3098181048165229, 262.49604094641626, 26.88371197030836, 361.0264764198755]"
0.5331574854338766,14.14169708932884,1.0,0.3434499387780825,True,False,"[0.7473598534087306, 0.19402284631326228, 169.75720515951858, 48.93416915650619, 356.0469871415727, 0.28867385286627356, 0.2986822584291128, 272.2076608887189, 38.365661697619274, 362.7350476227374]"
0.5278259105795379,14.156248701294341,0.9728075944152832,0.8982766086516518,True,False,"[0.8772622071209796, 0.3203042067826526, 175.2912931566385, 55.88054206495131, 352.5598623819029, 0.27999567820734306, 0.21626006313077686, 269.31593892131764, 32.202915083149804, 372.15191135840286]"
0.5225476514737425,14.143253061626702,1.0,0.9433851078067614,True,False,"[0.7395041868576507, 0.31361979794880973, 171.71063274870238, 43.513474719732834, 356.0649011538512, 0.208126241508983, 0.37645658379299596, 270.9443127144298, 46.26787704254871, 374.65721065384145]"
0.517322174959005,14.137963139595973,1.0,0.48096137343159695,True,False,"[0.7676819183331962, 0.43252230480578774, 170.31991372333667, 35.348841058215996, 361.83123500985585, 0.13544995986062608, 0.10533577226493268, 269.9674930486171, 41.99894807123088, 377.65596894772506]"
0.512148953209415,14.132923896619051,1.0,0.8116313602247712,True,False,"[0.6911484828189272, 0.4889358863960965, 171.15875709235894, 19.477937597303058, 361.17316155538134, 0.28493547798473884, 0.19568695596865632, 260.27252442263455, 43.469345790126795, 383.7001907273809]"
0.5070274636773209,14.155953832337442,0.9555946368416497,0.9715056227915141,False,False,"[0.8299411846455961, 0.5644409273763927, 164.1798225890766, 16.595590593399073, 357.87118626102773, 0.22312952633148708, 0.21799795020814788, 259.5745823187432, 57.463455991457224, 384.0960613974581]"
0.5019571890405476,14.100635866680555,1.0,0.820381521108755,True,False,"[0.6089351764101599, 0.7356389060452249, 173.98805068008917, 26.46216701000568, 355.1193820358113, 0.43234398992956546, 0.15077492182521454, 257.4290692839028, 55.94624407970695, 380.82282337638253]"
0.4969376171501422,14.126586911897288,0.9491181984838578,0.34506678579175687,True,False,"[0.7170982157933565, 0.7679539379884958, 175.96256251989283, 26.236465958658936, 366.9521746600003, 0.2983683498561521, 0.22278438404762702, 266.7200151143183, 56.646304814140656, 375.9045384613471]"
0.4919682409786407,14.123850787517167,1.0,0.4599173281762351,True,False,"[0.6301258786321046, 0.6725777395509756, 167.05357743803623, 30.61027545495737, 375.0121274105725, 0.2111861714350867, 0.3071339289908691, 264.44985452396526, 60.3521586402775, 377.6685024261589]"
0.4870485585688543,14.101861283535893,1.0,0.5102724422040325,True,False,"[0.611475187398119, 0.7871604866512752, 161.58865355641797, 31.921843859517598, 376.7211230597435, 0.31731180686138183, 0.2767278453717857, 267.76643693274906, 68.05771975342373, 387.9825758809172]"
0.4821780729831658,14.152462540573909,0.9003757612721076,0.5748605827776141,True,False,"[0.7447657459225197, 0.8274356191106601, 160.91056337660424, 10.713566500895986, 380.6333833091674, 0.30701783747164074, 0.3301282409228185, 261.33269313764237, 67.08648167540647, 388.79321569481635]"
0.47735629225333415,14.127858097342973,1.0,0.7091181390587186,True,False,"[0.6294676316280464, 0.6531340909223196, 161.19947411882302, -6.973193672680722, 394.1398499179452, 0.37439481779082034, 0.40734379506628876, 253.19800178725015, 82.31215613935461, 388.27616363177503]"
0.4725827293308008,14.142568201974468,0.9693524123382506,0.2401837574967839,True,False,"[0.6421375525640781, 0.623173168531045, 160.45617500738777, -5.382024489095196, 394.08825735245506, 0.2762812685414805, 0.5411552160917364, 251.66989955548163, 67.0843304215354, 393.1435829154982]"
0.4678569020374928,14.14594902597287,0.9927998537340971,0.593942771745232,True,False,"[0.746828285581562, 0.6573358367670173, 164.06753923302335, -11.26621678952008, 384.576865956499, 0.3427677071397856, 0.32381090117927214, 246.21765287364178, 65.86891128324974, 388.9581222391578]"
0.46317833301711786,14.130082096058233,1.0,0.9299379409656506,True,False,"[0.6760822290768482, 0.7651199963474495, 154.7174808752667, 5.562902222794214, 383.43016212074616, 0.37336419577374963, 0.37170095038478285, 242.97706327032608, 57.10265075406027, 386.02399884401615]"
0.4585465496869467,14.155296586929904,0.9464966437320287,0.07901729090861953,True,False,"[0.7571517428868758, 0.7775710821945407, 160.66802472722733, 17.45868716286884, 377.4927808352985, 0.4128039587757819, 0.2662751584924998, 236.7568150149851, 36.95295838137757, 382.6354436003825]"
0.45396108419007725,14.163057505146696,0.9830493084075994,0.2688882940943257,True,False,"[0.7990482509030548, 0.7385182140202832, 160.80092268078445, 16.10537737711065, 377.6063443304767, 0.46653869262536274, 0.29971456450854167, 243.9604925486527, 53.61921924833072, 392.38061185022565]"
0.44942147334817645,14.150916528201066,1.0,0.8908624449222401,True,False,"[0.8001854210183653, 0.6263793879128393, 155.82074179622208, 13.149155144607885, 383.5317899685969, 0.6803262706472009, 0.30655915431554237, 245.73550107753073, 54.295284845915816, 391.60321143292015]"
0.4449272586146947,14.130508889466197,1.0,0.14138024644219382,True,False,"[0.7167802669809719, 0.6546467687603763, 168.36482002666867, 18.38903099282393, 384.28756250032603, 0.7643751924419371, 0.3307122376791856, 247.00714485553996, 63.49908252704488, 399.8117391654127]"
0.4404779860285477,14.093410665290936,1.0,0.3825183076725771,True,False,"[0.5710380310290821, 0.8198637438221895, 166.19388768187062, 1.4876242178613097, 395.2241859479739, 0.804374979785619, 0.47338143372120556, 243.76027289445932, 65.65476513340822, 402.41183915589073]"
0.43607320616826223,14.15225125714263,0.8737746010442009,0.2867567122256284,True,False,"[0.5280196042170405, 0.6290617274369987, 161.097863978535, 6.42550382084522, 405.0228673874651, 0.7045756864542868, 0.5324722350354207, 254.78137364236812, 72.5042635518817, 397.67662346505415]"
0.4317124741065796,14.152917438118925,0.9984580773446228,0.31623445915718684,True,False,"[0.5298409788685431, 0.504975692152622, 154.13273743415255, -7.147025556334514, 400.4504144735055, 0.7277937109620765, 0.6163778109086782, 260.2229005826803, 78.7619081586269, 394.04781457529526]"
0.42739534936551377,14.132614667237618,1.0,0.3428890520611356,True,False,"[0.526613897068599, 0.45712872826715506, 147.98786820377273, 14.50958680512487, 408.27837133039594, 0.6748265669525436, 0.6865950785512114, 262.33639595226924, 91.54448324332238, 394.0382759183324]"
0.42312139587185865,14.155413265167228,0.9475439753045564,0.9452038187308908,True,False,"[0.5569283635832227, 0.5000388821939676, 137.6113905177025, 27.773427061274518, 411.86184304192295, 0.7220780206710344, 0.6654995475121299, 256.49690128341007, 102.81914012734121, 392.73475653269037]"
0.41889018191314004,14.157918840986856,0.9940363910584203,0.7038460159841828,True,False,"[0.6618770688792377, 0.3103931217695898, 134.65275925171508, 53.255738881955054, 410.29238986763875, 0.6798805970180019, 0.6124345770522749, 254.74829192267956, 112.693259495277, 391.0078684555802]"
0.41470128009400864,14.161063799659189,0.99244501104057,0.8885488920481176,True,False,"[0.7038903338777001, 0.28525547338211465, 133.86928404969214, 60.3677699826978, 414.5121857410503, 0.7039476654679055, 0.5731660578617778, 258.1681060348484, 106.77369484345715, 392.8372469560725]"
0.41055426729306854,14.161830316311848,0.9981347129857484,0.662831307353057,True,False,"[0.743903734358758, 0.24204745048195617, 139.52421822104284, 61.16604371312048, 417.79964637109344, 0.5942089972425596, 0.5649512890674674, 254.38061010119262, 99.76147391601484, 389.6905238900907]"
0.40644872462013787,14.16503546768119,0.9921452650122112,0.2586142523306907,True,False,"[0.7613936988327822, 0.31510541736589076, 140.84306427236532, 60.30194484657028, 420.5247561194738, 0.472809392193967, 0.5909612264578353, 262.34021814252486, 99.91863447944795, 387.47795725562145]"
0.40238423737393647,14.174488188768887,0.9767820059496178,0.16361244031046607,True,False,"[0.7608394972287191, 0.3959252925007989, 145.02305093000638, 55.169453834800834, 419.29546692689775, 0.4904503169514919, 0.5338785613115248, 256.6890952070234, 82.09288916166028, 385.01684157555246]"
0.3983603950001971,14.19840671831367,0.9417245672939711,0.09999147100140615,True,False,"[0.8715447272335837, 0.5396316715077815, 151.20973184316483, 41.787841418906964, 418.81480325571596, 0.5842421874083829, 0.5582892661197035, 265.255252042369, 72.29993877330249, 373.6640717471174]"
0.39437679105019513,14.13102189585701,1.0,0.17941100257083353,True,False,"[0.7796245715591871, 0.43542366557776824, 144.4977008832847, 27.09954105893735, 418.61414668579556, 0.5848111882619997, 0.7732762668601799, 263.23180626337995, 53.557818345710075, 379.3473051257766]"
0.3904330231396932,14.123769980858993,1.0,0.04554582577128041,True,False,"[0.7610932364119051, 0.4385929631808078, 149.3605842352101, 32.96351963174268, 413.4629797458415, 0.5076997597407182, 0.7614962162783526, 266.214071689881, 62.27611017289663, 379.2694752651701]"
0.3865286929082963,14.186238450887641,0.8507694901100047,0.055185505688268965,True,False,"[0.8927389408424848, 0.49944910518794955, 155.36873392233457, 28.991350538538146, 419.8357818335437, 0.5663432172306989, 0.6328866248855455, 258.8988679303986, 65.16901882099454, 382.6213374390885]"
0.38266340597921333,14.142209975484167,1.0,0.9739528046117412,True,False,"[0.8422850556563958, 0.37034206164651784, 155.6678600400366, 32.00000375312912, 421.0696936119172, 0.3851617201429831, 0.7173134773330931, 259.2739408620505, 76.48232308739232, 382.4328821106012]"
0.3788367719194212,14.133405235080577,1.0,0.6377908223168318,True,False,"[0.80658870962651, 0.3581179870976529, 156.20496066877308, 46.04371418183425, 415.53184850913647, 0.559027726127658, 0.7411436974473555, 255.53584314802524, 90.33136339385284, 390.07127809871275]"
0.375048404200227,14.160238090594472,0.9309543404264368,0.35432874668005443,True,False,"[0.7847054554044044, 0.3669426828814303, 150.06656661344795, 45.02314772687609, 419.26726512138066, 0.5441901318458815, 0.5916949373744196, 252.52237229068726, 98.75408681184116, 394.4775785013552]"
0.3712979201582247,14.162905674145922,0.9928412638194634,0.021662179823542016,True,False,"[0.8046188172634943, 0.33884695185793207, 150.3713906121629, 51.834700487124564, 418.1638966686644, 0.43828191576431363, 0.6104574931061465, 245.51777419588848, 103.39035103501149, 391.37440533789095]"
0.36758494095664246,14.144754845462906,1.0,0.7819200087070074,True,False,"[0.7302659952483764, 0.24910456415278884, 143.47864884735262, 36.84754212893122, 416.4386801723591, 0.5227587860982765, 0.6753777842339482, 242.2133575218994, 93.10492139644148, 394.9938818365692]"
0.363909091547076,14.1589446431675,0.9617577308226553,0.3072914515834221,True,False,"[0.8773953824950242, 0.26192499715500694, 150.52816845112187, 44.333288513088384, 409.65388964936386, 0.5238470145394023, 0.701743975084526, 244.56571210433958, 105.15994696822483, 390.06588516130114]"
0.36027000063160525,14.173627537365729,0.9600640761983086,0.12120475318324453,True,False,"[0.840884737087392, 0.32578579976581606, 152.06157653176717, 39.69218827660904, 413.3270500216037, 0.7744592784889273, 0.7270367993955681, 242.6433493838687, 93.50278859125406, 393.0297836309022]"
0.3566673006252892,14.151215205810473,1.0,0.5868996650981235,True,False,"[0.8089177354471289, 0.38444134279914227, 153.35126377072953, 39.81255155809224, 418.35775279952213, 0.6885151888591907, 0.6805099664937099, 253.17682049176838, 81.42063538329491, 397.53620026494843]"
0.35310062761903627,14.153530886716487,0.9934633245433394,0.8866666221701112,True,False,"[0.732786094982013, 0.33257568674025795, 155.08560572028463, 46.0530303245191, 419.93477274601423, 0.7166275894642067, 0.8655540392591952, 259.6924952259212, 70.72261145677041, 393.23709052081233]"
0.3495696213428459,14.184757217518555,0.9145456170930559,0.9113882982288416,True,False,"[0.825409803540485, 0.5329805791310528, 143.95890115220448, 57.41671254441804, 418.8111663313722, 0.6983005703540788, 0.9112347110256577, 255.67313003184964, 68.73759750200868, 388.5301517940805]"
0.3460739251294174,14.176133611486355,1.0,0.47537499993335275,True,False,"[0.8245460091254637, 0.5654235153000327, 152.18729826346, 74.73982765418768, 421.7861220940896, 0.7161160275999267, 0.7912238462142043, 255.84982244752393, 70.67393128048904, 387.2444538341238]"
0.3426131858781232,14.22493687658154,0.8672359347769932,0.22342630492992854,True,False,"[0.8841613973823265, 0.4417877963549878, 148.12273055546135, 87.59552387482564, 428.04059590094033, 0.8268306248753219, 0.8017003818908479, 256.9832671752249, 67.59667174678843, 387.2366651236375]"
0.339187054019342,14.152530134872439,1.0,0.8148507675654337,True,False,"[0.6877481002069111, 0.5025375362527591, 138.28263233980522, 85.72557751529803, 427.3790762586062, 0.6592075831141482, 0.8172489678861194, 251.89488284066633, 72.43454468336469, 391.2058359202864]"
0.3357951834791486,14.211260833331824,0.8395406684774769,0.7542625994908332,True,False,"[0.5793333168461012, 0.5241432477320137, 132.52551035140667, 95.76102744056178, 429.0995349604285, 0.8480884780073048, 0.761197102841991, 257.72953836995794, 69.39675537773292, 385.5328798570404]"
0.3324372316443571,14.250134598885577,0.8896424350296671,0.8574064853049187,True,False,"[0.720847906724139, 0.6892198307070819, 130.01488473949917, 115.99556778117082, 431.1419257398844, 0.8436575904280667, 0.8276254548710318, 250.152875096289, 79.12074396876201, 392.6165202707944]"
0.32911285932791357,14.297567074903668,0.8657819254593373,0.36429928045251814,True,False,"[0.6088636454495078, 0.687689931275171, 118.50420577737478, 113.83840961066232, 417.8119479870133, 0.8872924190344761, 0.7475540712782561, 244.3328310429605, 84.02730644523014, 388.1888607346972]"
0.32582173073463444,14.280913519972893,1.0,0.36832922772578003,True,False,"[0.5687546210834482, 0.6929775521815978, 110.8133442951613, 107.66756191728909, 412.0974875375956, 0.8776614774984687, 0.632307111272063, 247.98387671046072, 81.85878830567685, 386.53661500661843]"
0.3225635134272881,14.319150529620282,0.8882153754932218,0.06794139447067726,True,False,"[0.6660554056602433, 0.7296100231333768, 108.92839367873034, 100.12033527688287, 410.10509556856704, 0.8436064930769074, 0.60900150400123, 248.32208955437355, 79.22513028694954, 382.1831315013276]"
0.31933787829301524,14.210830945185254,1.0,0.09440468354957199,True,False,"[0.6807938619487267, 0.8788937996748254, 117.94482893373215, 107.89670369647175, 418.5930634891365, 0.7170257885446335, 0.6738046158041485, 248.77698134916216, 79.52588499367941, 385.05861513078395]"
0.3161444995100851,14.228655478488811,0.9451789831684778,0.3023206966121934,True,False,"[0.7207843138538644, 0.9113390763753304, 123.57981522766403, 93.2096099855039, 418.9876985045211, 0.6790816055708334, 0.7660809381366209, 243.47475575953322, 84.99538929591019, 393.04656450962744]"
0.31298305451498426,14.161351430295401,1.0,0.9424017863915928,True,False,"[0.7966061911336118, 0.6671432502661531, 130.5084307546592, 103.97491483904234, 422.92655946201256, 0.4987396836377971, 0.9080544726857237, 245.9600929543045, 76.67491652085887, 388.763115370523]"
0.3098532239698344,14.172943597820097,0.9632793731004686,0.6927255655276665,True,False,"[0.7528332238790277, 0.5537338040144206, 139.8214075455885, 113.58797507566972, 419.30393286861283, 0.4712902460779304, 0.8097338702263386, 240.27272344054347, 96.33514689651426, 381.92419132252707]"
0.30675469173013603,14.146671703987648,1.0,0.5829254440247794,True,False,"[0.5943362895223409, 0.5172827585959991, 150.41505107475996, 130.55484987409858, 418.87693449774264, 0.5258995794292847, 0.7387776083451049, 239.73969792830226, 82.57663000966028, 387.4078716718574]"
0.30368714481283465,14.196492709694834,0.8486964290063248,0.44769058759549385,True,False,"[0.4860550924872701, 0.646166041042257, 152.02393023172354, 123.41840482282677, 418.1559362407005, 0.6756805043852139, 0.6902541957204967, 239.98706526314928, 74.08731662313707, 386.01892701781713]"
0.3006502733647063,14.167984553528544,1.0,0.5227176707072638,True,False,"[0.5153438537375088, 0.8348753565610914, 152.66475032770285, 120.53752910912287, 410.90645181839704, 0.7825251156485081, 0.8696149352826544, 233.68007716059762, 61.49975461203738, 382.8352104046176]"
0.29764377063105923,14.076657760074546,1.0,0.49809552408286095,True,False,"[0.44682929663857307, 0.9079787630697262, 151.58595025762295, 136.80922648405823, 406.87704861519154, 0.8041315184619007, 0.727969396811289, 237.0030640184012, 35.16066696832493, 383.50486337050745]"
0.2946673329247486,14.225295980193728,0.6038513574433974,0.12539543690598576,True,False,"[0.4170119448388197, 0.7158867093666395, 147.49964855968824, 158.76306984905887, 405.0043593904934, 0.8891432938576721, 0.5351581776756732, 237.50531389161557, 33.26608613385713, 384.07073133830363]"
0.29172065959550114,14.217245695565403,1.0,0.12306910319051279,True,False,"[0.5300976140811379, 0.6773107487667981, 156.83236394512, 149.49635420310773, 411.3960621827948, 0.8617359521889882, 0.5783967594082662, 232.24610358707974, 26.518693923161848, 382.5686931458554]"
0.28880345299954613,14.211786329534664,1.0,0.09418478478442938,True,False,"[0.6410324756762331, 0.86989333560629, 162.23561357284504, 154.86061147382367, 414.4581643473446, 0.8863420013114988, 0.586299058703552, 221.08036052144973, 14.236373066881848, 394.52268822590025]"
0.28591541846955065,14.163138242804758,1.0,0.5704301866677107,True,False,"[0.6013440987142117, 0.8568348570123226, 161.95480385909207, 146.2582580798727, 415.1290907409577, 0.8531807429366878, 0.5763969065540981, 218.736406775539, 15.65315234679862, 402.1514387839401]"
0.28305626428485514,14.205839396110662,0.8599702572074708,0.6706594630856897,True,False,"[0.621544010439965, 0.8015441115926064, 151.51751439890288, 141.82434880508063, 412.4857648642575, 0.8260773146400721, 0.6173934892342261, 224.4490718864783, -10.568527246421013, 398.5211770722416]"
0.2802257016420066,14.191103421203525,1.0,0.13375204605885183,True,False,"[0.6165676415288475, 0.7259350871391566, 142.2195799405979, 131.06033075571324, 414.840422461133, 0.7764172948619361, 0.4973586592524489, 227.24962748136412, -21.01909189296601, 407.6919698884765]"
0.27742344462558655,14.149255168664775,1.0,0.4209161352252535,True,False,"[0.6541999682151193, 0.6906254509995807, 143.09707704711207, 119.71894072773718, 415.0463695838306, 0.7061527542962983, 0.5473901418904797, 225.7244790992021, -15.71040681640434, 409.53959925853513]"
0.2746492101793307,14.221321921795376,0.7692066406055786,0.36976137126254927,True,False,"[0.7207144841760189, 0.8095881737896556, 137.06691622447266, 121.43459876885967, 418.26991081128057, 0.6691252248195024, 0.417623861122839, 226.79472239333057, -22.37206742808126, 414.6428408438462]"
0.2719027180775374,14.152006913743795,1.0,0.042767406258097496,True,False,"[0.5732178086789167, 0.7480699398984703, 140.40112010826522, 123.34207090526827, 420.26744449373564, 0.5533476918325688, 0.37346404525743854, 226.57789713576915, -33.47378769623805, 410.68840255276183]"
0.26918369089676203,14.195177603430839,0.8518231707462444,0.09752150798700299,True,False,"[0.5759676018610724, 0.6125469168323315, 141.21853283743468, 130.57084387293918, 429.1639843216934, 0.6865362666185464, 0.4793435268909511, 222.88648297638719, -25.37442405513099, 412.8070216534913]"
0.2664918539877944,14.148499734528027,1.0,0.4889838677256714,True,False,"[0.5912169224140585, 0.8899104932202924, 147.3778905096718, 122.66530733598688, 418.1523512753013, 0.892971312568692, 0.6056493875808613, 226.4702877542489, -33.06233539964967, 415.6873577031015]"
0.26382693544791647,14.143971143065315,1.0,0.7928961848615962,True,False,"[0.48700615744311926, 0.8553772314672434, 149.80632364258778, 139.54672996748377, 420.46549368271417, 0.9012933504675542, 0.612211159700327, 218.688574918926, -38.89683141585294, 415.58926970596144]"
0.26118866609343727,14.164263827964334,0.9252478891589052,0.9391686309010666,False,False,"[0.5072829244604231, 0.8249151434081936, 152.72469758726115, 133.94214720707922, 419.8749272556201, 0.8907806162984474, 0.696281548600458, 227.423146021671, -36.17125148039778, 415.3030015177505]"
0.2585767794325029,14.260782297143946,0.6365155084449795,0.46248605466202164,True,False,"[0.5138922772093896, 0.6156690779351134, 143.17139432329623, 153.12348614184114, 413.01790290875647, 0.7694197929675142, 0.6643057886269731, 222.50428515844632, -21.38440805661992, 420.55866289236565]"
0.2559910116381779,14.239482301932963,1.0,0.6297409641748299,True,False,"[0.4043158278971926, 0.6710741062343077, 147.4024856610183, 159.1431424920832, 412.44137166189677, 0.789036418915872, 0.6415153310808815, 221.01972222151596, -22.335843101370074, 424.9765478547282]"
0.2534311015217961,14.256886887051985,0.9336293082004424,0.48546355613769154,True,False,"[0.3896764222619766, 0.560092611463227, 150.77492016105262, 162.57567348463238, 411.5682024609406, 0.8225845463430174, 0.5754928422058068, 218.07748925926177, -21.655206468854132, 420.9156730225806]"
0.25089679050657815,14.207074428743221,1.0,0.7973808190805751,True,False,"[0.4958426738127972, 0.38052470358396284, 154.4892893871785, 143.71281296654107, 412.46585556243923, 0.733259081301138, 0.6210646501234911, 207.27199714950285, -28.11423716553542, 415.8729985672858]"
0.24838782260151238,14.16586125781182,1.0,0.29441049097771943,True,False,"[0.5505672060186247, 0.4354290994959348, 156.41299800467658, 144.4530084970351, 412.51887251135815, 0.6111955047842654, 0.696311562299954, 210.70415260215339, -20.268911281314843, 407.5088773349346]"
0.24590394437549726,14.137964310238221,1.0,0.5813136079312511,True,False,"[0.5773606614561032, 0.5184114748231154, 169.3939026895704, 152.9456889923628, 407.42068245522506, 0.5669953750630702, 0.7861054592372949, 203.2745464501766, -25.817061408402306, 403.41651116063656]"
0.24344490493174228,14.218669580946637,0.7178364706155393,0.3254050715008493,True,False,"[0.5566213437244535, 0.5197969129838974, 161.80446980654494, 174.11590356464228, 398.9614273344294, 0.7063158762766542, 0.7465609375395155, 204.03442082875193, -26.889367246531457, 401.89565497789437]"
0.24101045588242487,14.211153230811991,1.0,0.20483164258542952,True,False,"[0.47367859784444066, 0.43175837342359835, 156.0091700514735, 148.606315821071, 400.92790194399663, 0.734830336377131, 0.8250882877624948, 205.98981774963943, -19.654189023778883, 395.2095153832318]"
0.2386003513236006,14.168102170537828,1.0,0.43980561384973094,True,False,"[0.43062198809462243, 0.4028614523533682, 150.9388023960066, 152.26001692161776, 400.78148347728717, 0.5558984974104707, 0.8271349698822946, 211.68779527142405, -5.560328580521311, 392.76287456378896]"
0.2362143478103646,14.149548968820167,1.0,0.200862639910508,True,False,"[0.460013910386852, 0.33248957526641065, 152.1078365456152, 157.47791299474926, 412.371704522393, 0.4498769905228804, 0.8895696623263509, 221.5223556325211, -14.290100378458451, 387.5651816272971]"
0.23385220433226095,14.16005110069498,0.9560842230501649,0.35006428393296707,True,False,"[0.5579716909788934, 0.4325563446449057, 156.64036238947608, 160.26379771014453, 416.7018438757741, 0.5208833672147075, 0.8215637195680117, 225.78651402014148, -20.002722982472328, 387.82227238500275]"
0.23151368228893834,14.144032723186111,1.0,0.835962336418241,True,False,"[0.5356243607177222, 0.3724518457976762, 158.88762108443154, 148.48397043262392, 416.5763759133634, 0.40806717444630297, 0.8564112776293329, 234.63008952230493, -20.59179131977691, 384.1989869388893]"
0.22919854546604895,14.165073895776688,0.9122846190264238,0.5894243153306277,True,False,"[0.3774331066399986, 0.4475237235199355, 149.35143381294014, 156.4601731597289, 418.72486467718625, 0.37584877412550083, 0.9059397040019344, 235.8490930760706, -32.63343036501723, 393.9379651462704]"
0.22690656001138845,14.209115183763764,0.8235801714532694,0.906575085986237,False,False,"[0.5080096124485417, 0.4452586082108146, 151.63057109694813, 161.63651945227906, 422.0877247151345, 0.32376197434746384, 0.7784217421114131, 229.78360229070753, -33.87884614738028, 398.4558875508604]"
0.22463749441127456,14.197050721873765,0.8673188824497603,0.7014699530918246,True,False,"[0.3653473375222302, 0.49250883354543923, 146.7885712101633, 138.69070942913186, 415.3902108831287, 0.28506419118625137, 0.8630213288370077, 236.32274046226215, -44.589525018770786, 393.28829641442127]"
0.2223911194671618,14.173426623840243,1.0,0.01471297807556704,True,False,"[0.5162504291605724, 0.3323351499524077, 147.97490465044586, 151.65288623071933, 419.6907858003235, 0.35289830049411613, 0.9214871942483209, 243.29291153322592, -42.08251773067857, 401.5002344344592]"
0.2201672082724902,14.172777800151133,1.0,0.47057621262238714,True,False,"[0.3121310380807166, 0.36966615859456403, 143.82894811653338, 163.02822144491506, 416.9059703934257, 0.43311215546567305, 0.922959197365034, 241.28081753538504, -35.726356846206656, 405.8749161538539]"
0.2179655361897653,14.161111440021916,1.0,0.3427128287773441,True,False,"[0.29743365701852065, 0.5187634804816578, 144.99540617748076, 152.61085598878668, 420.5644124885445, 0.5059491306941506, 0.8730727135632816, 234.84434180541427, -29.14051556483108, 405.4108899265599]"
0.21578588082786765,14.173282710926305,0.9451568469469465,0.5655690805656366,True,False,"[0.26744142742733373, 0.4920430962965807, 142.38671736728048, 146.29459063092023, 414.9789576096433, 0.48464983262454514, 0.8484124132426206, 234.17418019877394, -30.74498878308418, 399.81373784336023]"
0.21362802201958897,14.165295605906907,1.0,0.6028563861698173,True,False,"[0.3575314031896687, 0.557334089495111, 135.73791520274153, 143.4033831857762, 415.32012111242835, 0.4456381994009979, 0.8448994530483296, 229.13784068436237, -15.443372139169323, 403.40616465144694]"
0.2114917417993931,14.160459338893762,1.0,0.7012334291683363,True,False,"[0.2257718025019506, 0.4534985843917686, 132.73371460177856, 136.44971598027612, 407.64333875903867, 0.46448478422617845, 0.9259671014390505, 229.60936598313813, -19.76381201385014, 406.23399798171687]"
0.20937682438139915,14.153713373525818,1.0,0.7457323606126418,True,False,"[0.2418433884061767, 0.4569459302194929, 133.4615058044677, 124.16198610757453, 408.2941380095064, 0.5087500346212206, 0.8853024379210436, 228.70238205195528, -23.717859302376652, 406.60954542484836]"
0.20728305613758516,14.131307734950195,1.0,0.146652546079298,True,False,"[0.3705413698004635, 0.43580989973940926, 141.36059502112388, 126.90403440234658, 412.6270056201281, 0.4405240954688454, 0.8912664254117153, 226.56552201643584, -20.70685747249791, 405.61040171093305]"
0.2052102255762093,14.159400379866007,0.8720601258563699,0.5456649465933785,True,False,"[0.4206784257181309, 0.3734216845966526, 128.45053084443452, 134.4670203952987, 404.1319941393895, 0.44822573561605733, 0.9121180447412836, 229.1070022159002, -21.750356936777866, 406.1804819629563]"
0.2031581233204472,14.198097499524364,0.8265640776449956,0.44875016569142734,True,False,"[0.49438646259438124, 0.47143997533574544, 127.32985203022972, 139.34583253482404, 398.8333923389031, 0.5547490327507258, 0.7964823872967437, 222.43653000225459, -4.500070767760281, 408.04429634452606]"
0.20112654208724273,14.20666741360567,0.9582854670657025,0.21481351299847917,True,False,"[0.6978947402985337, 0.3871896345674526, 133.31881550347472, 146.305458010902, 394.9140367217573, 0.5048710289346218, 0.8466304653715604, 222.23731910771744, -19.14116706616001, 403.7350798711063]"
0.1991152766663703,14.148664627362107,1.0,0.6383059718540368,True,False,"[0.7135313677722114, 0.11955696164869672, 136.06794459175444, 136.26216348481668, 400.0682869730229, 0.5559470027014805, 0.872050279449953, 218.5114241071884, -15.425383817929152, 400.1252118703903]"
0.1971241238997066,14.218245468493693,0.7025913595530002,0.2983401538683027,True,False,"[0.8158369870560349, 0.14351582793928994, 140.67754577794634, 151.24726441018325, 409.49013290022737, 0.39555675758296815, 0.7936265785926591, 222.1038568739913, -0.174887358558939, 400.75765575013213]"
0.19515288266070954,14.232994381932883,0.9272090738043067,0.16616600677087046,True,False,"[0.6526947249898963, 0.21152939279374414, 140.2898172880665, 152.1145545387324, 404.4226888465179, 0.36056156285230967, 0.695976063794894, 218.62598095884977, 0.879349246161738, 400.68708524042546]"
0.19320135383410245,14.299110830294474,0.710195323275206,0.18498776935820205,True,False,"[0.773773702449368, 0.32579677155150494, 140.4967345288473, 158.4550252835569, 411.33490491632034, 0.2018266014923398, 0.790080677836619, 218.604998585171, 1.8003407791951322, 401.8449613295324]"
0.19126934029576143,14.308971316707296,0.9497534203854584,0.6881235799921154,True,False,"[0.85921988274934, 0.4292212074606863, 139.93020743191718, 148.24913997959425, 404.1198054439344, 0.25388881788875767, 0.7251693842263144, 220.87319858954334, -4.171896218981514, 400.20544762338517]"
0.18935664689280382,14.24361696399594,1.0,0.26473690628189805,True,False,"[0.8273453963457351, 0.5361221045285556, 140.95762155744546, 140.19519218239748, 407.1693013768388, 0.36721382013815673, 0.7996133483414124, 221.70588445350646, -10.272897867457925, 397.87365219259914]"
0.18746308042387577,14.24175465562416,1.0,0.7329884023585924,True,False,"[0.8219091581108962, 0.40078747981663165, 143.7086808722586, 140.1241775516311, 401.934147971722, 0.29626416723875026, 0.9061372920043367, 226.74352776503162, -2.956969057491519, 395.90758727214535]"
0.18558844961963702,14.260568726176095,0.903593919630533,0.1140361249842139,True,False,"[0.8737778310805945, 0.575624036066741, 144.5783169078302, 135.45636098239305, 404.9772354770996, 0.39495161548491253, 0.7936534270858903, 226.2999457783404, 3.032332597559603, 391.36905217778883]"
0.18373256512344066,14.198172936009648,1.0,0.9768887868562628,True,False,"[0.7021137355034437, 0.5945717667851185, 142.7049196435121, 151.36513176834748, 406.8479475638004, 0.5269723596637292, 0.8362901677583525, 230.0397132071728, 0.13225157714141256, 389.99263551531857]"
0.18189523947220626,14.178105242056436,1.0,0.39099637324744685,True,False,"[0.6757250476978002, 0.5388179367011966, 147.8785404720849, 140.98601868494484, 408.77344693990733, 0.6665708820430911, 0.9079224658564329, 232.04280007365927, 8.655018678817637, 388.86377444248956]"
0.1800762870774842,14.188897838932728,0.9418271905986026,0.014636684533155253,True,False,"[0.6505362505375687, 0.4598414483626438, 144.28432658297967, 142.19729480412232, 407.0680734573218, 0.6589182435812753, 0.7976636032436312, 236.994626551778, 16.0378422020769, 385.8816533988997]"
0.17827552420670933,14.16646565392929,1.0,0.7655274045078687,True,False,"[0.6236466560656596, 0.545897028111477, 146.54771740918588, 149.20034971114418, 405.4367257897655, 0.5935657285822667, 0.82272988504168, 239.09751108149902, 23.012906656529907, 382.80427436783316]"
0.17649276896464225,14.240992602867314,0.6555594391425964,0.10107303467852258,True,False,"[0.7713040000741909, 0.5983626366828549, 143.95608234385824, 150.9716575809329, 409.3772973555444, 0.6842757900824027, 0.8842332640877602, 235.28127706601384, 17.146372056671268, 384.4257573304699]"
0.17472784127499583,14.209568761887965,1.0,0.09663112886510872,True,False,"[0.6991142191335031, 0.5458236806503913, 146.63692923882584, 152.50911173345722, 410.3773632762098, 0.7899790479902019, 0.6719461838276998, 239.75186742198738, 22.137347863764322, 381.4459588604755]"
0.17298056286224586,14.190141586467986,1.0,0.29026866564184073,True,False,"[0.6437283253719738, 0.44885009446843555, 150.9767488464458, 140.68458036364376, 411.84239985706716, 0.7687964362506298, 0.6131236158728911, 238.93906521564978, 6.22015645031456, 378.15578330990394]"
0.1712507572336234,14.177171565097995,1.0,0.2437694472064772,True,False,"[0.5909649718711465, 0.5732661655253034, 147.42253968974416, 139.5979595698717, 409.0464143797548, 0.7141766154587037, 0.7952730212623826, 242.9564228771975, 5.677209463573286, 374.01012119198197]"
0.16953824966128717,14.192389549642657,0.9141493081521284,0.37530196140519756,True,False,"[0.4350743029054297, 0.5789566082672833, 142.9134993852609, 143.39644839321798, 411.5199124303676, 0.6805269649126854, 0.7787317605940912, 239.07902449904302, 10.847417644780688, 370.0644456173079]"
0.16784286716467428,14.217948735705907,0.8587474177933939,0.49801036505051355,True,False,"[0.377690262724393, 0.4744125086205759, 149.5563708368315, 166.0929404474254, 405.68580756772326, 0.6235331655640886, 0.7544455416720817, 230.75101572494225, 12.02214706541886, 375.6927202960183]"
0.16616443849302753,14.222322688034655,0.9740203961128735,0.2679379784152489,True,False,"[0.3310810421453169, 0.4496793541222898, 147.30302206271037, 162.5978324523224, 403.9215952402591, 0.586420576551529, 0.7142512276336087, 238.9988007384766, 3.5912687586722374, 379.2733907484958]"
0.16450279410809726,14.260992456820144,0.7905150455968701,0.29004076904502396,True,False,"[0.7337273337720396, 0.4842723651711103, 140.15340701577063, 155.16675755942083, 386.7164357193955, 0.40174818861042927, 0.7362194538096513, 238.7705674631982, 6.500833677505013, 380.37181800741104]"
0.16285776616701628,14.257581819168948,1.0,0.34992955572668305,True,False,"[0.5241846934249119, 0.3363124286699838, 149.49401526152934, 166.16320896262886, 389.37456408642106, 0.31319436173058757, 0.5700302617649213, 240.27272815293614, 28.421248315950873, 379.3721158785215]"
0.16122918850534612,14.20599820067174,1.0,0.053075194454858976,True,False,"[0.46928574386662303, 0.2509594260633708, 157.32907144800768, 158.4998778207598, 395.6363763165578, 0.3222260564310313, 0.5351282700907114, 237.85921465072985, 32.661692188722306, 376.6254329411224]"
0.15961689662029266,14.180775251911832,1.0,0.37060209125622556,True,False,"[0.40985838272853403, 0.11030450460569263, 162.5525322256708, 168.6175701810356, 391.1431595553069, 0.3401347706306521, 0.6017714249499005, 242.0941602294006, 32.23884408128195, 375.1294742811633]"
0.15802072765408973,14.18184822735471,0.9932329075544742,0.45307782880523717,True,False,"[0.3129711882030189, 0.13261039164826383, 168.5727912665469, 163.89414520715758, 387.4933172647246, 0.266793405840534, 0.596892307626191, 241.97202570709493, 45.021424787833354, 371.75730022121394]"
0.15644052037754883,14.197898938949162,0.9024883914000096,0.9263615700327488,False,False,"[0.2408628477088559, 0.31113041879385717, 159.86005566492136, 158.16263736778544, 392.17830980582323, 0.3850364592643425, 0.6014548435568566, 245.2757433300136, 39.06245327785242, 367.93569777426404]"
0.15487611517377334,14.213303510607126,0.8161969114291086,0.7819907476085779,True,False,"[0.29800339324739794, 0.2265223662222315, 172.69436680599583, 181.5871323915179, 383.7860866108669, 0.28733970556781924, 0.6054679007284063, 246.04049385420237, 41.971140974254794, 369.56041583353544]"
0.1533273540220356,14.200376999831732,1.0,0.812975553378899,True,False,"[0.2839400739392852, 0.3752006121065775, 172.1604251634456, 174.76214081378214, 383.68819388854496, 0.5150212224455567, 0.6538802617265012, 252.31744430701, 46.2483887025409, 375.20211935510247]"
0.15179408048181522,14.209296219969644,0.942934288512928,0.44807193578174476,True,False,"[0.29317267834262617, 0.3828272507133956, 171.83265605655254, 176.06670684543673, 390.79110643727347, 0.6878496634328847, 0.8354520469657983, 245.29550613721392, 42.173006942959915, 369.91623968482287]"
0.15027613967699707,14.177262688610428,1.0,0.3830986559460339,True,False,"[0.33226302336048674, 0.29313193905511437, 179.4339852089413, 183.34967866939985, 399.17531992531826, 0.6025601647314389, 0.8103373230017697, 249.18229453466347, 47.227081111326726, 372.6989704462471]"
0.1487733782802271,14.134634017037577,1.0,0.26000279786131675,True,False,"[0.38330169233358113, 0.11399175152256749, 189.21795523802146, 188.06788341022948, 398.195549714799, 0.6362517329441125, 0.8909332062965445, 253.20635714271995, 35.379085450591454, 373.98036651822434]"
0.14728564449742484,14.175752898717327,0.756405405061734,0.2951330032641166,True,False,"[0.2968455701607122, 0.16580047811615287, 188.45933563898325, 188.77222422344252, 396.7258143719424, 0.6107528206485883, 0.7431916461854539, 243.3800224792794, 34.83883055240052, 372.8715018153254]"
0.1458127880524506,14.191799552872192,0.8957896099229503,0.18283507705371937,True,False,"[0.3483589578375851, 0.22726602816667546, 185.22720572535476, 182.9883993617065, 398.49569292289, 0.6783453270381531, 0.6867054671023476, 243.9323172473981, 40.887459627770404, 371.6670444129603]"
0.14435466017192608,14.163073669258981,1.0,0.5857575591244262,True,False,"[0.26743003667738346, 0.13209785719853345, 181.60669920844785, 183.76277633934419, 393.7768619700999, 0.5005445381582906, 0.7446202381900227, 249.64324075416314, 41.88774575267932, 372.8978415966147]"
0.1429111135702068,14.145550113366955,1.0,0.7933968953688156,True,False,"[0.3262037594409886, 0.17057687316290016, 186.36999133127483, 169.84535987924198, 399.88112505069785, 0.5839946263378171, 0.7825430791786497, 241.47164230883163, 51.127830861779444, 371.585770578925]"
0.14148200243450473,14.161433592419804,0.8938073542135833,0.9217327837082295,False,False,"[0.3326267249714186, 0.3190376814473132, 190.18005006961002, 168.8703340469437, 395.6557366542174, 0.6305489879820172, 0.7257177215707995, 248.7022369082396, 61.78418293829601, 379.09231151656667]"
0.1400671824101597,14.155556539952112,0.9310519590830331,0.7971891566377713,True,False,"[0.2400245210890083, 0.3354092266591543, 181.2184823006531, 172.3216417641736, 399.5548165161697, 0.5258290810944866, 0.8058563361237677, 241.90250849782808, 53.688144619655915, 364.2370585631906]"
0.1386665105860581,14.16878830129867,0.9089897479335272,0.18361978962104863,True,False,"[0.20772161126450625, 0.3134750003358439, 184.29153366691267, 173.4216331934041, 408.81900970586776, 0.49194962642122786, 0.7395648935665969, 234.61882968909777, 64.82875497110994, 370.9691944766535]"
0.13727984548019753,14.165479837600023,1.0,0.6878696961457809,True,False,"[0.20955973724107782, 0.34084095781561424, 189.97929744673144, 180.75154609246866, 407.25144633783526, 0.38286307573942213, 0.8056766142072014, 230.4136132242655, 63.78753157786427, 372.22839688295153]"
0.13590704702539555,14.159528528204332,1.0,0.49639007557982184,True,False,"[0.2598766188865165, 0.1640933828030645, 197.80993857935263, 185.44185926855016, 404.5074104003402, 0.5209422316490591, 0.7185399724050145, 226.16174252279376, 77.5148769820963, 373.8859254783753]"
0.13454797655514159,14.119433157537536,1.0,0.8058309663056439,True,False,"[0.32759209143075274, 0.11891929390757688, 206.40756749053543, 168.52812561447237, 406.15241772659954, 0.45754437472444653, 0.7519643492059023, 224.21190916894997, 74.70775824813192, 368.95310796496403]"
0.13320249678959017,14.128990429874897,0.9307636051831971,0.43499375491735215,True,False,"[0.3976723155528744, 0.11051426056129574, 209.50572532784076, 161.67870477889178, 410.2924434233141, 0.4179370674169827, 0.6195752788649382, 222.25980700039528, 78.26924032682456, 364.2977852073285]"
0.13187047182169429,14.125065772413976,1.0,0.7349819023314152,True,False,"[0.3035131563684777, 0.238195199212503, 212.52212752279596, 168.59404930315, 407.90540599535615, 0.47931015423460344, 0.7558686879633566, 223.1960752184584, 79.19597149233232, 366.3436834890347]"
0.13055176710347735,14.140094283030827,0.8912633426743778,0.9789289059694525,False,False,"[0.31192916657213077, 0.28670335182442597, 205.5782729704763, 176.5960975066812, 399.2578754679015, 0.5382032047789466, 0.7694662393772964, 218.21006312375243, 74.29753737139345, 368.77880571872646]"
0.1292462494324426,14.093617312049872,1.0,0.14129205203826722,True,False,"[0.4855095523818924, 0.3582283682008407, 215.2657556075813, 167.86446218560957, 402.02516015036406, 0.4995685835653459, 0.8503127407738003, 226.67973405709597, 81.1310494555161, 373.47626439060315]"
0.12795378693811815,14.083448082209422,1.0,0.5107638576373416,True,False,"[0.5449506830291764, 0.33169569860040865, 206.5519019355587, 169.67065209952924, 390.8012291963805, 0.5233560675713668, 0.91399237748847, 218.17723417193744, 96.78965569280408, 377.350896532419]"
0.12667424906873698,14.136829427699244,0.6561233664676621,0.2277760771585653,True,False,"[0.6044871383832596, 0.3338482401397105, 199.4801770595059, 154.44082452249017, 390.7583201727164, 0.4728528584306166, 0.7450099753592379, 216.4513567372129, 95.11329098353919, 390.944540237551]"
0.1254075065780496,14.164344702950881,0.8029948938519188,0.8687591467571576,False,False,"[0.8327660883940138, 0.42136619290385735, 207.18829302390296, 149.27798583749532, 393.96227941080673, 0.6334581890412314, 0.7458053204938018, 215.7692875623907, 91.71545032308181, 389.4493828012777]"
0.12415343151226911,14.171040206444152,0.7591526347998684,0.5411027160809896,True,False,"[0.6659089063023824, 0.16664790150839207, 201.8661806919594, 172.64673071366676, 377.77930678929954, 0.449005165902539, 0.5764123020667844, 219.29129430300375, 90.48452413774129, 393.91350709523635]"
0.12291189719714642,14.140709636248197,1.0,0.5427386898888868,True,False,"[0.5071378612053743, 0.08524661949823911, 209.32170588312522, 157.2333713502148, 379.4137490822668, 0.3593144134269205, 0.4797501015412602, 209.5128661408099, 108.69447032789749, 400.5646020308727]"
0.12168277822517495,14.148891100665105,0.9349745125498677,0.7321760056534974,True,False,"[0.48978384287157123, 0.0898686189257875, 216.35724525043133, 137.4244251780859, 387.84286974490453, 0.30183946042583276, 0.386087193191109, 205.18448100363892, 129.5824636171233, 391.78672099291396]"
0.1204659504429232,14.179057980810114,0.7784750683142956,0.505186748785961,True,False,"[0.458259788065067, 0.1297245491482062, 217.74275373889557, 167.77922059157478, 387.0718057844083, 0.2407174300457145, 0.38752275229558353, 200.61850626130732, 116.6440324918541, 391.74125792937696]"
0.11926129093849397,14.14472094167908,1.0,0.3778394773025161,True,False,"[0.5144162221717882, 0.0926043859872416, 216.45768728701387, 174.86520915595293, 393.67306523801875, 0.5088002062443298, 0.3943376762805641, 187.24359068753114, 103.58587364806425, 385.9867686921852]"
0.11806867802910903,14.1894873079732,0.6844393037097193,0.941185788210799,False,False,"[0.4759515685837996, 0.12664825177632913, 223.1380707640476, 178.87148275297469, 394.38224574926386, 0.300700587588079, 0.31743631328447225, 182.75800699954354, 101.05499656336005, 384.45205607048774]"
0.11688799124881794,14.162966888037138,0.8554756080302106,0.8787124316013352,False,False,"[0.4659877890247819, 0.09885558755259467, 212.92853741165084, 170.65180208838635, 387.87956156827187, 0.3349841768739098, 0.4693763137099044, 185.48867086648812, 104.38745949790277, 383.09207506532334]"
0.11571911133632976,14.155791672010821,0.9087647778798247,0.18689518913818925,True,False,"[0.44785716306614654, 0.09763251395443688, 226.14076070816685, 188.437431552822, 385.7743248263347, 0.6284631441052322, 0.40803567506646365, 196.07034478437174, 103.08710715943342, 384.4610168554715]"
0.11456192022296646,14.176387477295073,0.8354549882153126,0.892730837387756,False,False,"[0.3906150408086992, 0.1300597252475865, 221.48715500603586, 170.64300569206446, 389.35562403886473, 0.730672433235173, 0.4056627955600147, 196.09148632945664, 110.95257118137226, 392.6409749228134]"
0.1134163010207368,14.185062535038155,0.7725308109467887,0.2250128112361336,True,False,"[0.474748341804815, 0.21516610887760124, 219.74153223489654, 201.48500104749616, 387.048579513014, 0.6236163494421441, 0.527401289351504, 198.80912034990158, 93.38853326329836, 382.17767524811103]"
0.11228213801052943,14.151859112112877,1.0,0.5175447823490757,True,False,"[0.5975409306121187, 0.10989932762702907, 216.8019306899769, 207.98137514547952, 386.3337889311574, 0.5868065398113497, 0.3442920538243059, 207.29664862210313, 72.54096154038055, 375.7452180156471]"
0.11115931663042414,14.15354460936777,0.984951481014873,0.8147051074033757,True,False,"[0.6091892819654785, 0.0988501439837074, 222.00805794416107, 199.0855230877042, 378.5034407085666, 0.6791438237773035, 0.48089553484381553, 208.6304309842951, 61.980613492708635, 375.6584107023106]"
0.1100477234641199,14.16517719067149,0.8996901262620417,0.1713292659876562,True,False,"[0.7114493646098627, 0.14695788312575792, 216.12795959438694, 178.6333622709767, 381.1057564646332, 0.7986436190647976, 0.4963370808187957, 209.46956004090845, 69.75270050234258, 374.5671747273825]"
0.1089472462294787,14.19657562081111,0.7496127986181612,0.8262935175058083,False,False,"[0.6473871210479945, 0.2182601397887171, 201.282484900799, 183.20778856265818, 377.2461956371642, 0.7753107031164598, 0.6299175646318173, 211.1419716525348, 66.06445301072685, 369.25661263587693]"
0.1078577737671839,14.198724042305944,0.7326929255754622,0.1362085629988986,True,False,"[0.7830478624216831, 0.2188387012300419, 213.8187859360219, 187.22924445734333, 382.41876007690337, 0.9053986720262209, 0.42050344392617944, 209.73543273692013, 75.59944121501212, 364.1271093513342]"
0.10677919602951207,14.14993042255648,1.0,0.35236862845532524,True,False,"[0.8081297358219759, 0.3458455936788465, 216.6516184427965, 173.07369279509697, 382.42374352045016, 0.8469978352100046, 0.5030246360593168, 206.69011447972625, 77.9723927394012, 368.2791712591142]"
0.10571140406921695,14.159547218137996,0.9130431226121599,0.2695325088787581,True,False,"[0.8430511362608069, 0.12153114372154883, 216.56178062713715, 162.65363975451322, 383.7511201094293, 0.789282726464885, 0.5213970407179755, 214.4476199882134, 72.83324768948391, 373.7587405924533]"
0.10465429002852478,14.154931609794604,1.0,0.33413866234906753,True,False,"[0.7378550775552248, 0.20560602180401927, 217.84522107545652, 169.36250999662795, 384.36577116574676, 0.7709138547026317, 0.4598058635067116, 207.0882255937633, 87.7670845867921, 379.88328899287376]"
0.10360774712823953,14.139265011491457,1.0,0.3683235688643174,True,False,"[0.7981120949688528, 0.12220355815292493, 213.1604658307464, 186.39058069924346, 382.4330812828946, 0.8359171229008332, 0.2832438227957166, 209.60004657986653, 77.10116575315448, 391.226567379092]"
0.10257166965695713,14.186151740191754,0.633109504125816,0.02936072033959569,True,False,"[0.570317267707547, 0.13817615627107022, 204.62324787150783, 168.528608110283, 373.4495414532453, 0.868619103800238, 0.40571339836469117, 210.88686076485953, 81.50096482708943, 394.1909661259235]"
0.10154595296038756,14.197480453413391,0.8944355504653427,0.06666616689393523,True,False,"[0.611730078510614, 0.12101135755785303, 203.87703924477825, 173.5786171303593, 370.5323845107503, 0.8872635761574199, 0.5366565452738548, 206.84634557182645, 90.665424860423, 395.6210509488726]"
0.10053049343078369,14.174136270399753,1.0,0.9429573056419887,True,False,"[0.6915416085207275, 0.11078103471828826, 197.3364707970437, 154.77944945412548, 377.56922923869894, 0.8593807530484694, 0.5004456429432529, 204.45088589769136, 90.46185257452464, 389.44820518535016]"
0.09952518849647585,14.169361713591682,1.0,0.9737636979948028,True,False,"[0.6679356084980392, 0.13791697941395553, 197.57880611619893, 143.68333813066806, 373.7388962016463, 0.8413706602140292, 0.3629356352105728, 205.51040556978475, 102.69810330863903, 388.7941877238643]"
0.09852993661151109,14.252536511202013,0.4299193576038273,0.15081318073152483,True,False,"[0.5855164103948245, 0.24399521544809383, 196.68802759619953, 147.41466549798778, 365.6896152336634, 0.8880825080587905, 0.2539649417920592, 186.52000731151372, 101.00568404077555, 389.82021437716935]"
0.09754463724539598,14.232167465007564,1.0,0.8730535680423518,True,False,"[0.47666944340585815, 0.26143985424009764, 189.97224139938083, 145.21771316793175, 362.9323903148557, 0.8351059126002155, 0.24199913381902954, 185.68752910134475, 98.07682628261905, 396.0410975896916]"
0.09656919087294202,14.204164501080214,1.0,0.7600707001727679,True,False,"[0.3653803870943105, 0.1130653855739753, 192.11264255962823, 154.88762609828458, 365.48547146545286, 0.8035491620351597, 0.18792112037278774, 189.68135107859123, 91.44944956834861, 405.5649910930757]"
0.09560349896421261,14.200746666918104,1.0,0.9812717083819634,True,False,"[0.44546153702697716, 0.10050757900944052, 198.0726508882653, 155.36376299892217, 372.6039745210786, 0.8004437706669665, 0.17278866329009782, 185.94022120518133, 96.94986383170638, 400.6265581315526]"
0.09464746397457048,14.227849770174174,0.7509933568551144,0.8258349144531578,False,False,"[0.45335820653949144, 0.17444282143662393, 183.16080081464017, 152.4719862112811, 371.59465621072303, 0.7503733694264584, 0.09589519742175695, 194.65003733491403, 104.18114057656211, 399.0232284049842]"
0.09370098933482478,14.190819981294434,1.0,0.696232430714723,True,False,"[0.35255999300165886, 0.11721504282652048, 200.80480948376407, 150.43246513427766, 379.42467478629976, 0.7840952727761976, 0.39609350366967205, 183.51265893097042, 103.36134932588763, 400.4618314698725]"
0.09276397944147653,14.197558160858868,0.9299375104422285,0.9824641532813742,False,False,"[0.17838532128904602, 0.23974424577661713, 199.43875803984022, 145.15205353121289, 374.9586704424386, 0.5331389288243102, 0.4218076100652916, 183.03132019797224, 96.4533035269113, 403.70455712816107]"
0.09183633964706177,14.231579420358987,0.6415764601967221,0.00055268414040055,True,False,"[0.2946764896114838, 0.24528383648744606, 203.6061387536651, 148.6920548849534, 380.300182159502, 0.8839425357275627, 0.4136621551262572, 177.62719448891002, 102.95496452854492, 404.8534807756531]"
0.09091797625059116,14.198699550348746,1.0,0.9054930690524854,True,False,"[0.3473387020426179, 0.16989401857890718, 208.0657558377921, 147.4729252892249, 384.60056415566714, 0.752890906793643, 0.26698573013633087, 181.7671779917564, 102.3107905217921, 404.34956868293597]"
0.09000879648808524,14.189472378413775,1.0,0.27337662738304935,True,False,"[0.28814482527453983, 0.22676047827256002, 216.71339200135847, 133.59217103139062, 382.41410324351506, 0.7642070664856097, 0.2582335677217233, 181.49219232579514, 101.34780676366809, 408.3515889546099]"
0.08910870852320439,14.197015313057989,0.9188350318872819,0.5600189786721286,True,False,"[0.4034762661989435, 0.25298462612888056, 225.4109467128805, 140.74714650623224, 389.89676139653074, 0.7419182288840278, 0.27507622274694427, 180.7660336510761, 112.57071811174816, 399.36886175724635]"
0.08821762143797235,14.20161443322477,0.9492018515412441,0.3329392103323433,True,False,"[0.4897739502771792, 0.1528434381872933, 219.69005686856875, 151.09969704694035, 394.2878500251922, 0.848930046237975, 0.2376500619972669, 190.91200720589308, 120.20399268613644, 401.39441877554424]"
0.08733544522359263,14.183295079181619,1.0,0.5257696720729986,True,False,"[0.39804846896926466, 0.1505985005502831, 220.24700423106788, 146.93230267062833, 384.8041163006584, 0.7842206133240749, 0.3560380594825921, 192.9567943077716, 122.12820391408002, 397.9189990344166]"
0.0864620907713567,14.172058563270639,1.0,0.5816429723235724,True,False,"[0.2861508013926714, 0.15707237915970015, 221.1883901078698, 112.4148945113395, 385.8534510479426, 0.8542649863237008, 0.1798943256740846, 198.1560002528656, 106.74824496537238, 392.3960460156123]"
0.08559746986364314,14.17711043782312,0.9426888856669423,0.5230038013261608,True,False,"[0.16715759259179908, 0.13909937210536502, 219.23397785417941, 110.19824774769124, 386.518549507537, 0.8727718855692196, 0.3305857564191875, 192.75671729903044, 92.03963324377197, 402.31129403782336]"
0.0847414951650067,14.184475641610817,0.9167561336409007,0.2613351869398387,True,False,"[0.14032684128865755, 0.23636558218781767, 219.7693318716091, 126.74411894795516, 385.8884157408119, 0.7013570759181292, 0.3252073778366935, 185.57930548397292, 97.95053666847022, 402.49998013733403]"
0.08389408021335663,14.162764358603273,1.0,0.5589545082012596,True,False,"[0.11702444458852249, 0.14257545265065721, 231.5693575552806, 119.33628766097583, 386.256339591455, 0.6400146601165859, 0.35327775980198306, 193.33017556707875, 93.40285708104051, 406.68358390505676]"
0.08305513941122307,14.164759939154571,0.9762591774147511,0.18987086161735234,True,False,"[0.12437335148504709, 0.08928354671386146, 228.07379414421442, 126.2736489535503, 385.5415659657746, 0.6673220374115336, 0.17531913565172472, 190.79143889942267, 106.82809377065104, 398.6128207888563]"
0.08222458801711084,14.149550751854672,1.0,0.8337260722387467,True,False,"[0.2733443108617435, 0.19837118880845445, 232.55395592927928, 113.37638891204057, 382.6561855523674, 0.5977027837968172, 0.09094399976941293, 198.20148475898586, 103.3019945750693, 400.63826561352596]"
0.08140234213693973,14.169282280798768,0.784746062336778,0.678560053959089,True,False,"[0.22429763925822888, 0.22899696891812615, 232.05666180593508, 129.5815274680004, 389.45504042395856, 0.6870790726211797, 0.18586952248603955, 201.20750759739138, 115.4818792190365, 397.21300131918633]"
0.08058831871557033,14.177296634147247,0.9053369561943396,0.9651469704180005,False,False,"[0.33910698311747245, 0.22902847210023522, 229.6339846083195, 140.41745606993663, 388.8761060796083, 0.6353391409187352, 0.2580435712428329, 204.61820393891065, 119.4400805903982, 403.29180066162394]"
0.07978243552841463,14.165680247368677,1.0,0.02371412708911025,True,False,"[0.3445039421985781, 0.1536050913000926, 235.74395033162244, 130.42732876417543, 388.2777395576417, 0.5897328980478926, 0.25963690227088665, 199.7734599372154, 132.10053501889038, 398.9281026125314]"
0.07898461117313048,14.138208899974572,1.0,0.3093912964512707,True,False,"[0.29360490508948994, 0.22561295391129174, 237.88944134361458, 127.77636863801331, 390.9130030249453, 0.41644754652481997, 0.4431328734331085, 204.32988328550996, 140.13041264270575, 401.97863364114215]"
0.07819476506139918,14.173382269117896,0.6377445668113335,0.4879602154864362,True,False,"[0.36965849437737225, 0.1611286160189795, 235.2260693588002, 148.64789754877506, 392.7115877976393, 0.17761965771672608, 0.604942119374354, 208.22045303243485, 146.10907301432152, 401.33266200148154]"
0.07741281741078518,14.169014243047867,1.0,0.7001005013311264,True,False,"[0.5943961368957225, 0.17709965262640875, 229.6074368443822, 133.9433111397493, 388.5202049462781, 0.2612804290379651, 0.6107505091425587, 201.6320015819568, 145.43068338419883, 403.91042173860694]"
0.07663868923667733,14.167355579139796,1.0,0.6284645236355629,True,False,"[0.5930712817778886, 0.25841340447676586, 234.0737635557937, 127.13076369872888, 388.6351281615747, 0.2711051031863913, 0.6011058786539564, 206.69912724185292, 150.23722831635854, 397.4927257993374]"
0.07587230234431055,14.174923035150565,0.9050732720794447,0.8547895209484111,True,False,"[0.6456895839845878, 0.2183948237329488, 243.06115438177738, 121.50526954363939, 392.52892789435384, 0.2247047668323857, 0.4778840814841874, 204.28032793931538, 151.16390630531305, 398.2931828941847]"
0.07511357932086744,14.159590476632992,1.0,0.4994651750859139,True,False,"[0.6753346179717414, 0.10599650483130568, 247.1719794850024, 116.34118291176713, 401.09971813195347, 0.3116122707212951, 0.43208007130095794, 198.702480757832, 148.84779088686724, 396.58561094841235]"
0.07436244352765876,14.163733147631216,0.9458141544356097,0.48780629923941876,True,False,"[0.6929913370127443, 0.13886329940003117, 248.000944362647, 111.94661667868456, 399.3286222003271, 0.26230499029726606, 0.500505270904226, 196.07850682237708, 141.31092866559013, 384.1926639860111]"
0.07361881909238217,14.139388866183605,1.0,0.3027398468157584,True,False,"[0.7496516557932054, 0.09217859545908924, 251.86329819718924, 102.03634556928787, 397.871223908818, 0.2714066641259582, 0.591464907169668, 204.80403938233454, 133.9200701337964, 378.9412156363947]"
0.07288263090145836,14.1780035939498,0.5887105059617854,0.41493948586363705,True,False,"[0.6880288708926036, 0.23408533660726208, 252.58762527110548, 100.00954760339421, 401.0835266327932, 0.11678828299071911, 0.6239736336159127, 200.55587249998433, 113.48517103604027, 381.97511962806857]"
0.07215380459244378,14.181000896268145,0.9593105197248091,0.9090182466166598,True,False,"[0.7067877574669603, 0.24699709203980824, 251.65735763171864, 94.48028676631684, 395.647424570513, 0.10353033527157017, 0.5887780567640167, 199.32057460563192, 103.0766251402022, 377.64449234103705]"
0.07143226654651934,14.17235076191992,1.0,0.8409938861774165,True,False,"[0.7472019137782048, 0.24025469808702798, 251.3138944825605, 98.10738768198387, 400.6060489739281, 0.14519285739540388, 0.583203515307775, 194.65771512292142, 115.52677048943875, 374.58653351934163]"
0.07071794388105414,14.191527044236658,0.7624901244822864,0.08982502705701134,True,False,"[0.6475128169640458, 0.28000047917932386, 242.68835659885247, 95.99766388591422, 405.6025403863595, 0.11750346255605806, 0.6617093204191465, 191.89515761235535, 110.16003086385743, 372.63237641481044]"
0.07001076444224359,14.15148176973548,1.0,0.742598052817859,True,False,"[0.6252238336473803, 0.31034288452421216, 243.186186004052, 86.96823361617056, 407.3157697551412, 0.24494730409815976, 0.6645955105247482, 191.34009209071846, 108.22023294854708, 367.3633300298242]"
0.06931065679782115,14.11943030889059,1.0,0.6816402766673462,True,False,"[0.5426607635168081, 0.21914702563160848, 250.29389207899834, 80.53566463381841, 406.54601934588345, 0.32704528167881075, 0.7421547185861866, 194.51976339873247, 109.8018367269998, 372.2546352867804]"
0.06861755022984294,14.12440421384959,0.9300775042136278,0.23741339451477628,True,False,"[0.4812452769194624, 0.34674934338989627, 250.95275031846626, 78.41041612546573, 407.79613219440586, 0.37075863422139776, 0.6131842039149691, 192.1004696396678, 116.86531779294043, 373.91793231520825]"
0.0679313747275445,14.162172709101288,0.5735098654972942,0.37214317413228126,True,False,"[0.5425613080251378, 0.44989209728263246, 248.51678628641102, 86.26538869055703, 402.4944384452246, 0.3892888466060636, 0.5793904447643894, 197.48943008175948, 134.5137623308046, 380.0561093298898]"
0.06725206098026905,14.164161507913512,0.9708606719255488,0.6340602018537639,True,False,"[0.618288654054888, 0.5149741094386776, 243.41980460139268, 77.89146067894653, 411.5615065077085, 0.3954451906444975, 0.5537428463324797, 202.17228330052515, 117.5398854874664, 377.6607399280089]"
0.06657954037046636,14.149291763967629,1.0,0.3581203706941448,True,False,"[0.468184944390047, 0.624911190768666, 240.85599690702296, 89.58965953754303, 418.2589639882777, 0.341629221952258, 0.5646800770192102, 203.59431671355657, 102.02413683730232, 374.2097621169676]"
0.0659137449667617,14.115689656578013,1.0,0.5998330364311676,True,False,"[0.5882576536597487, 0.6951824896261476, 240.55335806326084, 91.88069456140168, 420.4991931933578, 0.3552642065722738, 0.3725260964501119, 204.0272580100973, 96.89408493525313, 374.65093249588296]"
0.06525460751709408,14.108912126256875,1.0,0.6953428319724395,True,False,"[0.6106868055827634, 0.7973660295518588, 240.19068095420982, 100.01072711691661, 416.29882959885106, 0.2728027608884418, 0.3650826598340836, 203.27618442873285, 87.3262004395429, 366.6877174332526]"
0.06460206144192314,14.183489191626617,0.3152444535046312,0.7710495255646697,False,False,"[0.8090730228255361, 0.856038678039961, 241.0025135183701, 104.03192376893557, 417.548465143136, 0.26379186830602896, 0.35609012267991824, 205.52105388425719, 83.49982125281974, 355.64968601442376]"
0.0639560408275039,14.07866319161779,1.0,0.13580334387534798,True,False,"[0.5776965874773743, 0.8267738087012827, 247.06138729777913, 95.62631938151118, 421.51870982820105, 0.3529407062900669, 0.11443190777838641, 210.21951913048898, 85.6288492818058, 366.4498854922433]"
0.06331648041922887,14.070329844795147,1.0,0.5350663346056805,True,False,"[0.5534062518097704, 0.8569575654268137, 255.611713145268, 79.52348347036332, 419.590441214718, 0.5200955011079725, 0.19498245642605277, 213.13938267736725, 96.36102911643468, 367.1239776221656]"
0.06268331561503658,14.134988687161751,0.35646615160127115,0.07398347852066212,True,False,"[0.7374432777702854, 0.8169192255310469, 254.00256948523094, 80.02998009327163, 408.6541739799013, 0.5361071821525992, 0.16033283620223407, 202.45484118009264, 101.97568320935787, 370.353271903867]"
0.06205648245888622,14.133823506790716,1.0,0.8269328548598424,True,False,"[0.7972404720832269, 0.6569245793471838, 260.92914331642504, 80.36499702429062, 405.9057400401334, 0.4434534385122373, 0.17051855722782755, 207.18894896295043, 103.98290810094376, 365.7488914332445]"
0.06143591763429736,14.12621827259953,1.0,0.8099182963052468,True,False,"[0.7862534004044209, 0.6032722126831767, 264.395553695223, 75.36499735748892, 407.23071563453414, 0.3303137066932331, 0.10103964131432158, 201.43792650115662, 111.98295449434771, 360.88852653235455]"
0.06082155845795438,14.147318712059672,0.7068592669980859,0.2901951017693386,True,False,"[0.7843453125100971, 0.5332860289353603, 262.1429295220902, 74.81397829766807, 409.7553138258387, 0.288267246081532, 0.30747202909053045, 198.63715214482426, 116.41711736960791, 361.5902390993813]"
0.060213342873374834,14.175646811071692,0.6247134874682733,0.2553850394553293,True,False,"[0.9097401479604877, 0.5777769874903245, 268.48438534043345, 69.49161411538864, 411.86580385052423, 0.2691241300155237, 0.4807136085479716, 193.96672824488758, 123.69645194422593, 361.51846452153933]"
0.059611209444641086,14.173011403855314,1.0,0.6687824267228865,True,False,"[0.8966030230192336, 0.5348328483270147, 269.1217442242894, 62.68873372227778, 411.1467172199477, 0.23152388433307908, 0.5747734782001769, 192.18617977493685, 126.35188783651577, 364.3165783152554]"
0.059015097350194674,14.192059820563433,0.7241389919123048,0.38413230215188154,True,False,"[0.8629441218385184, 0.5438995620510394, 269.8341291667421, 80.22955596712667, 416.6575277777283, 0.19297643753897162, 0.5706295920393023, 173.1857324878397, 122.98953071623791, 362.68072665939945]"
0.058424946376692724,14.182538010229617,1.0,0.37573083528981643,True,False,"[0.7578771010241567, 0.46477891331348903, 268.2423352369326, 79.44988485472287, 416.4127406767484, 0.17601644353344315, 0.5609086071809325, 177.77049858503037, 123.07260090684271, 362.8113844926077]"
0.057840696912925794,14.182181312417182,1.0,0.2398040816742103,True,False,"[0.745693659690322, 0.40728494851810537, 269.3638076253598, 79.8062992182202, 407.08870826064776, 0.2334655807771618, 0.5962706527353687, 171.9590677440971, 129.47462736018275, 363.56707305966194]"
0.057262289943796535,14.181708906337992,1.0,0.5770247759942626,True,False,"[0.6103670158517789, 0.5372753977684144, 256.79502565587, 63.40686201886751, 403.99122672429183, 0.3247507177204962, 0.494134646582199, 168.18709418056616, 125.1619008187812, 360.0691078238079]"
0.05668966704435857,14.16975186676072,1.0,0.9198273926631491,True,False,"[0.6706092451003347, 0.5116219640483685, 258.22800365727676, 69.43135168856682, 401.2354231827427, 0.30268804815365097, 0.5571773225839358, 169.49972361713984, 112.54476760077767, 363.63825691066086]"
0.056122770373914985,14.157909592967917,1.0,0.5426771944313771,True,False,"[0.7526008046605652, 0.6081163896818402, 263.8706475854423, 87.72690831972622, 393.8844148282145, 0.44836260453020726, 0.701711296901705, 164.2361414134606, 115.44644836354209, 362.11146188450556]"
0.05556154267017584,14.212190238634628,0.3764589235894615,0.08795654086452032,True,False,"[0.8472188884926, 0.6875329127633507, 266.60870352595936, 96.19527016271758, 389.6685309466364, 0.62771469382696, 0.650257021749929, 166.7545358693352, 114.03285910955393, 362.76908875349625]"
0.05500592724347408,14.176636096679939,1.0,0.479372142300448,True,False,"[0.8030047861925429, 0.7459601487003206, 261.76407840884343, 92.47486335228355, 397.99584603204585, 0.49331672820152783, 0.49522262185300137, 167.23647668144517, 114.40485927679657, 363.35948280690894]"
0.05445586797103934,14.177948166570982,0.9761937602196502,0.07558568487245643,True,False,"[0.7063703950526643, 0.5948933789454964, 259.72471833225745, 87.76962190097316, 398.11870395114295, 0.48827103424672336, 0.5129249921544177, 167.93950749468834, 123.78998945590902, 360.83170574631845]"
0.053911309291328945,14.17979572006876,0.9663103338306072,0.3809020913196135,True,False,"[0.7583930472117049, 0.6215774378726344, 260.6192390933219, 95.17665994678468, 394.40114370611553, 0.4998655427092623, 0.42412109095784567, 163.89588493677576, 126.91564948388759, 361.13653756700376]"
0.053372196198415656,14.183264850710588,0.9370685538758421,0.7600841974572372,True,False,"[0.7783822192470325, 0.660778911907606, 258.4536895832165, 92.4544749807235, 385.9007035425065, 0.3647620975926864, 0.4212366736792213, 165.33430585372244, 121.829022405698, 349.1656481845067]"
0.052838474236431496,14.185192479421666,0.9641758960743282,0.07094589456724976,True,False,"[0.7392379918243397, 0.8296199069276847, 258.1945994411115, 81.21068229360662, 383.78198994555476, 0.29079127520556625, 0.4848850793692276, 162.96641024480084, 119.48371866484767, 351.86393421427124]"
0.05231008949406718,14.151412437852661,1.0,0.9746000444182282,True,False,"[0.6532421151500962, 0.8556518212060327, 257.48931699651973, 89.50751868099294, 388.8411189057651, 0.24330379361554386, 0.5497642590971652, 163.2447346665705, 112.70144489964498, 349.74238057533574]"
0.051786988599126504,14.13766025259116,1.0,0.6443184562812821,True,False,"[0.6545472762306841, 0.8187779528528838, 260.1166464199315, 84.95031045955692, 382.6178146348476, 0.31746545464021714, 0.5978555439576994, 172.39456058221649, 115.0692583402415, 352.3025380823687]"
0.05126911871313524,14.10623121079204,1.0,0.6858064308875581,True,False,"[0.6135960207525664, 0.8893739295479197, 263.89920699440705, 79.75760627399814, 381.8631394049953, 0.287590355289514, 0.6404579316825174, 178.55179627352442, 121.4815767852173, 353.8649879773237]"
0.050756427526003886,14.126906617934583,0.6654141871124247,0.6292972050218708,True,False,"[0.6127660603717875, 0.7476391299234444, 262.8364063035361, 77.26786247087924, 391.0113731691751, 0.4303311474125623, 0.5602600888388318, 175.87439460653678, 125.39418325700923, 346.75200528216703]"
0.05024886325074385,14.086035511610094,1.0,0.023033999709602404,True,False,"[0.4400114976186511, 0.8574882638034381, 262.5735301221004, 74.32990679671887, 385.2085069266722, 0.35009103401917957, 0.6073993523038401, 175.39053104523578, 125.54790262789115, 347.91841855806894]"
0.04974637461823641,14.151548051909721,0.2679564133952757,0.3031818990103561,False,False,"[0.3388750877000677, 0.8215373656297733, 260.6626118355423, 65.07426305960738, 392.63585361561985, 0.19985885160515773, 0.6164833076268588, 182.95237457382092, 138.80115569919678, 345.3690328243956]"
0.04924891087205405,14.165678352941793,0.1984636554361452,0.3592764008460717,False,False,"[0.608699869877411, 0.6727691059925325, 257.285796888129, 68.44265196291764, 389.5255582354738, 0.4035132365226407, 0.6693223118134769, 176.2142933394343, 121.10871806626793, 359.8265437518366]"
0.04875642176333351,14.116914016561907,0.5308255709828164,0.17492784447853493,True,False,"[0.4841747409068171, 0.8459006323806412, 263.96254161949037, 67.8208660634979, 385.54430209231305, 0.30863910304865094, 0.7640476622731215, 170.9968858085379, 129.1745180132015, 350.8794946248839]"
0.04826885754570017,14.177566635533893,0.28463204661907404,0.9713437453088508,False,False,"[0.45817113665832643, 0.7747105513155949, 255.51595818073255, 74.9866010922106, 387.3427401674111, 0.25662648677359196, 0.7172941985345165, 176.172780049757, 145.08377886224906, 347.12010162866]"
0.04778616897024317,14.101607142657537,1.0,0.05005027102775994,True,False,"[0.5272016734235863, 0.8739305601140807, 270.0872651380947, 72.10455404782138, 386.4223112359247, 0.2927847620524114, 0.6212281400423243, 165.35758565489775, 119.7304516307283, 350.58848274488224]"
0.04730830728054074,14.095649676513046,1.0,0.29974437614545124,True,False,"[0.38737607761303794, 0.9141669903604625, 273.8592134571415, 66.71616073597907, 380.91106257872127, 0.36013498438339797, 0.49357293113255507, 170.47970949133617, 133.0340914477699, 353.0178409674485]"
0.04683522420773533,14.163208174584666,0.23634280395013496,0.3608813460665192,False,False,"[0.2735927596854195, 0.7805007774944455, 275.3191221983105, 71.33738808243885, 384.8883231444484, 0.2401610184828784, 0.5107004928488812, 166.66136232591845, 135.29512497676572, 354.83450338748287]"
0.046366871965657974,14.126033236445855,0.5192935472554515,0.7989287796643899,False,False,"[0.33779257049529976, 0.830166841750673, 265.1424801004505, 63.80083352886554, 374.24033415467824, 0.49793569631136153, 0.44953813614998206, 171.83353363687974, 119.27895711684214, 357.7610632448847]"
0.045903203246001396,14.119786993847484,0.591064113937528,0.5389370984382988,True,False,"[0.5544371037639739, 0.8504827399095544, 275.266407213001, 54.57113133124108, 384.35599718473867, 0.3567521301804403, 0.4460779122174291, 168.3267924897251, 136.96304843014, 359.733158044184]"
0.045444171213541384,14.139952345959328,0.6416328507268981,0.28398880705898666,True,False,"[0.4686961744374068, 0.8389805936263834, 264.1668936342417, 46.503109112473254, 387.05837013133464, 0.319101908072684, 0.3439119040004728, 158.66785541472552, 139.14928351253926, 358.8232002703228]"
0.04498972950140597,14.140287660046564,0.9925745804515471,0.27272607304779073,True,False,"[0.4215277999859611, 0.6466060624081786, 262.6034932380917, 31.127761837977797, 390.0840315534877, 0.3491928505637797, 0.29024282343853436, 162.9777006369467, 113.36024039195462, 362.81348381938136]"
0.04453983220639191,14.142788465167868,0.9453995753052359,0.9349746489702541,True,False,"[0.43946283022863214, 0.7095111551739381, 261.49145591345274, 35.717857353330324, 393.1245727127417, 0.20571532642906556, 0.21262601388215546, 165.99774962048215, 120.00539231354294, 374.80408549017767]"
0.044094433884327995,14.129249666727766,1.0,0.24014160093129322,True,False,"[0.474197671594727, 0.7233656469812594, 262.52361774675535, 46.217925553071, 400.34668859334107, 0.22137008812370348, 0.1403552783958263, 161.89567171868532, 108.03083947565904, 376.6968820790659]"
0.04365348954548472,14.155203358150288,0.551817028801243,0.5340010638090826,True,False,"[0.5677383425455009, 0.6150612232521776, 260.8206390718784, 57.43182929815073, 402.34021173826176, 0.17869809603611447, 0.1439393408589037, 157.0088946537914, 110.63138888909445, 379.84560893566095]"
0.04321695465002987,14.177841156852155,0.5922552709646219,0.7950236155488695,False,False,"[0.6087390777557656, 0.5777809747835725, 264.30062687412925, 69.30404793716617, 402.6951854711797, 0.1337959309794292, 0.14428179472659725, 155.31942510197578, 119.8786336029826, 384.5851951653029]"
0.04278478510352957,14.141468349774486,1.0,0.4056492888940456,True,False,"[0.5659117883498557, 0.721831654746937, 258.27078667471903, 50.56446168724126, 400.17885100745053, 0.22731412052514866, 0.17181955157957057, 155.28141492271823, 102.91903994779285, 375.2840454651654]"
0.04235693725249428,14.140248556899877,1.0,0.8280438006507116,True,False,"[0.6315149647820494, 0.7492147709920669, 256.05386430363967, 50.322013685616575, 398.2268120161395, 0.23257605357030292, 0.26232022233561714, 164.17623055450008, 97.3724526599104, 375.27159676843087]"
0.04193336787996934,14.126153678779836,1.0,0.47240362840856487,True,False,"[0.6031285406627792, 0.6458532388204148, 265.62426287405907, 49.1675520650778, 401.1033917480727, 0.3777667204871965, 0.17632550385237955, 168.19506588760916, 83.90505782473588, 379.7681192180278]"
0.04151403420116965,14.112216615638463,1.0,0.3049199142695306,True,False,"[0.5518369922715042, 0.6707234354440499, 278.1871937250913, 25.95180741623675, 398.26809729465475, 0.4851224426935238, 0.14726574072065643, 172.81034626298046, 90.47205965351313, 378.2750642061347]"
0.04109889385915795,14.09950683251547,1.0,0.7302387329439495,True,False,"[0.5660659425827143, 0.7357513221740152, 279.2931308787747, 30.81243284757143, 395.14572162521404, 0.4429389241749735, 0.09402260385394275, 166.78919747321143, 94.14459767533415, 375.11710267082935]"
0.04068790492056637,14.114383414347188,0.6937617780262131,0.16496241521458643,True,False,"[0.5986993321779112, 0.7425961529004556, 275.0988152029983, 40.77887383588678, 397.854604892046, 0.5447144372243701, 0.18302375288929063, 168.52913491509273, 85.61586969129102, 379.33576316142694]"
0.040281025871360704,14.131904687381429,0.6472803056668424,0.5635484396702918,True,False,"[0.7120565610045697, 0.6066176938967274, 280.18193421028053, 31.88509645569674, 394.7135859671604, 0.740242102017855, 0.2324390135807944, 173.4700770058894, 93.16204592452982, 382.5892127929345]"
0.039878215612647094,14.114050733535455,1.0,0.4707905795965883,True,False,"[0.6105588449837477, 0.6037872563309963, 281.24418429736596, 24.589797282977706, 394.8157333531313, 0.6649146805360289, 0.3681587631520522, 180.9906923778178, 97.15392066815004, 385.57526357323337]"
0.03947943345652062,14.093784662028327,1.0,0.5433048394612855,True,False,"[0.6335583136648513, 0.7051640856714988, 289.1752093775249, 20.57191969120586, 393.6489057863525, 0.5477026571889991, 0.530759447290781, 183.25560366324353, 91.16566853529908, 386.49026959990346]"
0.039084639121955415,14.098696540778153,0.8819032971120844,0.92087461056358,False,False,"[0.6484022985104729, 0.8295637942338231, 291.54257244411184, 3.580414576825639, 383.47350218554726, 0.5336673221177428, 0.5184179650685673, 181.90923929984064, 107.99853305520367, 391.4430296342174]"
0.03869379273073586,14.099456391905896,0.8636567767851728,0.6640462285934499,True,False,"[0.6035797695723215, 0.702387917940922, 285.37576364391214, 9.0643860038805, 394.1539542474752, 0.5362154912208368, 0.46990504694670066, 182.34780908475227, 100.14565136961221, 379.7879792568978]"
0.0383068548034285,14.090366538460321,1.0,0.019796568375168966,True,False,"[0.579333763376233, 0.828496856884447, 294.7793774943664, 16.21411825878269, 397.53718618317384, 0.6621382932940527, 0.5697082807378054, 177.59252899961348, 96.63032976502208, 381.0661133648799]"
0.037923786255394214,14.127972567405248,0.37097479350954976,0.6167251784069048,False,False,"[0.6297201738931715, 0.7148471225049744, 298.0015009660136, 12.580291117555266, 392.03474645423523, 0.2550033795495631, 0.724186648321774, 182.20347343933497, 95.97060437757902, 380.11439378459966]"
0.03754454839284027,14.150273325137002,0.20278301065874982,0.3614632133168666,False,False,"[0.7684071377445875, 0.8755177811147175, 292.1663021664569, 31.02918260352289, 400.2976918353614, 0.6140397575517381, 0.5606423418671692, 179.27182233002722, 106.38268234236685, 382.31469835630503]"
0.037169102908911865,14.13960908256028,0.2658495692364993,0.40844615954597663,False,False,"[0.6175858785386398, 0.823814126301403, 290.92891752166656, 31.836927831981328, 390.1717344053714, 0.7663494785249644, 0.6614339356294331, 175.58834494592384, 104.13830877003252, 390.28093217888875]"
0.036797411879822745,14.112883067339407,0.5423166447629235,0.03617681323141875,True,False,"[0.7146193887959291, 0.7566915177299006, 295.184414353854, 15.670837363318453, 403.61299731620545, 0.5959335223673029, 0.4825923653924006, 183.37254148237977, 85.2846761261523, 389.71906776190224]"
0.036429437761024516,14.077609898300416,1.0,0.4688239063403631,True,False,"[0.49432026698981657, 0.7742896145848838, 297.18587679990975, 16.207070079307364, 395.61471392454393, 0.47615054704546167, 0.5156417839231368, 181.24671030383467, 80.30240304665813, 392.87821776406264]"
0.03606514338341427,14.073833391107554,1.0,0.5084784536687093,True,False,"[0.3897527066418883, 0.886231732317986, 296.1934506356982, 9.320071668813263, 410.2247584530496, 0.6293852909030859, 0.463448598521439, 188.49590075896364, 81.65331786510312, 384.6526039927539]"
0.03570449194958013,14.119072040812444,0.2816670319408166,0.20167752069228495,True,False,"[0.30637635261915674, 0.921884260949402, 294.1074107620629, 13.093464549127884, 413.0805034686774, 0.7693526018869709, 0.5431484350463545, 184.50903846324545, 70.68889763566158, 390.929495408947]"
0.03534744703008433,14.089777294680529,1.0,0.031887619890293095,True,False,"[0.4402740108348838, 0.793605906781675, 291.08779027785783, 13.157186860307819, 410.9942074791555, 0.6615588876814119, 0.46853673056999634, 184.54947838784278, 65.74786300474577, 392.4759408570948]"
0.03499397255978348,14.105579672497836,0.636625138746975,0.7519752225853193,False,False,"[0.31157219472852193, 0.828682103159428, 284.84654404301654, 14.570600510037789, 412.86024806632554, 0.6529117380203648, 0.448710133334041, 195.19526163593562, 67.55698623938027, 392.78003039400045]"
0.03464403283418565,14.079921211706427,1.0,0.9341038845114992,True,False,"[0.5784105232716414, 0.7094266199188738, 288.6906056746635, 9.187398868003461, 410.62198960433534, 0.6073355656082099, 0.5328239399930318, 186.21255157944063, 75.11966790699579, 395.70716901169095]"
0.03429759250584379,14.137059692649277,0.1890087708849041,0.4111907863855482,False,False,"[0.4500236828556551, 0.5192833918674865, 285.0385497722803, -6.638288323623684, 402.3872288757373, 0.6259218444459049, 0.411002273013351, 180.7870644475313, 69.31480402865262, 394.989708886865]"
0.03395461658078536,14.108815983154154,0.4269953671982435,0.012150169641137687,True,False,"[0.6885249645187, 0.7478998744999876, 286.3207457471178, 20.658664040921074, 418.152122458092, 0.6028313995942971, 0.40729427034952786, 185.15007956813463, 68.66128772472206, 392.78435778285643]"
0.0336150704149775,14.14019719129838,0.39315717520311816,0.7526795491518173,False,False,"[0.8377451326940436, 0.5867570308494877, 285.1177950634713, 5.781473454082814, 412.8100794537774, 0.6704562497679398, 0.39370806894044896, 180.64677723719632, 97.92203717970877, 390.3324141899338]"
0.03327891971082773,14.068850633186436,1.0,0.8017928486695286,True,False,"[0.4947197573437564, 0.8748303728555263, 275.41458252517043, 17.138408803111833, 418.9029494339796, 0.638335464720443, 0.43677673664764155, 176.89776946263495, 63.12996744346526, 389.5554880271727]"
0.03294613051371945,14.05900348868474,1.0,0.2960513677775791,True,False,"[0.49794065787161884, 0.8951881581201917, 272.3520746877489, 15.355034215877813, 410.92967056340103, 0.6127112917011786, 0.4161005141796814, 180.9383342665072, 66.21220833010771, 396.745678857204]"
0.03261666920858226,14.081418849902064,0.5029641589561581,0.5531109690537819,False,False,"[0.36607095170614246, 0.893038810285433, 271.9482650013293, 6.203430865325391, 405.0414935388104, 0.5399830881669243, 0.4068899515011219, 181.76976728565796, 69.98281235572988, 403.5064182993062]"
0.032290502516496435,14.04684271138079,1.0,0.04755690189509165,True,False,"[0.4554996963990706, 0.9257480104255771, 270.28232424163764, 26.696213743724066, 405.2157899744575, 0.5726812908586812, 0.4642670213861343, 181.54088441159556, 76.02065935365462, 403.6703321273632]"
0.03196759749133147,14.067006776410697,0.5321841345566936,0.5183293987243071,True,False,"[0.49227968532344435, 0.8729561874169639, 274.1606462404747, 31.774257216976675, 407.51427388278006, 0.6260510415510696, 0.49454345965950103, 184.52912278564762, 83.88278727062726, 401.006003800581]"
0.031647921516418154,14.100665000504886,0.3452381395193665,0.8440372357876215,False,False,"[0.39533593875908535, 0.7559864787155208, 277.07973654581957, 27.67377099944108, 405.87017449808, 0.5788638555147648, 0.5058050099731808, 182.8662605493672, 76.49875794221842, 404.73974492369473]"
0.031331442301253974,14.083398115554921,0.5926451726869317,0.47042887298736924,True,False,"[0.455061102403141, 0.8121687315834734, 274.79089886319605, 16.28744481151953, 413.38961469374345, 0.60878749836312, 0.42476945566806856, 188.09190975198757, 76.15694982379861, 400.11275012750207]"
0.031018127878241434,14.109666233589676,0.4287576553010502,0.47717719608938536,False,False,"[0.4284260609485747, 0.7605486035623841, 282.7507312967551, 19.561826341525467, 424.3356109723771, 0.7151494408501687, 0.5148941015684245, 180.15992060984138, 75.923830115888, 402.86431575667274]"
0.03070794659945902,14.094095362435585,0.7058487120310768,0.4704360935753452,True,False,"[0.5468917867536278, 0.7773389189106648, 271.04859088290465, 27.075631565356723, 413.4843703224987, 0.5709660163225971, 0.33116398876461284, 180.64477587667878, 68.42295981575234, 394.06640140772436]"
0.03040086713346443,14.114948886078206,0.5036107623129519,0.904233695374178,False,False,"[0.7008591476548105, 0.6584472974628631, 269.2460870425768, 9.376272279067727, 415.5210675630652, 0.5400784298353928, 0.30676959586439734, 185.9441414034394, 52.804123278856295, 394.9424534921481]"
0.030096858462129783,14.107727446806084,0.6357559969421802,0.8547091265194469,False,False,"[0.5560649464953521, 0.6683491357634262, 270.8300507977437, 23.56195552504019, 408.0952865999827, 0.6065176720028127, 0.32977686307206644, 180.3676346723112, 73.11356195232274, 399.2493462261705]"
0.029795889877508485,14.066063244787879,1.0,0.1676575837912916,True,False,"[0.46032062374984584, 0.8787310984964588, 269.2416740366806, 10.187699270905796, 419.1803823008497, 0.46737693399641483, 0.21722728875738584, 178.17239880732984, 54.490020708445535, 398.32131458921504]"
0.0294979309787334,14.076182385060083,0.7096057363435732,0.8298992028878956,False,False,"[0.47503528976832476, 0.7258919392351857, 268.33762414460904, 11.455759899292818, 416.5527647581361, 0.5388906776041225, 0.0724196622356133, 182.5316995272237, 40.99772650458576, 389.8544423994408]"
0.029202951668946063,14.085230273983246,0.5187471176863836,0.991892903609607,False,False,"[0.41009562612817074, 0.840592857893636, 268.0473550814906, 6.314251922744823, 416.3162333343051, 0.37845514454992546, 0.24307042160410536, 179.37316055123497, 56.04956387346588, 396.1564716783192]"
0.028910922152256602,14.102450081768133,0.28405583802563944,0.9529225920548352,False,False,"[0.42252953429571155, 0.7577347420478443, 264.6955330095672, -2.788728788938604, 415.9000325964542, 0.46836993090844375, 0.2576295399329967, 173.88022309690385, 57.11026314770631, 402.32992237249516]"
0.028621812930734035,14.057788808173827,1.0,0.6197986563328733,True,False,"[0.40387492841703077, 0.9128763632675404, 264.60551139068724, 24.11892699379082, 417.2984668054202, 0.3996907476893115, 0.11830847953579889, 175.55297133278512, 64.35761490238905, 403.3915225953953]"
0.028335594801426695,14.07854783744758,0.4806513350919692,0.02377767339446546,True,False,"[0.38737102938330026, 0.897819080543397, 272.07174318514143, 5.774543204382368, 427.4381215066429, 0.2592905785575562, 0.20698488275980942, 177.0395388277472, 62.22190362628294, 409.1722006512408]"
0.028052238853412428,14.049572279785938,1.0,0.6812644427009701,True,False,"[0.4611540064700339, 0.931538550512442, 269.7093752777616, 16.849155528573565, 427.2275578843422, 0.3216368144401958, 0.19564488728043816, 171.28927047722206, 47.57810763153983, 408.4755323082274]"
0.027771716464878304,14.093829988429285,0.20318766847316766,0.2396699584529699,False,False,"[0.35125821432409776, 0.8882605081699032, 269.59359356991166, 15.384027657053823, 426.46943238325525, 0.31096446450618864, 0.18522289749222495, 171.9821137298265, 51.84810543712692, 415.7114520004511]"
0.02749399930022952,14.06967679848887,0.48131517800987705,0.18859698081402765,True,False,"[0.39190513001489563, 0.9173537681234792, 274.80416283305846, 13.585581064932883, 426.16165261493774, 0.439039508653598, 0.1927871386687879, 167.50343580291508, 53.79551287765663, 406.62137767916585]"
0.027219059307227223,14.088813534803345,0.4950661750342212,0.930310724649405,False,False,"[0.4200887065533134, 0.8315442064360292, 273.5383173181378, -6.269654917059123, 423.74403187408114, 0.4687026485587215, 0.2665941425887544, 171.61728031902908, 51.35506700433587, 403.206295739809]"
0.02694686871415495,14.107949434508612,0.24164152805001254,0.2608460231143198,False,False,"[0.5466804964326225, 0.749638259722699, 277.196893418736, 5.754459052397235, 433.8519625823765, 0.45506018839347334, 0.21135808381468868, 161.55056098364264, 56.746376158449124, 413.92738135407365]"
0.0266774000270134,14.095230846443778,0.38370116476805505,0.9463015751231161,False,False,"[0.3709849471519913, 0.8576525689639096, 276.9655973133426, -5.0139351786078645, 422.50254665238293, 0.49479011484157626, 0.38589321143096245, 169.8545155188557, 64.33131565158375, 399.14967298637805]"
0.026410626026743263,14.085792985008997,0.5432335190185824,0.5847570684111307,False,False,"[0.47328287599105445, 0.8287275506186429, 277.0409159431345, 6.016006474853208, 417.1702703469572, 0.42518215951510313, 0.18294857440658271, 169.15975896190326, 64.28833308558032, 409.3345770714704]"
0.02614651976647583,14.137576559916173,0.0745045703914882,0.21370640054097934,False,False,"[0.19326037932527562, 0.8528281101434817, 277.1775933666592, 22.56867622929616, 432.1034885794636, 0.44258808234525887, 0.08355169117474258, 168.9062692171397, 55.199116221557155, 415.0951751879982]"
0.025885054568811072,14.101400076683948,0.2935978842585415,0.8299026174299131,False,False,"[0.3386940011782032, 0.8628184332378278, 276.2360973641534, 28.901427637984213, 422.92284302072113, 0.5240973342158641, 0.292191461397156, 172.46382388224515, 51.399422241553815, 404.0919466648979]"
0.02562620402312296,14.112141420613312,0.19069535478554217,0.24376077437889765,False,False,"[0.34432483414522486, 0.6628827850931789, 274.488385944511, 7.996905381063711, 430.99460576881825, 0.38893528158730206, 0.1739702466862217, 181.04333434022698, 63.53139048929069, 412.72294479207227]"
0.025369941982891733,14.084357124953574,0.5606545290529662,0.9201365824206225,False,False,"[0.37161922323599433, 0.9239677096029184, 281.1437505354282, 14.770421864564295, 427.6692792939997, 0.3812045821770359, 0.20793167343922322, 159.0333633832299, 68.21436259542457, 400.3162007053658]"
0.025116242563062816,14.086084425878848,0.5203427262271999,0.9469267924307515,False,False,"[0.3482436531383553, 0.925405318539674, 269.9011516327294, 17.5147888499478, 430.6955060257674, 0.23450810203928577, 0.16974511898666017, 173.4022415541104, 47.38604438702323, 408.18015073042096]"
0.02486508013743219,14.061923084961801,1.0,0.8723315239140867,True,False,"[0.39526256667316195, 0.8941403283789716, 275.3515057587785, 14.60597388016605, 430.3883003085747, 0.34695449812843965, 0.09490598932840812, 175.22797885534266, 56.13887266113372, 406.6546739037515]"
0.024616429336057868,14.072745307418613,0.6442720987953535,0.3442646259995332,True,False,"[0.392451534453208, 0.9264546593341322, 272.1041164628052, 19.727924309679373, 437.6574007078173, 0.19357813841784738, 0.18493931826447976, 166.47346934450812, 56.75483258871397, 405.8033549095321]"
0.02437026504269729,14.074051471109502,0.9478143643529028,0.43521715921650683,True,False,"[0.41684773797189323, 0.8924172353898047, 274.8692925240509, 18.322892349262357, 446.83754821944245, 0.4921577113639402, 0.17202138203194947, 165.1741933908031, 54.576176471335934, 415.19109427796883]"
0.024126562392270314,14.195197031383152,0.006596260115680496,0.4653648959309793,False,False,"[0.18912386193367864, 0.9254022740558957, 275.78425567719313, 26.361710272802696, 440.8391863078081, 0.6103831946057114, 0.14350861660727277, 160.91420797294109, 50.37894671657876, 433.59655215106835]"
0.02388529676834761,14.125086400380276,0.11804762166834687,0.8418869562883062,False,False,"[0.3246927808037703, 0.6752053942501596, 280.2333255723953, 3.9478770669757424, 438.74002960294825, 0.5238891884809611, 0.29283939264494707, 162.70146692817733, 51.33373910510453, 413.6645963939713]"
0.023646443800664135,14.125914340686425,0.11155216268495279,0.1664981941392687,False,False,"[0.2768828199408083, 0.8333211089353741, 280.36564983364326, 30.74854866951994, 449.2111748301606, 0.4533335898914766, 0.22239080262596542, 164.97064111541795, 34.37250473323401, 414.5038787281068]"
0.023409979362657495,14.127404874611088,0.10237753046834996,0.39433854587462414,False,False,"[0.2744661485496984, 0.78901010459203, 279.2404127481144, 5.462988139530058, 443.45176604655416, 0.4532065100655802, 0.2777830484839942, 167.1106283998625, 50.62391390035154, 408.89768193392564]"
0.02317587956903092,14.06688808982437,1.0,0.8131262592915626,True,False,"[0.4487916572580027, 0.9015514978513123, 271.3379593381706, 15.770405852467295, 450.73740633118746, 0.47719207320199997, 0.15092186776554745, 163.66524938988005, 61.41550540151692, 417.249544257165]"
0.02294412077334061,14.075025049730574,0.701424171135904,0.418093659530803,True,False,"[0.4638605455328179, 0.8119532754059803, 273.356852969604, 7.210316636537705, 457.5892366005026, 0.3898591112237171, 0.0742956541665103, 168.71753374105083, 82.75622078887446, 415.55312946482843]"
0.0227146795656072,14.106488855198513,0.25028000576717085,0.04598509990794075,True,False,"[0.390077558101386, 0.7850804176161107, 274.1139368507522, 5.117500747036814, 465.8580805060604, 0.42951018661957796, 0.16249474970629735, 166.2563306417194, 66.53120122174894, 415.4564699769978]"
0.022487532769951128,14.114856739772788,0.6892769233041897,0.2986986557381196,True,False,"[0.42569880478910077, 0.7461154413292059, 267.5900400571134, -1.6294668977387534, 469.5701600568391, 0.38137755432753656, 0.2970586331342612, 167.4890696120346, 82.64348001001143, 420.51647335416806]"
0.022262657442251615,14.129141398311766,0.5264272613911024,0.34367870368747877,True,False,"[0.43225449990861053, 0.713377741267922, 277.0580146662119, -6.136594597831934, 473.23170269995575, 0.4399814331800329, 0.2333033798595643, 161.46700808498295, 106.08012439958925, 421.2388679690789]"
0.0220400308678291,14.140211526174642,0.6051531572624987,0.7600973906399536,False,False,"[0.41795160934627734, 0.5561310351680475, 277.4721589183745, -9.460969141186165, 470.5852949343727, 0.5035841022773438, 0.27099578155464027, 161.78346824645408, 115.55342625255695, 427.5778068257083]"
0.02181963055915081,14.130172663492212,0.9538363315563577,0.15514581372989278,True,False,"[0.44128016802944126, 0.4693861040638837, 273.9588687189067, 6.4753503912187025, 477.9266227580215, 0.5339267858374084, 0.1779707579111822, 161.32963788024307, 88.6960758187017, 411.1114585743752]"
0.0216014342535593,14.138909228930153,0.667347908698613,0.9995210838530588,False,False,"[0.38237621087764473, 0.5683664529327314, 279.95093073713235, 14.387169872033699, 474.2100069921507, 0.6116461262451629, 0.20687892225153937, 159.31717891471055, 88.3434232226522, 407.20945730710014]"
0.021385419911023707,14.130292837756638,0.9943963111326731,0.045076913879437575,True,False,"[0.43233308494077216, 0.32924022912100437, 276.1035185245405, 21.5460433210206, 480.2812034974533, 0.512550619041624, 0.20764326402863334, 161.99323477343344, 96.80781833791764, 416.4609898721308]"
0.02117156571191347,14.121831286133641,1.0,0.10184574975029048,True,False,"[0.42324052641133575, 0.45978976552230744, 272.7594518956789, 15.441594104156193, 474.78487867573864, 0.5762381742954644, 0.0993513858513754, 160.32827511212818, 84.01419435952661, 423.6174072691957]"
0.020959850054794334,14.139472767426298,0.4309859676496561,0.9681102890653498,False,False,"[0.36454320497034803, 0.4685448158743606, 268.2562359044072, 4.608704553907836, 469.49503192728594, 0.5009849018301261, 0.2459552188405091, 161.94479631467763, 93.00787873458717, 420.720304693058]"
0.02075025155424639,14.12639757220046,0.8024712009218998,0.042459562857470545,True,False,"[0.4124253926734933, 0.55782557120418, 271.8236816442321, 12.871973836035014, 480.12037167793994, 0.5279070633641907, 0.160669277712955, 163.69656534806884, 79.09297246629524, 421.9198183673158]"
0.020542749038703925,14.133127638727546,0.7206420335351906,0.6637508124426051,True,False,"[0.40062248330111394, 0.5251338922310108, 272.65011924165304, 12.121717404801561, 479.5788127692516, 0.5614845967327242, 0.2648189151999505, 163.05513205046537, 76.04815269029194, 428.3056818367041]"
0.020337321548316883,14.13723556688767,0.8171033970263187,0.2874809685689429,True,False,"[0.25305562356107325, 0.5061361123772489, 286.0015827230204, 16.354941058921167, 478.20034364628845, 0.5245280264160329, 0.20332283070301693, 169.24944297755053, 87.51352408866933, 432.61792714433284]"
0.020133948332833714,14.142664370650259,0.7636586868096817,0.17650558845003195,True,False,"[0.2571125148044422, 0.6067116450822989, 286.4807585756131, 16.101850835659615, 482.34360219636, 0.4957072069916423, 0.3385550485141011, 166.813930089692, 95.34558407286674, 431.05395916998543]"
0.019932608849505377,14.1421401781035,1.0,0.8872510406572308,True,False,"[0.24150528961004933, 0.698417353461242, 283.90395466666854, 22.675047449630632, 483.0212405519466, 0.5664573911391901, 0.2750178559696309, 173.27401084194662, 102.80513404796227, 438.52106257840995]"
0.019733282761010322,14.14057569653033,1.0,0.9273445001960363,True,False,"[0.2563692969052933, 0.7344346095668389, 280.17766570791093, 24.07422006990577, 478.3895829771783, 0.6881855923856891, 0.30344625567594485, 173.69235989567392, 90.7173108434029, 439.01367060895745]"
0.01953594993340022,14.185760032528977,0.09897564796789583,0.5083637764406305,False,False,"[0.09833239026380552, 0.7980494447612357, 281.58726021515, 16.87232457456867, 486.3751100560399, 0.7969605833465776, 0.4787559367030837, 172.9893513114771, 82.68758996740195, 436.38767616221526]"
0.019340590434066215,14.138420811763556,1.0,0.9337053049031337,True,False,"[0.21052779435292898, 0.7397539885160067, 282.41816331343256, 12.9114090458195, 470.29258691306234, 0.7817224897139107, 0.11607162503759391, 177.81603449895647, 95.23127241565071, 442.7347623218636]"
0.019147184529725553,14.135853335964669,1.0,0.7412362027828968,True,False,"[0.24494608395651699, 0.6804646931262581, 277.0785504257755, 18.707399289677944, 469.9307404483726, 0.7070177425884449, 0.2558711032767442, 182.3254255808782, 87.77900829234785, 438.56045396977476]"
0.0189557126844283,14.14570514652991,0.5946824074522742,0.30668507859727967,True,False,"[0.2125055225078806, 0.807343334569833, 276.1328155957594, 22.768634405937537, 472.97739242847615, 0.7099251804712685, 0.19678718555980332, 182.37850365827157, 89.47074024045904, 436.0863857989913]"
0.018766155557584017,14.152926496343772,0.6805819108539415,0.030789329150783473,True,False,"[0.23281705965780586, 0.8827162195983257, 285.83949981771076, 35.63405897280164, 472.5240043776894, 0.7782305621812037, 0.16681762527950902, 180.43160203850698, 96.69523479994953, 433.99862830622885]"
0.018578494002008176,14.133224380565718,1.0,0.7089881890807679,True,False,"[0.27002555495031894, 0.8901663112206266, 276.4124693657486, 32.465143448297695, 464.39549511266733, 0.8245359761532596, 0.10455037432941758, 187.73758627578343, 103.68283210066329, 436.89945506345276]"
0.018392709061988095,14.109535034965663,1.0,0.45375506942652466,True,False,"[0.31183734938779095, 0.8126348657545077, 265.7761553829852, 42.87181364935607, 461.8395529625472, 0.7130657196675743, 0.10420108905777055, 185.93743224967878, 91.07705760361524, 441.3009156851755]"
0.018208781971368215,14.141592115620885,0.17195395227320903,0.6174555689813045,False,False,"[0.20440198391780262, 0.7511046982691433, 263.5034327276166, 15.339259176463337, 462.13679465828716, 0.7440668801173866, 0.12061795575465582, 177.24338572225858, 82.86859715763238, 444.8985535449067]"
0.018026694151654532,14.14389455766571,0.14866858602742153,0.7131977111008091,False,False,"[0.22703270283536936, 0.7083429231501414, 261.92051030530246, 36.953154566289655, 454.8925994810254, 0.8045011529251312, 0.1392920844756375, 184.65462034720176, 104.88353887624233, 443.4865241864046]"
0.017846427210137985,14.136214387072343,0.22426188144495918,0.04877344152242813,True,False,"[0.14912599584367872, 0.7051784408820213, 272.36330218978514, 42.001784293340734, 455.4558715480069, 0.7504757682058129, 0.1101612039595033, 192.74424433995375, 86.46057981757286, 438.0765207501765]"
0.017667962938036606,14.12603124802412,1.0,0.5019544240986187,True,False,"[0.14046178251188618, 0.7169576217830024, 273.2940513650606, 58.713297765486104, 454.70076668740023, 0.6928944633147677, 0.0797506117259464, 200.03347597973783, 91.76395627165941, 434.57986131379533]"
0.01749128330865624,14.125548926726067,1.0,0.06152349910539823,True,False,"[0.22444609421491152, 0.7985832301812292, 277.6550157997398, 50.526848789894984, 442.4213628568223, 0.795995276431974, 0.09694429405201893, 196.9810649474327, 89.39296842188502, 433.41720797903]"
0.01731637047556968,14.102926303584793,1.0,0.6454089686912663,True,False,"[0.32964699627657107, 0.8785848137918583, 272.1803316395832, 51.28212480161118, 436.2749308474388, 0.8421423215236254, 0.17087832512060833, 193.1069757442407, 78.48301470581558, 429.3239996882654]"
0.017143206770813983,14.066745895075398,1.0,0.8509898702284497,True,False,"[0.3813828027757302, 0.9047612972193034, 260.25874892736147, 49.4422162827869, 436.98926142831743, 0.8322861850362635, 0.09429155208570557, 188.3116139643178, 73.79203470288736, 433.22019107802765]"
0.016971774703105843,14.081138284316667,0.42826243398762415,0.1660087230809435,True,False,"[0.360250923142379, 0.8937604711129414, 264.32593371998433, 70.25056883674918, 433.71504709821045, 0.6342968343729258, 0.1762456949487956, 188.29554861697514, 78.082938404212, 429.3470039189541]"
0.016802056956074785,14.089191507462672,0.619216793277283,0.05206607975037714,True,False,"[0.4521315458987382, 0.8370451107587328, 269.61582215170534, 69.65670247155043, 434.6979630967885, 0.7475141572779701, 0.39579308262679935, 186.89850531602445, 84.78113484977695, 424.88072099518774]"
0.016634036386514037,14.080350989029032,1.0,0.3732042871789929,True,False,"[0.5086994041546944, 0.8943989123567976, 271.62120837215406, 74.35424174624632, 430.41557242405844, 0.7922147317069089, 0.43724349080301766, 172.63668692177058, 78.0527293946848, 431.23667887058775]"
0.016467696022648897,14.13177011979198,0.044050257116267116,0.790990669821336,False,False,"[0.4050036407348083, 0.6909246053003887, 274.6126885062523, 65.00841322137742, 428.24577340101246, 0.6264139459135735, 0.6704848501805851, 177.5172055202531, 64.53240402368387, 437.1253090716373]"
0.01630301906242241,14.057442832683456,1.0,0.2863257906511555,True,False,"[0.5151305865635981, 0.9259758634100744, 271.40994636051977, 78.44689811947809, 433.294608353557, 0.7160922420034286, 0.4896573838254254, 177.5466611797882, 68.06695114253648, 431.1528253844984]"
0.016139988871798187,14.082498401048598,0.21174116203731128,0.16535149784062608,True,False,"[0.5599530312435952, 0.8640140530569077, 264.790422176967, 71.5009698643768, 437.92089438394027, 0.6898301684300605, 0.5001015353878671, 180.56414171773838, 71.49091285173876, 431.248832590347]"
0.015978588983080206,14.08694349408378,0.7571525049754158,0.6777691042435505,True,False,"[0.5596347686892372, 0.8915850912488134, 262.2367866945967, 76.02495557317965, 430.65995367647605, 0.8218927873256789, 0.4604482241160702, 183.73398007535135, 83.41561904405948, 429.05910543927837]"
0.015818803093249404,14.079517624364188,1.0,0.5756803685679841,True,False,"[0.49965948910868674, 0.8522118821688269, 258.457358630182, 87.00368075447552, 434.24560277089347, 0.6816176101512335, 0.5082367750308954, 183.10757817079005, 66.87319765861145, 431.35790356291085]"
0.01566061506231691,14.125210725016787,0.054057449224830266,0.6208486553017286,False,False,"[0.6822412128613291, 0.7369135497169258, 255.81330582684032, 92.05818594851087, 431.12637556041767, 0.6463849765076417, 0.3625951653951847, 177.5368984642874, 55.84530058553693, 427.2701452898061]"
0.015504008911693743,14.06906906477145,1.0,0.6399459709930205,True,False,"[0.37598269804985296, 0.904587861912699, 266.3879172282243, 71.97057349207003, 424.3141972430789, 0.5930368044808734, 0.5262114595570082, 180.182740269974, 63.20540967424954, 437.77407351008543]"
0.015348968822576805,14.116579398431503,0.04525945495685265,0.870930791931406,False,False,"[0.32668301212547485, 0.7441533944631649, 267.15791211108575, 83.77353326883905, 413.1555123892052, 0.5340633581090244, 0.5669692124076299, 181.09497684404133, 63.611329779655094, 429.8647272951621]"
0.015195479134351037,14.06318178253336,1.0,0.5564883053464893,True,False,"[0.5196533214534138, 0.9127919110514958, 267.3203955642992, 66.8719011164521, 422.1998942782104, 0.7229369127826704, 0.2921554728251412, 172.41137011219067, 60.188293060284025, 433.91672184558615]"
0.015043524343007526,14.120357495503093,0.022355429864847717,0.7654389406078876,False,False,"[0.3809564242825128, 0.7535369264394804, 268.9859904892815, 59.70964955842905, 413.51233586240784, 0.7409060315196115, 0.33324323483119794, 176.52339462259843, 85.93402838147705, 447.2429844422636]"
0.01489308909957745,14.103689224605668,0.06588254090836881,0.40475248640926653,False,False,"[0.5347235611191876, 0.8346201567268505, 271.98437935152486, 68.21270797340311, 418.3925851378796, 0.8243006222694842, 0.2747290909257363, 167.40582696664666, 76.20925305853477, 437.8583871970613]"
0.014744158208581677,14.10107184963094,0.07654810584460314,0.3301959909935329,False,False,"[0.3470419118052607, 0.8898511105623299, 262.32478058987743, 61.80830250274063, 412.43550450754435, 0.723221010432771, 0.4892142552735619, 175.1555617209713, 71.84984866436076, 428.7228562061345]"
0.01459671662649586,14.105565412646698,0.054823225065064464,0.19130801434182032,False,False,"[0.3839867606203313, 0.8162487226890582, 274.01856798415855, 78.71454231843748, 421.5755430805069, 0.7355799659102457, 0.3583425905948107, 170.4846111279463, 55.046455044853055, 435.6089615655577]"
0.0144507494602309,14.084899257857067,0.22249258100848537,0.3068088018022995,False,False,"[0.36277518674135467, 0.9178489594409303, 272.24766372376274, 65.22014621657488, 421.28651361082285, 0.8077362015797983, 0.34784461561740115, 175.2460668521448, 65.66095453692316, 424.74374246689143]"
0.014306241965628592,14.156362498020227,0.0014835893489931052,0.10818846737870957,False,False,"[0.7088631295563632, 0.8228528480734415, 265.5832823298339, 47.735063837135456, 428.06573895353364, 0.8878399589339281, 0.3502814483075979, 172.07445560893598, 67.0081052628209, 424.9280476168527]"
0.014163179545972305,14.07125338484245,0.5655817430570275,0.9419780705118377,False,False,"[0.45474948493020084, 0.8377066134469877, 265.40828084911254, 60.89710438279429, 424.48148676430316, 0.7362860738770307, 0.08655175695065029, 179.0484114745351, 74.57060567169688, 434.6341334331787]"
0.014021547750512581,14.087276658885408,0.17934970195481026,0.544598432194837,False,False,"[0.4317356310415638, 0.8581569873355654, 258.8238698275131, 55.402599235121876, 430.0654070812632, 0.7118689844327221, 0.21195030050181515, 167.85022156439015, 60.40417917586856, 436.80840878687195]"
0.013881332273007455,14.117972032363753,0.019311674262712245,0.8992358667539442,False,False,"[0.6408385194545728, 0.825109111066731, 270.0785423315547, 56.896007502349846, 419.1398673989135, 0.853846800236908, 0.3491294710490061, 177.2009519118509, 45.64009563173741, 425.89713472324064]"
0.01374251895027738,14.152412720471578,0.0015139161977893874,0.43777926513624954,False,False,"[0.7034810502525486, 0.9165928580349939, 265.0567139901156, 67.96139428891362, 419.6792654821762, 0.7380581784412327, 0.3032100600492123, 163.34333235227606, 57.52557765327212, 432.5635395626427]"
0.013605093760774605,14.083207896701891,0.22947594125205933,0.8181052694232693,False,False,"[0.6199173851304799, 0.9045413181964665, 268.03576464357735, 60.613628900116375, 431.64189383794854, 0.5877983007023625, 0.469507914565956, 171.1443175420416, 59.552191409257325, 438.29632423801115]"
0.01346904282316686,14.071354343974456,0.5451107401180257,0.0906235260836612,True,False,"[0.5861134692066808, 0.922786600328972, 262.8970356351761, 53.66133612297429, 421.4741710299086, 0.6991541170885147, 0.36362457593783615, 173.07515120553128, 66.74362689148698, 437.6572147216507]"
0.013334352394935191,14.069737072006918,1.0,0.5627495940328113,True,False,"[0.5514562507258673, 0.9089085007277069, 263.67942612399025, 51.61406865404679, 426.48264087764954, 0.7364051283926305, 0.2296280557555329, 169.72283338852742, 60.25027788409648, 441.55259100054764]"
0.01320100887098584,14.078398337406398,0.5188677092910854,0.16912130112155055,True,False,"[0.5666420935822848, 0.9126378367860264, 268.6115576010491, 59.87621169040507, 431.7078406969489, 0.7636511379571105, 0.4494494064985505, 163.9585099905125, 50.09953975812612, 433.4190412142347]"
0.01306899878227598,14.057426570109822,1.0,0.5959061660799025,True,False,"[0.5264126787403407, 0.9253511789980133, 276.384486928412, 59.893513661138236, 433.4351370872418, 0.6762683104274594, 0.23171891199673722, 164.86680947252685, 31.43973725563477, 427.6944275499968]"
0.012938308794453221,14.103320605027848,0.028806815620852258,0.41531371838447073,False,False,"[0.4855328739753453, 0.7685242215392689, 282.9318514652228, 49.66809644008071, 423.7159543665319, 0.695417953444971, 0.28935530890376127, 160.6479729425576, 15.54212945669238, 426.4634092939392]"
0.012808925706508689,14.115903897119363,0.010406156740939457,0.5140280262130018,False,False,"[0.6726479772490438, 0.6542914708153913, 275.13188809748743, 69.74830332225552, 433.77271054601056, 0.7641764008585384, 0.10390142745765724, 167.50775209208345, 24.094981941299327, 432.06162639274504]"
0.012680836449443601,14.077195943467773,0.21034715282286076,0.19897141037171562,True,False,"[0.4904277450601139, 0.8971338767679691, 276.7371171189907, 42.18753900819833, 427.534203203981, 0.7831704712709222, 0.31970090304471505, 157.8230791109933, 40.471234620250186, 432.94229522387434]"
0.012554028084949166,14.088835226676451,0.3956855895362167,0.3962516563446725,False,False,"[0.5356106439957967, 0.8530459242014811, 280.973733334153, 37.9693687071493, 427.8239018126583, 0.7202702069356823, 0.4977054671983804, 160.2955225840371, 32.75143231175289, 427.01419640830153]"
0.012428487804099674,14.09212272284824,0.30088916085418005,0.9972074893459763,False,False,"[0.43474384007266553, 0.8770864526743917, 275.0557914526477, 31.41267140466576, 429.82683592936183, 0.7857835501641762, 0.3734290652051757, 156.98116565440787, 49.837086341883946, 430.30627301759074]"
0.012304202926058678,14.119745367760679,0.031488869539925454,0.30114077818387686,False,False,"[0.6532597935223837, 0.8582294317163488, 275.18668192156684, 41.376835193767214, 433.0176141206821, 0.8207032856276365, 0.30423977390691936, 162.26619618918738, 45.49686782384427, 443.7600278494739]"
0.01218116089679809,14.112108810312723,0.056918420672350735,0.7080877673533715,False,False,"[0.4696340762884717, 0.7276107530399085, 268.4297387305758, 34.11554299409009, 424.018698354228, 0.7094566143916643, 0.1542758496477827, 157.93465595398496, 38.208407015504534, 431.72790978807467]"
0.01205934928783011,14.092084481846472,0.2909495332725373,0.48587699295044684,False,False,"[0.5985419871915234, 0.8781900375691508, 266.8099515207232, 29.77980816745426, 435.0722853573069, 0.5717416857769766, 0.1685273492271279, 151.45330327263403, 38.111280971858754, 428.4692454986254]"
0.011938755794951808,14.092681762478312,0.27332193460994336,0.5841798495723994,False,False,"[0.43586254358338217, 0.8740433343906163, 270.8922687988705, 32.059301067419895, 432.2319044962246, 0.8059956125944001, 0.34872209711621993, 156.41286155183616, 35.835656584983944, 426.9317871739263]"
0.01181936823700229,14.068398677131135,1.0,0.5470249217157901,True,False,"[0.44392872527237703, 0.9204082267554652, 278.45565273486085, 41.42196962418604, 425.53577802215625, 0.7561673259931867, 0.2920667651198308, 159.17977979403253, 50.449958939617986, 434.435017865633]"
0.011701174554632267,14.07340878977573,0.6516994614050582,0.5992457391037673,True,False,"[0.5303673863307237, 0.8573656620035461, 282.8745618074165, 49.71133971112202, 429.01506393326406, 0.6759006527788394, 0.07698130636535222, 145.21912550229214, 53.61518668867363, 427.4367969959718]"
0.011584162809085944,14.074532342428565,0.9075647133604446,0.6603518418626657,True,False,"[0.49034106259838284, 0.9055383514569858, 287.3171650603819, 61.07185906337848, 422.6572339970273, 0.514381512572021, 0.1892855510647755, 147.4207592458398, 54.506557220708096, 433.93419726740194]"
0.011468321180995085,14.104303642509901,0.0745742697429578,0.7464133383885246,False,False,"[0.41668358414197454, 0.8536475794229534, 288.8980567290992, 65.63434921907235, 421.0928140377077, 0.371964264673305, 0.27284361680045377, 146.98883296328944, 71.95886634272442, 437.3522888082823]"
0.011353637969185135,14.075001875572735,0.9594881598655004,0.17220570885565623,True,False,"[0.41763071214509484, 0.9157498002879676, 283.0307164433381, 66.42114414382404, 418.0124620451569, 0.61995289260564, 0.30067079873857205, 152.5876460738238, 60.39732086499868, 434.89522616942696]"
0.011240101589493283,14.069511844234757,1.0,0.32656621091251614,True,False,"[0.4860894804207239, 0.900849030924602, 291.9830730490937, 60.363888797630146, 418.9466459322318, 0.43253069980847836, 0.22904322973111835, 155.1928567198887, 42.65140926753995, 435.22487177647116]"
0.01112770057359835,14.063642478603732,1.0,0.36331809837531104,True,False,"[0.4298234746340445, 0.915919965029052, 295.5076733004699, 58.65418545579347, 424.0881241056077, 0.6682484436038533, 0.31282048595536127, 164.4843440982064, 47.346255158820455, 429.50107137754463]"
0.011016423567862367,14.080176683382337,0.2229364220801324,0.18077224641241174,True,False,"[0.556237304235845, 0.8857412102282457, 291.1949825772229, 68.68674337263667, 421.29830060851447, 0.6707719663323233, 0.22620202112759927, 160.11514727899606, 47.66103858218873, 425.8778912015919]"
0.010906259332183744,14.09285352933696,0.3127516316863785,0.008928570331835473,True,False,"[0.6112828436609832, 0.8869558787911674, 300.5429874299791, 56.20831407548818, 430.0977945963278, 0.7666370656047298, 0.3160702842769597, 163.82999724894142, 42.882037729993954, 430.3250909931824]"
0.010797196738861906,14.08220823835165,1.0,0.43097812292957804,True,False,"[0.5969498902447543, 0.8817215780360668, 298.1106825066391, 42.35950589570441, 426.1229034847237, 0.6300142423845776, 0.22117045931219642, 168.32535001993702, 50.481018811874804, 438.56162307844096]"
0.010689224771473287,14.071433479179172,1.0,0.26633698744418055,True,False,"[0.4571979008541067, 0.8783920352388825, 306.043546883389, 38.593361489158056, 420.1967488337151, 0.7461078442691649, 0.2201930421906938, 172.29464601315857, 48.07887909950303, 445.30569710202195]"
0.010582332523758554,14.1066812988858,0.03576385161356782,0.9818460713130289,False,False,"[0.41567273852869097, 0.7505413143969917, 302.7228801702305, 58.4695711556962, 423.202997042019, 0.7942359522035356, 0.21947837943040246, 171.17005446724235, 39.82616549206442, 446.21382464062464]"
0.010476509198520969,14.08572965641602,0.255484487830231,0.886684461439213,False,False,"[0.5017725285388389, 0.8415312668306107, 305.0194624609004, 28.297314288989288, 423.2607716090749, 0.6570284431226266, 0.406565040732492, 163.24503001550082, 52.48533273899787, 445.21013445437114]"
0.01037174410653576,14.075002377406701,0.7088593317598353,0.12638196499301202,True,False,"[0.5015960730122159, 0.891306339576255, 306.0347067821951, 37.880114218399925, 423.70536610274405, 0.7992847100183867, 0.37640183150936807, 168.2786946251748, 49.84656927237237, 444.4609222556416]"
0.010268026665470402,14.065600575274644,1.0,0.5766817301082191,True,False,"[0.5260729233890231, 0.9076431955785879, 302.98619249865743, 38.62852608601202, 421.69542004271216, 0.841072487921262, 0.2448413601072199, 177.1907792905768, 51.40582276894068, 445.8718233348453]"
0.010165346398815698,14.07234468675961,0.5150757075724304,0.7151866726954246,False,False,"[0.38451744855458114, 0.9005248015534414, 301.6982125355579, 47.03430867420516, 423.6804845592185, 0.7339012172944658, 0.280429210130107, 181.48279637321778, 55.84218301886424, 442.8720086143166]"
0.01006369293482754,14.080460086086653,0.22842518891733402,0.39457283938247933,False,False,"[0.5400594914251686, 0.7878262627300566, 308.40164759419724, 36.37536771662142, 427.6652136747997, 0.7520434804274613, 0.14068159936924382, 190.72627412989627, 43.56833784882604, 441.37318629752735]"
0.009963056005479266,14.061118838605921,1.0,0.09048629143900266,True,False,"[0.5261804006354073, 0.8962486409358652, 301.45098981423877, 24.09706259545224, 423.89713804880813, 0.8091894783986758, 0.1320603546437022, 175.8909033862579, 46.126589820362796, 448.438175899344]"
0.009863425445424474,14.083753702660937,0.10077873423017973,0.608188854785149,False,False,"[0.5237162756223326, 0.7739572798609922, 303.92210956744844, -2.9494022562320943, 428.0124676789742, 0.7492999405688994, 0.12254917526564488, 182.7473371135203, 42.9790304268401, 449.74546443017493]"
0.00976479119097023,14.100247801634971,0.018185186358708076,0.07396118678454477,False,False,"[0.5906795585603518, 0.771821514252612, 300.1298593646937, 5.716314595657007, 424.2364319018724, 0.8285907101128859, 0.19553815989157286, 178.17765125293113, 38.59538770595831, 455.869457496695]"
0.009667143279060528,14.068535013438662,0.4643332953450824,0.8079515749876081,False,False,"[0.6137776723843261, 0.8569587044753354, 303.7072401638968, 18.01262686563358, 428.89440301118753, 0.7261101636692611, 0.0722707163344748, 170.6191967035796, 41.969369409599494, 447.87366818985817]"
0.009570471846269923,14.103945460613602,0.011391697406474036,0.9074002688779699,False,False,"[0.5241216542545972, 0.7737747706256779, 298.31406317729557, 27.1775028752848, 428.0521443205514, 0.8772071838983125, 0.15286599918143376, 174.47252893744007, 45.88353784762759, 449.20397802285123]"
0.009474767127807223,14.114948638016038,0.003408834091520782,0.986013947064836,False,False,"[0.701935358271738, 0.7237564583820429, 298.16633503253627, 4.84010083698762, 428.57628028912484, 0.8397106741850132, 0.11047017102455058, 174.7675488374162, 47.930254613121264, 453.61088066440703]"
0.009380019456529151,14.05834171467129,1.0,0.5471229605647615,True,False,"[0.5702674690101734, 0.9026298158389264, 309.7553962210735, 9.693339806263136, 421.3600299310919, 0.8435537559800637, 0.08860356399581856, 177.8170810601643, 63.54241267242095, 442.0161674781037]"
0.00928621926196386,14.113627452380097,0.0025966713312434403,0.5285905626068909,False,False,"[0.45231231845096254, 0.6472596202431138, 310.9185572260687, -1.0664687232401047, 429.52050483668063, 0.8284506135112908, 0.14072964744050068, 174.31212293836512, 64.86314526927745, 444.22935006295506]"
0.009193357069344222,14.05795876839637,1.0,0.9454443395917964,True,False,"[0.4449925742768551, 0.8843993123223179, 309.03967429303526, 16.286955756670366, 423.43337057454545, 0.819861416089607, 0.07935103688523408, 175.61192583902684, 70.61806966286231, 444.15536426555633]"
0.00910142349865078,14.095736542365767,0.015752527712118172,0.42585284633486575,False,False,"[0.5260588944928872, 0.7865680419856212, 305.86489935303536, 11.96276134834584, 430.4429035466395, 0.8567615719574151, 0.11692813537939725, 175.25198967493606, 67.98281328309041, 445.66686104012837]"
0.009010409263664271,14.08742623341434,0.03799197569589716,0.6451065559855188,False,False,"[0.47341412090279045, 0.799030822763928, 311.7682381489916, 16.58502195358851, 422.852735976444, 0.7617556142173021, 0.1242138080326142, 174.86334976877225, 73.71634582567783, 450.008300781093]"
0.00892030517102763,14.077382611772002,0.11332602692938964,0.351194687036804,False,False,"[0.4349074844853148, 0.8674484887433951, 306.91242589499444, 12.690898789479402, 432.855329036974, 0.8613997120383345, 0.09599101152005142, 173.32058511700646, 69.04367754926264, 447.1587134692861]"
0.008831102119317353,14.099222860556072,0.009348055646439028,0.8180819527772534,False,False,"[0.3418443506359785, 0.9162709017122497, 307.8086487073448, 22.34212466479518, 423.27711576276926, 0.8665857994545442, 0.15995074867209147, 175.84076081636022, 78.25362437109291, 447.60788982579396]"
0.00874279109812418,14.05905940818071,0.8817108401087806,0.15316287120161232,True,False,"[0.4308863482457867, 0.9200407617386877, 303.5816302470873, 24.416786230510816, 432.3413401937373, 0.8117929293015315, 0.13895517414892677, 171.943120578234, 53.68375131807109, 441.9912062933718]"
0.00865536318714294,14.10542532885251,0.004715498468861055,0.3961354417566103,False,False,"[0.5864004750742529, 0.7557114467918321, 303.65741536506937, 8.34737847016818, 424.27852373067896, 0.808236883610805, 0.16661877998824787, 167.66672374637292, 42.69254585935421, 433.91929657547263]"
0.00856880955527151,14.085222663273951,0.04720229775474056,0.00999732612826254,True,False,"[0.3906335981900043, 0.8939415079062051, 303.2351343214093, -1.3496892293803597, 435.07419669705735, 0.8863641415338326, 0.13007164152432057, 171.7524387361456, 33.231004804548355, 445.74985553628443]"
0.008483121459718794,14.115475842984795,0.02826081079601506,0.23977430633301844,False,False,"[0.30716560758027983, 0.7748292958263887, 299.91971955153326, 1.742816657219581, 438.13462101488506, 0.7589164167345561, 0.15225329284923267, 170.9063188215933, 41.21806083198197, 452.47696066592835]"
0.008398290245121606,14.150768293446067,0.00040783830030919493,0.7470345090544946,False,False,"[0.19987003039227946, 0.8743466892965452, 307.6872259955465, -2.584917881921987, 431.32922765074375, 0.6910802768202142, 0.3909541587752601, 174.08146121546582, 30.187987597600006, 445.2181635851198]"
0.00831430734267039,14.117943648391513,0.019535861789352318,0.16943879248136295,False,False,"[0.4373620128554204, 0.7634062365437557, 299.9724882456109, -12.676464858268297, 427.8938609348356, 0.8652528810046894, 0.23159887558898887, 162.7553234979465, 44.50455943573002, 448.17952294495814]"
0.008231164269243686,14.099185494208479,0.18335386671978587,0.7754613195468029,False,False,"[0.41413116830592756, 0.7817319388801601, 301.60476560990935, 4.724702822475734, 433.50164598794845, 0.8267231513877125, 0.1309281639585162, 167.98982104479015, 26.982263050636767, 455.8006425800111]"
0.008148852626551248,14.070465129570543,1.0,0.6097316135529279,True,False,"[0.43422402099987306, 0.8961496328463259, 299.877397016394, 3.8297690872393186, 441.58212772324316, 0.7915587499695886, 0.21530551232230719, 171.19617723661557, 35.90174264210982, 449.7496778297248]"
0.008067364100285735,14.076010569663982,0.5028859771124775,0.2815589628509284,True,False,"[0.4260259575760796, 0.8948394792194433, 299.674299310137, 1.0995940652364444, 445.5299560084952, 0.7944094404743336, 0.3571922991895713, 167.14377497962565, 7.893592325276693, 452.42053003243007]"
0.007986690459282877,14.064254220319711,1.0,0.8172194744276327,True,False,"[0.48357239005405384, 0.9093920886217164, 304.4487814584186, -1.2010535550490995, 445.50795731272905, 0.782868468524105, 0.4424258224561189, 168.83511926476254, -6.421443857932587, 453.3539881372335]"
0.007906823554690048,14.065729027577861,0.8298391806907113,0.7847647370836544,True,False,"[0.5216470298444648, 0.9171861317074612, 308.2253184865795, 13.515581283949604, 456.24629625766624, 0.8193312581841783, 0.4094465041566928, 169.06009798302162, 7.247670787745033, 454.4970488258575]"
0.007827755319143146,14.109133633323196,0.003907091692928597,0.9080782308602424,False,False,"[0.5625605570818981, 0.6940084823993247, 299.15527961331776, 14.788446760475594, 450.0476099563795, 0.813796514924571, 0.25877287080162087, 174.78243900141797, 6.150570950645124, 451.5897974940099]"
0.007749477765951715,14.061657855750283,1.0,0.9130808714348201,True,False,"[0.4334743297073671, 0.9305652254550141, 316.35047773398816, -0.862616811849815, 461.15089312619625, 0.7907395724765484, 0.41015087813350576, 168.99781533034175, 10.96482800367405, 457.0982938998068]"
0.007671982988292197,14.065376158936445,0.6159065765429443,0.631437475921888,False,False,"[0.45803746446071963, 0.8936596483969498, 316.24290316291507, -3.8090013869487445, 458.4781726069744, 0.7090870354061272, 0.6332187089857413, 171.25255620152225, -4.173686842790492, 460.08975547384654]"
0.007595263158409275,14.129973524808065,0.00012408920954545103,0.9210119085034295,False,False,"[0.27920806205810167, 0.8731692364050873, 304.44328869032904, 7.274989745509773, 456.7026121900661, 0.7691340760955326, 0.4262577615654845, 166.4827014350873, 12.761473415726858, 465.83314106322354]"
0.007519310526825182,14.106088398893482,0.0027152841749102244,0.7324862688292655,False,False,"[0.5345329595740191, 0.754277946469353, 319.7117524489854, 19.329607174905902, 455.2445985028993, 0.7982020481249351, 0.3509181914738255, 164.48150193856853, 0.5234623830320437, 448.6963490269381]"
0.00744411742155693,14.10455930854091,0.0031412486976190195,0.2992282861259983,False,False,"[0.3267803113406025, 0.9236077546843663, 318.317506108464, 3.946189576669557, 453.9937859448743, 0.7593579799238429, 0.3263329214673223, 163.21022271740785, 18.177079701204093, 464.45412006034223]"
0.00736967624734136,14.080883921290564,0.07362229726458594,0.1095190664596104,False,False,"[0.4385559238292838, 0.8883124623238629, 325.1132254777947, -1.034605161442867, 460.74215879302983, 0.8527523364008917, 0.4631683843335852, 174.00917726799125, 7.927400407116314, 455.6995182526541]"
0.007295979484867946,14.101247620948529,0.004399589489087081,0.390217391956559,False,False,"[0.42851952657208153, 0.754523874971651, 318.77916255393484, -18.054562840415446, 456.75050509187224, 0.8404390885995344, 0.14142979135142497, 169.11903800664163, -11.591179280372355, 449.75531430485296]"
0.007223019690019267,14.118813255841253,0.0003659730391216068,0.11353482855356412,False,False,"[0.3466320995723997, 0.8313416552515398, 308.48177410000665, 10.788346909275056, 459.8592459092871, 0.8614301130547493, 0.43218668860425963, 168.1222927297722, 4.67536051227076, 459.7935889868427]"
0.0071507894931190745,14.139171978139544,1.960082173392549e-05,0.5239269817201678,False,False,"[0.22260319793955405, 0.8570429963263919, 325.3588981872594, 1.5284209640879363, 461.544170369934, 0.7519751739204928, 0.4239272521194649, 171.26611810593033, 6.290767095092512, 452.5990101404551]"
0.0070792815981878835,14.082954682929042,0.049373981163593726,0.6148185928429708,False,False,"[0.4291860399265847, 0.8851017833501388, 317.98899869335787, 11.663359947696064, 458.60403286901914, 0.8539358963050867, 0.3935025819157097, 171.5397498197692, 15.152965185477642, 447.6742316486851]"
0.007008488782206005,14.082109680180217,0.05403353469063645,0.4787710636007998,False,False,"[0.5434936002439774, 0.8113003451020433, 312.6985211774604, -12.40707655282256, 459.8605864216774, 0.7108977823402484, 0.33934944491066743, 181.46905480107836, -5.637805233781627, 458.74415283633977]"
0.006938403894383945,14.125908145287912,9.514614420063686e-05,0.0713004679780157,False,False,"[0.2967701407522558, 0.7714364546444593, 304.1786742846814, -20.943582382045232, 463.21649828542013, 0.6997242917595721, 0.41362286551418204, 162.960403404794, 27.381587083087705, 448.81563545197605]"
0.006869019855440105,14.073737112321913,0.17230098872244326,0.873173191138373,False,False,"[0.43360820018971036, 0.9168860749991082, 320.0852022279097, -4.967585823951292, 464.4696354961359, 0.8558320627189516, 0.3641155395816188, 167.89264303556317, 2.7812565096991815, 457.3049882513517]"
0.006800329656885704,14.13632692963349,1.703545410525198e-05,0.5715457120580797,False,False,"[0.2590226659219581, 0.836371130916904, 316.07224373058233, 8.20086061869805, 457.5099311851366, 0.7877862684307629, 0.35946854510586346, 162.99416053335736, 33.13022916991045, 457.1504530025192]"
0.006732326360316847,14.089021365204317,0.017171652078801287,0.08805975841999591,False,False,"[0.4707732397630106, 0.8343702983254421, 318.0125274938068, 3.0232921178133516, 455.8370569518405, 0.7613504332303315, 0.3514558341761186, 163.53202947224878, 8.264912333900014, 459.3483527133048]"
0.006665003096713679,14.085232147891503,0.029099728497881294,0.9505586630838961,False,False,"[0.4774355547489989, 0.9146824990189709, 316.62336971646135, -4.715341671755336, 465.97775810509705, 0.8548020833862098, 0.5492141615131456, 159.32896440260603, 14.96290302661065, 450.57431231997464]"
0.006598353065746542,14.106691050544454,0.001086368940629723,0.5621495863936828,False,False,"[0.5421597205718377, 0.8402914285246406, 314.9577510954391, 18.47659650915961, 464.00361562036335, 0.8851718341453342, 0.36931334042884023, 164.84852744697704, 6.644450385150584, 450.67489666690057]"
0.006532369535089077,14.07073300993083,0.24925989919216932,0.7048355158437717,False,False,"[0.4028277864420143, 0.9059271387891983, 319.79819222647774, 2.512465319024251, 463.79330393369474, 0.6434581352668667, 0.374450700274255, 167.9675160254373, 24.760703181162732, 450.22947211250556]"
0.006467045839738186,14.09520899940335,0.0055830671562068345,0.1747391853669229,False,False,"[0.37338193753694177, 0.8233079944921295, 311.4499352241124, 11.914172094818252, 457.03853156065946, 0.6225676851317022, 0.22103675654891722, 168.77655198427703, 4.183533940726208, 460.229880333509]"
0.0064023753813408045,14.085104171791206,0.02567782062221453,0.301187312337058,False,False,"[0.5105816446855034, 0.8411920160681162, 314.6232698592387, -12.448645673619028, 461.53333459184097, 0.7950557078872019, 0.37788564787311735, 170.350369499405, 5.7818493327695615, 450.79497857492464]"
0.006338351627527396,14.081424358468713,0.04422098984644171,0.7129014487708514,False,False,"[0.5013788406579213, 0.8294488954136401, 325.7803457358428, 4.136414264026879, 459.826704044294, 0.740515219816978, 0.3051444365428969, 174.22556899533873, 22.75541231501587, 451.47445509053927]"
0.006274968111252123,14.111859941729811,0.0003353374955443113,0.9815733915681975,False,False,"[0.30449257275779074, 0.9101584356334568, 312.0691775318573, 7.416412892002249, 462.5229943733551, 0.6693381752878084, 0.3025821089727275, 170.24472302392746, 14.183614034007825, 466.7866074412165]"
0.006212218430139601,14.073463481755699,0.14951058227417535,0.7893707656513924,False,False,"[0.4834404370186073, 0.9129889816190575, 319.15747575030963, 2.3807512691744925, 461.7718079216283, 0.8806101609004483, 0.2677567168384125, 169.63145082454653, 15.537540704397713, 463.63591943528024]"
0.0061500962458382056,14.095412891094293,0.004133884574886145,0.7416983382533432,False,False,"[0.3414861420163778, 0.9174689001503344, 307.88337429175004, 2.829937071902393, 463.5928322957037, 0.7932402864268734, 0.48320853691908106, 172.88321066141896, 17.66614772089551, 456.1420647404045]"
0.0060885952833798235,14.097499216390407,0.0027762929768812366,0.13618709183438327,False,False,"[0.3485433341884438, 0.8868471777614286, 327.86187876877136, 1.8523127144476819, 461.4908210202369, 0.8087425252567629, 0.3374229248505485, 172.70869286160027, 40.712044033920876, 459.85700903597905]"
0.0060277093305460255,14.130696423738282,1.0611915944676619e-05,0.6062825280687124,False,False,"[0.4228993663591185, 0.7772302494179685, 316.4551501615154, -4.737756391528678, 459.6883600167684, 0.8542355356247067, 0.5728967207616156, 156.85699819972598, 8.532287402421506, 453.4359081247244]"
0.005967432237240565,14.102125093483032,0.0011347436487149072,0.445098743438621,False,False,"[0.40535489456390505, 0.8507553104015843, 315.0058536963948, 4.98810426771389, 458.7330102863961, 0.8257405854847912, 0.5892975703777145, 169.74805490905075, 10.591515979227538, 453.7641295180232]"
0.005907757914868159,14.117024633009898,8.508358366021593e-05,0.20178966945750476,False,False,"[0.2967447005321163, 0.7993425815239383, 307.34020042698893, -12.48855439685868, 468.87318034888096, 0.5959109252017898, 0.4088029448581119, 166.01496878331267, 11.360492541748714, 454.26616805591595]"
0.005848680335719478,14.100797303745516,0.0012407818925610058,0.6160928107634928,False,False,"[0.5748351774211276, 0.7279376111495779, 311.1260312412036, 7.095409640964328, 465.8988043132265, 0.7511481887759389, 0.49168697566042757, 182.52470757773432, 8.319367980586776, 450.9777308125992]"
0.005790193532362283,14.149297302014265,2.670471545550734e-07,0.6968691144283636,False,False,"[0.2263230273732214, 0.8794260206443816, 314.07667642108277, -18.43282460653661, 475.48691812511004, 0.697592790862511, 0.2700674358296603, 161.78601453628983, 13.426903884081423, 456.99618883287746]"
0.005732291597038659,14.076856487918025,0.07055194930304948,0.34911792137865716,False,False,"[0.5022439539504265, 0.8704294181913439, 318.398875489812, 1.0886101040876943, 465.397373603531, 0.8047093125715247, 0.3952910395907937, 172.0506611612983, 6.623220901210216, 464.5670940919266]"
0.005674968681068273,14.07900427807526,0.047044789447935956,0.7454441720668764,False,False,"[0.4499622883326364, 0.8963366495313521, 325.64102023749973, 4.777977761614889, 459.7830147555412, 0.7870835976401497, 0.45062984602562023, 160.03803696174472, 24.174289282716956, 452.85562132211174]"
0.00561821899425759,14.114425470152298,8.336919542375294e-05,0.887938073772453,False,False,"[0.3113860431599802, 0.9263070927263615, 326.7943408994927, -11.914259937923868, 450.2410063985389, 0.7941221131376675, 0.45938362803587474, 170.2753789067811, 8.963028831080855, 462.33307451387475]"
0.005562036804315014,14.116533759561372,5.190203347437261e-05,0.7965723314680705,False,False,"[0.31275155994393083, 0.7265885971179106, 318.59633383750895, -7.350271055690588, 457.89060701306573, 0.7885470664373212, 0.2661522192055223, 173.5257226558541, 13.266842940816035, 458.3870346290751]"
0.005506416436271864,14.137780631984807,9.911728388584813e-07,0.5693757162167863,False,False,"[0.241448131544294, 0.7131847010104709, 312.51522067207884, -1.6455675504327991, 464.71940510571255, 0.8187875731142433, 0.503169809734075, 169.26057048126796, -2.7736751035001497, 456.5409157869432]"
0.005451352271909146,14.072102969068327,0.14718586032430966,0.13234919841764592,True,False,"[0.3834487916405406, 0.9215927529933888, 319.24192273699606, 3.7256473036186026, 463.65803166676795, 0.7589848411661334, 0.20431214007685425, 167.1264782118558, 12.912508777274308, 462.0894233236829]"
0.005396838749190054,14.094557830204987,0.015595959775053627,0.7853467275955114,False,False,"[0.33614233709061647, 0.8531030291190007, 322.7695109293121, 17.527639372362902, 463.15380266398176, 0.7902566736092569, 0.13672932614401145, 176.30099739537857, 14.17229260479846, 463.06406421333406]"
0.005342870361698154,14.098833631022414,0.006717409475445311,0.15506885311389274,False,False,"[0.3835999867315878, 0.7553487888490359, 312.84355345877833, 2.373919455954821, 477.8491719558508, 0.7820900467692531, 0.15098707729065347, 178.29920849716825, -5.762273660491321, 460.79944154070745]"
0.005289441658081172,14.069661382355841,1.0,0.6672088757408049,True,False,"[0.4208293976852197, 0.8916843133529437, 316.2042483289969, 4.106628289375447, 464.0713106767339, 0.6364869979954235, 0.21785446247011955, 169.98757029993072, 16.477076456580964, 452.1691713481919]"
0.00523654724150036,14.075880831077054,0.30492168727390945,0.008857382468863584,True,False,"[0.41338576199238425, 0.8857598028708157, 316.5524552804051, -2.019951634659396, 460.1475286439967, 0.6234715585846032, 0.28110542409215933, 165.55159513698914, 11.702082048074569, 458.6253903567192]"
0.0051841817690853565,14.10190891036773,0.006600086088353935,0.9788342651369354,False,False,"[0.42744749494853196, 0.7652407555679237, 323.29389401112667, -5.289950517180525, 455.25349474649806, 0.7044306181057574, 0.4660159126473052, 166.98034093961826, 22.34843619954776, 458.0047682724767]"
0.005132339951394503,14.094779857710911,0.02516399296529085,0.9792562005345622,False,False,"[0.4519291077421068, 0.8637324290672322, 316.10266532057756, 15.231674633971036, 458.40617796733545, 0.8648950255834545, 0.3953847517126476, 165.62738158545224, 31.906694861808468, 459.7779524227201]"
0.005081016551880558,14.051080241509759,1.0,0.47363717314042153,True,False,"[0.5269591817943996, 0.8696199740450907, 318.80230606429535, -11.589125417028004, 467.56467571599546, 0.7400034996478717, 0.0671160297059753, 168.4847390498911, 19.551324157576943, 466.3279427673461]"
0.005030206386361752,14.092198234280708,0.0002818273665722895,0.5764434620734054,False,False,"[0.44616332994600605, 0.7734919401733146, 318.96880828471905, -16.729895094486267, 468.642261298191, 0.5469944714092949, 0.24339781293936458, 171.7580984430682, 23.67199448143618, 471.75781058214005]"
0.004979904322498134,14.104010207074676,2.4210809667228036e-05,0.06444230340709922,False,False,"[0.5505055354722638, 0.7026601210277312, 325.32112165185606, -23.551935662333698, 466.55698647937004, 0.8136145456513947, 0.17487666942528013, 171.67106039857526, 14.385778100675616, 462.17749887909326]"
0.004930105279273153,14.075556379790822,0.006980547600411946,0.07882834906464364,False,False,"[0.4558015822412188, 0.8937606939071512, 321.11021301356107, -7.567513473240039, 459.9279456723633, 0.7628726307999324, 0.17933192532358694, 157.98101219221275, 39.360320527906936, 460.4226467315813]"
0.004880804226480421,14.091663408167985,0.0002448530351424441,0.11317920066051479,False,False,"[0.35583838238297416, 0.8090722812191486, 317.40434289711004, -16.075115046980493, 465.4471493923477, 0.5511622434938088, 0.10810595975853812, 168.77486138504705, 26.12593352429265, 458.205518152943]"
0.004831996184215617,14.105085534375863,1.3997932851487447e-05,0.11055544677119222,False,False,"[0.6180634333401662, 0.6828856867311389, 314.5956792018185, 2.810083702329326, 465.8313742258775, 0.7561660407888586, 0.12101310093086598, 167.02780737910803, 10.887827683420626, 465.00665875103783]"
0.0047836762223734605,14.0569202195434,0.294990001006261,0.7329136828894625,False,False,"[0.59538123981214, 0.9101978408580884, 321.78819469963827, -16.752675379944662, 468.53323083859885, 0.8229665615512425, 0.08436784451848194, 172.71951245707865, 28.57958621024136, 472.4481273350962]"
0.004735839460149726,14.098992981503455,4.0384954800249686e-05,0.9486921307120114,False,False,"[0.68505853710172, 0.8875674845431262, 314.69600331876387, -15.964991908071458, 468.2258405393978, 0.7114890979058264, 0.13333330860454226, 173.80012125087464, 21.624275017422725, 473.5737966778781]"
0.004688481065548229,14.092577954512077,0.00014323943161327434,0.6959398758945873,False,False,"[0.3346083795473933, 0.8658378263529317, 320.97578410521436, -2.100530438411372, 455.65983211355046, 0.7784728368537869, 0.1036689693221535, 169.98478884860276, 25.971167811068344, 462.374071752927]"
0.004641596254892746,14.107672554543953,5.068707291594742e-06,0.3568030246434081,False,False,"[0.6434179909947713, 0.7463591410540056, 316.31100575366213, -1.031987862524133, 476.5957197428178, 0.830362327894364, 0.10504549934714535, 160.80051171045397, -1.0257291563482056, 460.4885145519073]"
0.004595180292343818,14.091070418215374,0.00016614744017354283,0.6578979479070997,False,False,"[0.6408206004078444, 0.8689743766786796, 323.1901187504828, -37.72033255864744, 467.93071553493303, 0.8898634021288271, 0.07049752590203513, 161.25659361692553, 21.131312212164357, 458.85743560585803]"
0.00454922848942038,14.068269775287707,0.02285557486635258,0.14333741981786174,False,False,"[0.46137033299786107, 0.8570422777112099, 316.6283099148116, -17.467404175885964, 474.9839847187179, 0.7908738525894482, 0.083893049297448, 163.51355037486363, 15.938352943112509, 474.23363072522915]"
0.004503736204526176,14.0808387359834,0.001350186203298383,0.6049952076156349,False,False,"[0.5253896827523004, 0.8099896761783743, 316.45833419348327, -5.405548263463778, 465.48667621239224, 0.724818799130932, 0.13823860757332512, 173.75532865068155, 4.699062402903447, 473.8886511673239]"
0.004458698842480914,14.069102375250257,0.017562025030273303,0.6814803943523116,False,False,"[0.4979160689877035, 0.8788734141917712, 314.3227593966459, 1.8056430617046022, 467.03757254621763, 0.6974947263897998, 0.13164340828312948, 160.52010150479794, 17.377021026371654, 464.66989944920203]"
0.0044141118540561046,14.105243680675379,4.68793651988351e-06,0.8183678281704785,False,False,"[0.6947522272087525, 0.8486500358374446, 318.81406461857836, -6.477812385983023, 471.74281419495327, 0.6972753584028638, 0.15085928563439183, 172.5359063158771, 7.747066155100514, 467.3008913772671]"
0.004369970735515543,14.046656179411222,1.0,0.22383943838775988,True,False,"[0.4329891575780902, 0.9158328974952418, 311.225289552677, -27.046575117588173, 476.0783533280465, 0.49989841411087876, 0.0905924514800114, 171.55342177998048, 26.55344796277041, 461.5044005634146]"
0.004326271028160388,14.09830593338792,6.5330860492749315e-06,0.651238492524491,False,False,"[0.5882276443639204, 0.732634679234521, 312.0264962632208, -15.604828467026042, 475.5987693761284, 0.6654345670793758, 0.17006304049227447, 174.7738784830293, 30.722469833263702, 465.6960309348185]"
0.004283008317878784,14.089686806751047,4.332315963509015e-05,0.07128921490391116,False,False,"[0.30451870596253694, 0.8978441502256849, 316.6443944303391, -25.90779788079869, 479.85904517460796, 0.5549660657426384, 0.06899695297392035, 170.75524704354066, 32.68286550773777, 461.17392598126867]"
0.004240178234699995,14.09492235015381,1.1386839127172166e-05,0.6055760947366133,False,False,"[0.38654351226668876, 0.7940007596284501, 314.6403837472536, -31.875477039972235, 469.68143230665953, 0.6365168253262973, 0.12388666878842577, 164.4791735101008, 19.033158073694654, 458.32551742342116]"
0.004197776452352996,14.11150727671058,1.9526341234955504e-07,0.894785434759854,False,False,"[0.2659663290711253, 0.7819380210002571, 308.8016340564416, -17.410262043944876, 471.9626553000605, 0.5477555912190728, 0.0965932417662983, 164.38196671525162, 15.302330938969856, 464.9266320341648]"
0.004155798687829466,14.077639204134833,0.0005783265453819659,0.9868131451941553,False,False,"[0.5045146433004892, 0.7885110099292386, 311.4168005125855, -13.262518637794289, 476.75678746083355, 0.558524884462608, 0.09986690189687923, 173.48350763916062, 30.94125513731901, 471.29067312345074]"
0.004114240700951171,14.073821416893356,0.0013566536988579487,0.44808555093187774,False,False,"[0.45691786364915793, 0.8426916752270059, 309.9204324709152, -16.596195365127222, 470.13309195289486, 0.6578495929597951, 0.17287243700447602, 179.30614665758563, 12.041050449026375, 468.7938693656888]"
0.004073098293941659,14.07198497566942,0.0019921166204461714,0.24986305685632026,False,False,"[0.4601861058046015, 0.8382977637517207, 314.72899190344714, -22.505836396415944, 468.9500824034223, 0.5397125505639144, 0.11101154508779623, 168.4888622169305, 5.832985544771489, 463.7530721187995]"
0.004032367311002242,14.06050655599227,0.032231845237792704,0.7578269656598052,False,False,"[0.4560612062880107, 0.8922154196267492, 307.95908836981476, -16.575379272912038, 475.2348443551303, 0.456150817774882, 0.16519213051684462, 175.9255136998533, 28.506766065100358, 454.5643848449321]"
0.00399204363789222,14.12728905738096,1.690238944987621e-09,0.5416715997370224,False,False,"[0.731454080820393, 0.9166142462811496, 304.9065912173832, -17.344623440715587, 473.70494664100255, 0.5271389681808503, 0.13161543138676035, 174.93806071908875, 3.8076147461537495, 459.0444759287003]"
0.0039521232015132975,14.075433895498463,0.0006880949290412811,0.8341617035840152,False,False,"[0.42176763355114505, 0.8531950691199885, 302.6621943534399, -28.822590303554794, 481.2182614375734, 0.4508697137957115, 0.16710353065352457, 178.91407018677776, 10.423670756663139, 470.9727402991331]"
0.003912601969498165,14.057752940916192,0.05865050725066975,0.36025355050684427,False,False,"[0.38895327385983225, 0.9192976041802292, 306.7327014182597, -27.52775360146039, 476.58237202507905, 0.5195668562803796, 0.09258606677176273, 168.47643444975046, 22.433092478223482, 457.75695060682153]"
0.003873475949803183,14.083981331193446,6.532817538106824e-05,0.8567089098560682,False,False,"[0.3527154789132356, 0.8730068820504611, 301.1650476941233, -38.36316893353481, 475.8353828773464, 0.5361630057459932, 0.104313149047814, 175.01261235677435, 37.974664543414875, 461.4133320774307]"
0.003834741190305151,14.075718315368537,0.0005112543277638879,0.6612219216487546,False,False,"[0.49559552696325493, 0.8552244811081366, 310.08255837541066, -38.301225541706785, 475.07154422744196, 0.3972243312997144, 0.2077943059086068, 169.53784718575434, 30.661733312706282, 458.20195468837636]"
0.0037963937784020996,14.065892317902254,0.006301609054153843,0.36741901371806585,False,False,"[0.49834953683308936, 0.874576953379314, 305.4418413285994, -29.445773257956862, 468.9775787932412, 0.41841437519004093, 0.2158571966513706, 176.23086934830394, 25.786204286132634, 463.90638433854105]"
0.0037584298406180784,14.057886372282148,0.050388051812939476,0.21239841856212693,False,False,"[0.5079813395512668, 0.8950633366653874, 312.68872371345265, -34.294043594637415, 479.3848801411973, 0.5155117895785764, 0.12356278932615943, 165.5297263494248, 5.819589853986734, 450.6776829876868]"
0.0037208455422118977,14.080254608984378,0.00011978842809873985,0.39181681958827086,False,False,"[0.47575230134485447, 0.8237837112396031, 316.47572271085835, -35.55558657742192, 475.4609116385145, 0.4237879205754526, 0.2448246447402182, 174.98516162228537, 21.25064549503898, 463.7941191086405]"
0.003683637086789779,14.087089311303462,1.7100280627425786e-05,0.6313744036031342,False,False,"[0.37958537939643755, 0.8738363339696005, 314.40339385399704, -45.57555866732474, 482.20815074031356, 0.4665864911302983, 0.21453226329654715, 169.89790508168596, 36.811015545539924, 459.58271754606096]"
0.003646800715921881,14.102527006051265,2.220186472616197e-07,0.6723355749056144,False,False,"[0.29332905248871716, 0.8633193128608047, 307.3242658728069, -19.366773024264596, 476.83870113260883, 0.420884454601233, 0.08849865798958696, 169.81576597956283, 30.150885167682407, 466.2995894826647]"
0.0036103327087626622,14.072275590953865,0.0008282993797508441,0.09187841807524355,False,False,"[0.43450380785476617, 0.8073027445065944, 313.44259723513204, -25.516408771075135, 472.3721820527908, 0.45764511313486367, 0.08491215189954712, 172.9258612058715, 21.121810483749677, 463.62334884907386]"
0.0035742293816750357,14.096262156109301,9.386817346374534e-07,0.5159942755727551,False,False,"[0.32568040999246284, 0.9329012975602271, 310.2037912291737, -26.476710336089642, 478.83969536554036, 0.6198633409261586, 0.1204051292607119, 167.31938513745007, 33.421559216774476, 462.1518622100855]"
0.003538487087858285,14.090261866806053,4.447104010414413e-06,0.14932274598138973,False,False,"[0.37139476622907863, 0.8592025892129266, 316.46479559880447, -32.53959343507525, 481.68389947192014, 0.564068870345196, 0.20188765177531098, 170.46947668240333, 27.57460008944101, 456.93427473461145]"
0.003503102216979702,14.094245365157883,1.2594073616304315e-06,0.09218437189804629,False,False,"[0.502053423001249, 0.7492853871304195, 309.29553354578456, -24.54341849405176, 468.93924881779094, 0.46071115251506783, 0.2539368100268972, 173.63373271983835, 33.37955863418111, 461.74401601845574]"
0.0034680711948099053,14.135473649420188,7.54566364056589e-12,0.17854547347771266,False,False,"[0.2571671274661763, 0.891425457312094, 308.2528635334471, -33.466056121339584, 475.2875115129652, 0.4317625533282597, 0.18174545408230047, 171.93256549877646, 44.34624408332111, 468.08596179297865]"
0.0034333904828618062,14.098779104152793,2.552093387023179e-07,0.11320551074830454,False,False,"[0.3085275424078932, 0.8673596203071177, 315.05281493316437, -27.110713298388387, 476.6415728853037, 0.6064719259364774, 0.11332201508203255, 176.91995804031149, 29.260137101836836, 453.8168223939768]"
0.0033990565780331883,14.057084839963643,0.04650923275545613,0.38716951141875244,False,False,"[0.5425204296921001, 0.8496199870034423, 316.4728784263322, -36.79841485022326, 481.35760319298447, 0.4601991034216913, 0.08382831539743317, 180.97501025528317, 30.339271488309535, 464.64572978718974]"
0.003365066012252856,14.097389263496492,2.8340160414301427e-07,0.3633299144743489,False,False,"[0.36345749913215825, 0.8843791456016237, 311.7087238212421, -42.58783766977073, 478.8074279425989, 0.44651652232460026, 0.21688891737876914, 158.8991151390864, 42.571782732336985, 465.7959525425863]"
0.0033314153521303274,14.107148260528408,1.3003173581648741e-08,0.7078625079016404,False,False,"[0.6624459098851119, 0.687199276294981, 309.704058166176, -38.941524211326836, 481.4972962151149, 0.48380894370532546, 0.1442602619577963, 170.36640636653277, 16.866295517402726, 466.64473290197276]"
0.003298101198609024,14.054018226265049,0.10729130267789297,0.5356568398010696,False,False,"[0.5993276956639115, 0.8733804222348807, 325.6463466155156, -18.962966911900097, 478.9074652978297, 0.6391335924253433, 0.06719460117558936, 172.74284128070312, 12.382278547651069, 459.3428653253571]"
0.003265120186622934,14.08090248684729,2.7854141396852775e-05,0.021969896377695974,False,False,"[0.5524995976706426, 0.8286653419649608, 313.8233914504294, -27.624456720750803, 473.8127910109459, 0.21986826047968328, 0.13853843737540755, 173.20770320729955, 19.245260498677958, 457.11896373034847]"
0.0032324689847567046,14.057137810682107,0.039061870836005465,0.9283114168334847,False,False,"[0.4945334237476197, 0.906545739989115, 314.18161210585805, -28.109555297531, 476.2960101722347, 0.4265161665900363, 0.17657997666700964, 172.57892563578397, 36.23851686209596, 474.0277326838787]"
0.0032001442949091377,14.080742866143432,2.3662730513501468e-05,0.2894446020859348,False,False,"[0.4156498959767315, 0.8478945251065516, 316.12841975749996, -11.164095017217448, 474.78759380300437, 0.4714907982619733, 0.1866963387852823, 171.3444112795625, 21.062858282820173, 454.19490913879065]"
0.0031681428519600464,14.092448492487527,5.280934831949378e-07,0.26349006235863226,False,False,"[0.4376950000928862, 0.8164067297159747, 305.60602274813436, -12.436241642680276, 477.9162123430354, 0.40099008817210546, 0.22778969772944896, 163.22115955947362, 28.76178460228311, 462.80649440011194]"
0.003136461423440446,14.054805861399762,0.07439486811408612,0.9348038781836281,False,False,"[0.4509289517574877, 0.8590971552433789, 311.63575868736865, -52.32485674211529, 476.1152485970116, 0.46769963054779023, 0.07162944142036075, 173.48759033413117, 16.6684401003605, 475.7896768046295]"
0.0031050968092060415,14.111862410977357,7.584517743504102e-10,0.5358327286698304,False,False,"[0.29215349008400104, 0.6554589250600517, 317.2330073959498, -34.54413614723008, 480.708005563969, 0.3369453656208632, 0.185734607618729, 175.95842575722767, 36.053326336591255, 461.462147844044]"
0.003074045841113981,14.081583345646216,1.1629639285231689e-05,0.8653473503293249,False,False,"[0.5244124299612477, 0.8285808367199906, 313.2598981160454, -24.544998113444862, 478.34296778480405, 0.5856676584047991, 0.2189946351853787, 172.61127108812119, 38.92917941370581, 471.16499021857163]"
0.0030433053827028413,14.084789839037265,3.615274473817e-06,0.7539564606593359,False,False,"[0.46268554741503853, 0.795841015723066, 308.7330289414911, -53.28863660845097, 470.1592570144983, 0.5803879633561715, 0.14803565496241855, 174.54653289962903, 32.09877673285571, 459.2143098758363]"
0.0030128723288758126,14.099019588702198,2.8314366364053916e-08,0.49061815161708766,False,False,"[0.3897435393858741, 0.754065524586882, 308.02983748050303, -29.31758904929649, 471.38058449984686, 0.37930346718004215, 0.14787012364157026, 169.8894128984961, 23.652353935276842, 457.2251758821149]"
0.0029827436055870544,14.0623292382371,0.005223550346671022,0.31658855116344453,False,False,"[0.3963581529476121, 0.9289903379210207, 305.06903192938137, -30.174541270308865, 473.13526038830145, 0.6183403050685274, 0.11810715193033443, 161.21648799028657, 16.87687731816162, 464.51106423482395]"
0.0029529161695311837,14.064079886096419,0.0027380524182420464,0.015687705671977525,False,False,"[0.4743100136978117, 0.8217306200870846, 316.7626485274273, -24.889005984614414, 477.95728648935483, 0.3780318197229551, 0.07285211739379091, 171.0929476350123, 41.113517786148265, 456.5034595185877]"
0.0029233870078358717,14.081954165378608,5.703982675884204e-06,0.5439251333418249,False,False,"[0.4728519338127683, 0.7962721589658385, 309.97771013093353, -23.186106437133983, 474.2681403104203, 0.38161727471559115, 0.126624854410682, 172.9306686067043, 19.951797363686122, 465.00499241052734]"
0.002894153137757513,14.078444803117868,1.6975501341015942e-05,0.3450727282224477,False,False,"[0.4264547137691336, 0.8224285001754377, 309.4687546832076, -28.003319496129357, 482.20692365090326, 0.3734119101609985, 0.09922707512252069, 167.47138460330873, 23.415200281517997, 458.31528900140734]"
0.002865211606379938,14.103797530780309,2.1817200095524622e-09,0.43413936845223433,False,False,"[0.3407633142105394, 0.8479340909715211, 306.4394629192628, -30.305472011474453, 470.89318092095834, 0.6755379060428514, 0.17546874627643055, 166.55177909692705, 25.829896836305647, 464.5179031820985]"
0.0028365594903161386,14.093161711172192,7.580898817289538e-08,0.4335959031829487,False,False,"[0.399511702815112, 0.7440654256330068, 318.2582563282568, -18.605323571089574, 469.6868199315991, 0.7359820637508506, 0.10346555808504304, 170.90492774666782, 10.818635635205576, 455.1441092469387]"
0.0028081938954129773,14.043648839613589,1.0,0.25423821429349414,True,False,"[0.4614491839184615, 0.9163037261456107, 317.56213193390977, -33.596396227233775, 474.8534014167215, 0.4624446226879829, 0.09528650797935982, 173.874573900564, 32.38625181642225, 459.207062016255]"
0.0027801119564588475,14.073324671408677,2.313116395298231e-05,0.024847706919100432,False,False,"[0.4977720304592036, 0.8598818597313245, 315.4429734396811, -36.73522960979044, 472.70505552196175, 0.5271951424355188, 0.19797332405538406, 169.47253731408645, 31.348819080524645, 454.8427072580628]"
0.002752310836894259,14.129481030881681,2.859625571735878e-14,0.38910228647143685,False,False,"[0.23031957358711702, 0.8499666508490796, 321.07659914185183, -30.683800713813785, 476.8520640192716, 0.32098479272460245, 0.24159744446163278, 177.88802748384424, 18.65276164645366, 450.1625891389647]"
0.0027247877285253167,14.097000159886218,3.137023573416834e-09,0.5215347675152902,False,False,"[0.3481998518385944, 0.7682993940241338, 322.33300159832567, -28.077713133888196, 466.14033992190656, 0.5538571745059997, 0.11530673943227614, 172.87609101571869, 38.815626862734874, 462.2061092782739]"
0.0026975398512400633,14.06555527054141,0.0002972632586615183,0.2465662222938847,False,False,"[0.47248088823598855, 0.8145850822579747, 325.4925892087972, -30.629893888114662, 479.2934053926842, 0.4824275317135038, 0.07876876786337922, 173.08929707238974, 26.30885481259754, 462.48917432843234]"
0.0026705644527276625,14.049095304797213,0.13010109836744138,0.8208765181060885,False,False,"[0.43843417020203085, 0.8956764964554977, 312.37914383340785, -35.7993355532051, 470.50692393015794, 0.3339737462464985, 0.07854638965382818, 174.0822304796077, 34.70054834803574, 452.21905976422124]"
0.0026438588082003858,14.100800426340967,4.0923490602790155e-10,0.050203139351504666,False,False,"[0.5146577565994568, 0.6278995193087522, 322.69317144606924, -26.307837588865937, 482.168015871634, 0.5410736026195949, 0.1794874706917419, 176.17012151032452, 33.30013919755345, 454.33055947343786]"
0.002617420220118382,14.0354383603434,1.0,0.4520130526905112,True,False,"[0.4881153957396871, 0.9175124468689257, 318.15695260387076, -20.117962784850256, 470.21751301701187, 0.49078127054487375, 0.08619886129361244, 180.85766128951468, 32.47536861473153, 454.6062642222072]"
0.0025912460179171983,14.031747558597147,1.0,0.6358744392643534,True,False,"[0.46752583869903364, 0.9331221404973854, 323.6369542960932, -18.759211564869844, 474.6935652091902, 0.3931319214651745, 0.0788155617656825, 174.64842526955064, 40.69329560239344, 450.86956243199745]"
0.0025653335577380263,14.087911669975306,3.102965555441265e-10,0.6299991302240565,False,False,"[0.503024104705017, 0.6045517844323618, 325.77075952088694, -14.68669941477, 483.2038462122279, 0.42298381997574946, 0.08248718671819497, 179.51983658607466, 47.12596497573754, 454.0147721190486]"
0.002539680222160646,14.09339975114826,2.8658444505773783e-11,0.9009062403889925,False,False,"[0.31412200269339874, 0.7703217332347277, 322.9522851704529, -21.1703314633971, 476.0291859075318, 0.3826924567478881, 0.08026439371390187, 169.32464299354527, 27.181951545636657, 456.41345244592065]"
0.0025142834199390397,14.086396321842113,3.6347034746351103e-10,0.7328007298493616,False,False,"[0.3407297125456402, 0.8727517209296415, 322.235662685571, -11.73229052424405, 485.4646643882976, 0.520105451950638, 0.1341056307301627, 179.48607501399772, 27.094997561672265, 455.97691472490874]"
0.0024891405857396494,14.112626533708397,7.737243912180283e-15,0.37657273038425565,False,False,"[0.3025603383123451, 0.9286210539137428, 328.6941198008735, -14.776460874145869, 478.4870010198525, 0.35883484121318765, 0.14492473209080226, 170.92710525186425, 40.71297455408122, 449.96939846063503]"
0.0024642491798822527,14.083417346136702,7.830998742555948e-10,0.40165133207322246,False,False,"[0.3835710766629763, 0.8828866295731769, 319.94564561883584, -3.254241956081472, 474.2997944608956, 0.4570830956888127, 0.21768451846282139, 169.31515176409007, 52.9842788095812, 458.72021341711115]"
0.00243960668808343,14.070799481417373,1.1169803756234401e-07,0.4137177886610951,False,False,"[0.5821555546867505, 0.881349282204522, 317.0749130278446, -16.7294026883429, 471.4110523855536, 0.35785439405553454, 0.172089814745601, 171.69434937086697, 21.430176996538492, 453.5550521807301]"
0.0024152106212025955,14.105798084374513,4.836163245086495e-14,0.7333619862611361,False,False,"[0.37796385439285085, 0.7945592135927482, 328.36370565089766, -24.873180361840383, 478.4442325285439, 0.28694731275325913, 0.2035052639958469, 161.11680166917597, 42.81447766146227, 446.85088936170496]"
0.0023910585149905694,14.089084094954462,3.853083874843663e-11,0.6896814628229971,False,False,"[0.37299810624780294, 0.8703768509062254, 321.0615886212249, -28.00212112907792, 468.60787588067944, 0.2707445558765708, 0.265120260665476, 173.2726091964402, 35.54527610492535, 447.77878216754283]"
0.0023671479298406637,14.08903327068828,3.089862866663584e-11,0.5082576867079248,False,False,"[0.3996478648337134, 0.8069224631403522, 330.69089747406616, -26.538314671315163, 466.13236076988056, 0.3514604197136663, 0.1891315763761175, 175.1213293263532, 26.965565675702575, 455.88084171871367]"
0.002343476450542257,14.076182242579815,5.825555233248325e-09,0.6852273116656058,False,False,"[0.38473213034690334, 0.8711247412062808, 324.4956185474371, -19.703025237461336, 472.2965885408808, 0.4214547550622723, 0.12320487786511729, 173.98197447186755, 43.113656284817175, 449.98046117823304]"
0.0023200416860368342,14.066591789589296,3.0020651273813417e-07,0.5816798597792004,False,False,"[0.4405376384802591, 0.8608057551676055, 320.11480859898694, -1.493231897125181, 472.939506822025, 0.4532866171370179, 0.10749105858426791, 175.01265822745145, 55.4650529094545, 456.98177471194305]"
0.002296841269176466,14.056296225415005,2.2816835389346108e-05,0.22472159511761902,False,False,"[0.5120602259984904, 0.9100654490997865, 318.541832551744, -21.855037935782743, 467.9315250065203, 0.27413638839811955, 0.1703202910128247, 176.39848938735727, 48.467683809707495, 451.10452720501314]"
0.002273872856484701,14.091081347834116,4.652043415694833e-12,0.03084444033079836,False,False,"[0.45922426651530457, 0.7728118052948829, 328.81771366536327, -7.700583133216284, 478.995409909286, 0.38322586241140993, 0.23082302690971512, 174.4779386267898, 41.80105882371136, 448.5764575328897]"
0.002251134127919854,14.08075489421321,3.5105974219040467e-10,0.9715407619548727,False,False,"[0.4257708833260641, 0.8316000053899951, 324.3345207473741, 0.4903545376556657, 481.545067450325, 0.49116777096957515, 0.1357621988640293, 168.5835144206586, 37.33075003792805, 442.7135058656795]"
0.0022286227866406554,14.10407907482266,8.029118591701618e-15,0.4669991522079642,False,False,"[0.3187597409195883, 0.8090175126576774, 317.7365381053038, -20.692756840332393, 475.7179336945326, 0.37109615504017873, 0.14809615492255768, 176.23811757754507, 52.17825139063536, 452.77483844518935]"
0.002206336558774249,14.036950330561824,0.09459937516616641,0.6788362134613264,False,False,"[0.48611921746492737, 0.9217098122523735, 316.3119964061539, -21.874882182326317, 479.62037818576954, 0.4795582558300494, 0.08443396821629053, 172.07103850652427, 28.84148462376724, 446.2756677786445]"
0.0021842731931865063,14.055502980380968,1.891294014806375e-05,0.40514827537627707,False,False,"[0.4676323319271084, 0.8882562491316218, 317.798627241614, -8.717104608610166, 478.83189425034743, 0.3578314021114214, 0.10096593126272854, 174.61092498833517, 48.36777132336524, 455.090379721385]"
0.002162430461254641,14.103193803871198,4.477155034932189e-15,0.7211014737351911,False,False,"[0.33194178168798993, 0.9197546775888625, 324.41496244601467, -34.823307710635035, 472.56617176885965, 0.32300753548508726, 0.31281896560226996, 167.10771005622615, 57.289082211466294, 441.8405615114291]"
0.0021408061566420946,14.061783519523146,8.067835201111796e-07,0.009185610081065443,False,False,"[0.5797631872563953, 0.905731493187209, 326.45024446377244, -20.480125769768684, 476.38430233297373, 0.3718320797701694, 0.21895242436213302, 177.25570023081542, 36.99952765077505, 447.3833145433535]"
0.0021193980950756737,14.097878918007712,2.8103100021771036e-14,0.3459046492411113,False,False,"[0.47674059116897605, 0.7045641128027185, 320.60762663141503, -32.007942257189356, 470.89358404330835, 0.32051194474043565, 0.24727471269195553, 182.4766686839741, 52.01152628542867, 455.1746397787779]"
0.0020982041141249168,14.046431848610585,0.0009132471062105225,0.7951569294934594,False,False,"[0.5614412814417671, 0.9208973368185989, 327.09418796377054, -35.5997211444697, 474.6534012773442, 0.6041000935305543, 0.11039303899887007, 178.80438552782297, 58.968329599938194, 452.08323635730096]"
0.0020772220729836674,14.105038144199138,4.751123560289287e-16,0.2122197999030947,False,False,"[0.29546071134231244, 0.8281006726628077, 322.9192118884446, -21.127134832215727, 470.2688189174301, 0.5082523128389711, 0.1293065203097844, 174.0612504628077, 29.627924366754726, 453.5784703785421]"
0.0020564498522538306,14.106316783568033,1.7864262636357588e-16,0.19132504923940896,False,False,"[0.3018934169261789, 0.8516421724551211, 319.85257920763854, -13.473498740289056, 471.98795009608733, 0.549250026068899, 0.13293125181616638, 170.9900932076907, 40.93032957483251, 453.0779547014833]"
0.0020358853537312924,14.090342159441562,3.1667697756860415e-13,0.3985993031395022,False,False,"[0.652181575515743, 0.7589341337241022, 317.4421211861706, -13.917846651069121, 472.5511662849325, 0.3292276609155841, 0.0888419129540921, 179.25003152172036, 50.600799119002545, 456.19466373324167]"
0.0020155265001939792,14.081838276686351,1.6096432284639498e-11,0.21832794427324886,False,False,"[0.4642706687593276, 0.8310079158963792, 326.83349065653965, -11.493232349806856, 476.7871840948493, 0.4044921072330241, 0.20179869349065896, 168.14438581895945, 28.015734038065734, 448.28496209832474]"
0.0019953712351920396,14.078230691259789,7.636619567958964e-11,0.1657605774066676,False,False,"[0.5746882179747763, 0.8397419948586335, 313.5839785811924, -14.268991247732547, 470.2090013119222, 0.46776972209348955, 0.12705468514303261, 172.9467680742696, 57.926791238553676, 455.12277498141043]"
0.001975417522840119,14.058240138213991,1.498375259833324e-06,0.8453586106313888,False,False,"[0.5483609450902889, 0.8898407872125853, 318.4646583192206, -2.127731492016345, 473.6031758027037, 0.47494579465099596, 0.1528447759270838, 181.32481053514564, 41.06305563502128, 448.0560070182054]"
0.001955663347611718,14.059273166854059,7.71584754707587e-07,0.09181997886281479,False,False,"[0.4709335390204332, 0.8769616519266321, 320.2834010402204, 1.5129628937073676, 479.5204517520348, 0.5162178372764827, 0.1520007752074096, 184.32190785684358, 36.86847033733212, 450.5669487207129]"
0.0019361067141356006,14.091285365832194,4.4144653923262265e-14,0.5542984140724266,False,False,"[0.35269146372656945, 0.854609463603101, 316.7645497709931, -47.16386675707333, 472.2313665599927, 0.4685883875045049, 0.165281172433265, 178.6148100790999, 43.37138073910175, 456.99506407444017]"
0.0019167456469942447,14.083259249860797,2.1307276308761222e-12,0.15462648786167554,False,False,"[0.376924776139921, 0.8596765673643207, 318.0529669892885, -28.389878757564514, 473.16903524718896, 0.4258547956222979, 0.25115510115115247, 181.44017625082148, 35.90120429048061, 447.6081959624085]"
0.0018975781905243023,14.041578778636271,0.005622774017791738,0.8935297516553394,False,False,"[0.516229600408419, 0.9115223249600652, 320.020957925263, -7.620614098198869, 477.3163468639657, 0.47786088956407136, 0.08054049516269125, 167.48222730866758, 37.658762546202574, 445.3342814872617]"
0.0018786024086190592,14.052017699199236,2.0604295745637447e-05,0.7558934756279425,False,False,"[0.599238972026831, 0.9105863696058528, 320.3135853939086, -26.554688278195854, 463.04398499201335, 0.5514783047014454, 0.11509290282623087, 182.54135599371799, 27.581086835220624, 447.7119241369824]"
0.0018598163845328687,14.052737586355205,1.2546418658724967e-05,0.947737034726338,False,False,"[0.4349871335920901, 0.8963112822108013, 331.2406632320538, -25.033962379977368, 483.7935322655178, 0.38926608490694703, 0.097032191053288, 176.20902396452726, 27.53412707902472, 452.61130086578487]"
0.00184121822068754,14.061668344657956,8.75953718017509e-08,0.155821883375464,False,False,"[0.5868382186510978, 0.913731954435974, 327.13585704458217, -8.585814898866309, 465.51348686067854, 0.5341572605873468, 0.1696270957415401, 168.46417067357575, 28.578142445306096, 438.81774485167307]"
0.0018228060384806646,14.089205920432029,2.0426800199582137e-14,0.7799283806405655,False,False,"[0.4914899300453584, 0.7767589923732173, 330.50182562542, -43.526474523265506, 466.67096927066893, 0.2670949778027528, 0.17008363794560125, 179.2389038910243, 57.27677684024555, 450.28486881760216]"
0.001804577978095858,14.069751592529718,7.142483576779913e-10,0.8375412815060617,False,False,"[0.5489146787336535, 0.8525291350459511, 326.2441133464633, -21.907888369707745, 463.603860754867, 0.36451904551550246, 0.1365345552435368, 174.46096725395284, 26.68179636505594, 442.29682789024923]"
0.0017865321983148994,14.042741227402647,0.002125738569881002,0.6275055828020814,False,False,"[0.4985605198107689, 0.9097409596459998, 325.9976897047157, -16.796545094944662, 472.51453874904576, 0.3862200166858855, 0.1081590691157176, 184.87895420290442, 39.192345533655335, 454.4871090651574]"
0.0017686668763317503,14.072185788047017,1.1760639327137415e-10,0.09728087002458563,False,False,"[0.3936904318208539, 0.8133261124208394, 321.0339237121359, 2.0350821188115056, 473.80524997699416, 0.37053027533837923, 0.07651851563939091, 177.5980710223141, 50.0052995493229, 461.79472481976785]"
0.0017509802075684328,14.044623077100546,0.0006404622266274582,0.32169308590334167,False,False,"[0.498561798503782, 0.9195667549846684, 318.52721703421753, -32.919796161287195, 473.7950778595167, 0.5828720053721262, 0.11511330636028895, 174.14405731272043, 29.990870261329725, 454.4003910966155]"
0.0017334704054927485,14.090364422945784,2.0627266594248834e-15,0.18071494351363127,False,False,"[0.6439574855932686, 0.8672557832470558, 324.5885918462624, -20.707682510734283, 468.4211642950267, 0.24073201872713398, 0.1543171100950465, 171.69261106826647, 38.98093774218793, 450.2290558707783]"
0.001716135701437821,14.066921286543753,1.2553020179552268e-09,0.03951554512731026,False,False,"[0.38392652238359354, 0.9326682946630591, 320.8291844492957, -29.706075854313262, 478.8003269741584, 0.5975536445041737, 0.19213494778625984, 171.1368978463396, 37.20950631979382, 452.5339457126543]"
0.0016989743444234427,14.077885487618012,1.6074976559587644e-12,0.05900951750261785,False,False,"[0.514804692567111, 0.8296681697071793, 325.8380322409794, -24.420738423180943, 475.07588469088415, 0.3302619168524156, 0.1514160785315981, 173.16211511129006, 39.76964842911824, 454.00863447262867]"
0.0016819846009792083,14.06033535119188,4.154597817595818e-08,0.9314313055107749,False,False,"[0.5512841208995549, 0.9097735851938096, 322.71551691402357, -12.001507334588116, 469.42584782971363, 0.2405207506039181, 0.3489617825463622, 180.49640794153038, 47.05476261896241, 443.8609307771912]"
0.0016651647549694162,14.056329686556353,3.878760409323635e-07,0.654982675340586,False,False,"[0.4987771744645966, 0.9086830685920734, 324.78343958184206, -29.95645954290181, 469.9562392710267, 0.37850253252049854, 0.1361916824901997, 166.10810903012143, 35.67594665282261, 454.76673558445384]"
0.001648513107419722,14.09854293509946,2.5293747295736327e-18,0.8900216492612438,False,False,"[0.3179204849223055, 0.86659861424892, 320.692063207524, -23.005153477139025, 479.79918262401975, 0.3047913007693045, 0.13767887467230916, 178.50377420574924, 34.3289370230782, 454.280745038548]"
0.001632027976345525,14.067553444758602,2.963425310061659e-10,0.8918378436283386,False,False,"[0.37112346400184515, 0.926328145561328, 330.0237023489909, -17.65992246194056, 465.85420141062986, 0.3592171510881709, 0.12810177192947364, 172.27650115912311, 46.411677336308166, 448.1606691313996]"
0.0016157076965820697,14.11032286215945,7.574171814282335e-22,0.7576932073930789,False,False,"[0.2982679144249465, 0.8363678091550415, 329.5232372208068, -27.88599686039067, 466.6518221591702, 0.2727287691127936, 0.2540006109495697, 177.17089958242602, 31.857207503926784, 455.0399073715956]"
0.0015995506196162489,14.046780310477835,8.288060297390039e-05,0.6058915608900662,False,False,"[0.44864883270856404, 0.92900187548478, 325.1500626023447, -5.4099202390968095, 467.5232188080454, 0.4230747251196236, 0.12604546843790757, 171.7555033303392, 31.98815960398347, 453.997899637579]"
0.0015835551134200864,14.081309407615146,2.5557732214734756e-14,0.6550976702109197,False,False,"[0.6220659005728492, 0.8649706922505165, 323.67720589709586, -16.55512310679067, 479.707472538779, 0.5318205792621019, 0.1469622425273081, 174.50690043782595, 50.365549360512595, 454.6255464400675]"
0.0015677195622858856,14.053674649526927,8.427330230503268e-07,0.2892306015278796,False,False,"[0.4606421891629469, 0.8980688382073554, 317.20044630925094, -19.66980173840264, 473.33443228915263, 0.20357984208208912, 0.0835691095889216, 172.31322650158765, 53.32070740355289, 451.57675001680514]"
0.0015520423666630268,14.085643190466651,8.295743113643831e-16,0.802456821544682,False,False,"[0.3988708355027369, 0.812257910646497, 317.46746012198656, -5.37572389520092, 478.1265958476747, 0.5142271095432601, 0.16656222498781584, 180.37483526216468, 45.14660753581478, 450.2311697587332]"
0.0015365219429963966,14.080007611542545,2.287727257389919e-14,0.24670090623760832,False,False,"[0.3827563398117105, 0.869640719219309, 322.8538014848841, -31.684974024277878, 471.6916470117573, 0.45737543475173875, 0.10630813284816476, 163.18550399461554, 47.52474931193477, 451.90070377396364]"
0.0015211567235664325,14.057555663712627,4.282664945026613e-08,0.08379584356232961,False,False,"[0.467143650886379, 0.9097802299660631, 330.52767683758987, -9.066202327677079, 483.2956403978883, 0.2370755462380053, 0.15637489062441626, 173.69016078511135, 25.010679596800266, 444.9851940134824]"
0.0015059451563307683,14.0699208940769,9.802110203969243e-12,0.5325376495316823,False,False,"[0.42601987925364737, 0.8464244728467084, 314.3151050065653, -8.155626725331137, 480.9139582137782, 0.3361767964300586, 0.08993129269015344, 169.8764441695502, 38.12698420678882, 455.15992534623115]"
0.0014908857047674605,14.112037044694215,4.0897891040587074e-24,0.3232880974618597,False,False,"[0.7025827421900446, 0.9014744098510914, 320.89466539696474, -7.944276404303798, 463.59090720125, 0.5324414869238565, 0.18952665588473427, 173.8887577641244, 54.67366123082002, 446.569476697056]"
0.0014759768477197858,14.07791859841229,2.5973932246433944e-14,0.7829606506978073,False,False,"[0.5957704050672425, 0.8019030584542737, 334.6792019832679, -1.2504857666576896, 480.2986445168678, 0.46595536431097806, 0.08406283404078525, 170.3868267968584, 56.40022380991961, 459.84025296046394]"
0.0014612170792425879,14.054869432402654,1.3423028448278522e-07,0.672728582874666,False,False,"[0.4303849907008126, 0.9308274793550991, 317.8482393336545, -26.947308748779307, 477.15524166060925, 0.4669802095699047, 0.1486473591354166, 169.6154294290034, 49.56302552919119, 446.0968083054975]"
0.0014466049084501619,14.083813649281652,2.338336377098922e-16,0.6142873504315475,False,False,"[0.6566304583846365, 0.9308974431519684, 320.2992847503962, -30.586741091146436, 478.10351498837593, 0.7019002965348664, 0.30611811626272034, 172.1827875518522, 26.0176960925317, 452.02375417689206]"
0.0014321388593656603,14.098284433439535,6.64918326863856e-21,0.01777890327639786,False,False,"[0.38231766718268734, 0.6627814759922912, 323.85585028202445, -20.368893290969133, 482.3248564067494, 0.39773762232207927, 0.11902794834887978, 173.29030357919603, 20.98692326547695, 444.51576307314934]"
0.0014178174707720037,14.04535847216133,6.773514535101545e-05,0.15255587367476398,False,False,"[0.4526431369051988, 0.9270916799620471, 321.16202356042163, -32.68393472176354, 472.9004985069608, 0.43646238020461986, 0.14020958417719354, 182.08387907216823, 43.98483494962869, 449.2925446540892]"
0.0014036392960642837,14.072592811664133,2.302670670444023e-13,0.2739243986937422,False,False,"[0.5704624256626831, 0.8580920351491159, 321.86018518223375, -19.919156293021512, 462.0950161703729, 0.439162291006882, 0.3253722637658743, 178.63545774465018, 32.35065618706121, 457.8958994053582]"
0.001389602903103641,14.049090882432964,3.7989839207800742e-06,0.5498068279157453,False,False,"[0.5296908691535794, 0.8730649145659815, 326.2767845661888, -26.134422060130486, 479.63812496474316, 0.42582710280012714, 0.07330939270227615, 172.7728589999371, 40.5498888474906, 448.8885327120096]"
0.0013757068740726044,14.07600338917918,1.0689434526096185e-14,0.15809915062891533,False,False,"[0.5096822053097597, 0.86026621211453, 329.14064839615924, -13.58176357229284, 475.17156706783004, 0.22037317788744207, 0.18584054515930887, 172.34430358320543, 46.38340008005828, 446.0569629529683]"
0.0013619498053318783,14.084180232686887,1.9073291750339738e-17,0.5957279618887626,False,False,"[0.4114610665451407, 0.8474571896324627, 324.98155783153936, -10.22132395932884, 470.6539582878777, 0.6201382266318644, 0.2116873987117155, 171.35149931736498, 43.314228532928254, 454.43226213163615]"
0.0013483303072785596,14.073052085092403,4.9647231499052356e-14,0.36939687413525735,False,False,"[0.5320802391505214, 0.8309809659843811, 335.7900995710386, -15.238105181164448, 475.36789778357104, 0.38761979903860977, 0.1560003523243078, 179.12794360579485, 31.612748208602696, 445.34074616680573]"
0.001334847004205774,14.093383607554964,8.843388466796475e-21,0.03668599895944835,False,False,"[0.46825672854381467, 0.7577315434840324, 328.2183472119958, -7.317014403424714, 479.43978119631134, 0.47546393424420597, 0.2689846848537831, 170.64941637447723, 29.147201358999034, 457.41978822079903]"
0.0013214985341637162,14.062160182340161,1.0121845125957202e-10,0.9499677934975362,False,False,"[0.5112111069100561, 0.8725809598628756, 314.35135089541507, -18.040408062948988, 471.33905184015117, 0.41792604276531875, 0.12181362036365098, 173.50832206117013, 38.88707841647763, 452.4453036280128]"
0.001308283548822079,14.07963873737939,1.2652198748244742e-16,0.43986806082104546,False,False,"[0.5896986693272758, 0.8309662652216206, 328.8135744631137, -27.553072751163533, 472.9844722360712, 0.331867536723877, 0.1278907779863366, 172.9584343655366, 28.425794046047294, 450.47122926405433]"
0.0012952007133338582,14.135417001602267,1.7319708511117068e-35,0.7265559317399233,False,False,"[0.2679732439534445, 0.9174978145358751, 323.8234188136595, -27.991331740159655, 479.80996135992245, 0.339058151555169, 0.1974072916554174, 172.36272482254444, 24.278882452407455, 454.9026196374452]"
0.0012822487062005197,14.067322793640763,8.92802548332107e-13,0.951569703562211,False,False,"[0.3969919060839628, 0.8336124137487277, 324.88087854285953, -17.105579199302273, 476.8712834670365, 0.4399400074789306, 0.06873483724729422, 168.41189992515362, 39.166485865021166, 451.88448623724]"
0.0012694262191385146,14.0633529191255,1.538913802548766e-11,0.6422981579483231,False,False,"[0.6218900937498058, 0.8757079728154873, 327.7603787667848, -6.164369719638632, 475.06193913460635, 0.43392144244837166, 0.07467942655712115, 169.11066982434266, 28.417931542633816, 448.15233973991064]"
0.0012567319569471295,14.064602203181593,4.42867244193958e-12,0.8658767280212923,False,False,"[0.46236902170949395, 0.8740861907826225, 322.1993503071519, -11.991941848030336, 483.573315570085, 0.42088858615557617, 0.15696080322780137, 178.55877007163366, 40.36419565821701, 445.81006051711813]"
0.001244164637377658,14.053836206653232,1.948154312918448e-08,0.19619502163231062,False,False,"[0.5210527530145218, 0.9130705868075154, 325.04838106626516, -15.953437407068371, 467.29577682246196, 0.3592065699731376, 0.14047173269951535, 172.2065463655056, 49.830067211432905, 457.3454555218499]"
0.0012317229910038816,14.07442413163433,8.96650145370172e-16,0.16366633072193937,False,False,"[0.5263732140145995, 0.8097400051579043, 323.96467141366793, -20.682468353839322, 480.90884192119887, 0.3365647731349339, 0.1128571210298521, 178.43254532810644, 31.586441114272162, 456.03944874303215]"
0.0012194057610938427,14.057884352224043,4.91263019951188e-10,0.6114047538488927,False,False,"[0.5025967077817579, 0.856873847177587, 335.03942300625323, 1.9505123300274398, 470.5444025707088, 0.5608594709465619, 0.10079841981445567, 178.40108208258118, 26.476524448163175, 446.7022612881302]"
0.0012072117034829042,14.085177194841174,6.007381231617957e-20,0.860466279760264,False,False,"[0.48838355391956334, 0.8089021873512896, 322.9298847261323, -8.508011543715934, 480.6992883742155, 0.5205776397021312, 0.30410364690906533, 171.29235993156186, 36.6063019663132, 452.27033272321074]"
0.0011951395864480752,14.058276834306922,2.2892244421202726e-10,0.6761258515374424,False,False,"[0.4487096242294487, 0.9076411668006434, 321.55094484805096, -17.83382126186327, 481.3393447940645, 0.5090176429153526, 0.121828849362103, 166.35461078217452, 49.44510994053882, 446.9080795813801]"
0.0011831881905835944,14.08012654694461,1.7469376054087583e-18,0.6601649295280915,False,False,"[0.5653587005007357, 0.8512956346158855, 325.25208505016565, -27.180880017783128, 482.4012566537617, 0.3139796702277447, 0.16801552718046447, 167.24613631238387, 34.70406764252797, 443.8343325609857]"
0.0011713563086777584,14.070175903840408,5.652328930308439e-15,0.5578049010671129,False,False,"[0.3780242109631616, 0.8400468661601495, 329.1327884543744, -10.67104015837765, 478.78243142699773, 0.46863870255708906, 0.06778004014650071, 164.61246095021147, 42.04111268769236, 453.1013560489185]"
0.0011596427455909809,14.083803539242579,3.196420045332119e-20,0.09876450012435778,False,False,"[0.3881384839221749, 0.8153231479017209, 323.9493857623709, -23.702845848333506, 472.65042802708484, 0.43826110096891463, 0.11855261668493522, 174.503142675443, 32.34418004875784, 452.63036416115904]"
0.001148046318135071,14.06624373991685,8.921509867653765e-14,0.26290631258946673,False,False,"[0.4479178388593613, 0.9048368459578905, 323.51801010361055, -30.755551734972624, 480.15976234884624, 0.20992725957189728, 0.14383952584426585, 170.01954938291297, 54.40992618301644, 455.07484912670725]"
0.0011365658549537202,14.061076726001144,6.208664859946492e-12,0.6277522045164887,False,False,"[0.6431102579882157, 0.9312808411236462, 324.3067813842266, -12.82834789474246, 467.60775740327443, 0.5123955888665539, 0.09546450568268756, 174.97165156522533, 43.520855535389856, 454.6721631271961]"
0.001125200196404183,14.059766797225627,1.5324648038226992e-11,0.836891314780401,False,False,"[0.5818297410188908, 0.9309490950314506, 324.92182467325836, -6.948559485498901, 479.1257734566186, 0.3319502459676782, 0.23904292996540477, 170.32585683004595, 48.121745609394914, 450.88725944639714]"
0.0011139481944401413,14.087417835524157,1.9763058465454582e-22,0.4008017499660613,False,False,"[0.44756716715178546, 0.7740965657586598, 324.5717803134506, -30.179082704199782, 474.50539613928265, 0.32480792605105546, 0.15300014176368215, 181.99966806110257, 55.37439274348614, 453.8698720509664]"
0.00110280871249574,14.035426720338455,0.035572799617466136,0.6640291496041135,False,False,"[0.48537388973323775, 0.9288554928833935, 319.28940216033254, -11.733412640544952, 476.4444391431602, 0.576944775247586, 0.08191084456867193, 170.31056182849852, 42.2475379835103, 451.9146364505746]"
0.0010917806253707826,14.086907015692812,1.1438492518386322e-22,0.605889330481705,False,False,"[0.488704095674462, 0.8409993471704742, 327.21849579492203, -21.29346700560294, 475.8699824603059, 0.4311443448808225, 0.23010603388997256, 162.3798279659113, 61.616145747676725, 463.5211817861608]"
0.0010808628191170747,14.099027682793032,9.259968026599014e-28,0.291414502894627,False,False,"[0.5325271838725041, 0.7586920503053012, 322.25618620182945, -32.884976212251004, 470.49914007303704, 0.2810575229144874, 0.29227834539638564, 171.9700673391454, 51.05438630588452, 450.8508459772666]"
0.001070054190925904,14.0810005598956,1.023461666636066e-20,0.5177482873540097,False,False,"[0.45239307628716574, 0.849795966472787, 324.76905626752216, -13.799159649353616, 478.606741983232, 0.4081740794853334, 0.22147255957091225, 165.1483342535732, 29.82003273510047, 459.28491357934917]"
0.001059353649016645,14.081307935408407,4.809953824677058e-21,0.9470483915174773,False,False,"[0.5569840711908148, 0.8217207751014495, 323.0469341209785, -44.57046178467269, 470.5244586729043, 0.5032585274836687, 0.18855132785743411, 174.79800902546333, 39.58234526385448, 449.1312131491011]"
0.0010487601125264785,14.075722840637805,6.161880879016082e-19,0.5868709038470141,False,False,"[0.46690759314467295, 0.8411207704270417, 315.91850479989597, -43.30718005850302, 480.1560273442365, 0.5471016549182608, 0.11939718069183117, 164.53265496262154, 26.25082140990331, 463.1500754795443]"
0.0010382725114012137,14.081268975053455,1.9315351905555287e-21,0.7714497791627898,False,False,"[0.4282874176233234, 0.7954498536338095, 320.8779893205934, -24.160156988315265, 469.7196199627232, 0.40614993708763275, 0.10968164018701995, 172.7172459662196, 26.180849338708825, 456.9386432371181]"
0.0010278897862872015,14.067772085259252,6.015203345519999e-16,0.4766876577813435,False,False,"[0.4069296829014471, 0.8379851758964121, 327.00755563260617, -10.483805213112113, 478.4203670723716, 0.5100102601280835, 0.08815004270766552, 176.87439132637775, 27.762765820110445, 450.0487039234975]"
0.0010176108884243295,14.094708852693731,1.3473216345318308e-27,0.30744142313154577,False,False,"[0.297621904130684, 0.7294797320158375, 320.6976770376666, -18.27659613853431, 489.64679267880126, 0.5475712820353232, 0.0746153922844623, 176.64183620441838, 66.04215913467405, 444.96276678211336]"
0.001007434779540086,14.066386779118778,1.1678801361952502e-15,0.11671193386009093,False,False,"[0.4695583447574304, 0.8308849342254642, 323.2906042957151, -19.551019121864996, 479.37110545881706, 0.35005308446159233, 0.09680212238400039, 180.04832519499996, 43.868753274437154, 444.251296605981]"
