temp,cost,accept_prob,random_number,accepted,is_best,param
1000,130.2850833596719,1.0,0.0,True,True,"[0.8722682278220223, 0.7267981482980735, 191.6410279399735, 47.79269982855438, 230.68241980781627, 0.8276329207305518, 0.12744108658969758, 153.5546855148497, 10.214483042204293, 216.7595347649932]"
1000,130.36765600021747,0.999917430768481,0.2126209177286661,True,False,"[0.8071643785341839, 0.7840928062635909, 197.5576982742688, 37.41762065356619, 229.23092619081115, 0.7881583774160855, 0.2689960545066844, 159.09293018378105, 18.18607317011201, 221.715233144119]"
990.0,130.38429158296532,0.9999831965222428,0.6618183030841368,True,False,"[0.8793417815534352, 0.6922745722847122, 202.47731241557318, 32.379210484464394, 232.5357812570608, 0.8197904391200671, 0.25418544238965407, 155.42283806254943, 7.620951003412323, 219.57832656647142]"
980.1,130.37987497120858,1.0,0.296751463880096,True,False,"[0.796909459625305, 0.6764404303301168, 208.735989003383, 29.97653668097473, 226.22565528272122, 0.8702619707413863, 0.2549578854204159, 158.74551498556096, 6.7182426733324005, 216.74712355655012]"
970.299,130.412827911959,0.9999660389414099,0.051562249488274925,True,False,"[0.7997013658691018, 0.6164105753497918, 214.81261668881916, 32.836520328093656, 232.3446018898966, 0.8082552417885113, 0.18105758952684797, 159.56241665466138, 0.6331547650479852, 217.14657402343232]"
960.59601,130.37752575287246,1.0,0.9725365367495934,True,False,"[0.7998982106656306, 0.7555905451100319, 213.13477227849043, 31.347439847501583, 232.25851203210777, 0.6816770471908491, 0.18888537985362047, 150.61341055276785, 3.0997123559264956, 219.21344820754425]"
950.9900498999999,130.4189372181955,0.9999564553133903,0.5630773204845233,True,False,"[0.8652229774832902, 0.7667687325124032, 211.67166087849137, 43.14963023791475, 233.40113951533024, 0.4728980070040195, 0.20562916216691673, 152.5040525204561, -6.5661944989445225, 222.7721611499832]"
941.480149401,130.4401565101999,0.9999774620283847,0.713957064420509,True,False,"[0.8208616512540544, 0.771877375499527, 212.15637175081255, 50.27476880689001, 228.69612891490465, 0.44302619315224245, 0.12340491592673579, 159.96791877603926, 8.477865420843537, 229.520723203742]"
932.0653479069899,130.38781092807946,1.0,0.14846751219966803,True,False,"[0.8409490679952211, 0.738375785179524, 204.39529848706377, 64.92682889818654, 223.6524101692589, 0.5386175920930826, 0.2715016153407372, 161.6344655897295, 22.50403786487027, 233.9866369794425]"
922.74469442792,130.31004449386762,1.0,0.14672889703040093,True,False,"[0.8841517028194986, 0.7711066120317557, 207.84846451878806, 67.75432376586689, 218.5666496153876, 0.5813168815352312, 0.121402721563939, 156.04572451855822, 46.32376300207051, 232.92304914903934]"
913.5172474836407,130.29453196003053,1.0,0.4798355690750157,True,False,"[0.7624917058960687, 0.7191730447898889, 206.39274524117343, 60.78933732065959, 218.80923912566988, 0.6891025592123317, 0.16176021923016332, 153.5793871900129, 37.3861842787436, 236.71775467336687]"
904.3820750088043,130.4137472528601,0.9998681890773687,0.684164714244906,True,False,"[0.8800967424801865, 0.730495440575238, 215.45711537211943, 53.50646929115381, 218.24334802994224, 0.5934748924250064, 0.2232837924256646, 155.25613254753773, 35.83844781458116, 239.64910865147002]"
895.3382542587163,130.46534729107063,0.9999423697679735,0.5653714056182707,True,False,"[0.8708206989078295, 0.7157502716413592, 217.11746466461494, 51.34816121718245, 223.32241844261796, 0.6401190440587748, 0.16668075691456902, 153.41067624178154, 34.55432048727542, 249.47478581695134]"
886.3848717161292,130.52728668415898,0.9999301237746785,0.3854992055740212,True,False,"[0.7641751538262627, 0.5801433720742978, 221.7388707931708, 47.114572848631134, 227.8201340730425, 0.5804694679803093, 0.14408744842073617, 157.83457699220668, 27.81316046869133, 255.80214236405584]"
877.5210229989679,130.50074050950857,1.0,0.1463036788758305,True,False,"[0.7697377194530882, 0.42919968045184687, 217.2541158924903, 39.61983522356138, 227.9860847416988, 0.5356293691295486, 0.15405758252920077, 154.4543315824158, 29.000700795456638, 254.72951046024377]"
868.7458127689781,130.50856930907656,0.9999909884293219,0.3829788032756335,True,False,"[0.769090221402977, 0.6697431168677341, 216.98756689187005, 35.17715141418895, 236.72821377464024, 0.5327377204968945, 0.19114916846396757, 152.72597324868033, 41.712322076505515, 253.3949137914724]"
860.0583546412884,130.39499883253734,1.0,0.6593651525540294,True,False,"[0.6319313084511812, 0.668558755856571, 209.51828819579632, 44.997311121090796, 223.21804426151155, 0.46531293789972605, 0.13283271844551914, 154.51621195968002, 37.96786046098146, 251.70759700856104]"
851.4577710948755,130.43918265008165,0.9999481093805571,0.08939908797035823,True,False,"[0.7335592009506459, 0.6698768877664577, 212.13997556921154, 50.34565771090283, 219.33184223298912, 0.3018093025813778, 0.16966698969530938, 158.06553349657426, 41.183405993111144, 255.55941380362165]"
842.9431933839268,130.45895953712738,0.9999765385672451,0.8282074914407797,True,False,"[0.6499318522344932, 0.6786842337776356, 213.21470110381043, 48.06383276411781, 221.07409186626347, 0.2589212341066317, 0.16390496212803513, 158.93397436951312, 38.58522428108731, 257.96206305726497]"
834.5137614500875,130.48117317255267,0.9999733816974561,0.7122441908744737,True,False,"[0.5938534104362428, 0.7201124785263079, 217.3757131812446, 54.712537519465194, 224.97705487895155, 0.16582372846433213, 0.2742405358064546, 150.87624601747012, 22.278388687684284, 264.4454219878323]"
826.1686238355866,130.42955777186418,1.0,0.5245360967779289,True,False,"[0.49262605915413515, 0.8226055478518663, 216.13098908004923, 41.267045836867524, 227.82874414247698, 0.3479052614435511, 0.164060920944262, 150.11171138382818, 31.252353113071305, 261.6656277036169]"
817.9069375972307,130.46876083101876,0.9999520701954616,0.7322579862109043,True,False,"[0.686168526040928, 0.7709883899809012, 214.42036588783256, 39.17058822196065, 228.6204833552636, 0.2074577044076705, 0.2548324565199646, 145.03391678119084, 27.64474649457866, 261.6046241139733]"
809.7278682212584,130.63378626001693,0.9997962171981096,0.8499440954333957,True,False,"[0.7434483536195574, 0.7448756381754622, 219.28051327948242, 40.826248652202395, 237.5436885054758, 0.10285384217406743, 0.15605543942900693, 150.4477804555024, 15.782716491369566, 271.8537187681618]"
801.6305895390458,130.52409307845525,1.0,0.8751072909109819,True,False,"[0.5919667058601975, 0.633018601149464, 212.54879477433974, 63.56341141193036, 239.84031384892728, 0.21787152222195788, 0.10361213055171171, 156.01134780449962, 12.432154925646573, 263.7815876731943]"
793.6142836436553,130.50395168991872,1.0,0.8683062399739453,True,False,"[0.5139704843634137, 0.502078161258147, 211.27379686777283, 66.59334544784693, 234.96239780619294, 0.25900421036884846, 0.21933853426413152, 155.93704507618384, 13.553733467164456, 262.0617083005806]"
785.6781408072187,130.57080186402183,0.9999149176657637,0.07484085041510591,True,False,"[0.60044133158247, 0.46331975488774274, 205.2711846013017, 64.4376213141532, 241.73062425562728, 0.2730945456902653, 0.11148375123115001, 163.51330992032925, 7.18066397275879, 269.1914646412232]"
777.8213593991466,130.62972526412764,0.9999242484568001,0.4414676249585401,True,False,"[0.6817655048730906, 0.32191557229413825, 207.80355094320822, 65.42516070537975, 240.04800741826514, 0.21958712800635505, 0.1547351074493504, 167.57352830916307, 12.859123108704992, 273.5877958446062]"
770.0431458051551,130.52096768059806,1.0,0.7631078980308852,True,False,"[0.7578251001150333, 0.5198727072618929, 198.40457938731043, 65.52628049673123, 239.62908515099593, 0.2621140462725714, 0.16780605451370917, 159.7618567215662, 36.150270115549404, 272.4679316819538]"
762.3427143471035,130.57262836140245,0.9999322366050585,0.4470834742077646,True,False,"[0.7107374341775136, 0.5610401319496099, 203.148604066173, 63.489454633438925, 240.66785504685157, 0.38672607611866483, 0.2013819550878993, 160.65732182855785, 22.098059997342936, 275.7496293025633]"
754.7192872036325,130.56204528552732,1.0,0.08620921751591593,True,False,"[0.5984834524088203, 0.5673533537435799, 202.91411915150925, 66.48743098251468, 234.6999862773815, 0.4626430642470077, 0.18045506684540577, 162.976758240532, 7.851725971687484, 282.943780204596]"
747.1720943315961,130.5337456134424,1.0,0.9534108989352728,True,False,"[0.5753880278789888, 0.582073344707382, 200.1738656415506, 82.8529341852522, 236.3124657771857, 0.4858111643291614, 0.2784110046833768, 166.51813248128974, 16.890162926415236, 289.5083712030175]"
739.7003733882801,130.5370075667112,0.9999955901792215,0.5570902345618326,True,False,"[0.32406991653483735, 0.6615906157180648, 200.08899921158593, 74.39220786180302, 236.09352852037898, 0.35292938378101435, 0.2464823835414393, 165.53325701943103, 23.30919901460733, 283.057405386685]"
732.3033696543973,130.46605977916013,1.0,0.5985518888347049,True,False,"[0.25963566862135246, 0.7627263671502864, 196.2112275988588, 78.7791964831507, 229.8335513646775, 0.2761747414339202, 0.2755961591360211, 169.68623108251194, 37.85723813262567, 274.6271665842755]"
724.9803359578533,130.48358752653147,0.9999758234332425,0.9333824664547758,True,False,"[0.18662524605174163, 0.7301313051059778, 198.810228488045, 67.05144692999784, 226.7575800116873, 0.25137417264729384, 0.2838139016553188, 158.07233718640586, 20.112773082464045, 274.7302758184708]"
717.7305325982747,130.43773338325613,1.0,0.03076266931617888,True,False,"[0.17327010035923018, 0.8789804219443316, 195.49888022767556, 77.36961789859788, 226.00076360607412, 0.3645327448540648, 0.3635946528338773, 148.7265493775453, -11.409691172899088, 273.3265932592043]"
710.553227272292,130.43353222234035,1.0,0.6853592623360183,True,False,"[0.1540071978383193, 0.7688273444019428, 188.5203321822449, 61.5532624497509, 224.4207233773163, 0.31127742525675994, 0.45352022789462076, 153.59126987828301, -19.655609919191754, 273.44666243983755]"
703.4476949995691,130.3951354585647,1.0,0.7675679467304971,True,False,"[0.2148922853902737, 0.7177114926143118, 183.184732309853, 60.880310555864035, 222.6383632468205, 0.35643757897090417, 0.5733187637508181, 148.86501528684641, -15.022211457004824, 283.32891999951073]"
696.4132180495734,130.3787743896035,1.0,0.1482006742177686,True,False,"[0.24027629302033549, 0.7304047524764689, 190.2719784739043, 55.77664889314464, 218.7187999455288, 0.3045470534524767, 0.3936737303979707, 148.18353931302258, -18.731171608340663, 279.2800008144434]"
689.4490858690776,130.3361047164184,1.0,0.5085588148722521,True,False,"[0.11090599743397159, 0.6009543632991233, 177.14249127540586, 29.937112250927914, 213.8298186468699, 0.32302059347561984, 0.19807460867431506, 138.603075899885, -21.562444005966334, 283.57198933301544]"
682.5545950103868,130.36135905948018,0.9999630009437339,0.43702819004854976,True,False,"[0.1522885281947692, 0.5030819879057628, 182.50612400350045, 22.476880443282084, 215.50774877310843, 0.12511220349966196, 0.10458093958870453, 148.0412888891729, -37.13316711358952, 278.41834204296885]"
675.7290490602829,130.2757378741929,1.0,0.7174273579665833,True,True,"[0.18460980648067837, 0.46635236526777707, 182.96086277205788, 21.92477641006892, 210.5698266950722, 0.15758381472433822, 0.13920916261884214, 144.28371473350256, -42.49668079512377, 271.58537993925984]"
668.9717585696801,130.24652143923473,1.0,0.42243103007988436,True,True,"[0.23517948191451704, 0.467084643185451, 179.72800898103077, 20.721491290267235, 211.35424322897407, 0.2660511404739482, 0.1044521233680687, 148.03316721186061, -53.82237330410369, 271.60497737710085]"
662.2820409839833,130.25923856175515,0.9999807982103737,0.3501285749432803,True,False,"[0.19963314308041907, 0.5676196362095107, 171.46603723726182, 22.235173908554664, 212.51591347442923, 0.11709963969119472, 0.1449968354600754, 150.59809004789298, -60.525850110307914, 274.74284204344895]"
655.6592205741434,130.16487406161812,1.0,0.4558766698412249,True,True,"[0.23713318562647528, 0.5512469296001573, 170.8315322028425, 30.03475247052957, 214.8691824093932, 0.2320449380479711, 0.15124082578282963, 145.66922892406131, -67.83534320203978, 271.5543604804425]"
649.102628368402,130.134437677472,1.0,0.8062654583249257,True,True,"[0.3146156144961926, 0.4970334271563098, 171.15149568834374, 26.566405926793664, 213.9915197571281, 0.28221701269830357, 0.24309627269776818, 149.04669095007438, -85.08859411678887, 278.05493165543663]"
642.6116020847179,130.05599535844894,1.0,0.3051382770693418,True,True,"[0.2163834595445809, 0.5286945893743793, 166.2697350966371, 19.880663928017977, 205.99673636588486, 0.3688151591202695, 0.21247398497118625, 140.57935982139074, -81.59700892542082, 278.7253579011756]"
636.1854860638707,130.0196144159847,1.0,0.19255998402490793,True,True,"[0.24088669052556155, 0.43337639206575923, 171.16984045087327, 21.433333639327564, 210.41183196816382, 0.4018989591167269, 0.15009646736907115, 136.26613236516695, -86.39384399527809, 276.11372744412705]"
629.823631203232,130.04620695666648,0.9999577786891847,0.038028284997782213,True,False,"[0.33071167989858175, 0.5336819916765131, 170.76952156891232, 23.228343629530045, 217.43898781140982, 0.3730852442131392, 0.287547881142293, 135.7232098149995, -83.80283349877786, 277.6727914320681]"
623.5253948911997,130.05520346109773,0.9999855716549759,0.0077985951147445665,True,False,"[0.3825522461949505, 0.6720619962374212, 175.02948842177406, 20.06258174693987, 216.98693857903487, 0.43275631649632756, 0.4626373767885157, 136.33824616641348, -83.8449629079489, 278.90185155961046]"
617.2901409422876,130.08367954290077,0.9999538702741022,0.9165646517891832,True,False,"[0.37017877381298747, 0.7513177237403786, 165.85685930889565, 26.704402380473166, 219.7949462926532, 0.3176961849224372, 0.4153743452425388, 137.2142648860659, -76.21941938488881, 280.52917641246916]"
611.1172395328647,130.15703590821383,0.9998799707191616,0.05966272864563982,True,False,"[0.4806045543806181, 0.846565390264, 172.2712615883033, 10.14854986205907, 218.65576313999307, 0.4023644089438717, 0.5711820582389372, 135.3668377449142, -58.318650576913925, 290.9046182742615]"
605.006067137536,130.00994417831865,1.0,0.35925726774005495,True,True,"[0.5387514113635411, 0.8824625918331899, 166.74047333987016, -4.997412261411894, 213.49543281408793, 0.539589789474924, 0.5262668780034621, 129.20105783329944, -65.99123739781427, 289.0160569262704]"
598.9560064661606,130.0196150353722,0.9999838539410644,0.13835425850823035,True,False,"[0.388544139788065, 0.5661009866115403, 168.8578177840687, -3.388131095146324, 200.74976966385728, 0.4478243951272103, 0.3061634099418409, 124.49864176924312, -60.093658219230136, 288.25484701756744]"
592.966446401499,130.0351298897777,0.9999738355322972,0.6367258787523837,True,False,"[0.6251541671803332, 0.49496750759684605, 167.8979858015303, -9.55783240681582, 190.94938801150045, 0.512547643419141, 0.333992373332978, 129.79955625332332, -53.69018306910398, 285.689646320235]"
587.036781937484,129.896448751125,1.0,0.4464563648511003,True,True,"[0.636286369676436, 0.7155319662362872, 158.60358140258282, -7.28909874129895, 189.9715760817845, 0.5757282778106085, 0.3996194640115356, 126.81761068345382, -66.9083109125524, 289.9833349736079]"
581.1664141181092,129.85318184054987,1.0,0.368010703558309,True,True,"[0.46630589513823995, 0.5980248474723259, 148.27201826491824, -20.92707554640336, 192.23812198985442, 0.7069350669521679, 0.20953181161080978, 126.59534597844969, -54.095551803199015, 280.4399685918001]"
575.3547499769281,129.81214095969517,1.0,0.0030647089468636146,True,True,"[0.41353788045275547, 0.5979173398199005, 142.69884011350217, -25.40985091229819, 196.20569799356872, 0.77417213579941, 0.2322185821332027, 120.25539305930027, -46.22212102204757, 278.8837716744592]"
569.6012024771588,129.81249209969664,0.9999993835337923,0.9213284285245127,True,False,"[0.28225590666375344, 0.5681494140496959, 138.28932599409646, -20.734273533714376, 198.15060472852406, 0.7824664193364986, 0.21920893648965842, 118.92893767599897, -45.20537034244906, 278.25638305906887]"
563.9051904523873,129.96982269268048,0.9997210370645193,0.8105045102936526,True,False,"[0.10856718518922001, 0.6291276834137313, 140.22234962620084, -8.312715512942079, 206.2962958110512, 0.7842389620149368, 0.19784246143418513, 119.95025374553933, -38.34438838411802, 276.44966568841]"
558.2661385478634,129.92153734587316,1.0,0.44082526636301034,True,False,"[0.11877015094912244, 0.678404086219726, 133.56009868457778, -19.009512419036113, 204.59141820031684, 0.6751811149475054, 0.33353879338173137, 122.07052310082577, -40.1120328940387, 277.4598159884404]"
552.6834771623847,129.82508164875006,1.0,0.8612905771718898,True,False,"[0.14083845139362344, 0.6739558355604924, 132.49900728979236, -12.20797417893534, 200.31185431480094, 0.8259054061913531, 0.2372703525899434, 114.65053244447286, -46.170729535875346, 281.2004150019783]"
547.1566423907609,129.94793547723918,0.9997754938389934,0.22045062027067286,True,False,"[0.12970353724468126, 0.7280191411919171, 141.21844542828967, 1.2150008515002444, 206.79826715417005, 0.7218049868890348, 0.369414136147989, 118.60790344979135, -46.58802448507396, 276.2781088750977]"
541.6850759668533,130.06622222078374,0.9997816557355813,0.48036214165498947,True,False,"[0.14735882015022836, 0.8255571761685997, 137.1526663579437, -6.442354602320117, 213.91961225849607, 0.7806617499962943, 0.37101151918663666, 128.18558344427188, -51.55520738068316, 281.2445654677993]"
536.2682252071847,130.11280861748543,0.9999131323262189,0.28318866371296314,True,False,"[0.1263482575043477, 0.843943134315195, 138.2405189030851, 1.4969010550615467, 209.3488285393863, 0.6848654007793918, 0.5936235894540746, 134.69834214227643, -52.283327311945335, 278.7764545399691]"
530.9055429551129,130.1289233429443,0.9999696471790364,0.3202647896775641,True,False,"[0.14086153089951275, 0.6641172393609734, 146.76370576939303, -2.867137315833854, 216.89148005852462, 0.6694058326380731, 0.6723639141203556, 132.1728669443323, -45.63156082811205, 280.80829115105473]"
525.5964875255618,130.1775458289846,0.9999074951255362,0.23778591440817365,True,False,"[0.22943744344413644, 0.7681050069359233, 154.40581958438807, -14.075190582352008, 216.28712311296266, 0.6639486462583026, 0.7370171769069178, 134.9302841949534, -31.765127497963064, 279.20233424336107]"
520.3405226503062,130.1345307921475,1.0,0.07462246581316567,True,False,"[0.34157708271062004, 0.8280465552724945, 157.66254979740847, -8.947193932878559, 216.42186666379388, 0.6447267945772724, 0.6861901908179082, 131.16306469816314, -27.22109853299034, 280.91801336505983]"
515.1371174238031,130.09714940143272,1.0,0.18168281800210517,True,False,"[0.439295036282737, 0.8436503621991644, 156.77676594453297, 9.979234117345744, 214.46375515487463, 0.737354180289648, 0.6663897706522146, 133.08440222020204, -23.352374577288586, 277.2657280365359]"
509.9857462495651,130.17483671738898,0.9998476792740127,0.09516906463224661,True,False,"[0.543716703713287, 0.7538516586841376, 157.38870646601035, 19.614864109161616, 210.62871643304635, 0.7366049742583269, 0.6749269901731894, 134.86620515932412, -22.54305023590078, 275.8970704846113]"
504.88588878706946,130.1458870633458,1.0,0.8956890917795919,True,False,"[0.4287170696489606, 0.5886767071798871, 154.45537179403107, 22.485285408204994, 211.28692730879834, 0.8590111141537172, 0.7040234620598115, 126.44922522994356, -0.7806865504846456, 276.4496146226144]"
499.83702989919874,130.21531094987506,0.999861116601307,0.15846911137239506,True,False,"[0.4723098724939239, 0.5532428901621066, 153.7956660818167, 13.406747464305521, 216.28972571064537, 0.8424838712667106, 0.7325702349534936, 132.57865335351195, 25.440051396272402, 281.90149125709024]"
494.83865960020677,130.1630968026017,1.0,0.4702843890138003,True,False,"[0.341102771201945, 0.5099453494049914, 161.7151044002358, 26.31249443437408, 213.23547721434542, 0.765043616049114, 0.7353740072993435, 128.86608555526084, 27.294152825351013, 278.64615137703333]"
489.8902730042047,130.12456083213175,1.0,0.4490202904994457,True,False,"[0.41282400204122494, 0.4800513454292829, 164.02527029313737, 30.951224162310147, 210.73723955634685, 0.8309299165590326, 0.7428550612382293, 123.41707418419325, 29.77815221391656, 272.9249656717923]"
484.99137027416265,130.15950916385137,0.9999279428981448,0.25764434938436986,True,False,"[0.482571346551833, 0.4138424433104263, 174.16705578585905, 35.92399820309648, 207.84716286995317, 0.8413121382698238, 0.7755891187676145, 118.57571698304125, 17.14103128312403, 275.2684117315878]"
480.14145657142103,130.23107444911508,0.9998509606884983,0.26722233418112395,True,False,"[0.47400992960590965, 0.44265165727391514, 181.59842835963457, 18.885479858495998, 206.08258911416365, 0.8087036768853272, 0.8997350716431516, 112.27905622865309, 16.107555650528155, 271.74936565885025]"
475.34004200570683,130.04913355819642,1.0,0.7177305065473146,True,False,"[0.534459115953467, 0.37172979656037464, 181.85260926946222, -5.094344644115907, 200.79117115506082, 0.724959569050675, 0.828826205282773, 108.58936518439337, 18.017407305173226, 275.35989977338903]"
470.5866415856498,130.13029241142667,0.9998275517237304,0.21754105366214083,True,False,"[0.6009512977962329, 0.4296721501758848, 185.7968034478443, 2.731144437485595, 202.1942704695998, 0.7525670492494342, 0.8419159948792818, 116.34687776641661, 19.64154469762358, 267.7888451519648]"
465.88077516979325,130.130225406379,1.0,0.5617511587031551,True,False,"[0.5680677876218478, 0.49392236176529725, 186.86456879351203, 14.57806554707445, 207.5700947152855, 0.8232934301845197, 0.7810407739114201, 108.66915485622481, -1.8296513072755083, 266.0429631837523]"
461.2219674180953,130.04797547340337,1.0,0.6136417328122078,True,False,"[0.7530860039319892, 0.4763428190005364, 193.9450925829566, 18.653106852579118, 197.1342307570018, 0.8098067275400986, 0.8069012418803648, 101.0529007072594, -5.174208461234876, 269.61291129905754]"
456.60974774391434,130.0255167106675,1.0,0.3883787139987812,True,False,"[0.7988196641716865, 0.3326746337316795, 190.41711864157068, 8.59303700156169, 199.10381480351086, 0.723942265280545, 0.7642292757751096, 102.270183530284, -14.834498485667117, 277.44254964012407]"
452.0436502664752,130.02423589620093,1.0,0.42871285448041774,True,False,"[0.865453001823305, 0.30304069741463124, 189.77570691610035, 3.4402377163086086, 199.02160150118505, 0.8481788235188465, 0.7107392594916461, 97.09006763357755, -28.051959507466215, 279.2702119345047]"
447.5232137638104,129.86308555085142,1.0,0.06906267487918571,True,False,"[0.7134285863134302, 0.27832949565046516, 186.65176696898226, -5.996711962863708, 205.77053693170868, 0.7668521357129641, 0.7190902750181314, 87.45426265233056, -34.03777434209522, 278.19622658588463]"
443.0479816261723,129.9177480002088,0.9998766294404074,0.2772363700320227,True,False,"[0.7208242315954606, 0.4009821278850376, 183.14378918750893, -1.2123347440437238, 209.98778911690334, 0.7465345283255466, 0.7447484899098777, 90.45378276728671, -30.81196908132942, 282.9174513120891]"
438.6175018099106,129.95400529698014,0.9999173407397096,0.9383269806909355,True,False,"[0.7654421794324426, 0.45892748679017614, 175.95664195573815, -23.153749156798867, 211.9518433053051, 0.7724250761572755, 0.8416839803898808, 92.70897959948022, -36.20345182298921, 285.6956763574817]"
434.2313267918115,129.74979997904282,1.0,0.7472373596401444,True,True,"[0.7519359528341804, 0.556643023347312, 183.0718401970933, -21.0369912775097, 214.64088604511164, 0.7226099424531309, 0.760769405968041, 87.62285544025183, -55.119348979847246, 281.8549964778915]"
429.88901352389337,129.89246643541492,0.999668186947609,0.3079303028043836,True,False,"[0.8163760710185889, 0.5314212215535861, 182.84726094812603, -6.737314290262226, 217.86497945573544, 0.6327944172780552, 0.6828816911357513, 90.55081359857193, -52.301631938472454, 284.60704120556244]"
425.59012338865443,129.86058218274374,1.0,0.6066373861748608,True,False,"[0.8468462389539405, 0.6394031828211931, 180.1365273025134, -21.248806320606256, 222.6919157788654, 0.5434106876062372, 0.7106502895567581, 85.37020921055819, -53.926122416272484, 289.59766847143396]"
421.3342221547679,129.87930519690892,0.9999555635474513,0.5986311255232746,True,False,"[0.8115810018156348, 0.4539633206432784, 186.99600309220256, -1.0844210134308199, 222.5676570015756, 0.5870967959570239, 0.5564156518209264, 83.76262329921963, -52.652023676430524, 283.80961447553665]"
417.1208799332202,129.91033587532795,0.99992561023503,0.2082521178046809,True,False,"[0.649622690268991, 0.4564867872892777, 192.9576075370023, 19.92501380105023, 225.75408910499982, 0.8378080332260489, 0.6041726268154664, 86.22506573641877, -58.82274391003414, 270.9094079204444]"
412.949671133888,129.84008071797308,1.0,0.926881299192003,True,False,"[0.4960841175877345, 0.3920514915639788, 198.55426682366078, 6.640981192455131, 224.79375918791456, 0.7531856196848656, 0.5320091945670047, 85.72859952088456, -61.27119321602727, 268.4316767565614]"
408.8201744225491,129.83809745895067,1.0,0.2332670902477646,True,False,"[0.6609912519082685, 0.22078014229734613, 194.31880178638175, 5.853394363917699, 221.2504838064182, 0.6612409253622942, 0.4665974893504685, 84.35904443195675, -33.62655030875704, 271.7148005083371]"
404.7319726783236,129.96099998747553,0.9996963821042755,0.6295338270247365,True,False,"[0.6757538321984454, 0.11180922962652792, 196.28961366793436, -2.370315603788642, 214.9013885203033, 0.7122520682229925, 0.32400154909486634, 95.27631176239858, -18.22283144536663, 269.3857805282943]"
400.68465295154033,130.12716763286926,0.9995853766963624,0.6416656299916965,True,False,"[0.646509177204588, 0.1713049496113666, 197.4828036455938, 14.596338364364795, 215.43045622133374, 0.8747762348966488, 0.3492843132173558, 95.55397422257488, -15.98974366935207, 274.25212737854247]"
396.6778064220249,130.16903213370082,0.9998944677743801,0.5326013667370921,True,False,"[0.5346675449083946, 0.24697347279970872, 195.46289103468422, 3.414067151568835, 220.3227424157982, 0.8454805206490857, 0.3622099325766001, 96.22013855952771, -11.881011828187344, 280.2317107140703]"
392.71102835780465,130.21262358255638,0.9998890048243035,0.6650867669914103,True,False,"[0.5767358535681383, 0.08815758774793447, 193.8359751469574, 14.691084442925245, 226.0339128472256, 0.8299414016227947, 0.22872614937060648, 101.74916409970092, -15.836111711340694, 285.877094161368]"
388.7839180742266,130.18758102347874,1.0,0.5019899045235131,True,False,"[0.5421475153121991, 0.0868916735577433, 195.30779531082834, 5.609271631897526, 234.51775369890134, 0.6543041116209988, 0.2973963547932634, 102.45737949643411, -11.84578021111916, 283.7291710459724]"
384.89607889348434,130.1958003279016,0.99997864562121,0.9148551509051704,True,False,"[0.49199018186322274, 0.12706940889405238, 184.22863947635642, -4.155217544901626, 236.07924794539147, 0.6645733031073857, 0.34056838600729394, 108.1698257280806, -2.688448417689264, 274.60890648728014]"
381.0471181045495,130.22597571519339,0.9999208124374003,0.7446031813586197,True,False,"[0.7424452862733906, 0.22566038006203343, 185.4782510326466, -7.925233973334381, 245.76379070500423, 0.7184982322497998, 0.47598317492186387, 107.87579912971913, -22.480871987666262, 280.4963646147418]"
377.236646923504,130.24279201144472,0.9999554234150388,0.5146033091794548,True,False,"[0.8472906847184298, 0.21736229984836755, 180.1617028822483, -2.1225906834551456, 248.82277493532473, 0.697560288493245, 0.3682054244123285, 107.68342717218685, -21.460856488124065, 275.61435331341534]"
373.46428045426893,130.20257223209143,1.0,0.6351594672069214,True,False,"[0.7011041923051572, 0.26715191065167554, 181.2482823393271, 5.474638256068927, 247.79996209187894, 0.6381544599556781, 0.4939221763797087, 106.59041121261309, -30.78125742614761, 285.43859588838365]"
369.7296376497262,130.11432988743508,1.0,0.013797039816290102,True,False,"[0.5156418810788519, 0.2387251963637109, 182.07623687282685, 7.006246054523593, 242.8742802550534, 0.6296704225060107, 0.6287015998859362, 98.15964422816938, -39.0964655312983, 290.282698819664]"
366.03234127322895,130.11515750140094,0.9999977389620072,0.8434061425947954,True,False,"[0.4444134744019175, 0.18049205898706894, 180.93264223049013, -8.719771404461302, 249.62106328944438, 0.6397494102633067, 0.9138144065661176, 98.63206756605558, -32.04041191742561, 296.8602879897131]"
362.37201786049667,130.0619393377937,1.0,0.4719712775541308,True,False,"[0.42127204048287525, 0.21564475120205626, 177.2746515734406, -5.104383964203267, 251.784904102758, 0.647860024157858, 0.9199256924975654, 92.58745780535713, -34.38812886202737, 299.42128464420927]"
358.7482976818917,130.0701781733456,0.9999770347594641,0.2552560798226928,True,False,"[0.3433723276164201, 0.19887576047904731, 180.28552110456067, -14.029129425319114, 253.70487679168838, 0.6367146488272236, 0.7936047048083025, 91.96531738708174, -43.77262923644031, 298.42058428141434]"
355.16081470507277,130.03621802112556,1.0,0.8384117154929968,True,False,"[0.3539777948879296, 0.1579453829910586, 178.82621345507073, -0.9070148770850874, 248.2227366687022, 0.7857470550324113, 0.689092935201149, 86.33288989000212, -45.76577410633333, 292.5660729431409]"
351.60920655802204,130.1234638043527,0.9997518979644893,0.4065783683118981,True,False,"[0.3993884117070676, 0.09886783887407874, 186.95900089785698, 18.106525267734703, 245.30047131748387, 0.7594419016354131, 0.6526279161385794, 97.61852892628224, -43.731336210618515, 284.3122391997542]"
348.0931144924418,130.1117746573598,1.0,0.599191166592474,True,False,"[0.29476894790818525, 0.15054195940813647, 191.05919341996375, 5.966743842014768, 245.68409722511126, 0.7023684128415866, 0.5628285496031296, 90.02183182878713, -31.19878504104376, 286.0466138915398]"
344.61218334751743,130.24070683931996,0.9996259329413045,0.14719626091149796,True,False,"[0.41921599255212855, 0.19294719353342593, 200.5761079933373, 2.8950039105535756, 243.61470644708484, 0.7068716293062416, 0.48771005517421595, 101.36490046859132, -48.151528378690124, 291.5825292278135]"
341.16606151404227,130.28320865933583,0.9998754296586853,0.8181456834649853,True,False,"[0.5086140563790761, 0.24247919668749066, 205.52248310179985, 7.1689622159622886, 244.85757116993932, 0.7071715791188475, 0.43926482828870084, 101.09354243647616, -40.54982772657657, 290.64140245106216]"
337.75440089890185,130.28591473836494,0.9999919880594259,0.37311061319151895,True,False,"[0.5085768534493249, 0.12407631395186128, 197.25566591129828, 20.23614407294047, 242.92375624812877, 0.8357747123760843, 0.4198105277487762, 103.92979011413253, -41.22263491592305, 291.61074944879886]"
334.3768568899128,130.23058659438107,1.0,0.2233588920392353,True,False,"[0.5488674011174, 0.2104887834360496, 198.9832764919619, 9.004181858857518, 242.5796338942039, 0.8307897856879904, 0.41910280813399864, 96.91213096276108, -42.3750815456074, 289.1600090003516]"
331.0330883210137,130.29320462668832,0.9998108584534483,0.34854989127344393,True,False,"[0.47150954537073275, 0.30227935274900375, 205.95264228330677, 15.115781607411044, 252.36939033264386, 0.8395019863377235, 0.3966311315931732, 97.38165129763499, -40.71909484831293, 283.56281351745537]"
327.7227574378035,130.28179984349563,1.0,0.30785932269893046,True,False,"[0.5744067094922979, 0.18612012686796625, 200.07920414780503, 22.48742243691533, 252.04781139997965, 0.8691639101164221, 0.4895733682302767, 94.78787811553597, -28.935083206416927, 285.4033299092841]"
324.44552986342546,130.24454231005373,1.0,0.40447527979017217,True,False,"[0.5144942807925226, 0.17700984255992505, 199.67039389972086, 10.660275626584937, 256.3049065627494, 0.8379357541674263, 0.6534281737481772, 93.5506291209067, -32.3868823206786, 281.0776495211774]"
321.2010745647912,130.2848737266808,0.9998744434940237,0.8434791446229223,True,False,"[0.37372017642220723, 0.11869761954362737, 191.39546584950654, 18.921646574794327, 256.1219258921934, 0.8203496611738826, 0.725465356023167, 96.38794348577821, 3.0380261612527875, 284.2085685535911]"
317.9890638191433,130.1914602320088,1.0,0.7435554404361837,True,False,"[0.33034549566774773, 0.2237731332758488, 193.44178238220428, 37.75908922410201, 256.37611521498525, 0.7758342339290644, 0.6798024640397271, 89.25169914729598, 10.313951893953, 286.45761394374983]"
314.8091731809519,130.26748345851325,0.9997585392857022,0.6423818595906957,True,False,"[0.46920928748066737, 0.25464544221745256, 196.23502898084678, 29.877979034703092, 255.0491858617018, 0.7398355714241366, 0.5902053074400282, 97.899331832662, 21.20375122622476, 287.97191162337856]"
311.6610814491424,130.27097118293477,0.9999888093024313,0.5819740057206028,True,False,"[0.44564948569331164, 0.2646266686129307, 198.09057085964696, 35.01189771774791, 265.9944532853301, 0.6812478793340049, 0.6569158429330358, 96.57675183359055, -7.096872127990228, 284.11687979797193]"
308.54447063465096,130.2599965972003,1.0,0.5652289308639388,True,False,"[0.4767492676715217, 0.3584581815418917, 206.94952417989373, 26.34043952329089, 279.88914183505386, 0.48062385577339617, 0.8286105308264593, 99.33313417493966, -22.72860128522997, 281.9265644128782]"
305.45902592830447,130.17334479666584,1.0,0.4569303484164958,True,False,"[0.4067379443110155, 0.4450235283926026, 200.38461895141447, 31.111948595490418, 269.5508604821268, 0.4709707760991694, 0.7533592733790043, 92.75250540335404, -10.785376931744635, 282.0107782545817]"
302.40443566902144,130.12495503971004,1.0,0.6799461965065138,True,False,"[0.35302397804665886, 0.5215487341811345, 193.99983130679385, 38.6072937013348, 268.9280729694725, 0.4854855793535385, 0.7220281805067238, 93.35762964309379, 13.221639007787994, 274.53482550754165]"
299.3803913123312,130.00401791528614,1.0,0.867199214075904,True,False,"[0.4301084336709586, 0.49862085792939886, 194.9436998286697, 36.181372664566844, 268.3660889563277, 0.43734587959081894, 0.657936357832077, 87.81798833145743, 19.68872608282168, 271.2268529374616]"
296.3865873992079,129.97940173185734,1.0,0.6569655761026975,True,False,"[0.4203184040938477, 0.2756127470708486, 193.281910833701, 37.60777888683611, 276.65059045000214, 0.47047203609159866, 0.7049597127093284, 83.94819481143071, 28.3745899185495, 267.1479444670593]"
293.4227215252158,129.88383204228748,1.0,0.525888015449582,True,False,"[0.4556812161435109, 0.3530729095822437, 191.17588296138052, 31.850379782087078, 270.05833851410483, 0.5034154376700432, 0.6270374962553491, 81.39229796400657, 31.881572243979754, 262.0489551120621]"
290.48849430996364,129.87863365001763,1.0,0.06436339350043829,True,False,"[0.42444198858580007, 0.2623671082703953, 194.42261121838044, 39.72988675122792, 263.3647419477131, 0.46816909094824544, 0.7012199657759027, 84.29892683034976, 37.523603940378656, 260.66383604340615]"
287.583609366864,130.06420563920935,0.9993549280172206,0.07584065008001739,True,False,"[0.5644510601564858, 0.16522910198527313, 200.93881831615775, 35.437811042703, 272.1965393101024, 0.34285792004799553, 0.6679492685390795, 85.15063618042073, 30.13150599448572, 270.6658086212626]"
284.70777327319536,129.99835599187531,1.0,0.1695205662728434,True,False,"[0.5166784058666061, 0.16457775964914836, 195.81811243346553, 27.210968845871655, 271.1017847236034, 0.1916164465854761, 0.630420345840926, 71.3834246222227, 18.84334440729738, 278.81270027947613]"
281.8606955404634,129.83960275534196,1.0,0.5278925169389079,True,False,"[0.5461840144112435, 0.26932839525828933, 188.34528082025653, 24.331989509181298, 268.8226553949913, 0.1842477563594734, 0.6548533012849675, 62.35085432381435, 18.807380579915193, 277.1515270347368]"
279.04208858505876,129.82388809655416,1.0,0.36503155991577185,True,False,"[0.4094040981911903, 0.3041763712756792, 184.20142847170672, 19.789622902052855, 267.59799127051525, 0.24832696380802854, 0.6169966264977764, 63.18205404995035, 16.481698798294026, 288.30935552320614]"
276.25166769920816,129.68835734939117,1.0,0.993424465189799,True,True,"[0.5105379662798422, 0.24335000571155352, 180.65732190623348, 2.131674606013604, 267.8784608414832, 0.2719502989989825, 0.6214303538533061, 55.26021728866768, 7.301043158426527, 290.04723021895165]"
273.48915102221605,129.530852118383,1.0,0.8060332786487788,True,True,"[0.48253048816976474, 0.3154989650252314, 180.83279451274979, 11.198371689298304, 262.91953530284354, 0.2882149114054431, 0.562560696709927, 51.0284301785799, 5.909420336946235, 281.92708751193413]"
270.7542595119939,129.6786654462848,0.9994542173130708,0.09202450110101246,True,False,"[0.3944687979874122, 0.3713987171101761, 183.2812043890395, 4.444263803900347, 259.90811309493046, 0.31299480343808544, 0.5337912482652196, 58.88280303953594, 4.322695199095754, 289.33343136327596]"
268.04671691687395,129.56069581177422,1.0,0.7197740259693232,True,False,"[0.27630724419671326, 0.33606458968788167, 173.2309872982164, 4.406279586816407, 253.06296797139603, 0.40712201582411267, 0.5952617237933291, 57.18892729874075, 4.189901676259539, 284.321853863069]"
265.3662497477052,129.47664041650404,1.0,0.2998318851758378,True,True,"[0.3474012372132279, 0.36092739986099204, 171.580571754036, -1.3699990676399878, 260.66974181525177, 0.4326611696769382, 0.5926327810265921, 54.143023202132916, 13.902357745394912, 284.5524886571518]"
262.7125872502281,129.4177910021393,1.0,0.8136992852479482,True,True,"[0.3403927892657055, 0.3893325547421126, 184.76683626269772, 2.6291858560742134, 264.63763504006727, 0.3550155497307728, 0.7194365544934508, 52.54664286039527, 32.64583855882799, 281.10873904171035]"
260.08546137772584,129.37090781111363,1.0,0.1785105835695513,True,True,"[0.29066371686517833, 0.46682694621844734, 179.92481376384163, -6.865812125623576, 260.0217930101813, 0.24447737533563266, 0.8021905922742018, 45.65607029093134, 17.93046897917946, 275.4794556963202]"
257.4846067639486,129.4252971249263,0.9997887890445784,0.16388462499201895,True,False,"[0.4118592437689242, 0.4701891698630336, 176.91897569622344, -13.434659551407094, 264.5586931764784, 0.2552848974895789, 0.843156101341814, 47.49597353782946, 21.308296838224415, 275.3849880066808]"
254.9097606963091,129.40096175255997,1.0,0.5666355434141975,True,False,"[0.46083990283545595, 0.4086706135319799, 183.19395798182566, -21.97725601159337, 263.69858305887254, 0.222885682576467, 0.6903578465155658, 47.354350296664755, 22.076053273196887, 269.54337544806884]"
252.360663089346,129.29550820257458,1.0,0.6513922383024691,True,True,"[0.5138183695407197, 0.36703046326595473, 188.3043718461378, -19.960591909136216, 269.1187971764923, 0.2376872369393348, 0.7022464276237121, 41.36634445252763, 22.17009344838156, 274.35012183381224]"
249.83705645845254,129.23999655972676,1.0,0.6469595488064078,True,True,"[0.4517661449705744, 0.37398265877399034, 201.06985015338012, -16.308182887496393, 263.23697138813606, 0.29735328602134525, 0.7335833247536572, 42.04404421456671, 3.1174686454426634, 263.35517271387675]"
247.33868589386802,129.3476244475391,0.9995649508930747,0.6715679384696452,True,False,"[0.5594431670384297, 0.37335747162362337, 204.7535475291963, -12.465543850863128, 261.7543640639434, 0.370180071360691, 0.7821650831292745, 47.54686201522705, 2.042822357004798, 264.84113108792945]"
244.86529903492934,129.3403047042828,1.0,0.433478412999573,True,False,"[0.6677357768058283, 0.31737878621547855, 208.91347042414705, -4.951005661676582, 260.56644710730757, 0.41019210325347716, 0.7726813808461173, 49.5572694733507, -18.998757530984108, 261.0934966839403]"
242.41664604458003,129.2089155656113,1.0,0.04540566851118488,True,True,"[0.7921056992244637, 0.22752958246359206, 207.9558595172679, -5.910283551783416, 267.0720386012825, 0.4843844245474048, 0.7891597637682533, 46.02900486498492, -15.875140414811069, 258.44775365343065]"
239.99247958413423,128.9290711056114,1.0,0.19666541489896294,True,True,"[0.8357886157085358, 0.2559151013501479, 207.25890568362794, -3.1067051219190813, 268.72811546103696, 0.4828806342544638, 0.8097999325935924, 39.65315231726448, -17.757819202814286, 253.22081909935844]"
237.5925547882929,129.13764484413346,0.9991225221013506,0.9162415671080951,True,False,"[0.7100388244976312, 0.13722729342243584, 203.77614806481478, 3.804723429958361, 267.8035382018677, 0.4945132229255729, 0.7635808808167063, 45.6628218673163, -0.0079219939156836, 246.21614602834893]"
235.21662924040996,129.09089669174222,1.0,0.7813031836625726,True,False,"[0.696403093391625, 0.1455066511901362, 199.1082776056411, 15.019792153271295, 273.33135787282225, 0.42914617143502, 0.843493657220617, 44.62397720678482, -10.905736033389012, 252.26548326786545]"
232.86446294800587,129.44908985969516,0.998462977916658,0.0005978248154964172,True,False,"[0.6796273964304932, 0.2885419303752038, 191.23760099419772, 17.868724829678317, 274.08031272711673, 0.263276333953123, 0.7741426068703798, 49.97928490185548, -9.031477207111516, 253.46967448658305]"
230.5358183185258,129.7006377023689,0.9989094507876798,0.66885952279286,True,False,"[0.7037214791875448, 0.26790279094157543, 191.59785474303678, 21.87085783674884, 273.44438059092255, 0.28379480215293074, 0.8977534634625326, 60.03212865645192, -1.8617516985305844, 249.2124729576227]"
228.23046013534054,129.39316491808944,1.0,0.9723230103471818,True,False,"[0.7555280232466282, 0.44183010655385413, 187.96979044476097, 29.409164977089624, 270.7403306478558, 0.333482597363262, 0.8225423912776956, 56.93300097321603, -6.559309704570214, 236.40097103817186]"
225.94815553398712,129.17522445682977,1.0,0.7038606766427179,True,False,"[0.7037444622918633, 0.4033367722863417, 184.52664904967705, 25.753258881654517, 266.57568172794396, 0.46715033096262243, 0.8432186252671633, 54.91566964134974, -8.81884575521055, 236.09860178212006]"
223.68867397864724,129.02480689369997,1.0,0.9429860734174398,True,False,"[0.6652903705904953, 0.26693441701680987, 186.19321720105236, 29.19986276907655, 269.21410228952675, 0.4891219414773108, 0.8997394093121612, 51.95464500384459, -15.708426430288002, 238.02436445580616]"
221.45178723886076,129.09669017911773,0.9996754525176195,0.03690828862817397,True,False,"[0.5256016951737748, 0.3566666126414617, 183.7083985174447, 25.41194358510759, 270.1530171506434, 0.5374518638909552, 0.8847463368876727, 56.34069931548694, -23.952793397016514, 234.71900149985436]"
219.23726936647216,129.14989286815847,0.9997573577050922,0.18760996123029017,True,False,"[0.5360924017826716, 0.43602726381279255, 182.73876069029305, 41.35540412975115, 273.90138839037525, 0.3852134132647078, 0.7964011302079359, 57.63470409110846, -32.448798171028315, 228.0758434247195]"
217.04489667280743,129.02821561761309,1.0,0.4692504938730142,True,False,"[0.40573154875870654, 0.4758464600290625, 189.58073388388806, 49.712902296209855, 279.87305422394695, 0.4553059161247667, 0.8529991999699895, 54.748493053645326, -31.202600984312248, 229.43337646158832]"
214.87444770607934,128.72551767772836,1.0,0.6443383947998962,True,True,"[0.39685271631610564, 0.40350766026670326, 185.18206117811783, 31.005767932644865, 279.13060051530493, 0.4279154879635289, 0.8973351912354421, 50.08011532382339, -43.49952720187304, 226.7802121935511]"
212.72570322901854,128.6431246764374,1.0,0.06245616487325911,True,True,"[0.313505218505827, 0.25253828170789183, 188.6512605960277, 35.49550924928391, 289.6967003992272, 0.4320624902240707, 0.8031878031450865, 45.02033847790075, -41.4263141688816, 224.2828534293846]"
210.59844619672836,128.82011929263686,0.9991599165907418,0.8494897423603883,True,False,"[0.4867692662136168, 0.31274418024601713, 183.16041454691822, 32.035194015349475, 291.14410029384675, 0.4888277303289358, 0.7611965684086782, 46.64653472258708, -35.60334563027116, 229.5899645914223]"
208.49246173476106,129.08470979041968,0.9987317398657761,0.22760397073826177,True,False,"[0.5679592981015338, 0.2274758048824302, 177.41004807679, 42.668374515411244, 284.1422306361357, 0.5261759240939576, 0.7796224229098011, 56.00922939715374, -31.265815879064867, 228.01959829617934]"
206.40753711741345,129.10363216586876,0.9999083293740767,0.23218768330519446,True,False,"[0.5736577685414257, 0.13968465490776394, 177.1058344572124, 31.942632089025736, 283.11823638143255, 0.5040148946191936, 0.8162741846469824, 59.110577558842536, -32.67355100060761, 224.3709199321428]"
204.3434617462393,129.09393340081462,1.0,0.9042289354297298,True,False,"[0.6810446759741481, 0.3260260980129094, 189.2392855126562, 19.31053528727127, 276.48403360167225, 0.5358313712325349, 0.8887941259315137, 62.70507783480232, -40.774313658411174, 224.09105575430203]"
202.30002712877692,129.4192482584285,0.9983932111328181,0.5883108774844359,True,False,"[0.834182557848854, 0.3400241276445418, 183.72424071882622, 17.924071184340196, 269.2453589279612, 0.5243251313909626, 0.788195694788309, 66.96748394091661, -14.708488233750845, 224.68007356673576]"
200.27702685748915,129.66739180379165,0.9987617657022108,0.16321279533223,True,False,"[0.7457321863797911, 0.20328106253136044, 180.37398482707187, 12.001383788020096, 269.7223091462818, 0.7246855438816838, 0.9102418224768243, 63.65093797726984, -9.436515713239057, 233.9028216681834]"
198.27425658891426,129.49594751093085,1.0,0.77578066026804,True,False,"[0.8139691066835669, 0.15805968271170462, 186.8846009437189, 3.0836269653058253, 265.22715659782574, 0.5347519313428108, 0.865747914773972, 70.37927279992319, -14.434386463364804, 235.99702582260187]"
196.29151402302512,129.49180233491302,1.0,0.617793122441049,True,False,"[0.8891150916260703, 0.1687589576759383, 191.04306130320728, 18.97779361917385, 274.1752272508926, 0.525427676905244, 0.856856268167115, 66.28992476047843, -24.077470228698623, 243.72104426322184]"
194.32859888279486,129.63851058939488,0.999245335526496,0.4192162947391874,True,False,"[0.8156568856602942, 0.3476384016068889, 197.04439002319458, 11.842279380314746, 280.0648860603981, 0.5730133125261474, 0.7951545717234235, 65.6081082828791, -12.191247157488293, 247.2488068072464]"
192.38531289396693,129.85688105146045,0.9988655756878219,0.8986327434394802,True,False,"[0.7726094230414506, 0.4169013463930023, 200.29642485230644, 3.550482813251973, 276.8732670309419, 0.3997197017350903, 0.7978176775481842, 76.24793557150466, -7.16226562271354, 248.13526178018228]"
190.46145976502726,129.80330978599613,1.0,0.9602091151734676,True,False,"[0.6146082564021753, 0.3750184294978596, 203.76096300121773, 16.081376071218536, 274.8415117553023, 0.38669543225779673, 0.6894535784718562, 78.13175834701661, -40.17815592521503, 245.1559167805595]"
188.556845167377,129.76545594731658,1.0,0.08569884354971624,True,False,"[0.7189496752828851, 0.34016184815731304, 203.6652262665231, 27.97661728686999, 281.2227361864541, 0.38389817648839397, 0.7235953338595182, 80.6481773827696, -57.44842109259265, 248.57699582968638]"
186.67127671570321,129.7528338727051,1.0,0.46783427479780904,True,False,"[0.8695715292368453, 0.40284732514169885, 205.23100424930786, 24.674437829577435, 278.6645602341921, 0.3772425921899126, 0.7096646327428265, 78.77567858680499, -61.696053085110385, 252.91743119768648]"
184.8045639485462,129.97544130168305,0.9987961692801632,0.7021197979175788,True,False,"[0.8850160890543035, 0.47853130129189375, 210.3652249480065, 26.275951978575584, 275.7321437984458, 0.19869131565181536, 0.8179895772249053, 76.09668876441317, -65.6511013321195, 264.72143881672855]"
182.95651830906073,130.06119235121352,0.999531413486326,0.08288130709569475,True,False,"[0.7906366417388079, 0.6132238759740103, 207.22192375363616, 29.52998053101893, 281.4284086047077, 0.2592625543901939, 0.8099999983709546, 85.19985052821504, -66.22875358069362, 273.5104337980037]"
181.12695312597012,130.22298344443055,0.9991071519051222,0.3777120605806613,True,False,"[0.8261669037106979, 0.3978863710188053, 207.84750500632873, 28.301706250245353, 287.28080989639136, 0.17312873271564527, 0.7831258408806865, 86.4591733768702, -62.912705889009395, 277.50207107932147]"
179.3156835947104,129.9055810851467,1.0,0.46076108041625763,True,False,"[0.8569517735062597, 0.37032411550361743, 210.45037847535116, 14.163463736015222, 292.3011231445294, 0.5456431192144824, 0.78081921132021, 87.2673445938112, -74.07440561468866, 273.33022415103704]"
177.5225267587633,129.95381705983561,0.9997283194257984,0.7133333833448041,True,False,"[0.7804162865374, 0.3676816284853289, 213.98088815239083, 35.17780111245548, 289.43464895638834, 0.5387256014627072, 0.7665788969176309, 86.83561854206299, -68.35693419824686, 275.47676214240676]"
175.74730149117565,129.99240470721477,0.9997804608597268,0.14038605256150394,True,False,"[0.7703132772798104, 0.295259880566194, 220.4202941015227, 45.52426154122672, 300.41271188655173, 0.5254308181810271, 0.7450656421913648, 87.31018547695447, -68.49561805886165, 272.55771278495257]"
173.98982847626388,130.0308902660749,0.9997788301585343,0.5916962419383279,True,False,"[0.8240872041390799, 0.4534979149048064, 224.4596096518895, 35.59580063260491, 306.3386877951281, 0.6546002179448733, 0.8536595428562306, 82.29612445419319, -56.29333669827967, 270.15855857125194]"
172.24993019150125,129.82203502953186,1.0,0.09004684844076039,True,False,"[0.7803243838893515, 0.39191689245885286, 224.8503472250632, 48.75860142685171, 304.290491121155, 0.6290830987841882, 0.7946787452437962, 70.69653954481818, -51.22669838653598, 267.15603717072946]"
170.52743088958624,130.06989855301467,0.9985475446780779,0.661146137370668,True,False,"[0.7214592146376705, 0.22329576043538743, 228.43892779772392, 51.134960106442826, 304.225854989375, 0.7050526261782095, 0.9009285763386884, 74.30845533200329, -44.42615059397329, 270.4013788933614]"
168.82215658069038,129.90729225212215,1.0,0.918943323919264,True,False,"[0.5978793796433067, 0.25521484118338617, 234.20481760615985, 54.80996458639205, 306.6084543350549, 0.6170391190716915, 0.8269801463376165, 71.07864627572334, -39.59198430064367, 267.1504689279472]"
167.13393501488346,130.1769802832862,0.99838769688965,0.19718125322952496,True,False,"[0.7875240584654942, 0.372211215663163, 236.26233514902592, 53.198086088210026, 305.3696109915216, 0.6694161979213837, 0.8244092913048384, 77.28395972608995, -27.164400642420386, 278.63351823610344]"
165.46259566473464,130.14397602598723,1.0,0.6268136752752653,True,False,"[0.702420334304397, 0.346435020247688, 231.4188821495171, 55.76487226235327, 304.6076269534058, 0.5231276211221197, 0.7468199570848513, 80.20626137745124, -18.426255164556395, 269.4314208123062]"
163.80796970808728,130.02118900043254,1.0,0.8952456684356489,True,False,"[0.7443332882175555, 0.15245753400129625, 233.09929885388212, 59.5409692061202, 299.4887739657176, 0.5210173334996959, 0.7564209772375627, 72.91473744546562, -30.037867651625078, 277.059715933011]"
162.1698900110064,129.93654590360566,1.0,0.7545797623728271,True,False,"[0.6490120658548572, 0.15499835879431265, 239.12251061710984, 65.49763520663721, 292.92464999814854, 0.5250983408808229, 0.8367668716752863, 71.95711722335473, -21.834018695181157, 270.6156788555785]"
160.54819111089634,130.13248610372284,0.9987802996701933,0.8080593243098766,True,False,"[0.6835750160798181, 0.20189904188408242, 247.1636673821857, 60.006921383837486, 298.48631289974645, 0.6491427892692044, 0.6227952372808578, 77.00577877625307, -29.57434029707199, 268.1499742794455]"
158.94270919978737,130.1571440306624,0.9998448748326882,0.18667615334457344,True,False,"[0.6767554826979617, 0.14868497043501236, 248.08185272408923, 58.26690075700325, 293.5242660815799, 0.75669757732698, 0.6591453970007829, 76.12178037254174, -23.170592750131263, 266.34394845169226]"
157.3532821077895,129.85888952525943,1.0,0.502866606812635,True,False,"[0.6827813576931729, 0.12016600041686051, 251.17168579615569, 59.181817434993285, 296.86908306754503, 0.5455219209244542, 0.46081318637119273, 69.23593569287686, -43.117010202749846, 253.97276200121394]"
155.77974928671162,129.93193430671167,0.9995312121171438,0.44457732520110393,True,False,"[0.6330624244254934, 0.1705753947270174, 253.58025503607956, 66.08442016371879, 297.9424269401071, 0.6585647705717531, 0.4490515995064932, 72.95161738841182, -47.43763838902152, 259.61732057093127]"
154.2219517938445,129.9685473989835,0.9997626229851146,0.19606260809085174,True,False,"[0.6326428546468057, 0.11114865082677512, 254.1101873717987, 65.88004261849471, 298.6736545125336, 0.7403645404583495, 0.3296475888300836, 73.75589799039905, -49.511503081088755, 263.4749831591129]"
152.67973227590608,130.26563972757378,0.9980560388563395,0.9171975173304352,True,False,"[0.660286080508835, 0.10965713340459667, 260.1334518431367, 75.42807979882845, 302.57258879438746, 0.8397649953004596, 0.3826643379789078, 81.04298602944301, -40.96837745547391, 274.58334141386575]"
151.15293495314702,130.11893029751354,1.0,0.9320722321323541,True,False,"[0.7708362234502233, 0.2040467965874103, 258.5966053889298, 93.32732512248182, 298.60131900088453, 0.8035265807383722, 0.4115825882538936, 80.32506309687254, -44.28754649645804, 269.8345153707824]"
149.64140560361557,130.15521554080385,0.9997575480913659,0.8508911595965744,True,False,"[0.688405993968002, 0.13645712173103114, 256.7147039278092, 92.75601184879748, 293.6853765380907, 0.6652161351554529, 0.411064309628944, 81.92684031338005, -37.16729131843408, 272.01607082449357]"
148.14499154757942,130.21824462440296,0.9995746351138113,0.7994717298216354,True,False,"[0.6733750572321628, 0.16873173805466718, 261.83090630336807, 100.67792953215368, 305.2889699729814, 0.691950570382932, 0.4000413916693743, 80.22222310239061, -31.111567206779345, 279.96376250755003]"
146.66354163210363,130.11630174820263,1.0,0.958915445919141,True,False,"[0.6247795153678919, 0.1971788011480314, 273.32240247885034, 93.3779330177986, 302.210518549462, 0.6626894859537648, 0.5126470790118376, 76.13973612820236, -45.87040505169327, 274.60929732850786]"
145.1969062157826,130.2149719580858,0.9993206694700664,0.7862107364916111,True,False,"[0.4449718643621483, 0.19491524852057135, 277.0984155734193, 90.21567306267164, 303.906660086827, 0.6124807510375702, 0.4342118326311383, 78.82258885470118, -40.85232519331622, 274.53705229507045]"
143.7449371536248,130.18434799969813,1.0,0.11282058113231586,True,False,"[0.41722603501385047, 0.30152032351671654, 275.3639543795204, 81.04789955354168, 294.7868521805157, 0.6973094525629946, 0.47128604105120675, 76.7210408750603, -43.54463348855956, 272.7288211015488]"
142.30748778208854,130.1825961410188,1.0,0.6524959654599035,True,False,"[0.45781970343863465, 0.2792646405945825, 262.6671832696385, 99.97885232689565, 290.45764068034913, 0.7484479739369841, 0.35974058080833743, 75.42802773252411, -31.526662468786455, 275.105986088997]"
140.88441290426766,130.2378573477373,0.9996078319167436,0.1976529126457498,True,False,"[0.5119520725166653, 0.2805999261764836, 261.71998812930104, 117.14875232248367, 283.59967835590874, 0.7785161040419316, 0.4720507558983498, 82.07657040360282, -20.71371355285426, 279.9441628032145]"
139.47556877522499,130.35438545087027,0.999164875686442,0.6630144421122394,True,False,"[0.47559621169800753, 0.4444209720289742, 265.3169805762207, 121.99949436832887, 280.66817329807446, 0.7857737332896195, 0.5457683837867479, 87.4139433581633, -13.10758931605007, 287.8858395933678]"
138.08081308747273,130.2954563671866,1.0,0.8189641875382034,True,False,"[0.429174140011927, 0.49438950426432343, 267.88657588308655, 125.60639044420495, 283.7035494211537, 0.7247455262299822, 0.6227266254832979, 84.07227948936378, -15.868209294266867, 287.56724679564786]"
136.700004956598,130.32239102549417,0.9998029846088311,0.5753972404994484,True,False,"[0.37500500002717135, 0.6645300600709858, 262.1633181396663, 126.04972967746833, 290.5095420338957, 0.6889426511096037, 0.5646022578128237, 87.25484701402411, -1.4765869022819835, 283.32486049753095]"
135.33300490703203,130.32763458099274,0.999961255172593,0.19079120011783302,True,False,"[0.34133557338613246, 0.6299915682535764, 269.0395620569038, 123.7997603352253, 285.8622549941458, 0.7183489524895158, 0.6563174746324434, 84.24887901737563, -8.694471692742496, 289.46480205089733]"
133.97967485796173,130.13122028419195,1.0,0.6813772579114354,True,False,"[0.19369905204363672, 0.6379176313832157, 263.21365665769474, 123.10958723060246, 281.4874940949711, 0.7225177711188583, 0.755165757951375, 69.9680717908202, 1.7801638801787334, 291.403046256057]"
132.6398781093821,130.21890165181657,0.9993391701315715,0.9691217251341222,True,False,"[0.09484177662367729, 0.6640214748426246, 267.2497692950456, 122.16356029532257, 284.9641238024862, 0.7605820615461949, 0.6320411658562588, 70.69480386105789, -4.13251374779465, 291.9050914281445]"
131.31347932828828,130.14801332883397,1.0,0.18048823114678447,True,False,"[0.09756382414367264, 0.8677183240080903, 272.0320795153009, 128.38317043190946, 286.6507656557317, 0.6053531589049277, 0.6197426009993123, 66.77434977278122, 8.200263254886742, 289.71833843334645]"
130.0003445350054,130.00989403931038,1.0,0.2212833934828975,True,False,"[0.13176892128593187, 0.8555569217356672, 273.98611422305504, 115.24764525431463, 288.4313034631531, 0.7369901149090388, 0.7050461485895752, 59.57303869894534, -12.540267610141065, 278.41261617482144]"
128.70034108965535,129.97623276729055,1.0,0.3908669038276682,True,False,"[0.182940795764978, 0.7758726102743351, 283.4555535125322, 111.86746867579177, 288.3510972322481, 0.7515903409205401, 0.6889635678421072, 56.275910959692276, -12.922239201506454, 282.0578469390103]"
127.4133376787588,130.04061718364963,0.9994948083699248,0.9497302871065688,True,False,"[0.200577636083101, 0.9083133269408761, 285.2528901154663, 126.63772500080398, 291.5239522368159, 0.7034469520070817, 0.7908953808064487, 58.7074587597757, -3.4415111992615586, 287.80262393325654]"
126.1392043019712,129.87279880231648,1.0,0.08009302894684012,True,False,"[0.30956652502060156, 0.8514624617682532, 289.4848506780294, 111.98327497696081, 294.0172264231847, 0.7075041159827498, 0.6792619776243587, 51.5573080153834, 16.342827725710702, 289.0429598957151]"
124.8778122589515,130.13016098519236,0.9979412102125298,0.8458325836825821,True,False,"[0.39283576985038193, 0.7546274699713855, 282.8761821981812, 101.05764139148368, 299.7812668171908, 0.6237584645925224, 0.6545163495593869, 61.18142185413999, 4.325077428181171, 293.9117421582718]"
123.62903413636198,129.96815859458803,1.0,0.8618474824560659,True,False,"[0.416603105969836, 0.8337146107416631, 280.3113087622589, 98.53901628243361, 295.2020818661322, 0.5020614535019664, 0.6412545832083337, 61.437593681460044, 12.367324627118048, 289.6901235942188]"
122.39274379499835,129.94818232187862,1.0,0.6794314484950147,True,False,"[0.3303714514364473, 0.8712378693050072, 280.51840757459183, 111.93124527692203, 297.95089463037567, 0.6067673423521012, 0.5211127660349494, 57.892355969078594, 20.26006609621311, 292.29771856101723]"
121.16881635704837,130.1940682815106,0.9979727734457632,0.14387074231682206,True,False,"[0.3810022230834995, 0.8268937788285469, 278.3065240405664, 114.57608540999128, 296.3945425817715, 0.5151589338440586, 0.5573119140430752, 73.7236317369416, 10.250416629069383, 293.0708406792341]"
119.95712819347789,130.28235385202325,0.9992642947378058,0.5375754415869612,True,False,"[0.37624263291786136, 0.8064663487910925, 275.1263805850758, 112.3005198899822, 293.25982096861145, 0.7371830038421349, 0.5332096154970958, 75.50840663472843, 9.453507649193842, 297.32191604111324]"
118.7575569115431,130.32776078596402,0.9996177232374891,0.14891216263779472,True,False,"[0.43786778433899387, 0.7616410478543609, 276.9651936979873, 117.72438046243894, 304.9118809590734, 0.661275446073926, 0.3537782638575281, 77.92804154366577, 12.314385591481553, 299.42390803040115]"
117.56998134242767,130.34428205487862,0.9998594870223466,0.42521461481830736,True,False,"[0.492672068276528, 0.6577445036705893, 273.58859719919025, 113.40435126597333, 306.55285003068116, 0.5560811870762263, 0.27779037637676524, 78.29642796728433, -2.2599783959419906, 299.5864771751182]"
116.3942815290034,130.24994979996887,1.0,0.944630472078195,True,False,"[0.4613085722234301, 0.5396536063876888, 276.8007798068315, 113.29882616170038, 308.70635621651314, 0.5661069751251218, 0.28844253281535814, 71.69086399907324, -15.783517827672826, 297.03332002858065]"
115.23033871371337,129.98814355047958,1.0,0.0715984471325124,True,False,"[0.5889966019673314, 0.54970602175205, 279.6539297443932, 118.28117320480195, 308.8657310943404, 0.5006123777931333, 0.3410320802518942, 57.552193820568434, -22.185600174407853, 300.84389626675664]"
114.07803532657623,129.96490587695178,1.0,0.662774781447496,True,False,"[0.8136917363991558, 0.5732948397977793, 280.4681692139093, 113.7897371653206, 302.8063711774931, 0.4572863439477337, 0.43048327635622424, 54.48294586770465, -22.639703838737958, 293.556093889755]"
112.93725497331046,130.053197777774,0.999218527159291,0.6662529961770107,True,False,"[0.8239422495268174, 0.4934414629985584, 274.0804066399964, 107.46278622617591, 292.3638435618057, 0.49480061851958823, 0.42875676922087635, 57.37999116890569, -20.578088080544973, 300.93473212148973]"
111.80788242357735,130.2023198910216,0.9986671537864361,0.39474414448811745,True,False,"[0.856631547265619, 0.5296432601776307, 272.08314690652367, 107.02109548938333, 298.8874406533294, 0.40317595850543403, 0.33441008333308075, 64.65205851436934, -8.891575674451932, 301.5173044825249]"
110.68980359934157,130.19619723235127,1.0,0.7625191127640918,True,False,"[0.8146789606732435, 0.5065382253144316, 276.3650628676793, 123.1997959715712, 301.48939901201703, 0.26942707433724145, 0.3013065261736032, 63.040844886396464, -12.438205940503755, 309.456749868627]"
109.58290556334816,130.06126947172763,1.0,0.8222224064305758,True,False,"[0.748488177387589, 0.5616335365826812, 268.39171419017015, 114.61966779166683, 302.44547133395133, 0.29794253513756563, 0.34756073110733393, 55.082287024809524, -1.75648972736486, 311.29215597374804]"
108.48707650771468,130.0797135498646,0.9998300026974228,0.306340693700228,True,False,"[0.8763158512834234, 0.47550009894843903, 263.6436545786763, 111.77087810593132, 293.50504737820086, 0.3810771306958653, 0.3765065983741073, 57.28407473634182, -9.568608495445769, 311.1253881339495]"
107.40220574263753,130.06473669270665,1.0,0.7314860283933304,True,False,"[0.8499592214477075, 0.5699949619921121, 258.548735366216, 111.40055341275655, 291.11042556508147, 0.32363657120549466, 0.4746188123971571, 57.63719711674564, -13.607099924018465, 312.2893642716196]"
106.32818368521116,129.83086510531615,1.0,0.26559973048622776,True,False,"[0.7776684765510291, 0.4818251240178919, 255.40954936020714, 118.4303156175751, 289.31959099071537, 0.26427735074689784, 0.35173671257978645, 50.29768898688327, -27.530966649305967, 309.06160038743025]"
105.26490184835905,129.93414649341923,0.9990193242454757,0.42479109050706354,True,False,"[0.7256741853169875, 0.530786120585095, 260.22234920171, 100.86188244852049, 292.37015410822005, 0.22067910378268063, 0.41742879731856475, 52.704374369619, -40.90457310249089, 314.3625809512143]"
104.21225282987545,130.01448495273453,0.9992293852387222,0.8101199958295411,True,False,"[0.6216038819838559, 0.6077578660803241, 263.9477104354945, 121.88707258545526, 298.00148564163857, 0.29016656476169245, 0.5418117527952574, 57.859664475718645, -41.15642745851161, 315.6968792169379]"
103.17013030157669,130.08695116546997,0.9992978513401279,0.7662502995231822,True,False,"[0.7579836570537754, 0.6421156741981496, 267.09838492094366, 123.79848706454987, 294.24372809016126, 0.3968984472248144, 0.3909431709230051, 60.378618467014896, -30.02830730452083, 320.29928730773236]"
102.13842899856093,129.91910611272996,1.0,0.7321717710934421,True,False,"[0.6594237188476691, 0.6161466073379466, 267.74843275093366, 145.47431027127095, 298.25754111003846, 0.4366230357693005, 0.3927114196172352, 54.229198528965036, -19.40867989358101, 320.1799512218595]"
101.11704470857532,129.8140243229834,1.0,0.17986801803612185,True,False,"[0.5959954672189105, 0.5216897628282465, 261.816411494631, 141.28875720495458, 297.3316545770909, 0.3228701199353927, 0.3060855718938797, 48.75022257944434, -9.886407595647132, 317.2008168377503]"
100.10587426148956,129.73183271790703,1.0,0.8327814430886351,True,False,"[0.47251043506722845, 0.3762016828497706, 259.67309711629935, 147.10770512861882, 290.6190071645001, 0.3948376350633902, 0.19195946637416633, 50.95977241964245, -19.456156452367964, 325.1903687353448]"
99.10481551887466,129.67965914517552,1.0,0.8064476575366986,True,False,"[0.3215989265327534, 0.46225144908766425, 245.96212939436234, 170.46423007264968, 295.2130643188028, 0.49671688972344696, 0.17728935294589215, 52.384896444383195, -12.651892273965714, 326.0188082261976]"
98.11376736368591,129.56341936767154,1.0,0.4053600187209252,True,False,"[0.3791659784565904, 0.3471554741806865, 244.06362378171835, 168.6921157025414, 294.3047751811111, 0.38995749081246917, 0.15092948019709407, 51.28622839828757, -7.490808454069281, 325.5910796996422]"
97.13262969004904,129.63303209077432,0.9992835797366588,0.3043939891764854,True,False,"[0.3407503738320937, 0.4093707364991379, 246.42196438448423, 172.5133058208937, 291.56418895153905, 0.4480664639977969, 0.23482482442416025, 52.303463857817384, -24.845758113298142, 331.75043084156533]"
96.16130339314856,129.56620831702696,1.0,0.21452547352682116,True,False,"[0.4155578836360844, 0.3786999726564637, 251.2975980583438, 180.26316466628998, 287.78293492628836, 0.2676012992661384, 0.08409271738899599, 53.01423758213968, -8.876558791058539, 331.58465528204744]"
95.19969035921707,129.6781437254496,0.9988248950476011,0.6210606893279683,True,False,"[0.4138650916041457, 0.29744840662542876, 251.58240581791242, 171.5261469681776, 283.58892004748014, 0.2239262403968399, 0.1535265221142596, 52.02871658165985, -1.7387646122597236, 327.5174733116249]"
94.2476934556249,129.6635662219946,1.0,0.8648816034757022,True,False,"[0.5474654790696232, 0.4559296493305486, 257.8474456137428, 173.10216143512767, 281.1923913044664, 0.2245304883123188, 0.19354591157339804, 48.65691815588281, 10.504160952015196, 336.0243592487975]"
93.30521652106864,129.47760081208497,1.0,0.5581622528102841,True,False,"[0.5184166598418927, 0.5736490018110896, 258.2399625551756, 177.84013285010496, 276.25260960368007, 0.38060597161058357, 0.21903008034742596, 46.551252566111444, 6.941553941183793, 332.1268207510342]"
92.37216435585796,129.39890979816442,1.0,0.6260409583366063,True,False,"[0.4668304217907853, 0.6904566432825464, 250.30065269056672, 183.1097283087688, 274.10349754486566, 0.30234687108696995, 0.24253653449581786, 50.70045361077232, 19.230640092543275, 322.8273396774405]"
91.44844271229938,129.33821110512704,1.0,0.623609977340789,True,False,"[0.4516882758890002, 0.5107634340003413, 240.47576674800825, 177.16294465751776, 270.1987446726565, 0.32046297194629847, 0.3804894394106969, 50.781039489049874, 23.707744643544903, 319.2083452319106]"
90.53395828517638,129.37149804476635,0.9996323940579163,0.6013982807167292,True,False,"[0.5419960086364518, 0.47379526430079033, 242.41028855874316, 177.4327081305855, 266.0454041192682, 0.33745246018324193, 0.36460502560326485, 48.423258978220446, 7.0121665691731145, 316.5307580649112]"
89.62861870232462,129.5145027180421,0.998405747491683,0.3842777584013971,True,False,"[0.6803810340908598, 0.32402472201787913, 245.70507907068273, 187.62053784160273, 269.8866145102997, 0.35140312755333114, 0.4296067068575081, 53.90821529732981, 21.250398335220407, 320.3364134988628]"
88.73233251530137,129.64702846083844,0.9985075696569026,0.6367004311526988,True,False,"[0.7260495810282609, 0.5888878167141254, 249.1723114457631, 174.0288520488612, 269.66739888309644, 0.433423645005684, 0.3808505958834322, 58.92016308443484, 30.28288582569386, 323.34213159139125]"
87.84500919014835,129.50571770383377,1.0,0.038683283013034364,True,False,"[0.7075564575456302, 0.5547071263839346, 250.29913133368896, 184.64024661320852, 265.9429031655142, 0.31533693742281943, 0.3651162766978941, 55.23415873580789, 31.120543062925357, 328.8010015598007]"
86.96655909824686,129.4331707573613,1.0,0.9232956478549844,True,False,"[0.8717042061549138, 0.607347673296153, 246.65595727932939, 188.6882367362375, 271.77956048564005, 0.30204477796768864, 0.3162578316616482, 48.47100100222378, 20.093388651629564, 326.95770237426854]"
86.0968935072644,129.48445041520364,0.9994045732941147,0.8086597530602327,True,False,"[0.8750550610307017, 0.6969781072487384, 244.11264547979923, 185.6982489837188, 265.02195182901164, 0.24012785672391618, 0.25990989209383597, 49.797837974574996, 8.657500814060487, 328.72950059663185]"
85.23592457219175,129.59254066072018,0.9987326735907301,0.15326653113136068,True,False,"[0.7442551322405296, 0.6271294554439065, 243.69318056712805, 172.70385184620582, 264.4255257876604, 0.299308336120361, 0.29596646357306416, 52.164184002722514, 5.492105121178582, 337.6879026066443]"
84.38356532646984,129.5475906216144,1.0,0.22384766959951063,True,False,"[0.7641701956720973, 0.748190666119054, 245.01428318743524, 182.5572665063684, 262.038030771786, 0.22327194444612553, 0.17018209716807586, 55.15987548026127, -16.833579288799033, 336.743387978255]"
83.53972967320513,129.45086478144586,1.0,0.7648189169625575,True,False,"[0.823923676742026, 0.7922335621072872, 243.01858949626552, 186.06426672626955, 259.77686689640876, 0.1799841731150508, 0.11445337107969009, 50.24357154848945, -29.423196772110863, 346.20769512713605]"
82.70433237647308,129.51381291687085,0.999239166993196,0.5257568555437356,True,False,"[0.823139263390936, 0.7970336900357171, 242.79206830322798, 180.1951591712806, 259.1726440201265, 0.29626874217668264, 0.20017980170317146, 53.451850229492216, -36.635203774862674, 342.19861606481606]"
81.87728905270835,129.7727457221988,0.9968425456118799,0.4092965424492506,True,False,"[0.6944354663887088, 0.6990718840778749, 247.85018814498525, 160.60996399752867, 261.2192257544129, 0.25225323358555635, 0.30422311133453295, 59.11907271143402, -25.98918566744985, 336.08812075148546]"
81.05851616218126,129.60526036098352,1.0,0.47433065701074684,True,False,"[0.5053713183759991, 0.7313746122216163, 239.43662300726476, 157.60873022241788, 254.19773591408963, 0.26571667814764255, 0.2926958979365489, 58.52468515548088, -26.124047768472952, 331.4408585771007]"
80.24793100055945,129.6341374215371,0.9996402166991726,0.4799649948464406,True,False,"[0.533514894351682, 0.6983877380585365, 233.30604642103, 151.1423917423618, 253.6780860669194, 0.25292066423876847, 0.424953062179727, 61.87518890838091, -44.4496031388947, 331.0159790295917]"
79.44545169055385,129.45623008980408,1.0,0.8456629097994853,True,False,"[0.6789511225320289, 0.6835915173601476, 216.3677426822185, 155.97839081728165, 261.80533014071744, 0.3199943018693387, 0.46406773582016797, 55.43363392705737, -41.94356951732038, 330.87215185976487]"
78.6509971736483,129.35938432038805,1.0,0.3257702596601525,True,False,"[0.7070684545372315, 0.7230378147480043, 218.55453599924823, 170.86617338727447, 257.4979176878912, 0.38679675437512506, 0.4646065440749755, 55.25968336234846, -22.32416944398855, 332.8051789240528]"
77.86448720191183,129.20455025295618,1.0,0.33479507842484824,True,False,"[0.6182578231089922, 0.7011795610752841, 215.0937705953147, 167.25428198278138, 255.65140448615864, 0.40232148495219877, 0.25149027036406024, 51.51093962373317, -28.67607451919079, 334.3668672309249]"
77.08584232989271,129.21910320837785,0.9998112288670696,0.4832713042930463,True,False,"[0.5899031174224821, 0.6460103563665611, 220.48192902993557, 159.839177793256, 245.8669084846366, 0.4746598747501284, 0.4686816214217264, 55.15611137716782, -40.30462863819504, 332.56191052141617]"
76.31498390659378,129.22422610318057,0.9999328739573968,0.931438819631038,True,False,"[0.7290066984715977, 0.6019918711840074, 223.57522499800996, 157.30073676554372, 249.51177607169646, 0.6122511583941839, 0.3301738196358649, 55.16573170170294, -52.89357126405417, 323.3586121428354]"
75.55183406752785,129.3360393541097,0.9985211404346831,0.07336633980541107,True,False,"[0.7671763184676658, 0.6758224744394932, 221.29721079074298, 151.94689816452828, 248.13602779988938, 0.5815553860867801, 0.26497415515986344, 51.38853298050529, -29.87536858031737, 322.48449960421505]"
74.79631572685257,129.5663426838283,0.9969256623042594,0.10431267552879797,True,False,"[0.8189951949775336, 0.6553380629283843, 224.93677954889475, 147.5230086334404, 245.56997226944267, 0.6698679456728869, 0.20092167868548333, 60.51880336353369, -36.837515523252534, 326.34802321451446]"
74.04835256958404,129.74482059694847,0.9975926136370943,0.8953487988352615,True,False,"[0.7384664381023475, 0.7763848995852509, 224.6003116438586, 147.3418006027491, 254.2128084783212, 0.7854336071465569, 0.1887631206894852, 63.41105997313469, -19.943883785129827, 327.311759196336]"
73.3078690438882,129.88758772339577,0.9980543944467223,0.22237391076665902,True,False,"[0.6776571460590037, 0.7974026494951094, 229.88478041533241, 131.22404351526353, 260.6458794504461, 0.7361252857308608, 0.30677786156564985, 65.39822688455615, -16.65712250301016, 320.6035885238601]"
72.57479035344932,129.78123628691404,1.0,0.7889437910051289,True,False,"[0.5352037100248563, 0.7599877160322631, 225.13865169657748, 130.83049633630006, 263.55566350791776, 0.5785514373783294, 0.39782189088525755, 61.96849948200614, -7.287861442665449, 323.43952443537023]"
71.84904244991482,129.76232718984747,1.0,0.3729456672625433,True,False,"[0.4137777112546866, 0.7705079029524052, 219.0227185712306, 123.11515407788835, 256.9226041896912, 0.7220223238695929, 0.3077865505387418, 61.02591733921342, -2.0579824168412966, 321.0277048225694]"
71.13055202541567,129.7802597873669,0.9997479235473208,0.9432249335761839,True,False,"[0.46923851375467496, 0.8153142820809557, 219.65508008486367, 108.65005822365507, 252.80996407820078, 0.6273770267240176, 0.37471110276341735, 60.07737018075691, 9.770977371814176, 326.8138286534554]"
70.41924650516151,129.62637365612804,1.0,0.01840117715183609,True,False,"[0.5778768990871873, 0.6914616644848068, 224.6669512824044, 118.8077489038046, 246.89530707304334, 0.5627632744484703, 0.38477263661954536, 54.15171878542184, 10.890390019632529, 326.3132284714911]"
69.71505404010989,129.53703244333454,1.0,0.023329327068465577,True,False,"[0.5375816872190586, 0.6709989155394945, 222.29007077635592, 117.19533231651923, 239.50472564034493, 0.7334467259497133, 0.22486516717257898, 51.312129704118064, 29.333457393195133, 329.3657916212292]"
69.0179034997088,129.61907702627732,0.9988119627934107,0.07008783202836721,True,False,"[0.4907635104153373, 0.6874126672942381, 217.71594231222593, 106.0541207644952, 239.6630984728374, 0.6098884079031048, 0.23320135223651778, 52.08214803475235, 15.827763798108288, 334.9647910031315]"
68.32772446471171,129.7774686591561,0.9976845681492262,0.17302174462852393,True,False,"[0.6581192484770493, 0.8426429655975309, 216.9363232253861, 83.93856168159564, 244.1825911423719, 0.47815870427085616, 0.2808392242161151, 55.753869825528774, 14.858083057952431, 329.3509941483029]"
67.64444722006459,129.7183552740045,1.0,0.26031587909131215,True,False,"[0.8317255583292842, 0.8865042607946775, 223.00897035146045, 103.51006096287708, 242.75447136233885, 0.5186054755948556, 0.3482477188844294, 49.90316162564273, 23.732987264793344, 325.93105750556686]"
66.96800274786395,129.52385317844087,1.0,0.900505963885502,True,False,"[0.6514662304385878, 0.8254195338806859, 220.59378354273636, 107.015243954387, 243.3698664355211, 0.6424575640670194, 0.4459289304610951, 53.32839007872942, 44.75156015459762, 325.72446661491887]"
66.29832272038531,129.66883820712016,0.9978155312625145,0.28693293719488555,True,False,"[0.8038268492369797, 0.8708329918493829, 206.82061589800347, 106.07391311777953, 243.3615831355576, 0.5767085276509458, 0.4063305690991412, 56.1205608652869, 33.78325115391824, 318.4813339913427]"
65.63533949318146,129.53775142562108,1.0,0.3696995748555538,True,False,"[0.6285196577609387, 0.806364383512039, 204.8344478373599, 112.23460921685829, 235.2160718721745, 0.6393230445476917, 0.4013790630410731, 60.71754896369368, 44.86653879231759, 328.4214197316405]"
64.97898609824965,129.81471020301123,0.9957467884089491,0.8050878247459996,True,False,"[0.5369370372609905, 0.6642979705893212, 210.0747575562126, 105.82080853756304, 232.1378140055122, 0.7106673039033204, 0.2816456716552229, 70.17102641319124, 42.612045154515194, 336.391739432041]"
64.32919623726715,129.9666047240514,0.9976415788817049,0.34772831842116236,True,False,"[0.4282810472472011, 0.5317332824000042, 210.1666749020993, 108.72624676335384, 228.79304830551328, 0.7666035056280239, 0.3713836264534448, 79.59631157816672, 48.81425833981486, 337.1397037085833]"
63.68590427489448,129.96030521091043,1.0,0.3639404186472597,True,False,"[0.336425624173501, 0.6144833271955346, 205.36445936021926, 106.46977536801361, 234.28239176596878, 0.7912361313286442, 0.5128981295472035, 83.50898781383596, 62.49134462220389, 332.84619411646815]"
63.04904523214554,129.71987418662403,1.0,0.45496863708734114,True,False,"[0.2687014447469984, 0.5222442303364463, 199.986810862672, 100.30287135831583, 238.79122245180278, 0.6834387203655496, 0.5373001761760552, 76.62840547967919, 83.76968312330507, 331.83769447571564]"
62.418554779824085,129.66350217822108,1.0,0.4970310538736914,True,False,"[0.3568418093852956, 0.541298913469611, 201.08584938354107, 110.603753508917, 235.65993469884117, 0.6673750785982601, 0.6719806828278299, 73.60914468378611, 72.57381053333722, 333.2627253535348]"
61.79436923202584,129.6846040797942,0.9996585724679251,0.6245466174986832,True,False,"[0.21728587639377944, 0.3514088062278865, 204.02172379440003, 111.47507002889297, 233.98399380757903, 0.3883476817940163, 0.7882918600513741, 79.98733287721784, 70.50357518086706, 332.7025531822563]"
61.17642553970558,129.8366410668702,0.9975178637959637,0.04098304407503317,True,False,"[0.22520607718018085, 0.23407461710911168, 202.71068497334554, 100.89953686153511, 229.19552801919988, 0.19891553599163253, 0.8038600488279152, 86.08940104602794, 83.04490138921545, 325.7621759208919]"
60.56466128430853,129.94683499956707,0.9981822114520762,0.8708015646888477,True,False,"[0.23366483725302573, 0.18074756736423492, 200.6052882167141, 104.56674359413041, 236.88390257916356, 0.20208896754033664, 0.8937125323028525, 84.16666872665385, 80.1030534138673, 325.5666390007962]"
59.95901467146544,129.91233093505986,1.0,0.8660703841809687,True,False,"[0.18475668605182463, 0.2692667999182734, 203.18528998936142, 122.08398773051067, 241.48803934676206, 0.16661444271530915, 0.8647082220566378, 79.01953984722023, 66.78913294928462, 323.06517707720263]"
59.359424524750786,129.80196181730798,1.0,0.6966843917090594,True,False,"[0.24256591678266123, 0.25726094574357156, 207.3947394725609, 127.33813874842102, 241.99571629647366, 0.20346459306842676, 0.7200881236069688, 79.52939032466398, 62.17257542075804, 328.89155370441284]"
58.76583027950328,129.72907142703892,1.0,0.9687116988537233,True,False,"[0.22273435517972162, 0.4249115478989429, 205.7896926305945, 122.82547660064452, 235.72225043744933, 0.31045877782061104, 0.8492545556830149, 78.76860910756052, 55.12027354438473, 327.0250264680707]"
58.17817197670824,129.63822787786384,1.0,0.5924715215730962,True,False,"[0.30212976914924683, 0.5107722824611898, 199.20603293047765, 126.05412517618578, 225.08151997977254, 0.287970741849612, 0.8230252564391028, 84.86483681192757, 57.699889521156045, 323.4145715293014]"
57.596390256941156,129.62087198673268,1.0,0.9900462029922708,True,False,"[0.3654721845124818, 0.3698176162307098, 202.21916319390473, 122.22187869544481, 218.61304711365074, 0.38539479087343836, 0.8072925818011588, 86.86811307531174, 55.255597482151984, 321.6645793918066]"
57.02042635437174,129.52623179919885,1.0,0.7863509426675791,True,False,"[0.2956313952411732, 0.39765948381908167, 199.72473273511267, 129.55004598182563, 216.26579432158883, 0.370894125230342, 0.6172183005152982, 84.79915690810193, 55.189368578041254, 326.36328875370043]"
56.45022209082803,129.56109656017117,0.999382571134027,0.7171280986168707,True,False,"[0.36723629885385495, 0.31336781470706726, 195.58084234210747, 116.15814924455154, 223.22978845437814, 0.3521700367070525, 0.8783952547609839, 83.0948691488766, 64.02701736116173, 322.69212823302985]"
55.88571986991975,129.3002265081086,1.0,0.308567259334005,True,False,"[0.31422638730900254, 0.17233560223487535, 199.7136543272379, 112.07728863669075, 218.90942891431945, 0.39954467899887114, 0.6581970320966828, 72.82282465199104, 76.35754159448808, 312.28241643634163]"
55.326862671220546,129.484057106708,0.9966828855400621,0.46526862788133716,True,False,"[0.20325543387970232, 0.21750171457096037, 198.1477365007877, 99.6051634123207, 217.86544580427736, 0.5146731503502273, 0.5610714915120509, 76.14331864176553, 73.6666620736038, 310.8264179797955]"
54.77359404450834,129.458878564735,1.0,0.4430034942044173,True,False,"[0.20682129236113145, 0.38123644957077785, 190.5824796588177, 89.092297882161, 213.838469286142, 0.5569400641204214, 0.5891245037654329, 79.46834876851784, 82.29856866246331, 308.5463277303914]"
54.225858104063256,129.54470551965866,0.9984184838808922,0.0238169941074009,True,False,"[0.3323318545966999, 0.2261200779150324, 198.9840851606303, 101.73177638255166, 203.71224678166323, 0.7133297980531189, 0.5688050316275308, 84.1480391911133, 82.1955225556717, 321.0639572547897]"
53.68359952302262,129.69075854655486,0.9972830709867931,0.030268972538031957,True,False,"[0.24231607336578473, 0.2350259599897409, 196.48041716795638, 107.47243942079109, 204.4823478422225, 0.7542249701242112, 0.35308467953228684, 91.97767219340294, 74.46413389547884, 320.6048832553211]"
53.146763527792395,129.58607718197965,1.0,0.26951037759048135,True,False,"[0.24693889540578806, 0.2823199525821793, 195.1548558076127, 122.96083235910905, 200.2063141885668, 0.8411631049883791, 0.3090993375108645, 99.29889865374633, 84.26737009624819, 322.8976635878316]"
52.61529589251447,129.6825659407985,0.9981678267107702,0.4443499625853363,True,False,"[0.360100327379664, 0.22438849132072927, 195.08577273406007, 111.91134985369372, 196.61339774454353, 0.7888719877658726, 0.3811970292580721, 99.89032654818199, 77.26281224576931, 326.2769595561533]"
52.08914293358932,129.53543070019273,1.0,0.2438667850626577,True,False,"[0.4418185701086672, 0.22895536955284781, 193.0897235324648, 113.32865477253053, 197.6766733121113, 0.8575263381769912, 0.4851408071963966, 97.89628791719726, 97.95436472066591, 320.1154784849223]"
51.56825150425343,129.0211020473565,1.0,0.364877528891688,True,False,"[0.5524377322615168, 0.1661304386659613, 182.7345719886089, 134.62982037158804, 193.47939768545157, 0.7629750034430866, 0.49958492929369447, 98.34739466698215, 90.48899668736712, 319.9550491538579]"
51.0525689892109,129.1713023437592,0.9970622523820419,0.9286126492511831,True,False,"[0.59905315258102, 0.21235881792894634, 179.10240400178273, 128.4029358800267, 195.7399930858968, 0.7838510055748096, 0.6549768393694515, 94.68660214832553, 83.39626653973762, 323.02397968214996]"
50.542043299318784,128.90127401959515,1.0,0.12857693778842627,True,False,"[0.36806562152154215, 0.34650785541621343, 171.96893283689758, 137.86444507355404, 203.82881089699703, 0.6459049163892344, 0.7900086878018376, 87.5888830293898, 82.48569889454423, 335.84961544947515]"
50.036622866325594,129.06662778897342,0.9967007994930907,0.7451537856778435,True,False,"[0.38858770646605556, 0.24738435122659364, 173.18747588739097, 134.95784484805912, 203.0448818562625, 0.5960365453590004, 0.6251618911935556, 87.60003683664436, 70.02552131711215, 340.7677178147896]"
49.53625663766234,129.06996605029093,0.999932612008588,0.5455274675177546,True,False,"[0.40588399563244976, 0.31647408149292805, 172.75245339976865, 136.8765408615231, 205.03972127608458, 0.543213233254202, 0.45983266306005655, 90.29922195987986, 70.53918306365486, 341.62159558156253]"
49.04089407128572,129.16254225002146,0.9981140459042428,0.5935230102935337,True,False,"[0.46091656255604607, 0.30813389325357066, 171.77239181709865, 130.9983878815002, 211.74570047981254, 0.45600965723442455, 0.5403544135632082, 86.65467828768763, 76.22604275301913, 350.4158028552051]"
48.55048513057286,129.28544856372224,0.997471685917577,0.5345760425567628,True,False,"[0.3693835983500924, 0.1615125953021536, 178.47604055616398, 133.47018059207255, 210.1613368283159, 0.4667593970100966, 0.5006797643899417, 85.67762387743785, 65.90140764757572, 355.4779866407025]"
48.06498027926713,128.9923520202213,1.0,0.632403726512206,True,False,"[0.2416398922772224, 0.21562425515379954, 174.49093879025645, 144.86281568380232, 209.32620672801286, 0.37422723355885557, 0.6158905923975359, 85.02000590987736, 67.61963321693119, 355.02062142553024]"
47.58433047647446,128.99818562660687,0.9998774124011841,0.40804143980839436,True,False,"[0.13692862644920162, 0.207663416188471, 175.01775437464514, 139.0557115299022, 201.21736254163164, 0.5118266577099337, 0.5504135642987837, 89.6300597331371, 90.39751406806741, 350.69771578098636]"
47.10848717170972,128.9341779569574,1.0,0.18666991319674708,True,False,"[0.33767762690627934, 0.22196076051447805, 174.96383147233152, 131.2049007291172, 202.2648098709262, 0.4838842067640065, 0.5481713730646925, 88.5759659981741, 102.89026615077047, 348.6580888240833]"
46.63740229999262,128.8177074563466,1.0,0.7527347155530312,True,False,"[0.35390332086840487, 0.1273602710993536, 169.63882326292318, 133.01753591316623, 203.6741221039051, 0.5619586993958935, 0.5587779275619904, 89.6428913961383, 105.18570391606342, 346.4203434155702]"
46.17102827699269,129.18463205547667,0.9920844200616276,0.39033884345941294,True,False,"[0.29249136172223844, 0.23836556272479886, 165.7388518137594, 118.24411590701227, 207.83866281402635, 0.7414661981205654, 0.5857860303784914, 83.25778124528982, 91.22325445703429, 344.0441247721928]"
45.709317994222765,129.27599363417528,0.9980032444379403,0.6689655907584376,True,False,"[0.32190195580795916, 0.2082496260924307, 173.62352919409733, 112.60383019969588, 203.57986960911336, 0.7950228180743015, 0.5826785815432572, 79.71459329008297, 91.9569636949439, 346.8019229428835]"
45.25222481428054,129.28325368880553,0.9998395775609566,0.22758959584818939,True,False,"[0.3052520141977016, 0.40338234491678443, 162.13200353401328, 113.01015312000838, 196.5428544985527, 0.8468441842288975, 0.5747830839610417, 80.25486403641548, 76.11525368287144, 346.2375271887195]"
44.79970256613773,129.1564820003642,1.0,0.353151083034856,True,False,"[0.17595077365026526, 0.5680684446201892, 160.0597385313229, 115.82287005071909, 194.58374065566298, 0.7815242740387693, 0.6842948608048611, 82.19415402109708, 81.09852703124986, 342.41204903957146]"
44.35170554047635,129.32947178283823,0.9961071879169245,0.7057998984892397,True,False,"[0.21648892032500833, 0.4037265594838413, 162.20198913814545, 105.38025601590564, 198.56813482361605, 0.6895989057433779, 0.6636205911465852, 86.85990438660568, 83.92115105875806, 346.1682995622251]"
43.90818848507159,129.28548984702584,1.0,0.13181950419335653,True,False,"[0.3174158834556444, 0.3391954370735527, 169.29235015493333, 113.01615570026212, 199.88529802241717, 0.62917800950533, 0.5949508073688806, 80.67629541612064, 71.23156664922963, 347.1394012611813]"
43.469106600220876,129.4498115019326,0.9962269419627982,0.3832132950252197,True,False,"[0.35689786895369097, 0.35537548005250935, 168.45169813787302, 112.41909092718822, 193.63140886905, 0.8401336414487738, 0.42605661558510566, 81.20560110844104, 49.46178601941281, 350.8429579431266]"
43.03441553421867,129.48463033104306,0.9991912345817349,0.18005129504836648,True,False,"[0.3949404419071153, 0.36308213856557087, 171.7674566864082, 106.13793866907622, 191.77396721303913, 0.742417041522969, 0.6229676528683905, 79.61178246918709, 45.964818861560495, 358.3668357418107]"
42.604071378876476,129.5546888204915,0.9983569429783974,0.20728440058910924,True,False,"[0.4320282000309107, 0.43392853040269264, 176.3147370724744, 106.44190200221269, 195.19005044396624, 0.6870757301084166, 0.7714282621479599, 87.80223643558817, 55.1571750881634, 351.2642699273354]"
42.17803066508771,129.57429870201904,0.9995351768846927,0.8673951688015672,True,False,"[0.44443729639177154, 0.3293869535420707, 169.64435799586167, 99.07285607577316, 195.58869106299792, 0.5971828441826542, 0.8065562237503584, 92.56283787728617, 39.96865320425468, 342.11643246911467]"
41.75625035843683,129.46165335589635,1.0,0.12877950781812797,True,False,"[0.5359297432249042, 0.30640352390732856, 161.4553030569805, 101.15134053421679, 197.3336768083658, 0.49192710372340415, 0.6620977353356363, 89.84848641141744, 40.95275525285752, 338.2945869579813]"
41.33868785485246,129.52072626076915,0.9985720224685312,0.40292680169579853,True,False,"[0.5458856109337963, 0.2036176758887434, 161.81539710806362, 101.3715077257043, 194.0163834055449, 0.668067845475362, 0.7064796580902556, 90.5932600804218, 20.54030890384942, 342.68197183119554]"
40.92530097630394,129.4369398738544,1.0,0.11557010427083647,True,False,"[0.5826869223563288, 0.1755121466022373, 162.78674833194304, 107.95263756102791, 187.21417891522367, 0.7038777630786907, 0.6808800705704887, 94.76064506063369, 16.82723946855659, 345.1110495645479]"
40.516047966540896,129.13185166236042,1.0,0.8112413939151939,True,False,"[0.678229794231583, 0.1682618933994224, 155.1446245676861, 117.38017974813397, 188.39623072953748, 0.6855839364604223, 0.8059033368005073, 88.573850246471, 20.17608415271171, 349.24224040834355]"
40.110887486875484,128.9819003212195,1.0,0.25367963729449283,True,False,"[0.6776053946738634, 0.1698272058121575, 151.31688100238694, 117.73474394246962, 186.32506918661963, 0.7052787375518743, 0.6862504179947135, 83.30595653751747, 35.62333617473227, 358.08566601343557]"
39.70977861200673,129.048638075613,0.9983207736952343,0.2799520841853954,True,False,"[0.4879807517129852, 0.27166448619772987, 149.8649015133312, 114.42411001593021, 185.78300989069137, 0.738724176041621, 0.5439575312434581, 86.94744161829206, 52.886229927823685, 359.96316415985274]"
39.31268082588666,129.43464782531697,0.9902290858465986,0.8026137156080656,True,False,"[0.33902747434124103, 0.27972203063618006, 153.19244075537992, 109.57482007313939, 193.84455612911373, 0.7278549997077888, 0.39127732018225647, 91.18310075542908, 35.256339884262104, 361.70908076584664]"
38.91955401762779,129.41792802886286,1.0,0.709603358869817,True,False,"[0.3656113786845663, 0.3450811314167357, 153.51110697913495, 98.84371236026742, 186.7052851992156, 0.4996775022454471, 0.5501405256766664, 87.76491853300257, 23.57963167089988, 371.0796273585615]"
38.53035847745151,129.3435099184789,1.0,0.3495310106708843,True,False,"[0.2901628012935984, 0.4083722972336918, 161.95071215611725, 107.19230746555473, 181.33107813406608, 0.3903027501424213, 0.7612466313288614, 90.23728259637487, 12.860862243765492, 363.52498552532387]"
38.145054892676995,129.2934901552003,1.0,0.9579407397718624,True,False,"[0.36970223418728076, 0.3476337384640952, 159.69020855338772, 114.93487722290607, 179.19426271614014, 0.3089438384216208, 0.9104755003822923, 99.41489871027615, 0.6879578398154642, 362.4408195589662]"
37.763604343750224,129.26440704572997,1.0,0.5062828210212127,True,False,"[0.18370418470353903, 0.23108730478584577, 153.89760874114756, 110.96175377362236, 175.98674199153194, 0.27990561065118996, 0.8718946973018326, 102.03556746901303, 2.2847565944281447, 355.69770518827613]"
37.38596830031272,129.18733037251786,1.0,0.05101239812407521,True,False,"[0.23616567867868835, 0.28676792978922, 156.04389454381578, 111.79805595318952, 176.53716017722337, 0.43218764696844864, 0.7638919412270664, 102.75601360138904, -3.132263217008787, 345.1213046334347]"
37.01210861730959,129.23355047750502,0.998751996055526,0.6697448368434172,True,False,"[0.19312204079744566, 0.32517473786269224, 152.78034622784418, 106.36874225489096, 176.05046567877508, 0.5555368990727426, 0.6921508839466185, 99.04914235420979, -15.35059550586615, 342.91368324245127]"
36.6419875311365,129.25266773499177,0.9994784051682342,0.40295299848148514,True,False,"[0.21767878937448595, 0.30616360682051513, 150.24902233542127, 100.18752775259594, 177.80917637405193, 0.51740460713991, 0.7779040105686414, 96.83356898554798, -20.08942486078866, 343.7898133114037]"
36.275567655825135,129.32898081780513,0.9978985065182419,0.8609115736024654,True,False,"[0.2107321612577034, 0.2888558103018599, 152.79352718296087, 102.76017117064826, 180.07354472905544, 0.2651946927759563, 0.7898895724091779, 94.97714690742438, -32.8958030186403, 346.64980090355283]"
35.912811979266884,129.2306483223032,1.0,0.3457408534844322,True,False,"[0.13758534774748066, 0.3615127654073085, 148.12117404529474, 101.77376116574742, 175.70434381411383, 0.3368063954038769, 0.6558215066271936, 89.77036615252709, -20.286226007332704, 350.7108773002028]"
35.55368385947421,129.08740950475743,1.0,0.8020538680952163,True,False,"[0.24539175673466443, 0.4068860941700138, 144.84588511002903, 106.4275744357032, 178.5215586413216, 0.22075570207730486, 0.6213204391084615, 97.78976279920687, -18.352877234369345, 341.2122036996911]"
35.19814702087947,129.06290719556932,1.0,0.2604741760783721,True,False,"[0.4146751276248097, 0.42446618923619917, 144.27585719800362, 119.16332354739157, 183.49456268192344, 0.1323834866055033, 0.6054055524650299, 96.77544514512635, -38.07619773937977, 342.57524365020896]"
34.84616555067067,128.96918997032208,1.0,0.34691989627140585,True,False,"[0.48995230429322534, 0.45164879127956503, 150.86787067318838, 117.0145519144505, 172.60235619965184, 0.13078710836614824, 0.6399448923012522, 90.97971778570154, -45.07514757188422, 339.09827581074626]"
34.497703895163966,128.91982684786612,1.0,0.11765807419640661,True,False,"[0.40789799530841064, 0.6216219110442281, 146.8156943159615, 120.21748712392524, 175.7891037958796, 0.16782620633606005, 0.5928988470458211, 93.90002670083564, -51.175282316722694, 343.7001803575911]"
34.152726856212325,129.2010561632914,0.9917993487819485,0.5232899846073431,True,False,"[0.48418795172229184, 0.46456576411182615, 147.21109154575683, 113.58428908164626, 183.11679726283322, 0.13297974610261473, 0.6580123953310519, 97.50559775883819, -47.06423580856615, 340.8705472681604]"
33.8111995876502,129.07201366732008,1.0,0.4290794586596458,True,False,"[0.5004289209144682, 0.4452402731738354, 145.8023643041309, 117.37602348066783, 180.67772230994763, 0.23348201695622223, 0.6099508869793951, 104.77685253517917, -41.84128916721554, 342.5996500945211]"
33.4730875917737,129.10199138792026,0.9991048241113422,0.8752772967714944,True,False,"[0.7486486509127073, 0.5313223865183478, 139.8975252284756, 118.49767547550232, 184.79145538618656, 0.2582298953348002, 0.5577384954492917, 118.88563853000672, -45.01701044871703, 347.3653086217186]"
33.13835671585596,129.32044266632704,0.9934295827108316,0.023808255630498487,True,False,"[0.7536086337661656, 0.4224392245044872, 150.39744774540821, 115.3757021396548, 185.7298826891272, 0.19584855533277068, 0.6073962455195022, 111.52074162055543, -52.47910776618833, 349.0009783846767]"
32.8069731486974,129.67074405523474,0.9893791533842478,0.26295400676573477,True,False,"[0.7567344780450762, 0.3664492193034569, 145.13510844513718, 102.40916038908972, 199.22264358988735, 0.19885431253755292, 0.6097774230554917, 116.99977101797155, -32.346967100810815, 345.11654132241233]"
32.478903417210425,129.5657598589667,1.0,0.5435562268534568,True,False,"[0.5965432518849572, 0.3884096993739395, 137.86842956809215, 111.41357889525702, 201.50596042123402, 0.3401886465876821, 0.5136023140346784, 126.03075093969468, -10.587589271265788, 349.64334483326746]"
32.15411438303832,129.56423097712263,1.0,0.540246700596255,True,False,"[0.49482563505533717, 0.2864063141050199, 133.07896042062578, 99.36419572856602, 195.39851773455806, 0.34600988891507484, 0.5144620265290771, 131.07156983877434, -12.995690260990042, 356.8490470524482]"
31.832573239207935,129.5598058767316,1.0,0.0946006745996949,True,False,"[0.5795225189058102, 0.23825563273045425, 137.80092799414695, 108.5041588176205, 199.3616089287704, 0.20568837026408163, 0.5759798471116281, 131.52068158435418, -21.97141035892804, 352.5394280794325]"
31.514247506815856,129.65541829316786,0.9969706552029368,0.13691870707231257,True,False,"[0.5715086729865605, 0.3234015131956291, 143.0656624838922, 101.02698797978661, 193.2380009633319, 0.19541121919705487, 0.6899586893644571, 124.11978617503704, -20.780490790805064, 352.66226535269783]"
31.1991050317477,129.37073149167438,1.0,0.9315338663855591,True,False,"[0.43761771252581827, 0.17406080297444626, 142.75067598033786, 111.09494988696491, 185.42086000870503, 0.14059513732871118, 0.6747177489454187, 124.32534666258331, -15.991400097245775, 354.83847928092507]"
30.887113981430222,129.23861309669044,1.0,0.9917561473714489,True,False,"[0.40770994932149945, 0.15554729488017485, 141.2952207659109, 106.82819735428026, 177.10837939713267, 0.3737035641323681, 0.5932113425659826, 126.87431826655059, -23.703096409776613, 356.73026965352545]"
30.578242841615918,129.36073538500614,0.996014200375644,0.4484867061123867,True,False,"[0.4086326130927477, 0.21902227867467108, 133.70697394640794, 94.79415729291908, 179.14091826523892, 0.3639773134606814, 0.6606582356710712, 121.56303140066632, -22.551628754343092, 358.6254526822211]"
30.27246041319976,129.0436389983115,1.0,0.27632507531844286,True,False,"[0.45598716118789023, 0.19267452191566997, 133.20037672602308, 105.50911696052755, 172.0721853783285, 0.29326965614773703, 0.7080985889764371, 124.21621922963678, -22.837979760148173, 359.3209051612537]"
29.96973580906776,129.05176496391059,0.9997288977081041,0.47596048731152707,True,False,"[0.5232742512445281, 0.19944926269691812, 128.95728029622455, 101.76999542173212, 175.78561001144436, 0.4099073973416477, 0.8030163805781491, 121.37356449411186, -20.350949316152093, 360.11514049374455]"
29.67003845097708,129.15874398347526,0.9964008678910533,0.37276126162007517,True,False,"[0.6131761647214239, 0.1439447297796353, 131.3117900325023, 100.99905665632399, 176.46310973610224, 0.34541877467212717, 0.9152881670052596, 125.64159534047658, -16.815625869741133, 364.1599107439981]"
29.373338066467312,129.06742529412463,1.0,0.5971022408324708,True,False,"[0.467986052591745, 0.14625592904664397, 119.02429325984863, 99.84115270455368, 179.38195598639416, 0.24387378308318408, 0.8580766762788015, 128.07249606205554, -7.358714386058141, 364.92944322268175]"
29.07960468580264,129.04996243888488,1.0,0.8745886244846204,True,False,"[0.5037466104214939, 0.24112804309882138, 111.20680282411736, 100.05138372047199, 183.22979637107616, 0.22621346276647217, 0.8972714463372041, 135.33302125250768, -5.1111068068642025, 365.7410240494871]"
28.788808638944612,129.195457567533,0.9949588712846169,0.3626548864508101,True,False,"[0.40326460516881446, 0.3217606394860968, 110.25193256561418, 87.9279285014783, 176.86468268568171, 0.2439190496930956, 0.8709213641659981, 138.9288940267659, -2.7527075510179806, 357.1567632343898]"
28.500920552555165,129.1372792552801,1.0,0.7498135808973362,True,False,"[0.5866561271900966, 0.41722849749249236, 103.99203907230118, 83.93051357096786, 179.5577741681404, 0.2859778736207082, 0.8266051038423518, 137.38157322609067, -7.0709259996631255, 353.05045487941527]"
28.215911347029614,129.36992976912768,0.9917885338726453,0.15641800933056094,True,False,"[0.5677570694907087, 0.23731437306530467, 107.89601061394742, 78.87270014521755, 184.13677015447306, 0.24173512798539998, 0.7229481862309399, 133.356134043161, 14.342485706178294, 359.8656908967274]"
27.933752233559318,129.09301790445542,1.0,0.947883304046098,True,False,"[0.47401422219104833, 0.29702545121633095, 100.13925187566102, 88.0354828737634, 188.46701436585428, 0.18795432350803215, 0.6140794658830988, 131.60467012959, 12.516471976635845, 356.60367788421405]"
27.654414711223723,128.88353843768888,1.0,0.49705960639589664,True,False,"[0.458537665953029, 0.27961378827826794, 92.01367194998198, 91.398343668762, 196.0173621791, 0.1495789588943412, 0.6902165562620637, 130.69221772243094, 20.455355412002604, 349.19208101049816]"
27.377870564111486,129.16512614893668,0.9897674815411268,0.23863150482653872,True,False,"[0.3791838548421297, 0.4381600044586837, 94.31395546920054, 81.87310705230912, 193.87320100481304, 0.14610537371076435, 0.6171524515140855, 121.36249751248945, 21.369221804502185, 348.1073932604413]"
27.104091858470373,129.49540835442738,0.987888249597198,0.3234614741312508,True,False,"[0.37387569210289445, 0.3991596203913257, 100.91981504207982, 66.30558947145835, 193.7873296361742, 0.1385747941480382, 0.7924123394898535, 122.54965115611422, 18.054833323779143, 345.54651473320445]"
26.83305093988567,129.3646513851564,1.0,0.8974760215671289,True,False,"[0.293093774164807, 0.1891574146011513, 89.99314682056202, 61.88044818289073, 196.27406971936858, 0.19656487583535132, 0.837202075600421, 129.23112321197038, 23.052062147645415, 344.1902806341229]"
26.564720430486812,129.0281010870085,1.0,0.15919497750305267,True,False,"[0.368135333977455, 0.2128879470927904, 88.9992268839208, 82.59440283645307, 196.0038361839029, 0.20129409149244268, 0.8397278257606874, 139.81579648587982, 36.80643458206318, 345.4907005192856]"
26.299073226181942,129.140070307812,0.995751515601968,0.5577417878337007,True,False,"[0.35985587446936845, 0.24596062130426072, 93.72970837876251, 83.688875515392, 198.3751286975574, 0.2799229313184962, 0.6696636678132918, 147.75723990597228, 49.62300359884361, 348.0235959369424]"
26.036082493920123,129.42285314978417,0.9891975796421401,0.44362449716652974,True,False,"[0.3251561964991917, 0.2711283083517455, 98.40718834423807, 80.2792354708869, 205.29720284979823, 0.18490919120812327, 0.7359734624664835, 143.92207044591225, 46.061838246951346, 350.2174951671381]"
25.77572166898092,129.41396233707493,1.0,0.27743795996483656,True,False,"[0.3952980031474222, 0.19491357368169832, 95.63983233606386, 73.38743081030296, 204.56628984604703, 0.26946845971792055, 0.592423166593441, 141.27151367112788, 27.86150357491427, 345.9679922516604]"
25.51796445229111,129.50729754242403,0.996349053595473,0.7423111945920582,True,False,"[0.39283955998110054, 0.33409533864092245, 92.5075951666802, 76.56363199677472, 206.29169726739906, 0.11740035312500896, 0.4171877243726747, 135.68690272205197, 36.60350874423957, 352.41814822886823]"
25.2627848077682,129.3491901503187,1.0,0.002038345087827631,True,False,"[0.36740414085195816, 0.4185911963169819, 87.83783948503083, 76.96842234099846, 210.47562356804718, 0.10999518457419277, 0.3273939624262906, 130.73348572320154, 44.32229143690381, 352.84903002264764]"
25.010156959690516,129.43885978894042,0.9964210907140107,0.05637221416619154,True,False,"[0.30931034573617616, 0.4862963650361611, 90.11768599228454, 60.554332377379765, 208.87867390713282, 0.3090670761434954, 0.3037152440912159, 135.26289485064592, 34.74606030611743, 358.3100683550307]"
24.760055390093612,129.44099572910747,0.9999137381557913,0.14924168243543912,True,False,"[0.2814419890878977, 0.4424233524444222, 89.7752183573923, 58.11881496465338, 201.1458351762946, 0.33163835465674296, 0.16597467430170415, 134.98412449290888, 38.2184978401252, 364.2554154287417]"
24.512454836192674,129.18195079395394,1.0,0.537812985628156,True,False,"[0.23288974104913554, 0.4241976865426129, 84.4215150271348, 69.91013483687493, 200.63165222838532, 0.26060310741776305, 0.10216782037295452, 137.50246398647712, 34.61022931197784, 359.9944174215928]"
24.26733028783075,129.28927537295036,0.9955871700503895,0.22446551228486378,True,False,"[0.22771934290571255, 0.5075766911412886, 86.83108883666561, 74.42685860586487, 205.794673060436, 0.4048864680800261, 0.12127039410591325, 141.2378716031987, 33.68400856947903, 359.59238551873756]"
24.02465698495244,129.4097408154397,0.9949983083921378,0.7030108849227278,True,False,"[0.17989974615722645, 0.35271240067219145, 92.05528500610627, 71.20057301169608, 201.9673459415272, 0.30821153576823607, 0.15080961104825893, 138.2774541938769, 38.1496325056566, 364.92193205589496]"
23.784410415102915,129.28359401917413,1.0,0.7931699999361661,True,False,"[0.22747143021559119, 0.4119299807701965, 88.15511470907705, 63.83464219273017, 197.74908395124908, 0.2885169457054628, 0.11600169632532636, 125.534888281332, 22.125269331360762, 367.74589928273485]"
23.546566310951885,129.26657240395733,1.0,0.0010085199351277385,True,False,"[0.3202733636653649, 0.39907438113256444, 97.02566508345166, 73.46225422339516, 192.61019648636298, 0.27099869228905654, 0.12135369520696385, 128.91323935786986, 26.235168743345945, 369.88094648715645]"
23.311100647842366,128.93995974977238,1.0,0.5436647938126389,True,False,"[0.5378279822808207, 0.34871742699452435, 91.22095343989022, 77.622056884676, 180.53076702477935, 0.28606973287723836, 0.212996846504864, 121.7700606024109, 35.199190300421684, 372.51795554350787]"
23.077989641363942,128.82923034796934,1.0,0.45111924675062154,True,False,"[0.5797273875996583, 0.3832432828486009, 92.68356499407928, 78.95164620153871, 172.89039015025935, 0.19067026692995254, 0.15093378626237497, 124.11253204807608, 32.07623004841673, 367.91093573966975]"
22.8472097449503,129.1657439185271,0.9853790697169874,0.7630460246753455,True,False,"[0.5738573119948843, 0.26388200470405915, 93.19315015381973, 71.41256932304859, 172.59940993913466, 0.22390668950552609, 0.27202973020273774, 139.94057696838755, 30.484878859164176, 376.11080013060945]"
22.618737647500797,129.5091321552937,0.9849330765307854,0.892864410611021,True,False,"[0.5511954249189155, 0.26774714868442434, 101.14664420326051, 61.68405208738099, 178.91042661709807, 0.25248640734942174, 0.17778945232531534, 135.84465549301837, 19.47248251790046, 376.37363995160405]"
22.39255027102579,129.70485251100794,0.9912976637049122,0.5458657215310517,True,False,"[0.6332957752177402, 0.15240555545686785, 107.00590960096267, 52.93947682409354, 184.92572298211962, 0.25340423068495516, 0.37038877807179216, 133.7451232391967, 15.6000140715621, 376.29262402604144]"
22.16862476831553,129.73593261170714,0.9985989963622256,0.7835089567073251,True,False,"[0.7876694829056958, 0.1233018867506458, 105.09865790278496, 52.97165365953899, 186.65382995936693, 0.18196979412562264, 0.3178846081991189, 134.59481598807085, 5.367087296003238, 386.30610238817303]"
21.946938520632376,129.70152347640095,1.0,0.4649233296083032,True,False,"[0.8508487721582997, 0.11813447196658315, 102.93454890712505, 62.02415748934985, 191.34423980795881, 0.23037733001098065, 0.469498718355279, 135.51525726328433, 3.524919776092559, 393.21981516147036]"
21.727469135426052,129.58298166721775,1.0,0.5880534923912484,True,False,"[0.6961931439087028, 0.27666216635057, 98.22806713167489, 69.40851941129354, 193.34805602253792, 0.30933706755767615, 0.3630092270723909, 137.29549128534623, 14.799052325268828, 394.1278733825104]"
21.51019444407179,129.49632872173297,1.0,0.06798527612034866,True,False,"[0.8037850937025073, 0.33128216248831865, 94.15575183615735, 73.82049884281882, 196.35809216360005, 0.20353287281130683, 0.30749486166902723, 135.47275142072468, 28.185721494618925, 399.72380669225237]"
21.29509249963107,129.2904752991534,1.0,0.24676866030979328,True,False,"[0.7852408048862806, 0.46160632510310995, 88.17405352290291, 81.11974670602481, 200.80250744146088, 0.17828252922144666, 0.27599447337627114, 132.1771043318474, 17.64838540938767, 403.95767461143663]"
21.08214157463476,129.42050786906313,0.993851081085873,0.16428181384267837,True,False,"[0.5904453773209117, 0.5420179825615069, 91.36404831083182, 72.16766231461477, 203.6486321462285, 0.12154196072607121, 0.26092288092668847, 119.92482785732724, 27.647814370878237, 404.93626268525276]"
20.871320158888413,129.38439524721883,1.0,0.2975951277061547,True,False,"[0.7083674637905901, 0.6672704644342898, 88.87803979905078, 71.17633935888327, 203.47408939718284, 0.2196757261480739, 0.20884810125199213, 119.0223800582374, 12.906412075457514, 408.0784960687363]"
20.662606957299527,129.48646243570533,0.995072475009794,0.33629567061841714,True,False,"[0.844576763868525, 0.6767624770187105, 91.8023737383659, 81.8093076777802, 205.08109230993807, 0.3125102687587177, 0.42260067058403583, 121.08531520321267, -4.800006955850268, 402.47237529882756]"
20.455980887726533,129.00658104158686,1.0,0.253329902847112,True,False,"[0.7296471318412232, 0.670738891226452, 88.45543717589972, 87.51046973501904, 196.25212786790254, 0.2411823926237337, 0.31294952960149347, 122.08352125421322, 5.815264119675033, 404.4444696390241]"
20.251421078849265,128.78586325958,1.0,0.14627480729818376,True,False,"[0.566119221049424, 0.5719759303148297, 82.1050365414253, 86.55338672772803, 199.89042882547787, 0.31764416690108455, 0.31666880460381613, 122.26903739950237, -3.169172967634484, 405.8266173558122]"
20.048906868060772,128.88887368884818,0.9948752193330828,0.8431079847749711,True,False,"[0.47108190335330014, 0.4723830386650304, 85.53536419566946, 86.56940793789592, 200.8048079991534, 0.2909952576100993, 0.2134711476131448, 120.52294517012787, -18.730888574967874, 408.8702492465921]"
19.848417799380165,128.91785359638126,0.9985410040287772,0.7410805194094805,True,False,"[0.5277363317472074, 0.49633535177354754, 83.47756485394108, 86.43468566249985, 200.76187150470517, 0.26392712429984866, 0.15836280330998614, 133.36762051709138, -27.909675435115968, 414.8988958850277]"
19.649933621386364,129.2121049912521,0.9851368866195146,0.7262570965371445,True,False,"[0.4573318953728204, 0.4256418402649634, 86.3172956004941, 81.34581621105092, 201.752594228843, 0.11831541959912933, 0.14506981836960645, 138.53967094307387, -33.92047504132128, 417.8042904004012]"
19.4534342851725,129.09496711577555,1.0,0.08229646923133782,True,False,"[0.47317299585780265, 0.3883738874236228, 93.33265227183435, 87.99181210837881, 192.15315839799257, 0.14683860206362287, 0.11056622407644769, 140.88359248589052, -51.515984175282796, 421.3526257234596]"
19.258899942320774,128.88196599322842,1.0,0.9101618005007637,True,False,"[0.354005439531387, 0.415231954312234, 95.18087771715435, 94.46322734584864, 192.88764648039958, 0.3086669845536161, 0.21053088154985938, 138.50004755669647, -47.06082964381386, 421.94427942738116]"
19.066310942897566,128.93030720824854,0.9974677857638659,0.7866735265576108,True,False,"[0.3769772276251072, 0.24178021067065636, 94.96259978538585, 91.27470993420118, 189.89719753450964, 0.5314173299992759, 0.38914299907227506, 130.88926742791426, -40.29165838904646, 411.4263906724479]"
18.87564783346859,129.10356823307163,0.9908629221280731,0.6249864010077172,True,False,"[0.3035861541579259, 0.24366496192872278, 105.1085083238798, 97.74649655989093, 186.6615462792925, 0.5461325868840733, 0.2952590004840673, 127.41215629462918, -28.70454678207267, 413.33528593255977]"
18.686891355133906,129.2211119311447,0.9937295730513177,0.9502707003389025,True,False,"[0.166621987535634, 0.24487148280306612, 105.21936176410247, 102.20751956672623, 190.04065446392832, 0.42580856566573333, 0.2119622337992102, 128.95337077225238, -28.97399353352405, 400.69195173514316]"
18.500022441582566,129.1421557647172,1.0,0.4691316375706126,True,False,"[0.27607494296435486, 0.2245071341492245, 105.19048073327374, 96.12167115847033, 189.2887004223488, 0.465241310621364, 0.2912632834940392, 126.01090717189318, -37.701974228124044, 395.40662272718265]"
18.31502221716674,129.31814684024096,0.9904369093060278,0.5811518023772168,True,False,"[0.3518723241237641, 0.14434902075947942, 112.70814045830636, 96.52515557711668, 188.74034511248453, 0.5635075594775465, 0.18613894662693803, 126.06690481978328, -42.64550024535279, 406.5536391747936]"
18.13187199499507,128.99762614985158,1.0,0.9316681277992749,True,False,"[0.23226578835495965, 0.1469473018878254, 108.86917286430337, 101.32168692574147, 182.86064923445446, 0.5337951002032592, 0.13847701574542287, 126.23791295316948, -27.490546286918132, 402.6665664278388]"
17.95055327504512,129.06587385055636,0.9962052352580728,0.2963443323526208,True,False,"[0.263978200617923, 0.15366127891153936, 107.5972613398196, 100.66069983105773, 184.36540927848526, 0.5323267793098552, 0.13130512765342528, 127.22463644157402, -19.179981177368603, 409.34664356509785]"
17.77104774229467,128.89932200832013,1.0,0.09919478332332599,True,False,"[0.3910262696256611, 0.15611152982732804, 100.88766799596263, 99.95875865574669, 186.1342630495458, 0.6240494097592428, 0.1824242608128973, 125.12764815856102, -28.530265679371453, 421.40945058770046]"
17.59333726487172,129.19509126712805,0.9833290878799983,0.501968204407465,True,False,"[0.29623290933581053, 0.16060404172694154, 102.75360755760883, 91.84575661190628, 188.9377115156209, 0.6527863181669865, 0.13786747823918566, 120.87728160137097, -23.848392827652162, 425.6731862858115]"
17.417403892223003,129.5844696910044,0.9778923274624757,0.6615699856055217,True,False,"[0.24914300769577608, 0.1720367085202701, 107.81942894101016, 73.93908117555962, 187.10614554227723, 0.6123109836595878, 0.26508374588932493, 123.99067898588049, -9.502720598355792, 418.08569814164537]"
17.24322985330077,129.6738468807365,0.9948300895558244,0.1756575735562319,True,False,"[0.14676783144895145, 0.2833660481475547, 110.72630520772266, 78.90584490258512, 190.77724650242519, 0.6916841114977013, 0.2539968086654688, 125.23837862490656, 1.2159185779961028, 418.5921446409908]"
17.070797554767765,129.68628002022075,0.9992719371873686,0.3713747694596903,True,False,"[0.23325831051457413, 0.35467448252515393, 108.48707195220145, 78.01127062222673, 196.69575274030845, 0.5536815947161682, 0.23394650652743484, 122.64791557013604, -2.9298867025098874, 423.86744434872156]"
16.900089579220086,129.7016738523117,0.9990895419083152,0.5305271018058376,True,False,"[0.14350190604122753, 0.30650646447537006, 105.10478919753767, 78.96065939554417, 197.5134421144123, 0.596381103316127, 0.2932268352079365, 126.3886167998833, 10.150770213352857, 430.3934993210382]"
16.731088683427885,129.71465967191858,0.9992241520148591,0.6985473981377194,True,False,"[0.2185028538668365, 0.17304227912080397, 107.48060156796991, 76.21917695738077, 201.6261621354537, 0.6787972744002904, 0.3405489080956397, 120.74330505267338, 1.6236268175022932, 439.1283296553912]"
16.563777796593605,129.81118093297474,0.9941896962769314,0.32527122778634854,True,False,"[0.36053560950403496, 0.19256482890051238, 111.88295794203918, 75.85687474629877, 200.98658395099352, 0.7401745648961324, 0.17684660580724137, 121.52911676661269, -3.6210030078561246, 440.9153798890887]"
16.398140018627668,129.9666504570236,0.9905638779698089,0.543522328296511,True,False,"[0.5022614887986924, 0.12290229992031175, 118.74992384264262, 71.22776436068601, 204.11916533466032, 0.8206211696973623, 0.20141026906607162, 124.0963065806158, -8.062322856589649, 437.69094089396884]"
16.23415861844139,130.00752128404488,0.9974855843596748,0.40991742559186617,True,False,"[0.31769100635219794, 0.18684481728450306, 115.66026134840004, 70.7505519609147, 210.59728714993568, 0.6209045137073419, 0.122797563132445, 122.07753034563206, 10.022940047755704, 445.17038019459824]"
16.071817032256977,129.91606870977333,1.0,0.45472390751702796,True,False,"[0.36003526975956607, 0.3089692471902682, 114.39014309817829, 75.77629190012105, 210.2024443056476, 0.6577203546415685, 0.09702370253909934, 121.3957108921861, 11.810973528128704, 456.5506861809323]"
15.911098861934407,129.7155182163207,1.0,0.1136166653888907,True,False,"[0.3967474994084511, 0.3580960093710883, 112.7286127435977, 86.8580843181483, 213.0975833965511, 0.5907097908183561, 0.10161884378966368, 112.7735207605229, 32.37195087973621, 465.9633020055218]"
15.751987873315063,129.71669528318546,0.9999252778190808,0.3465263854420425,True,False,"[0.33184029201327264, 0.4488879112593496, 112.7708379761769, 92.15125424100175, 213.1608050391555, 0.6020386512607342, 0.22299674292246674, 117.17998158325321, 40.65483643953146, 467.0447420690216]"
15.594467994581912,129.8248101059803,0.9930910812078033,0.17886269370030972,True,False,"[0.2531788979621358, 0.41914200000282986, 107.91041011334819, 80.14287217138444, 216.79269492934486, 0.4433999111352709, 0.23049412755708706, 115.32690360961313, 33.43992689192461, 465.01222445428795]"
15.438523314636093,129.92094601180995,0.993792333348937,0.7711831796295385,True,False,"[0.28626034171451653, 0.4634728997655086, 112.9261869924233, 79.71860289454942, 218.4210332778331, 0.6429117765258856, 0.3049325195298398, 111.9108829587544, 24.012169622724073, 466.3548313811309]"
15.284138081489733,129.96487843678023,0.9971297468041358,0.0281854722823891,True,False,"[0.38212232498752446, 0.49294021023913914, 116.18664152102032, 72.93786379377141, 217.71302231722933, 0.6978787513431698, 0.27689158142923087, 105.9733253280261, 23.21087539342345, 468.1556752564163]"
15.131296700674834,129.9550544145224,1.0,0.38680242637495554,True,False,"[0.5377891077312098, 0.5460074637221023, 120.25486486228439, 76.07088297124659, 218.80264117674588, 0.6044403850910811, 0.24738427150203587, 111.13018978812721, 32.327251120860026, 469.1366395917694]"
14.979983733668085,129.77864356408944,1.0,0.41036402126206306,True,False,"[0.524356341273182, 0.35021824334681384, 120.5996155052764, 97.11629540216315, 223.78340448377062, 0.6605537078684525, 0.476391837280149, 105.43948640244162, 19.28657932512822, 473.70735082838877]"
14.830183896331404,129.83521099732567,0.9961929206795705,0.1979446645527545,True,False,"[0.5752979874100091, 0.26402352270039736, 121.45293845071606, 105.12011599902257, 235.24569584662797, 0.7702871172868071, 0.36795515307580573, 105.59070608066571, 29.219772347330625, 467.8276702563692]"
14.681882057368089,129.91769123425445,0.9943979259542002,0.6487163365028419,True,False,"[0.5585076559255152, 0.21823542443636335, 127.81289730795565, 107.50430377435761, 239.2769512490575, 0.7841059125811017, 0.43382119372703926, 106.89418212305243, 23.95130802762318, 472.137265738917]"
14.535063236794407,130.05733756005176,0.9904384564898475,0.6952724567520466,True,False,"[0.3159086665272174, 0.30787646804910185, 134.5350430168518, 104.80429925990718, 238.9633345088272, 0.8141251842359267, 0.339416029400332, 103.73360034589791, 24.55870456146691, 465.3855761546838]"
14.389712604426464,130.15687072340705,0.9931069004221131,0.2764625790083196,True,False,"[0.31586490047413474, 0.33442912877076736, 138.56550192252487, 102.26347426461552, 243.4269677689844, 0.845004565638136, 0.4380027736969474, 101.31037426052777, 11.386928569917611, 464.53081527073994]"
14.245815478382198,130.1967222131104,0.9972064918935672,0.12774572984274524,True,False,"[0.3695546421315311, 0.23039955278267418, 139.27824791626074, 101.65780992334876, 253.48646869471736, 0.7615708647660403, 0.41216947154202865, 99.67521203706292, 8.015244024162582, 464.95720142217607]"
14.103357323598376,130.20139165913503,0.9996689672533227,0.40923480252499467,True,False,"[0.5713388958570356, 0.19701457517592078, 134.45119155359123, 92.69224350877138, 256.3303533906665, 0.7867349727645333, 0.4793375488218167, 101.011357658556, -0.05549277366281302, 458.3348439644774]"
13.962323750362392,130.20416683353847,0.9998012581091649,0.8176178282670628,True,False,"[0.5407240726494656, 0.13509686789717235, 137.89181226757634, 90.25401379055825, 259.4852959850967, 0.7013774497573518, 0.4676061279969247, 93.59771642633669, -4.003612299430227, 469.4413235245957]"
13.822700512858768,130.0470568719031,1.0,0.4834089943572102,True,False,"[0.5528139369646536, 0.19004610912581904, 133.4829336520932, 99.78734814953543, 258.0414927099206, 0.637092360154796, 0.6271637513844561, 89.5840371942718, -10.661491676404923, 471.49038482785426]"
13.68447350773018,129.78401208659488,1.0,0.258940739451918,True,False,"[0.5496351310379339, 0.1835598763966687, 133.93264579139182, 115.78073979495352, 245.89461007853214, 0.6567773468103644, 0.5909115901313879, 87.75772704756083, -15.589246366773084, 476.94669988181977]"
13.547628772652878,129.2985175828672,1.0,0.41250438135938905,True,False,"[0.5504498961638166, 0.23125054468199344, 124.87201103853458, 126.49706695647671, 247.97502684434806, 0.5253104597254604, 0.38971351747940014, 81.68757853061881, -7.022656818380677, 474.88117704715984]"
13.412152484926349,129.41423411781932,0.9914093743234451,0.42985502410329146,True,False,"[0.5617147082242884, 0.26151490320851833, 123.28352900651404, 118.51316962428523, 253.44075861476819, 0.49045326365740294, 0.4574268639572874, 69.67121200810061, -17.08503774735169, 477.29441004967987]"
13.278030960077086,129.55300090458283,0.9896035646564622,0.03415286624276204,True,False,"[0.5024743319114169, 0.15795322077478774, 126.23994509228041, 115.22294534768598, 253.22166855935185, 0.5419185089271901, 0.5379949595230026, 71.77774515954968, -21.996942538425422, 476.14135385753127]"
13.145250650476315,129.86628994548693,0.9764488906903772,0.9361922032429876,True,False,"[0.5679424132718884, 0.20075408913773166, 132.51473760664763, 103.11809764792478, 258.8023403355509, 0.6607719758121118, 0.6845658331079066, 73.15287821661698, -21.00453316426226, 477.5993756454045]"
13.013798143971552,130.01276598908478,0.9888076640076243,0.663340080066809,True,False,"[0.5881864257247632, 0.35818322423092225, 129.4231631841252, 95.55338459779742, 264.2155122607071, 0.5069068549599234, 0.5435214234637409, 85.84997415965718, -16.572798065014204, 471.43930619180355]"
12.883660162531838,130.10186471924126,0.9931082199674919,0.6641626436186068,True,False,"[0.6280872275821735, 0.41790938978330955, 130.93442868058287, 98.63215934366264, 258.0032152957294, 0.23362655667852783, 0.5518952448587305, 85.36933743027076, -18.27309445571602, 475.8890731113589]"
12.75482356090652,130.08749060401522,1.0,0.603384880879712,True,False,"[0.5369979599277585, 0.5272612665380022, 131.3991375570534, 97.64344554929518, 254.13154628084226, 0.27350676031380383, 0.617332681531347, 79.72378188242837, -13.357646682138931, 474.71260175986856]"
12.627275325297454,130.07756642153117,1.0,0.8180174542973287,True,False,"[0.4834325668512195, 0.5127911205124243, 138.20638730413046, 101.13403979933119, 255.4325209381626, 0.2582617407045799, 0.44538294181799354, 75.06387095869404, -12.763739986418853, 471.5901303686379]"
12.501002572044479,130.14778871037558,0.9943984151469588,0.09391993297850287,True,False,"[0.44555502718613377, 0.5379063546539027, 135.02016528069097, 109.03061443957316, 266.87015572095345, 0.13853474710894081, 0.5640806796069735, 78.19465316551066, -2.9759475766394132, 457.4736767475787]"
12.375992546324035,129.85441867396878,1.0,0.00630040650991992,True,False,"[0.4879149389622567, 0.305664913280238, 138.5446562968015, 131.36317562744813, 271.9408891557814, 0.1671526781538467, 0.4907358909381397, 74.92652047298729, -11.727533683967696, 455.18207640349596]"
12.252232620860795,129.66465325547688,1.0,0.8984193612204414,True,False,"[0.5469386663136664, 0.2410327437313487, 137.3215941151605, 124.51749207202108, 262.4906052173326, 0.42750564135495195, 0.476086760123568, 71.26897803287014, -4.428766987916433, 460.26007418122776]"
12.129710294652186,129.613375894393,1.0,0.4661876151815869,True,False,"[0.46591554081056985, 0.29086682829819305, 129.68084784943468, 123.81431215270746, 269.3877036359621, 0.356255865453333, 0.4592735660486617, 71.36579077066146, -0.5421951439053281, 457.5745691884896]"
12.008413191705664,129.64113121714828,0.9976913459545684,0.20121039690866682,True,False,"[0.388596938909309, 0.2935690180716494, 130.51001363128947, 112.61334065695924, 269.65229840869654, 0.40482766386743635, 0.5001748712890558, 67.99612874067027, 8.116273103037063, 448.69445279933046]"
11.888329059788607,129.68061333788253,0.9966844262666605,0.9808022402760996,True,False,"[0.31053230481121724, 0.16178807134225948, 127.6302460522131, 111.7828287083509, 270.0333067391652, 0.4202608290092399, 0.5095242938062511, 68.81310575293277, 9.651528517340365, 451.17258308150514]"
11.769445769190721,129.74172927872087,0.9948206962293011,0.4263642048745918,True,False,"[0.330296079275761, 0.15572905470428175, 119.97537285299612, 102.51362968498793, 267.69674648340396, 0.4044429202572866, 0.5728637435972241, 77.59232959947137, 23.489160886012378, 449.23924645587186]"
11.651751311498813,129.77144212898344,0.9974531727771918,0.21807157035027147,True,False,"[0.40751621151675094, 0.16204449269980087, 115.23598985351823, 99.8401540338335, 272.8528980388457, 0.48911987477731966, 0.6235456098340101, 84.23406543087435, 37.410820578634514, 445.3284395470129]"
11.535233798383825,129.70954339441235,1.0,0.08137470748934572,True,False,"[0.5315370284986983, 0.24500356551687275, 122.2719464469124, 105.80595972321844, 266.09491569729016, 0.586270581427996, 0.6582108348351895, 76.10349772810316, 16.70255690380681, 445.64054170346924]"
11.419881460399987,129.70660115893835,1.0,0.5808806429750425,True,False,"[0.4960085228337428, 0.3475894899161746, 120.67916809592778, 102.77949162457412, 261.9561807441911, 0.6358316558429801, 0.5007724766327848, 75.13701824948409, 15.513613271097435, 450.0873259505964]"
11.305682645795986,129.45510168342034,1.0,0.4281508738379066,True,False,"[0.577613860062711, 0.22381296327704853, 116.50661073702173, 115.83986134237227, 261.2996004075908, 0.524885871725622, 0.46104148128199285, 77.80411685109051, 12.503885812058144, 452.0562226989044]"
11.192625819338026,129.15780096957596,1.0,0.8792893563772283,True,False,"[0.5381998317297205, 0.16673280218258324, 113.56032951361426, 117.85931948343863, 256.5243910057344, 0.6290930681184397, 0.4857135140351227, 62.702286441047335, 13.50884568912909, 456.8933205581224]"
11.080699561144646,129.64664424104205,0.9568423415932588,0.9371928692435662,True,False,"[0.7219251878993347, 0.17871876959284672, 120.39157289559166, 97.29699783834235, 253.89757345575833, 0.630612139395274, 0.5983571974152464, 67.71281940141736, -10.188052483907027, 458.5745717869504]"
10.9698925655332,129.38687258742294,1.0,0.31850589510787974,True,False,"[0.7362860419351127, 0.11874172215610948, 118.61554735929631, 105.90588665669928, 242.3817417639327, 0.4923661806640601, 0.5446228495950567, 64.22304935704472, -8.491804762257473, 463.00547877357457]"
10.860193639877869,129.5019690832848,0.9894579460247627,0.8722522234914214,True,False,"[0.852887079616175, 0.35349065894793125, 122.22902494012669, 117.48160800734958, 246.76533531800152, 0.762883886996343, 0.556611439456633, 72.26478387496394, -18.987487749362543, 471.28017542409384]"
10.75159170347909,129.5517231012855,0.9953830952657493,0.23520589795278035,True,False,"[0.8208184450585875, 0.4083981446259059, 120.7630685789025, 118.24109020787625, 242.28769036577663, 0.6058587953547224, 0.5554608423840875, 68.79522233765165, -22.08947542572906, 465.70739428875424]"
10.644075786444299,129.35468933003267,1.0,0.9513629375959901,True,False,"[0.7512220142381214, 0.3967311429259305, 125.93663689390257, 121.94080411236285, 245.88756683181958, 0.5564600237329829, 0.6240786127962512, 66.40155154994083, -29.018941128750466, 458.61017120265524]"
10.537635028579857,129.53602680059132,0.9829386666139301,0.5501304696033318,True,False,"[0.8502593041369229, 0.39824543037059473, 115.74212219688002, 105.61573031188478, 247.8567825473844, 0.5187187518229381, 0.6435189042717172, 66.6573202359711, -27.136147489627646, 455.8010832183395]"
10.432258678294058,129.36772457574827,1.0,0.7576152758177285,True,False,"[0.8350758848248312, 0.3746828782219709, 111.27746260789571, 112.31551150614952, 243.6719751457665, 0.5821107666608015, 0.6375790619276612, 72.6986883677264, -33.864174648440375, 459.3200735403425]"
10.327936091511118,129.14789966650432,1.0,0.6063275565053797,True,False,"[0.8110721153452729, 0.31554796835305166, 113.93290515569561, 119.01465032902954, 240.78693497927028, 0.5687163741721007, 0.5894693104715119, 71.6218112745177, -52.35643328166347, 450.76598350927577]"
10.224656730596006,129.2724033407962,0.9878970300543161,0.7929643271083785,True,False,"[0.8411357266613989, 0.22477888004883742, 112.90503291195425, 112.16793073747243, 245.48666214439774, 0.6580898130113428, 0.7532401043623093, 75.4387461175903, -64.16687401087485, 450.8535180051966]"
10.122410163290047,129.35901592867813,0.9914799845083753,0.4691060900710463,True,False,"[0.8466456008840679, 0.4552593814268747, 114.67965514684002, 119.5327202318573, 249.05813370134837, 0.6247934686155767, 0.7097220318048181, 78.05143244620149, -66.28988557497141, 455.5374876291808]"
10.021186061657145,129.0706665135219,1.0,0.9439909067447191,True,False,"[0.7205070572324763, 0.41230209724493855, 108.67639226076942, 115.4613932396216, 245.359641830607, 0.5928495235629074, 0.8645251961764251, 81.65357727803884, -68.02924221455943, 458.7227392626883]"
9.920974201040574,128.9157528414177,1.0,0.4814367538642975,True,False,"[0.6285098893860994, 0.5208880130391519, 108.68900341911062, 112.54319943734976, 240.05902275884796, 0.5839787968882227, 0.8846536112220289, 73.99105432118765, -58.758863544143836, 448.0887861126936]"
9.821764459030168,129.0659705970457,0.9848219892700703,0.6961230712486607,True,False,"[0.664513421654638, 0.4301817954991808, 102.80713120587978, 112.34456273907347, 252.63308481797682, 0.39175002066447906, 0.7868384332470213, 76.03689830221036, -63.91066453353774, 445.3714000324703]"
9.723546814439867,129.0869690072204,0.9978427878827908,0.1061954192131902,True,False,"[0.6091391829002204, 0.46724030014116175, 100.42077452347692, 110.22910253910221, 254.59219971421905, 0.4009327271832705, 0.7825583304436029, 74.90340342562136, -52.88546732489471, 451.44738350856653]"
9.626311346295468,129.2540664409036,0.9827913818442089,0.6885166745211582,True,False,"[0.8184597109553572, 0.4506522217142751, 101.14355956426421, 111.56133771126227, 259.0129937245072, 0.47891452961006875, 0.7234467032347159, 70.88474319937478, -40.95896931946077, 451.841204105757]"
9.530048232832513,129.38686041143507,0.9861623930756556,0.0905124269905393,True,False,"[0.7366423291215697, 0.5575381152414735, 99.07738845864667, 103.4845088837522, 263.7042208625544, 0.5182417010304661, 0.7778480512390586, 77.81430426067391, -35.61515416846697, 448.4070355327585]"
9.434747750504188,129.18092299585032,1.0,0.7491253933894928,True,False,"[0.7002831573972105, 0.5789448393259303, 98.37167636462026, 105.86399265685338, 262.28643781511425, 0.5756038806672917, 0.8744914468561963, 75.56193350151425, -35.88833690917089, 450.33377126163674]"
9.340400272999146,129.2207727683247,0.9957427000152711,0.6521463893354024,True,False,"[0.748103062013347, 0.7375802878141217, 107.1643130945803, 115.9187965913321, 262.75678696758337, 0.6800965864825553, 0.5997700858368451, 73.38344178512446, -38.71050103551731, 446.2638259037007]"
9.246996270269154,129.5702066327357,0.962916186145513,0.31975493458409876,True,False,"[0.8331486829615957, 0.8122128132975464, 105.5322668491943, 100.06207537976725, 265.3443216199212, 0.7940879618068678, 0.6539628551998903, 68.25053037289759, -41.082907660366786, 443.5905163676985]"
9.154526307566462,129.6042192990793,0.9962915001644558,0.3939858436490348,True,False,"[0.6924644397419603, 0.8803451375748349, 110.0978703360802, 101.72081771710937, 270.606228900179, 0.7709812239441447, 0.686055302566595, 65.91916736004939, -30.191964670004566, 441.1355643812972]"
9.062981044490797,129.5587344433628,1.0,0.4225801847788294,True,False,"[0.6984471738575967, 0.8581140396125492, 104.03927018783581, 96.61080889175781, 272.1029911586141, 0.7801545080373952, 0.6135963200130862, 64.81947704550373, -29.72220920899038, 444.3033248002828]"
8.97235123404589,129.39641285639937,1.0,0.6295276135743925,True,False,"[0.6590472893057875, 0.8162412895326252, 110.83363311780339, 109.12112457256507, 282.25282823341115, 0.5897363553029566, 0.6130531830555542, 69.8482752485934, -50.07395422860279, 436.61585037095045]"
8.88262772170543,129.66564166988957,0.970145138821261,0.403506928202054,True,False,"[0.7986168041544307, 0.8151591254808014, 110.02536427056019, 121.88465752414051, 283.3670696907192, 0.4984547613094974, 0.6554470273282934, 80.3850102856689, -51.813879081358316, 427.7358471238482]"
8.793801444488377,129.89550770010112,0.9741991286769709,0.32090548818331455,True,False,"[0.8204325238229909, 0.8657563072613117, 110.85375678823144, 115.05223640340878, 277.2899761354265, 0.5403321090903241, 0.6995301895001671, 83.16435233341721, -51.1314157996777, 430.5023707435213]"
8.705863430043493,129.78422040687107,1.0,0.3073331570702442,True,False,"[0.7885797718699163, 0.7623189261888415, 115.58228144416317, 115.30697821995729, 283.2462770990265, 0.5314914583966892, 0.6091283587243126, 83.77106661912983, -56.95724034993452, 431.8239986522323]"
8.618804795743058,129.95988080278215,0.9798252278832928,0.4506776260378681,True,False,"[0.8112846233815225, 0.6971186532492029, 123.29498882913506, 109.59729451010513, 281.9284080569432, 0.5692042471007401, 0.6350057213881057, 79.69284385872649, -61.52548839644941, 427.0958418712626]"
8.532616747785628,129.81895357128772,1.0,0.5378741775367006,True,False,"[0.7624820152066919, 0.6753190678148906, 123.83453808179982, 117.64787051353402, 279.7045312047614, 0.3558824930472856, 0.6827672663975104, 83.11199510619831, -57.668592024807246, 432.4077210526232]"
8.447290580307772,129.8857432801411,0.9921245325282833,0.29271300662046684,True,False,"[0.7861738165670451, 0.7084562977555536, 131.88118063926748, 122.59171405777265, 266.64679570698763, 0.3565392229454161, 0.5953432117823294, 92.7235312652181, -55.756003919409466, 435.2611681381514]"
8.362817674504694,130.0905066325203,0.9758123538089261,0.8710154865967328,True,False,"[0.8397793561120759, 0.8628482118993497, 130.53783112128488, 120.15252803023998, 265.82088499927863, 0.3389971249567268, 0.7219834558772277, 88.37883538155978, -48.87364823845242, 435.4723516008327]"
8.279189497759647,130.040008574739,1.0,0.5792990952210126,True,False,"[0.8080111393621778, 0.855150835414858, 135.62856883826848, 122.07791105853786, 262.9239809512543, 0.46351203996720497, 0.7138922501962268, 91.01340677502482, -41.590894991523804, 438.79784291623537]"
8.196397602782051,129.89006663090618,1.0,0.5380070265322443,True,False,"[0.8435186489243023, 0.6837357662506005, 140.8941008489866, 119.52598690850463, 260.7075907557771, 0.4941025896799869, 0.8587862919604494, 89.39998536594739, -46.94522234325945, 432.2341098246011]"
8.11443362675423,129.81083183776033,1.0,0.6421032994592779,True,False,"[0.8623657774662933, 0.6396332416901487, 140.08641759988322, 126.1355741451362, 262.084205333585, 0.536264060281498, 0.8153644126950376, 85.99842869889626, -63.36769811034929, 430.79870063245653]"
8.033289290486689,129.74033568787848,1.0,0.30087294765014116,True,False,"[0.7759667295708113, 0.6997174832797314, 140.84521046798946, 110.83181836815947, 262.04183057986285, 0.4627809577244298, 0.905228147107585, 86.2894563044758, -74.19488852995099, 425.08295038486597]"
7.952956397581822,130.08641490252748,0.9574174322364127,0.9475273894217695,True,False,"[0.7294229446613886, 0.7066135779481961, 143.3357145544839, 100.0570664136502, 259.56762588775644, 0.4193511405466379, 0.6788492276910306, 93.58660590378454, -74.7142461741522, 429.18505405277654]"
7.873426833606004,130.2217812876496,0.9829541362923688,0.3868767980603808,True,False,"[0.7931252015186651, 0.8807432398669568, 139.74288851542755, 100.19617711757296, 260.1409457217542, 0.5311657554262575, 0.7128117958081412, 97.56717356161874, -66.1009393265653, 438.4159984577485]"
7.794692565269944,130.12029676078728,1.0,0.5047680479366279,True,False,"[0.7041534525824428, 0.8372140793426832, 138.085172629344, 98.51997388424917, 263.1483921274479, 0.5443643947700825, 0.7350210341690863, 101.05420839401172, -66.45093909628176, 438.2068902653072]"
7.716745639617245,130.267551213535,0.981098462264324,0.5339254628583184,True,False,"[0.8285379081734949, 0.7153895596067299, 138.6245763865746, 92.27851702760692, 267.87459001786226, 0.4768974242598248, 0.6136925121358101, 100.6357579327026, -72.3389367261102, 440.52006535077606]"
7.639578183221072,130.18948495262646,1.0,0.9213322544555166,True,False,"[0.6701569102803216, 0.8240908346041979, 140.75276495000924, 91.92445038362027, 265.93128572473785, 0.5414090063118813, 0.5218992282366148, 109.54227608573657, -80.84910233458865, 437.8657591408988]"
7.563182401388861,130.28522344299955,0.9874212888741433,0.5131013213835203,True,False,"[0.7611718786455663, 0.6817736746409241, 138.5344359081335, 92.02331291041858, 269.4454894608873, 0.4940781534713677, 0.6188266803355787, 101.16069177687054, -60.28943593730697, 435.2799360843267]"
7.487550577374972,130.06015347853685,1.0,0.17394103679339346,True,False,"[0.7076355534439033, 0.6242020081217344, 130.75482489927725, 99.13480033516038, 272.6522985155979, 0.4764076830995672, 0.48556617866532115, 94.96897020394188, -60.494909392995424, 425.07531384017295]"
7.412675071601223,129.82866224248556,1.0,0.7184910219686721,True,False,"[0.6469665097543094, 0.5505023218395979, 125.30875756192808, 112.30170427371226, 279.31081400367344, 0.36290891982622786, 0.3474993371261027, 92.10614258620652, -76.89551558138591, 424.6442664276213]"
7.33854832088521,129.87951257170317,0.9930947434070894,0.8016939664085762,True,False,"[0.8498099768307417, 0.606210447167925, 125.1636727514358, 120.06924993670263, 277.4446646278257, 0.4950132844288348, 0.4355272202749096, 93.54928221598601, -70.54683575141522, 420.15907086661946]"
7.265162837676358,129.81553811391262,1.0,0.5704779236838582,True,False,"[0.8060701799568394, 0.6961322237862093, 125.0155861642474, 120.4959574826982, 285.69866428418896, 0.4344464329298952, 0.43239954134882297, 85.51671781968653, -70.30621532137565, 425.8955227723008]"
7.192511209299594,129.6877707449006,1.0,0.8776731232662477,True,False,"[0.5214894335636514, 0.7231578340712757, 125.19869157911917, 121.01480579875704, 284.3416293071457, 0.31957110415214757, 0.4560152412443515, 87.54454509498134, -52.566439636658416, 419.44258545847913]"
7.120586097206599,129.74503311645233,0.991990442880179,0.16114138478417894,True,False,"[0.5159107893719181, 0.6101668500739628, 118.65390858472975, 114.55260207773472, 290.1136621624959, 0.2982699198329009, 0.42987034522651535, 82.11434494457146, -51.92835119248059, 430.97128048677877]"
7.049380236234533,129.60699644240833,1.0,0.851248367530323,True,False,"[0.4396821724972202, 0.6181249536131859, 115.17310553644377, 119.25632407550407, 295.4606329145654, 0.34874558228177077, 0.4302559636529024, 82.52075660655103, -37.468006380587994, 427.9294108039801]"
6.978886433872187,129.68839763560553,0.9884038369578081,0.25203870187746646,True,False,"[0.575296492736528, 0.6688630206301498, 111.67434427649799, 122.44949285186377, 299.1128361753653, 0.17855269160195544, 0.36826395857596095, 90.23811279562646, -47.34421178770677, 424.91991906711235]"
6.909097569533465,129.85585687025028,0.9760538719340136,0.41459327887847186,True,False,"[0.48227137662778885, 0.6440821264923688, 112.59473734646765, 119.13920157027111, 301.6795883063902, 0.20227745052684634, 0.4209210437702965, 104.31107238488798, -59.11198394803036, 428.45038631751913]"
6.8400065938381305,130.11801977190262,0.9623973453886773,0.7158476266552736,True,False,"[0.5729986115827864, 0.7695032130637204, 120.75466204892307, 102.70263735342692, 299.78872979017876, 0.3133953286637544, 0.6437413833483646, 105.67655148859286, -55.97774956341085, 426.1794825896565]"
6.771606527899749,129.73642891214573,1.0,0.6407749024120734,True,False,"[0.4531498875615466, 0.8188456966199402, 119.48697895229624, 121.53865681655802, 302.559124662422, 0.31032618670929396, 0.678188216065063, 95.01896834733135, -63.83156120341671, 428.3520095067933]"
6.703890462620752,129.7330735599199,1.0,0.8877415774081008,True,False,"[0.47343284945134523, 0.677513132580675, 130.2612610118116, 130.85179003050183, 309.58032849413405, 0.3833436219763524, 0.4685559015195475, 82.91618085337178, -52.36297938763725, 422.5946945374102]"
6.636851557994544,129.8172343129389,0.9873992379035507,0.6210014979302664,True,False,"[0.4212909772068064, 0.5985434908911149, 129.77408623123185, 129.94904861757982, 311.41960629180323, 0.2882161137493013, 0.3740499130044821, 85.74936922315278, -51.71639050093139, 416.3539615795977]"
6.570483042414598,129.84887586144416,0.9951958657871057,0.9710881028218682,True,False,"[0.3755929687580162, 0.6779940984681889, 134.60933392342895, 126.2549558645845, 305.6285103623889, 0.23646384324094388, 0.3373742670173673, 79.79165386342184, -43.64537820549927, 417.14333970633174]"
6.504778211990453,129.69239815359947,1.0,0.7058941948347869,True,False,"[0.46559154709597533, 0.8569577613811165, 138.37984694153576, 132.4304506732865, 306.9735507766502, 0.361304849398204, 0.5312292924117175, 78.13228804598342, -41.30549890689828, 413.37254548761047]"
6.439730429870548,129.7802220412088,0.9864547532708207,0.9574367507229288,True,False,"[0.47695133417006125, 0.7249341325606307, 143.43351804866543, 120.1232502992679, 296.3515168327268, 0.45733569904639826, 0.4485153830117952, 76.47699735489132, -58.25191809562281, 409.7801770380012]"
6.375333125571842,129.8415793018374,0.9904219986412648,0.2900673072356035,True,False,"[0.4707781405380422, 0.8058345202462192, 139.41097921776284, 109.63027415755245, 290.6368639193109, 0.39648654730567146, 0.45095545020381383, 80.3689253295988, -56.848129902709964, 411.26861211237355]"
6.311579794316124,129.92579751441005,0.9867451849431966,0.7301415609990931,True,False,"[0.46863347999265104, 0.7933649640681835, 146.43761150052214, 88.65367993834134, 293.2881054714537, 0.37647101465047234, 0.5290263584519874, 75.56981423375244, -69.4316889673293, 410.0709751635618]"
6.248463996372963,129.75691847516413,1.0,0.8934416799687729,True,False,"[0.5422030503471861, 0.7240738042211516, 148.39455804464436, 120.01337184678714, 301.08307353063043, 0.4079098483694271, 0.5878420357268601, 69.44050094011256, -65.6229823896879, 409.6746368582874]"
6.185979356409233,129.9533692368778,0.9687415482135268,0.9534654902816015,True,False,"[0.5862139034841658, 0.6843528186182626, 143.11595419865026, 124.79457080276877, 310.8651968030457, 0.36438433440754303, 0.5698140392194515, 73.45186275200777, -53.710692594765554, 419.3720669011487]"
6.124119562845141,129.7802083929289,1.0,0.4212492328056514,True,False,"[0.6001402783732558, 0.6910418221990394, 151.00910455832712, 137.7488230202223, 310.405085431489, 0.39424031259592035, 0.8291582496358039, 68.58648714208653, -56.897159286500475, 415.9974266218093]"
6.0628783672166895,129.71195188610847,1.0,0.07526557827298086,True,False,"[0.5855648592740389, 0.6074048787196878, 150.07582723350376, 133.28689257922895, 320.60304158065014, 0.43907651127322106, 0.8349811897221023, 70.34887123551813, -67.08903977245444, 410.6181981737498]"
6.002249583544523,129.70630424594427,1.0,0.8352022340490344,True,False,"[0.5617906498298159, 0.4287188233280418, 153.28209947415783, 146.9262194828106, 317.61543987944805, 0.579997233202576, 0.6504415176196106, 75.2054136122973, -65.62725444697186, 411.0647201661244]"
5.942227087709077,129.84499159004125,0.9769309674482686,0.41976176213767025,True,False,"[0.4413157429640836, 0.24405090019640105, 150.86720309904376, 145.32719755310714, 317.7812909843061, 0.7120399233939874, 0.8980829846187981, 76.29582230604453, -64.06839002344873, 404.9504218642142]"
5.882804816831986,129.45534784371225,1.0,0.5194497670963222,True,False,"[0.5782797533288969, 0.10382336376167878, 146.57817567036213, 145.01314699978207, 324.67100392248767, 0.5536357024150588, 0.8939498110073798, 65.70942822597243, -52.039380104989824, 398.67535542152245]"
5.823976768663666,129.556086160007,0.9828515672239326,0.5660058117953756,True,False,"[0.6519931852606601, 0.10678389239523843, 147.9125985378923, 144.05412033449122, 319.07064523824005, 0.488373563682269, 0.8989332815535486, 68.87071297758179, -27.036796815413258, 392.3186094474921]"
5.76573700097703,129.72675415493356,0.970833422390884,0.7548083650374134,True,False,"[0.6486013256662501, 0.24718404339948424, 141.1648422985121, 135.27365128525798, 313.6185077796683, 0.41176134877490456, 0.9090464009827515, 79.54818873692614, -39.68807355999457, 391.89641149274746]"
5.7080796309672595,130.07603221997292,0.9406443895318887,0.025725991253833236,True,False,"[0.6322849542768423, 0.2663204615558841, 148.15571225314702, 99.9487866464475, 310.4802148364535, 0.5833850633488883, 0.8308351144535798, 81.84834815511029, -45.57355908029456, 395.69084923363926]"
5.650998834657587,129.98386896919752,1.0,0.5484041421194448,True,False,"[0.6575354092332559, 0.16209478699892932, 139.89519964064425, 106.74459039982952, 306.4430541833635, 0.5976839386654111, 0.9175821281203597, 87.48720156665794, -41.47239215596229, 400.1527697966875]"
5.594488846311011,130.12717686353716,0.9747093988075852,0.54297824744586,True,False,"[0.6399331516217038, 0.16267271107777537, 144.79648014638147, 115.39216793608787, 298.61023640874606, 0.7076860486751307, 0.884209535068183, 92.66780809316066, -35.77884930287409, 394.82937372677185]"
5.5385439578479,130.18762254080374,0.9891456972831753,0.5049865199031413,True,False,"[0.663455629718661, 0.24661395584433166, 147.1095786351872, 103.23200172668295, 306.4153346280367, 0.6326069795939833, 0.8792934521583995, 95.1388188774985, -40.94485628570156, 393.1509683537945]"
5.483158518269422,130.2208180043459,0.993964212057823,0.7465600779805842,True,False,"[0.5173095384079404, 0.2942718153944181, 145.21730517413505, 101.05730173409295, 306.0110629940504, 0.6283068949631031, 0.7384372511281561, 93.82125389501655, -32.20863153377677, 392.35485956874714]"
5.428326933086727,130.13837441817924,1.0,0.06532100404181107,True,False,"[0.5109667769985847, 0.43169043060038126, 140.49725292326235, 95.20507082930787, 303.69993907062275, 0.6127436396498924, 0.585699845340679, 88.06531996486534, -19.94556951183242, 387.6038194193885]"
5.3740436637558595,130.17815174127088,0.9926255763401682,0.562029226993004,True,False,"[0.39403187579661747, 0.3127702682665074, 138.78875889684204, 84.08836870782068, 301.09281823594534, 0.5789985745379819, 0.7505501428771598, 86.53078359204844, -24.934616089370877, 399.4331975551204]"
5.320303227118301,129.9445964358503,1.0,0.7857116695020216,True,False,"[0.4958012882701601, 0.22795344490632047, 137.45455354369753, 91.76566622482764, 300.26269813068706, 0.5593058611002787, 0.8516173070256614, 77.086381255382, -33.325089202425396, 398.0923232226657]"
5.267100194847118,130.01118893289853,0.987436483989615,0.9024902699693023,True,False,"[0.47452632447737664, 0.31262866964017155, 133.6731869261993, 76.64323384412594, 297.0795559742076, 0.5793533681521231, 0.8406220675193822, 77.99442811418096, -21.488278668198145, 395.8440843113993]"
5.214429192898647,130.1887332334581,0.9665244772545392,0.6962003285333979,True,False,"[0.7281843166037942, 0.3690801626676872, 136.77215034294517, 83.78901279021986, 301.3980242817726, 0.7098260707056026, 0.7323874103883082, 85.66598202990126, -28.236237229699746, 396.9688879469882]"
5.16228490096966,130.2946390291401,0.9796937123119072,0.014011551532853495,True,False,"[0.7090692162458201, 0.34628895518150665, 136.73498184856368, 93.05512040732881, 298.8966905016651, 0.8580832535810906, 0.7123981812430318, 93.29523597144751, -30.392029445438535, 399.2372604745945]"
5.110662051959964,130.12165278384316,1.0,0.7024059500320442,True,False,"[0.5610015935069876, 0.2806618124800071, 134.55056650860382, 85.66543356977186, 300.4241314843982, 0.6861419025870634, 0.6943522771651649, 85.0572339091157, -46.44383493847212, 400.90457617409794]"
5.059555431440364,130.19351612319622,0.9858969047839123,0.06748351627230165,True,False,"[0.6166115163752698, 0.390788651662531, 135.9653033067115, 91.84368641300888, 298.4036550795781, 0.7308510134603854, 0.8934498559476852, 87.65709820026687, -49.93182497711026, 406.48652690394533]"
5.00895987712596,130.03259698340977,1.0,0.3254685869515489,True,False,"[0.453721770002927, 0.4952489457970836, 129.71977650837078, 80.65532831677959, 300.14866575646863, 0.6497645552536642, 0.824344856258667, 79.44028773005132, -38.720296458124764, 406.1653216534692]"
4.9588702783547,130.00592641259013,1.0,0.9759693322982432,True,False,"[0.5135309643988384, 0.5068214981904634, 132.328087511536, 73.57834143289193, 300.10121186863597, 0.6086546508653801, 0.8521053928884607, 79.13697991561942, -43.88656987758532, 403.5335885448946]"
4.909281575571153,130.05429356269863,0.9901961888203593,0.7060879986396696,True,False,"[0.6239284180978621, 0.4446720039483864, 131.80461254189595, 68.33393585728693, 292.538305341301, 0.5853783555935891, 0.7483851224515732, 79.94307509483242, -28.762808202937773, 398.3299992664041]"
4.860188759815442,130.12345503894647,0.9858705670505646,0.27278997320406695,True,False,"[0.7265377189464962, 0.49206517153495877, 129.7308112529812, 64.27511815905564, 294.01419604195024, 0.6657576808285128, 0.6545107049523081, 85.26165693659057, -41.61101372037791, 405.0519476862382]"
4.811586872217287,130.05563866256244,1.0,0.8885957459225606,True,False,"[0.683470736033613, 0.46822109536284034, 126.24614061146973, 59.667200143042336, 292.92785855378594, 0.6340999823442258, 0.8794485852891036, 83.0654528816389, -42.7336036845673, 404.52408015120267]"
4.763471003495114,130.07172127178472,0.9966294556248737,0.42641973751004336,True,False,"[0.610072296887992, 0.24724833755014947, 129.77893833808722, 57.23608112749669, 295.0838306089443, 0.5841057159538902, 0.7596290846551382, 78.29976353032364, -50.35768899905878, 413.7241211827679]"
4.715836293460163,130.07296045218382,0.9997372645006051,0.23246249858603052,True,False,"[0.475686550913636, 0.24631030292991446, 124.96813903617198, 53.94643455161291, 300.1919213253346, 0.7268711946615823, 0.8162370059820409, 78.4585883775363, -69.00275988235393, 411.6771693557073]"
4.668677930525561,130.13667860350154,0.9864447043176792,0.7508832831783075,True,False,"[0.6881609044972734, 0.25262928090306785, 131.3904419227291, 64.57328001837668, 306.6049202018113, 0.7351395445192853, 0.6316466149544767, 88.16077582951091, -83.80449915932675, 409.2250496014839]"
4.621991151220306,130.0042690578252,1.0,0.9665458962169421,True,False,"[0.5221956791981734, 0.34925966792470153, 118.88804743313966, 80.40860224534316, 305.8256362255883, 0.7153361885820908, 0.8292463835104686, 91.4020097018119, -82.76497666219007, 406.01261427341956]"
4.575771239708103,129.94284273807787,1.0,0.9557651668525367,True,False,"[0.5867924173377568, 0.45122362736733834, 109.64658529667454, 76.75359746408253, 312.70348950984123, 0.5970138817382125, 0.7568090933828049, 92.93657123385277, -70.79881770050011, 405.04741605216816]"
4.530013527311022,129.98263717364406,0.9912538546343033,0.39420264131294025,True,False,"[0.6074790729547437, 0.4459488499811565, 109.08118053057858, 65.13978124107649, 313.563806913817, 0.4553437719539909, 0.8360314486463851, 90.14856087796612, -64.735441579881, 411.1937466675414]"
4.484713392037912,129.88082046164575,1.0,0.6582961429534785,True,False,"[0.3895880170651005, 0.4597574816744584, 111.23057001305168, 61.04083667627575, 307.4327664886222, 0.5020872273994695, 0.9089967253675532, 90.5864078681388, -68.77929259736591, 400.4947627639203]"
4.439866258117532,130.0107328456207,0.9711635140150839,0.23269484225523762,True,False,"[0.3713910858762593, 0.3935622342311772, 111.94039329458488, 48.287780299626725, 305.13658015680994, 0.4760694562127998, 0.8441015685715412, 94.50653890096011, -71.00555315825956, 398.1271293582208]"
4.395467595536357,130.09051268235507,0.9820132501085053,0.17493633376847062,True,False,"[0.35959795972671227, 0.5060555357902866, 115.89137984973425, 43.24988191833356, 306.0039796565681, 0.6826295363803132, 0.8592886468007781, 87.7682951968693, -63.75010824199291, 394.53316054663037]"
4.351512919580993,130.18114423555798,0.9793878003612388,0.8965811259559863,True,False,"[0.239454040890699, 0.48816556545296536, 122.75508779763307, 52.62253393508511, 298.2196550886178, 0.7352773989935653, 0.7776080377832538, 87.28636171854586, -53.43427526706707, 392.41051449495984]"
4.307997790385183,130.1847268061656,0.9991687364884174,0.3897547152533196,True,False,"[0.2756507208410471, 0.5809090059356303, 126.71836115523413, 52.74199166038452, 288.2577114834063, 0.7351090947086005, 0.7109002690989351, 85.3285987855393, -42.07793111014912, 391.204005926484]"
4.264917812481332,130.06570158640665,1.0,0.9763450447562253,True,False,"[0.3978691002586203, 0.5670623655362673, 126.98084699553918, 79.21375653420193, 290.66779423329984, 0.7616022461602664, 0.7189989764362517, 89.14644257897628, -63.98588144957318, 385.60287598047296]"
4.222268634356518,129.93806408790084,1.0,0.5731208905059018,True,False,"[0.43083973930189334, 0.7944038338723147, 128.2773487605701, 88.88982137591827, 285.6897430229503, 0.6099461309532457, 0.5605949078647338, 92.47330569723614, -62.44277432562453, 394.8170529898125]"
4.180045948012953,129.91548771982264,1.0,0.900978766593211,True,False,"[0.2710545105000891, 0.8148537053915632, 126.56593449723424, 84.77732468381923, 280.6118775302402, 0.7268576250326066, 0.39158545038022574, 82.15196570013579, -62.38199346499495, 396.24263679308876]"
4.1382454885328235,129.97188713424381,0.9864636291359536,0.572751984165506,True,False,"[0.17513951484909834, 0.8286571521530761, 125.97059312835599, 76.59518065621972, 273.9917375725047, 0.7289708067416132, 0.3533871174775376, 80.92395601967134, -58.54832252168307, 386.6365695890193]"
4.096863033647495,129.86034529142137,1.0,0.05195274689234919,True,False,"[0.1961839778188986, 0.8936467510689251, 125.67407293704002, 72.94394285105827, 271.1451497431516, 0.8460857631808171, 0.31525457979704036, 68.04421917356527, -67.26413370301601, 386.1942574444682]"
4.0558944033110205,129.79087800377712,1.0,0.48812538435951125,True,False,"[0.21387941914169284, 0.8805258091851403, 128.33124755098703, 90.9240254166522, 272.1553686036859, 0.8066062793768063, 0.16576620831928454, 73.66937770038565, -55.80705168261646, 380.217985853227]"
4.01533545927791,129.64136814995038,1.0,0.8417154057526723,True,False,"[0.2634676319077146, 0.8175791931075066, 123.80261059274619, 102.56606912271025, 275.01241070937215, 0.7448444941339394, 0.18840665412563956, 77.9808219455392, -54.23638279523216, 378.22904988586583]"
3.975182104685131,129.64136814995038,0.9365392160133161,0.9998305011266192,False,False,"[0.2634676319077146, 0.8175791931075066, 123.80261059274619, 102.56606912271025, 275.01241070937215, 0.7448444941339394, 0.18840665412563956, 77.9808219455392, -54.23638279523216, 378.22904988586583]"
3.9354302836382797,129.76235983554807,0.9697235892878999,0.003254611955830433,True,False,"[0.3253512519969064, 0.7690729231855034, 132.27534510647948, 80.09176818869705, 280.07643623033107, 0.7237687886054478, 0.26166035618692973, 71.63437183453918, -51.07949810815421, 367.2645082907173]"
3.8960759808018968,129.89544236657687,0.9664187072019831,0.401426703896681,True,False,"[0.21823881233632764, 0.7866759423951553, 133.15607154229278, 68.30441678693865, 276.26167120000713, 0.691695276512188, 0.1317066976598627, 75.17067843834428, -47.15471828350399, 367.9944652408136]"
3.8571152209938777,129.8164479401751,1.0,0.3281663440399505,True,False,"[0.333686894410577, 0.869467970721563, 135.31530666477084, 73.98720170810863, 287.35193159892225, 0.6397668354657859, 0.14964459743161945, 73.11626897740872, -50.751000229530376, 369.1081136215499]"
3.8185440687839387,129.97254319673016,0.9599460320878308,0.10001545179437576,True,False,"[0.42257462800471896, 0.8678095910106637, 134.47709163296253, 56.73016183011874, 286.7365267093753, 0.5764037220569773, 0.15298861987413426, 84.1048827446937, -44.278202788024586, 366.84308757360145]"
3.7803586280960992,129.97206099165868,1.0,0.5496674914543717,True,False,"[0.3231030349071337, 0.7810726648284868, 124.96174402060672, 58.53454686258779, 284.55234639928983, 0.5403923618617521, 0.11864916414268112, 88.49801969531812, -49.97819636795448, 364.2611346509526]"
3.7425550418151383,129.98250724968005,0.9972126815482188,0.9739986794400489,True,False,"[0.5606330647404059, 0.9060363817395474, 127.75971959309618, 55.260897728609415, 298.6689469878708, 0.45642842468685163, 0.18123683688307296, 90.08666345384931, -51.613033654486415, 359.9400207720697]"
3.705129491396987,129.9765286153007,1.0,0.6508406026564736,True,False,"[0.6114499805974518, 0.851677783586741, 125.08514778197004, 49.207301870018256, 295.1898768719128, 0.5378534949203597, 0.23446653971712128, 88.44467072335348, -54.862491127518894, 354.2338291654729]"
3.668078196483017,130.04338112134565,0.9819395942367017,0.5045755666242191,True,False,"[0.646678378205376, 0.891540954876828, 126.83684714658447, 58.78838300917127, 289.4484301475752, 0.4783046649314504, 0.325032289219902, 95.92217812849279, -54.3767612008037, 354.13337395248436]"
3.6313974145181867,129.9183719907094,1.0,0.22510388880008747,True,False,"[0.6095770316625471, 0.8005940444806493, 134.31300380432384, 74.98054592730318, 290.2567543861853, 0.6555920321965443, 0.18016521522221637, 88.8164132597133, -60.225636527095354, 347.45373881245155]"
3.5950834403730045,129.96974380316868,0.9858121466374744,0.28215113238112344,True,False,"[0.5566051064154021, 0.7226443347855791, 136.70262736391933, 65.64860716099561, 302.9228815684389, 0.661636502646412, 0.2891121324174727, 84.99757644135596, -54.515819033774605, 337.8327526605032]"
3.5591326059692743,129.94547691640406,1.0,0.38204705250825344,True,False,"[0.49083436474654923, 0.7328878717521554, 130.1425181939488, 66.6084242446864, 305.2485248234151, 0.7156501208524745, 0.2764735759901232, 87.28280955815289, -58.780795927409564, 339.2605206471357]"
3.5235412799095815,130.10196343185126,0.9565600450932438,0.41965524389544673,True,False,"[0.3655164769291297, 0.611094751963424, 135.0712562067677, 68.727991612453, 306.549839648939, 0.5828618423041116, 0.32021863283369423, 92.81982579617346, -49.85369717259464, 338.61208515469554]"
3.4883058671104856,130.08116558138198,1.0,0.2756043353640878,True,False,"[0.28959841937609876, 0.7346209949236541, 132.68013302026588, 71.41095757678151, 307.7381631865288, 0.6110601512312559, 0.38091676369405153, 89.82708928916416, -39.716183940839386, 336.4189518018543]"
3.4534228084393805,130.09109225500288,0.9971296823492449,0.8169367373240864,True,False,"[0.27299647910356745, 0.7130823048646526, 137.09774379750633, 85.16520419905864, 316.1232896789289, 0.6608042856988915, 0.47794289082482516, 85.0615994257913, -21.787464771445, 333.5640747126288]"
3.4188885803549867,130.02347908762704,1.0,0.8299723084394909,True,False,"[0.34319471726955736, 0.6761752838916134, 137.77265498672995, 65.06526818692411, 308.2382519817433, 0.5058578363775761, 0.3843793187694974, 77.71540618707644, -19.229219582177652, 339.2011154259995]"
3.3846996945514367,130.0964320212852,0.9786768829827851,0.3301755401691421,True,False,"[0.31231674498748024, 0.6804169081142262, 131.74064393221616, 62.86232533504572, 306.61858755349965, 0.5950732986110541, 0.27033185297405304, 81.8243753426053, -2.2908713498292492, 349.0303433244652]"
3.3508526976059225,130.23064391206984,0.9607384648487247,0.7372427667179275,True,False,"[0.28721999311570406, 0.7099452000831532, 133.32477388452355, 42.306803816299045, 315.4706353531197, 0.4723080801780413, 0.23175234502125586, 85.27020187399496, 8.882981331116381, 354.54914398689266]"
3.3173441706298634,130.31417908754332,0.975133064183602,0.22275914817727094,True,False,"[0.24591189749430273, 0.7361676404462796, 136.92484173837116, 45.54836804363277, 309.60720093386254, 0.35922159092437617, 0.26864102965202, 95.07513644100985, 1.0382358905112907, 346.49956743567964]"
3.2841707289235647,130.2635917704985,1.0,0.15262062828447398,True,False,"[0.18856168741388327, 0.6037390343732768, 128.63484533856789, 55.385834773268016, 297.6032542737668, 0.43128086769763124, 0.16356378775828742, 99.02826478004845, 0.11563731187823278, 355.12713540911915]"
3.251329021634329,130.28497768279934,0.9934439940641192,0.9908565266412591,True,False,"[0.43367709097174345, 0.5505575837964004, 132.8278034563922, 41.62130541465782, 296.8950903323416, 0.28263184265461005, 0.09733613903014618, 99.17520704446451, 4.313387562571359, 361.5305475774623]"
3.218815731417986,130.2333205783273,1.0,0.9573376165926407,True,False,"[0.3557467860355421, 0.5923564621475613, 132.37214312078427, 57.38571553249935, 302.98799267229407, 0.43722854304991654, 0.24117218340916255, 93.33040080496333, 13.420101010068153, 362.7763858740402]"
3.186627574103806,130.19887902503856,1.0,0.00778709092294505,True,False,"[0.3366507384582465, 0.6679603915673753, 131.4940791520146, 62.22286657388683, 303.65123633202995, 0.4800855463858147, 0.275334263891724, 92.55781937498722, 7.357667559240037, 356.6523593028864]"
3.154761298362768,130.21297614880208,0.995541445886468,0.6150064504565071,True,False,"[0.24351891597217287, 0.6846804887814236, 133.53978491613464, 51.832547184368664, 300.42118423277356, 0.5531005762741699, 0.2302942095943813, 88.13021824698158, 6.3328149658743165, 354.3432517363794]"
3.1232136853791403,130.21087164290455,1.0,0.18442632881152654,True,False,"[0.2100713193951247, 0.6358199982476311, 132.28631400892303, 59.52016188177662, 297.4406874651068, 0.5984900260485224, 0.386497362076336, 88.5912733923462, -6.133971504095532, 355.2728720646649]"
3.091981548525349,130.14735853757784,1.0,0.9836225181346737,True,False,"[0.1802776258104005, 0.7280900023949094, 119.23469753290657, 37.8955446447017, 297.18211243907365, 0.7140065030125764, 0.4102472403128898, 87.76080033658582, -13.319533693551415, 344.6716592244103]"
3.0610617330400953,130.1508053179701,0.9988746255810952,0.19178835856896792,True,False,"[0.17849517049959923, 0.7503269536203041, 119.45988284365426, 37.032803733887505, 286.24662947006703, 0.8339239482993129, 0.4668481577678636, 88.76207555674242, -29.869369033139954, 349.11010440375503]"
3.0304511157096945,130.0590855260882,1.0,0.19586079095808984,True,False,"[0.30290764520216257, 0.7014085900225737, 120.03039306874632, 43.67263904177656, 281.7504504185926, 0.83040694493948, 0.49473516417616337, 89.78024338761163, -48.59221757155, 354.1578340695827]"
3.0001466045525977,130.0632325346939,0.998618686240355,0.5576292877728661,True,False,"[0.16596827893917734, 0.7125633258855214, 110.43279635109349, 39.32124473175064, 283.9198194663275, 0.8048472387887236, 0.4428934323871101, 87.66552314052568, -32.83183085381282, 355.9989045808248]"
2.9701451385070716,129.92825284527703,1.0,0.7788085072066073,True,False,"[0.239241558879349, 0.6060607604442203, 102.32249370552275, 52.25435181802351, 276.53394518457765, 0.8253093089995454, 0.5082994935502396, 86.87585183091046, -24.195038376400852, 363.97600012080244]"
2.9404436871220008,129.98005164725225,0.9825382726663824,0.5922197404037581,True,False,"[0.2118336829352193, 0.6882738388253007, 103.7225501742407, 45.31892155994718, 278.6295389001225, 0.7202031412004796, 0.4553134246620744, 87.73770986733682, -10.806611576033813, 365.32188584187145]"
2.9110392502507807,130.01788339061147,0.9870881249829441,0.2391247964715807,True,False,"[0.15204835638405118, 0.7249648411777101, 100.41970633684942, 52.98704742928023, 287.9385174832459, 0.7656159873065763, 0.320610079482622, 89.19616359309752, 2.7883487762390686, 363.0393286183333]"
2.8819288577482727,130.18066102737302,0.945083321705869,0.7551557447442172,True,False,"[0.18296647416746248, 0.7969404015577563, 113.18961823074547, 42.7996347659272, 287.2597008961489, 0.6305870533380873, 0.3493351318365414, 93.39045905173212, 9.639109934922217, 367.37509024678656]"
2.85310956917079,130.03274039564684,1.0,0.15208683167285575,True,False,"[0.22886149185559546, 0.7354877960233339, 111.17533626258297, 53.442716503968775, 291.4619558818926, 0.7202655216436765, 0.3627828327929064, 86.17570697958367, 10.450587055215081, 360.63654756130586]"
2.824578473479082,129.97999873422106,1.0,0.7162268953451522,True,False,"[0.25808731516479494, 0.7337309921830023, 110.62920742054044, 50.431868904896874, 289.81995269497224, 0.5589024369512453, 0.3926983502940754, 80.69454610686957, 14.232302070504664, 373.39310306184547]"
2.796332688744291,129.82490347150525,1.0,0.9178320398167397,True,False,"[0.3308770502348489, 0.8636148478235701, 110.59725470173535, 67.08998113566247, 289.31505821651973, 0.6469562550934232, 0.3292788894469396, 80.1987404320665, 8.402425500646816, 365.485534371209]"
2.768369361856848,129.65196909842481,1.0,0.467484527922295,True,False,"[0.42383505139058153, 0.8412599450393181, 107.89220731240842, 66.09572637789176, 285.62050096292296, 0.5367125651843958, 0.228309123840245, 77.11545670991217, 21.58201112085966, 358.80253962155376]"
2.7406856682382794,129.74557823192515,0.966421339930706,0.25665925614531293,True,False,"[0.3837013815254161, 0.8697857577553598, 109.36494290132241, 53.259181030829076, 295.87148540150594, 0.5347842706132229, 0.196181036804386, 72.31760065188458, 19.454069067980623, 368.74966195231735]"
2.7132788115558966,129.7170371469696,1.0,0.6463504255705367,True,False,"[0.3629694753360374, 0.7695893074799813, 108.08727730221511, 44.29148400899503, 297.92577806563503, 0.6830059761785314, 0.3295437817384395, 63.22938106927239, 17.252105271544956, 366.9801502486811]"
2.6861460234403376,129.89579517994488,0.9356178701754484,0.03217148196578967,True,False,"[0.25359611238892227, 0.7798452388572612, 102.65965888900641, 42.061061091472, 300.67486195708966, 0.8388966118800663, 0.28883111792608007, 69.67894523311841, 11.901565765539628, 371.40257460096564]"
2.6592845632059343,129.77808581986392,1.0,0.015788183947159418,True,False,"[0.27151053953257864, 0.747648261472865, 99.76735455422406, 31.495701041705306, 300.7234963697365, 0.8130151347800314, 0.4533953308706081, 62.77111394537073, 20.381227388348364, 367.1189499229596]"
2.632691717573875,129.82689089720444,0.9816326829919232,0.7790552881686053,True,False,"[0.21213925647645332, 0.6853770312116251, 102.54366642513405, 47.25825456181931, 298.3130718378315, 0.7723715785512327, 0.5259144868211547, 64.9547053019526, 16.051149630539104, 371.9585200182695]"
2.606364800398136,129.82492683117817,1.0,0.02138251518395462,True,False,"[0.22287511090996856, 0.7917523935234685, 100.47040858606339, 53.3539455404486, 298.80748796711987, 0.778215691967319, 0.6271188930104947, 68.46391837686399, 26.528216920120055, 369.3888748406984]"
2.5803011523941546,129.98343836616857,0.940417447862799,0.5592830264019929,True,False,"[0.206649994251996, 0.7040348633130757, 106.48742012049713, 62.93104574973749, 304.7155315558741, 0.8322351853377813, 0.8267309561532675, 70.33928423989687, 39.234191144620496, 362.312608718837]"
2.554498140870213,129.9331103823408,1.0,0.5757469202660256,True,False,"[0.13047380303451303, 0.6878014486209171, 101.89758389340473, 61.15068729622061, 295.109015976058, 0.8500445296308159, 0.6879258630393782, 74.04674494008009, 45.77417298916528, 357.6517422076473]"
2.5289531594615107,129.54695767954354,1.0,0.49097096603848045,True,False,"[0.2553487736382337, 0.7406353397354841, 102.26037542621685, 69.7807870641697, 286.66189385420705, 0.7114882193242307, 0.5582246666767594, 67.44483774543343, 42.33424307943728, 350.06947530963873]"
2.5036636278668953,129.34126146358463,1.0,0.08154881869674369,True,False,"[0.3703670482578993, 0.7355342929301879, 97.31285970268432, 80.87502552554461, 285.1335744534422, 0.6701373636897346, 0.5504782669257066, 65.74885396521935, 42.99615477815655, 352.0764245881957]"
2.4786269915882264,129.4204437412251,0.9685588594918488,0.4680610526340452,True,False,"[0.43499825488894556, 0.6812675089516931, 92.71403417556179, 82.32930614504927, 288.7948095255065, 0.6940542600478539, 0.5748809407482695, 66.27552547506927, 48.767806591935845, 349.2503395534599]"
2.453840721672344,129.46446062809716,0.9822219714575614,0.01842312481993802,True,False,"[0.3130606846251995, 0.6413719849991766, 103.28414670177565, 81.75732326638371, 289.9364326518973, 0.8177742927168405, 0.5517170570211395, 63.400474310548375, 42.84246646001923, 342.77683503117703]"
2.4293023144556205,129.604511150036,0.943979799519513,0.08881004259099179,True,False,"[0.15301809713586983, 0.8116401417798054, 102.7584904979264, 66.6126067889084, 284.3239519122468, 0.7096830150102061, 0.41896223290916934, 72.3538092153788, 63.84692822973711, 346.2781271224819]"
2.4050092913110643,129.5225132752357,1.0,0.03617508914770895,True,False,"[0.22285872905009257, 0.7983537199290969, 102.98760419613893, 59.27749957287019, 279.2660032015336, 0.6910511866036071, 0.30438757643839065, 79.3860647163835, 81.97737300964396, 348.5826687603499]"
2.380959198397954,129.37386515095457,1.0,0.7420447102583068,True,False,"[0.403985110149169, 0.7807443761510912, 100.52628360108646, 43.853370752415685, 279.8728480241444, 0.5572849333931581, 0.34973149523682984, 78.42352371093314, 83.32290587057103, 343.56227724841546]"
2.3571496064139743,129.4067746863112,0.9861354297895244,0.9683489628915173,True,False,"[0.4213829343698271, 0.8389698360698874, 113.4575269289204, 40.23819141906446, 282.6415458676154, 0.5867729895159625, 0.24075063952341924, 73.55958847388608, 83.62936064446409, 344.99077342706005]"
2.3335781103498348,129.54044948970537,0.9443266055734838,0.31629433099369786,True,False,"[0.4360734422782563, 0.672851232552688, 118.20900590593465, 31.58779240488949, 285.73557216691546, 0.5161479708645269, 0.15078563197147893, 80.49246091186428, 93.63968264054846, 346.18714977665104]"
2.3102423292463365,129.65663225315714,0.950953329410558,0.03979449742153107,True,False,"[0.43722859426673183, 0.5932701981513074, 115.28778568021222, 26.115683902842314, 282.3402815503116, 0.6109243978928693, 0.17228732131502864, 75.66596655971802, 73.08068116002241, 351.0135139936277]"
2.287139905953873,129.62747778599442,1.0,0.6123692149939237,True,False,"[0.3670736731430252, 0.5066659640293978, 112.99622867969022, 35.451348470248966, 288.9733391772941, 0.5989636057946256, 0.13175649881236418, 76.0343156443472, 79.32717344432035, 355.0248574604868]"
2.2642685068943345,129.52303463887347,1.0,0.7156242434103,True,False,"[0.49755581412849503, 0.418785535407327, 106.33403253339206, 17.337843423039278, 284.1319882628062, 0.5852809619324215, 0.22601498655771196, 79.30729994995154, 85.77370406087194, 349.18019461541576]"
2.2416258218253913,129.81397131785928,0.8782813926376715,0.562490433831645,True,False,"[0.483950475673835, 0.3840842360719742, 117.59286841897317, 7.3118883244500505, 275.38514315394235, 0.7511289072073075, 0.2973694106862451, 76.40298220241222, 83.10979488137815, 352.53333225386496]"
2.219209563607137,129.80374003473145,1.0,0.4688362066529054,True,False,"[0.454218358747062, 0.41865391974367083, 117.29489140296812, 4.937804379771518, 275.71179652687766, 0.7072248958965046, 0.47500482486544726, 79.24903551475155, 77.75952278284811, 339.72821296227477]"
2.1970174679710657,129.99915655510793,0.9148947247689426,0.15316791483281367,True,False,"[0.42139663680749556, 0.5673569451217076, 116.17987324133136, 11.684253621022139, 285.8764979039739, 0.8030166728573317, 0.5149279206774078, 87.78199452508875, 67.7811368790277, 345.50198681638835]"
2.175047293291355,130.0981657571761,0.9555000314224191,0.004888908049765828,True,False,"[0.38682561898352413, 0.5328585546992662, 124.55981978635042, 28.521479167939482, 283.4668623347035, 0.6199581322573032, 0.54083571842548, 93.28423772795274, 70.39564471252106, 336.62205003397065]"
2.1532968203584413,130.06704758375983,1.0,0.9298788156396213,True,False,"[0.3337505875831043, 0.49740071745488323, 114.46940157561372, 19.188970729050972, 287.2057221077057, 0.6215221540123118, 0.4237114230082816, 95.92471618859283, 60.13419047388297, 335.84937102337386]"
2.1317638521548568,130.11869301849697,0.9760644880598489,0.7409796082550741,True,False,"[0.17866859936760948, 0.4645510531403691, 117.79754412323896, 26.6756229863001, 283.7025560086471, 0.7089553460185947, 0.4664681761740159, 103.14011626086165, 63.73480653349345, 338.1845762670904]"
2.110446213633308,130.07670153220693,1.0,0.35127413142971353,True,False,"[0.2444005822037041, 0.5778060122613783, 116.9866219119845, 25.011662335057803, 280.29047821146406, 0.7479298154292473, 0.5055134020911267, 101.22414035605642, 68.05513461035635, 341.82937817967166]"
2.089341751496975,130.0585214615161,1.0,0.7905979565798931,True,False,"[0.27983032934071694, 0.6402201504049361, 118.56174133906549, 9.0051625844502, 289.8258928654499, 0.6953599281095876, 0.5767788958641771, 100.25820067179059, 73.47690276058437, 331.4930571825757]"
2.0684483339820052,130.1131792054349,0.9739215575811134,0.586086974121768,True,False,"[0.21530725455870137, 0.7121388461287711, 117.3674508608057, -11.648118192887463, 289.22300752807763, 0.765171866615111, 0.5953880855709607, 101.77886195376236, 68.70388968949007, 332.93861678374043]"
2.0477638506421854,130.1131792054349,0.8809439688846998,0.9777501942963027,False,False,"[0.21530725455870137, 0.7121388461287711, 117.3674508608057, -11.648118192887463, 289.22300752807763, 0.765171866615111, 0.5953880855709607, 101.77886195376236, 68.70388968949007, 332.93861678374043]"
2.0272862121357633,130.0426774090055,1.0,0.9530872207705973,True,False,"[0.23526503529504383, 0.7142628785265395, 115.59757149809232, -10.487435500559048, 291.6997558275338, 0.7290144120368525, 0.6307112146275856, 99.33620198598234, 73.76758275641471, 330.7216070516085]"
2.0070133500144056,130.0589578718066,0.99192102575219,0.49862093827534326,True,False,"[0.2167962733226754, 0.6297458789991305, 108.95172835205219, -13.970280170192103, 292.6793735055699, 0.6968353086055126, 0.6189287371510623, 103.24355220562822, 68.4754743207895, 332.7877604838395]"
1.9869432165142615,130.09996220675382,0.9795745901984986,0.808903902923409,True,False,"[0.16461167975955526, 0.7691067575152839, 112.60719090446995, -18.16691218292103, 295.22228957788906, 0.5945493883175562, 0.5487274466574202, 96.964416374779, 57.3936332694651, 332.6228609886892]"
1.9670737843491188,130.03662244331431,1.0,0.22723594182277507,True,False,"[0.20014342406659646, 0.7146705348296685, 109.5347726850569, -25.7563806540547, 297.4885588603518, 0.4787616230405022, 0.640054479155968, 96.69471256545069, 63.89170460866659, 326.6071677348946]"
1.9474030465056276,129.95656930681113,1.0,0.2991136352371365,True,False,"[0.2553255011104405, 0.8788619110009772, 104.13957473390649, -25.632798156390344, 294.4729571872687, 0.4949690578978261, 0.5454849766834307, 97.77516285175541, 62.383754515984876, 329.64995833778573]"
1.9279290160405713,129.8805200704558,1.0,0.5830955194081892,True,False,"[0.14320928653735407, 0.8188185128479513, 101.88649905233152, -6.483651093981209, 293.48116679524964, 0.47922586590138605, 0.3873861320927312, 88.00451769808035, 62.81759059081541, 319.8935827948452]"
1.9086497258801656,129.6826103218797,1.0,0.422204662991589,True,False,"[0.1620150316070731, 0.7446045455594738, 91.89713966236279, -5.600574965290424, 293.38711389041316, 0.4827020848168726, 0.539246463076549, 84.25261446985438, 68.1206943021421, 318.4261966209386]"
1.889563228621364,129.52292291266582,1.0,0.45830851028264474,True,False,"[0.21461709909846674, 0.6934934341030766, 86.6247581528551, -5.374120247470463, 292.74020123635984, 0.5915070274862305, 0.6091019367750723, 80.3754744938028, 71.27502607278302, 317.81476492130105]"
1.8706675963351502,129.71001026555902,0.9048274571805964,0.3747409456742553,True,False,"[0.31208467762208414, 0.7534104456177128, 86.45114964949984, 0.4555302022820502, 295.02570537880035, 0.5666367155204156, 0.7248882984301379, 86.01179701841643, 62.9796149728111, 321.9131236312674]"
1.8519609203717986,129.3103495763066,1.0,0.39474108793382023,True,False,"[0.4067941383028136, 0.91977851857444, 78.10204404225573, -4.887952826019568, 295.6441656946082, 0.6860173116986904, 0.6435119323806079, 89.03794385286974, 71.38751179638305, 316.40619261399934]"
1.8334413111680805,129.50921562807252,0.8972093962328548,0.8791657132911912,True,False,"[0.3275090942098718, 0.834233264801896, 87.11744081867572, -26.577456194881417, 291.91665577147853, 0.664990163440059, 0.6508021174766796, 90.19506405987735, 76.59842070661152, 316.24577705318717]"
1.8151068980563998,129.51913691824026,0.9945489574981506,0.670322479244135,True,False,"[0.4061232905891451, 0.7253858214343725, 87.95331346376744, -9.268967039891344, 284.89604963357175, 0.6962036117314189, 0.6445975739791455, 88.42199290299003, 87.14471724830476, 320.772479916559]"
1.7969558290758358,129.77191514244882,0.8687757439993593,0.2008679213835869,True,False,"[0.3224358324967896, 0.6591121686459929, 96.16006255669124, -17.183320375834413, 285.06640245064574, 0.612868963852961, 0.5807301027991874, 94.63783105747773, 75.4302217312372, 325.6358731677923]"
1.7789862707850774,129.85420675474523,0.95479598742241,0.8951265145694772,True,False,"[0.31067247514275403, 0.6367882506898291, 102.32024023240938, -0.5790572594536734, 283.5230771185679, 0.5737212615507267, 0.4965228266012855, 94.50646836884148, 73.12512725264358, 334.02667431556677]"
1.7611964080772267,129.6936298945714,1.0,0.5744956879879833,True,False,"[0.4045112075776864, 0.7113070412830483, 96.80198389351827, 7.586531751320289, 281.84908140712287, 0.4361552812065963, 0.4903690391836446, 97.60346234522113, 70.62271263142256, 336.8948782858845]"
1.7435844439964543,129.50598524474867,1.0,0.7295193883012295,True,False,"[0.3761397332949476, 0.830683477275485, 90.29117583944313, 8.958855863020398, 275.68732340975856, 0.5309392351918949, 0.5501087371873838, 97.33213080848417, 86.93853590939818, 334.61502181477]"
1.7261485995564898,129.78564702503445,0.850428539197685,0.5185406607198921,True,False,"[0.2591119736903726, 0.8552918474236785, 100.35518494617921, -17.546336687475232, 276.5522263253043, 0.5765366345201298, 0.7266922129401306, 98.16639992147334, 79.9297567758405, 331.34335730324136]"
1.708887113560925,129.71079929383095,1.0,0.24727142530221757,True,False,"[0.3069769713122768, 0.8621002295741232, 100.10004407960213, -20.873096866916995, 276.28090724751513, 0.7793830832936068, 0.8059757062730544, 93.03485527941992, 89.17527034942708, 327.0996923816077]"
1.6917982424253157,129.66399170987356,1.0,0.8363626657215388,True,False,"[0.4454578058419883, 0.7851307769399963, 113.08664639552357, -23.680733491935346, 267.70039707753733, 0.7312000906963562, 0.6793687880292151, 87.77889158544194, 84.15724795650067, 325.425523504682]"
1.6748802600010626,129.7906306843093,0.9271770279131,0.5122447263969216,True,False,"[0.5028086874491685, 0.7270429941058982, 110.90025958215898, -30.520263554180556, 270.7949760822769, 0.7561203097037174, 0.7772203316385375, 92.25979731052824, 80.20925548558668, 319.22866355676763]"
1.658131457401052,129.46921773723952,1.0,0.15745799299502927,True,False,"[0.40075077424721584, 0.6142218034710092, 108.49123244993862, -27.29617083703144, 275.8381889950526, 0.6953304695298564, 0.8271312449402443, 84.66559636476129, 91.44376995721596, 317.2538684235642]"
1.6415501428270414,129.70729067454795,0.8649969118755658,0.49810803686059923,True,False,"[0.4712969856537518, 0.6232559996948329, 107.2410336120513, -14.217447576333216, 266.7194634640178, 0.7114837867350967, 0.8717455740514507, 95.19084396339018, 83.8070352498527, 324.5952520599291]"
1.6251346413987708,129.47121286108555,1.0,0.11783074594900966,True,False,"[0.36700297588736547, 0.7851299873743904, 95.88096871924174, -19.488340535803133, 273.1010110411921, 0.6758274314111654, 0.8137686008927351, 86.33842588687389, 87.49043764931112, 323.42161475754335]"
1.608883294984783,129.56189600779464,0.9451949936841706,0.1616531730789953,True,False,"[0.3812003517605668, 0.8564308349096912, 91.055728975403, -19.192048540791127, 268.48536648605693, 0.7670939423564085, 0.783060580668013, 87.97115075751712, 71.38451532165536, 331.2639428600088]"
1.5927944620349352,129.30911935428648,1.0,0.7206490068872049,True,False,"[0.3316575001068144, 0.7533815892216633, 83.31833556316995, -19.282247609866165, 264.6226113457731, 0.7019727856900845, 0.6053189164180296, 79.54260055206169, 72.7413711985802, 325.5046092312683]"
1.576866517414586,129.2961464110105,1.0,0.17959499848181482,True,False,"[0.21768715618104073, 0.6221275107746785, 79.15912363365386, -30.747523788055545, 266.2869948664758, 0.7022405092003463, 0.4328641921902207, 80.99181351172031, 76.4698947529103, 329.7399432780155]"
1.5610978522404402,129.3118283030868,0.9900048613231652,0.5665762591688922,True,False,"[0.34606963202762686, 0.6387588109823481, 79.9939841682677, -27.506895287595572, 260.0428325533587, 0.6798373878372184, 0.6044950016398963, 84.10697148253367, 76.82248583611013, 322.33442788871827]"
1.5454868737180358,129.39588354245478,0.9470650035471134,0.7237951326497506,True,False,"[0.36908191605171015, 0.741821921639105, 83.45265343969483, -27.67940985979503, 248.82899311337306, 0.6271422186300177, 0.5322578206247313, 102.03335583591777, 80.7841341089187, 325.6007406275546]"
1.5300320049808556,129.43780027169583,0.972975884312554,0.3804345694943554,True,False,"[0.38208229413529204, 0.8066068847990199, 84.56376063603435, -30.500774120108616, 251.8523209059372, 0.5744896279433273, 0.5825593509612316, 112.88060815077512, 86.282358196612, 324.0906131933578]"
1.514731684931047,129.41255558526538,1.0,0.5603885571291345,True,False,"[0.21758279511478015, 0.7517588629598384, 75.306453416311, -48.121133190773364, 253.80100687918664, 0.5294378961240063, 0.5283900249439394, 115.56536737302757, 86.81532589426418, 321.5573535836416]"
1.4995843680817365,129.54702074358923,0.9142344003486454,0.5001426208576586,True,False,"[0.22243930119077124, 0.8697892623143529, 75.8374450465279, -48.526269345824474, 246.09141597617932, 0.5369181381268066, 0.4750195292960409, 123.06177264032615, 79.88605570837417, 320.731857236712]"
1.4845885244009192,129.47924878731635,1.0,0.0636806300872147,True,False,"[0.2505162995356623, 0.8117261932328305, 74.43733498846635, -33.93941310525585, 251.81646980905126, 0.4954137092977488, 0.546380451584447, 118.01063960133244, 79.22885165635152, 322.318287353231]"
1.46974263915691,129.64926813867078,0.890760510146201,0.6340820215755238,True,False,"[0.29726504974714235, 0.8387346621997047, 81.19846260481556, -34.27292201060324, 254.88426551079687, 0.5841880879228168, 0.6526956123912061, 126.5627886561034, 75.03263081220648, 322.4914837896343]"
1.4550452127653408,129.59487574520634,1.0,0.5361730508964089,True,False,"[0.26990754087117164, 0.7647824852873488, 75.51399416313994, -26.18551679373934, 249.69978822930736, 0.6991357849186671, 0.5603684373065746, 127.45647757293123, 71.52440761100301, 316.0356863725554]"
1.4404947606376874,129.51937151296292,1.0,0.04674956585703194,True,False,"[0.19707866540678948, 0.7214322533449141, 70.35413102695435, -31.745025610605147, 254.8759377582524, 0.8084567092362459, 0.44665842251393517, 123.0248095149533, 76.09075652693969, 309.9052181700804]"
1.4260898130313107,129.61305531096323,0.9364185107661309,0.4752290916922667,True,False,"[0.2632093517546408, 0.48697877073441886, 73.12681416486882, -12.782022091277675, 255.6036708958493, 0.6542973885009958, 0.6061052146650624, 124.51072173956308, 69.37746566217837, 318.1538214310754]"
1.4118289149009975,129.5615519808467,1.0,0.952927552730409,True,False,"[0.24958047410081197, 0.5815490098681639, 75.17518738273701, -14.193398518361047, 261.53673347108196, 0.8192497989506923, 0.6120146949317754, 124.68900779001956, 107.43668722763812, 322.6828970271261]"
1.3977106257519876,129.25093149190906,1.0,0.9741643129653222,True,False,"[0.4112100496934775, 0.48192241823827536, 66.97917053696189, -3.109256018747974, 249.49074819289913, 0.7988188008996709, 0.6440019618822335, 118.3089159890331, 116.4289137106492, 328.5641156192288]"
1.3837335194944678,129.22892251363362,1.0,0.6784546090568734,True,False,"[0.34308772602047566, 0.44660045863163794, 70.6564676896312, -4.040524349017549, 247.64840220706435, 0.6541922080476014, 0.7139109876435529, 121.11838703590954, 120.50526964929696, 333.726689108366]"
1.369896184299523,129.38240767903406,0.8940071932410067,0.08382235243125613,True,False,"[0.25975403504358946, 0.5355324575468616, 77.28443069608687, 4.86461932435261, 247.133957671184, 0.502730432696264, 0.6147383164879768, 116.89157125022153, 118.91129602094887, 334.24221901354093]"
1.3561972224565277,129.38678426397922,0.9967781008373733,0.11370870075894113,True,False,"[0.263018570556349, 0.4451428590078038, 86.88821705690418, 13.474933529306007, 245.2244688098275, 0.5801784975858494, 0.5037451202466972, 113.81983561800814, 124.70085114731202, 332.20327028574167]"
1.3426352502319625,129.18799677103246,1.0,0.6516803341822084,True,False,"[0.2927706800435842, 0.5368393558569379, 84.43848528102059, 8.730922079511505, 241.63761337489024, 0.3750597551007139, 0.6869349709478761, 111.83061875311645, 115.17470039118153, 328.87506661938806]"
1.3292088977296428,129.33214029462022,0.8972299523835731,0.4784042134615798,True,False,"[0.3158187271602145, 0.5737417984153954, 85.73714045893061, 17.096050319334303, 242.8462829267611, 0.5197627697528143, 0.6733049362615688, 110.6909554786138, 108.57993171493376, 320.92540582281885]"
1.3159168087523463,129.38048266974693,0.9639299529565664,0.10311843212664606,True,False,"[0.4798584720454096, 0.49754655164299655, 82.76864873907722, -2.3144936313643143, 238.35190039009822, 0.3879253064171676, 0.6814036516585223, 120.98284515337215, 98.97650024467039, 324.5115635297334]"
1.302757640664823,129.38560418268958,0.9960764313360237,0.07702746686243311,True,False,"[0.5820091772862793, 0.6257603376427567, 84.33305497274029, 6.500810742210259, 241.44565043401047, 0.39421282790143136, 0.800882646561278, 117.76040536881509, 105.4916940321078, 328.29153288451585]"
1.2897300642581746,129.4186122174695,0.9747317449201791,0.5217522835207452,True,False,"[0.6799106492747954, 0.6603442843997438, 87.16365614843733, 4.382114694849068, 231.3096141487499, 0.3305020277060862, 0.7422651032557478, 111.34968842862791, 104.68841597792233, 332.3347781492344]"
1.276832763615593,129.50576308337497,0.9340217952448682,0.32560271405384733,True,False,"[0.7702542535731618, 0.5955567677355087, 87.80552109841828, -5.776911193846867, 222.13175125925923, 0.25592513143491263, 0.8382133900653235, 119.82105143210214, 103.43152136834661, 335.0609134433169]"
1.264064435979437,129.44014418110388,1.0,0.42404421629517886,True,False,"[0.7346640444937775, 0.6563813148256326, 83.4160805954686, -4.397217005341859, 222.04666528723638, 0.2347184659834365, 0.7803556917546187, 111.57441451964873, 95.15019831259056, 338.31137003331696]"
1.2514237916196427,129.17150024387288,1.0,0.33003930964436934,True,False,"[0.760237291450149, 0.6708100663880378, 77.28983155902182, -22.05766799622583, 217.2779294909232, 0.29920913990871967, 0.8508644614622294, 106.02724672410766, 98.50258897703497, 340.0223073728887]"
1.2389095537034462,129.03284482880088,1.0,0.75711714109349,True,False,"[0.7952453576285886, 0.6752548282902298, 71.85691265430486, 3.5069626419695936, 216.9072293682753, 0.3877741114418836, 0.7987502009498182, 93.60741948526793, 88.8384527636476, 339.3633490415744]"
1.2265204581664118,128.98672651253213,1.0,0.978072402310585,True,False,"[0.8048791792652576, 0.6455748196284812, 69.99150223958358, -7.182032217982677, 212.2778722082084, 0.4515010584708316, 0.8107258047241481, 95.22399229174869, 90.16490256071465, 345.92072859548836]"
1.2142552535847477,128.8179853369669,1.0,0.9975643438001386,True,False,"[0.6642796891634433, 0.7470067663731782, 68.62948031792067, 13.135568870437144, 215.05713319530344, 0.32284692402214393, 0.8484606167365373, 90.75433562181664, 101.87508995788788, 345.7781970890943]"
1.2021127010489003,129.0350633162142,0.834785570373646,0.21164070759669817,True,False,"[0.6955110895729972, 0.7602941906549414, 79.08378506447458, 21.914233300788936, 216.28426495145774, 0.3676504542067561, 0.8301314157906885, 92.7906250032908, 97.32252398485197, 344.4752044622279]"
1.1900915740384113,129.2260803833468,0.8517125494277361,0.2663178381853786,True,False,"[0.753403965324213, 0.8395253850847354, 78.25657765664224, 31.243445485775247, 226.21863516644743, 0.3885883312895901, 0.7505595286726507, 92.28629031521433, 88.52702836713969, 357.15585686360566]"
1.178190658298027,129.1942958871475,1.0,0.6157818872516375,True,False,"[0.7388961999075508, 0.6792501442329264, 76.57139796306271, 39.742726161079354, 224.8632065581305, 0.2466667369206948, 0.5795094634022694, 92.92939409351145, 82.59041316513357, 356.92639487808236]"
1.1664087517150468,129.06236352667867,1.0,0.5741371569171448,True,False,"[0.8214601353233523, 0.7545262613244506, 75.83821004051444, 49.68024915316269, 213.71749227035835, 0.21102903226418945, 0.6429326381983769, 88.78025902477134, 91.45230911492497, 361.17446912352864]"
1.1547446641978962,129.11372530649194,0.9564957758379203,0.33119641503049957,True,False,"[0.7892452258379399, 0.8920716998655948, 67.72959158133082, 51.58119987547727, 215.24692365937483, 0.31240278058342363, 0.6653713298477005, 86.54968203423073, 79.13939813772413, 360.84460054150054]"
1.1431972175559173,129.1138839721871,0.9998612184472406,0.45703340970452866,True,False,"[0.8187451431586961, 0.8703080839035255, 74.9152479913344, 74.91230973190922, 221.85228125556165, 0.31692506081539334, 0.7453200923708521, 86.89996920036396, 84.20756549669584, 354.41813429551786]"
1.1317652453803582,128.76267835074918,1.0,0.35427842377530694,True,False,"[0.706256197787855, 0.8330966551977184, 78.0982628111459, 76.33537044747082, 225.30123912632357, 0.313958797704586, 0.8256480136569603, 85.51468961422559, 81.45458292751643, 357.4930052207629]"
1.1204475929265545,128.76267835074918,0.8606419623915812,0.9730921900601784,False,False,"[0.706256197787855, 0.8330966551977184, 78.0982628111459, 76.33537044747082, 225.30123912632357, 0.313958797704586, 0.8256480136569603, 85.51468961422559, 81.45458292751643, 357.4930052207629]"
1.109243116997289,129.10248674813914,0.7361343919440013,0.27682800332828017,True,False,"[0.8137240557367349, 0.8703699928715739, 72.41894145568612, 67.74463035757157, 226.8918175949802, 0.28420626259926285, 0.708180042970902, 88.89892523068276, 89.50537063095952, 349.5769503232348]"
1.098150685827316,128.6860588560742,1.0,0.13922584105873292,True,False,"[0.7694467744596265, 0.7791397076189592, 72.55663416867102, 81.33065982498884, 219.8120945599713, 0.1706425160080982, 0.6713719029538368, 92.82726736546138, 77.90979381059964, 345.3128319449354]"
1.0871691789690427,128.36127178161846,1.0,0.6760768208199186,True,True,"[0.6519869180796947, 0.6302815489698503, 69.98344519234573, 76.07206352528019, 218.56508371380238, 0.23840781991268584, 0.5228650029585171, 87.80504430923396, 81.67163498957399, 334.26263423559374]"
1.0762974871793523,128.5061417761667,0.874065181470272,0.5507446166017095,True,False,"[0.6570477233348624, 0.5802158906926801, 75.39423774538199, 83.36719468028974, 223.62051521511566, 0.2533636069943476, 0.513332246771498, 83.00925377328748, 60.206029511228266, 332.8689909852913]"
1.0655345123075588,128.44004333678964,1.0,0.4595705438820079,True,False,"[0.5972045814212087, 0.6796848608773757, 80.99355272365979, 85.97416076871306, 223.04311544296846, 0.2649265014259995, 0.40052020352424905, 82.46325639818022, 67.81684769462115, 337.66635170055184]"
1.0548791671844833,128.44004333678964,0.8018439547897688,0.9837810744330062,False,False,"[0.5972045814212087, 0.6796848608773757, 80.99355272365979, 85.97416076871306, 223.04311544296846, 0.2649265014259995, 0.40052020352424905, 82.46325639818022, 67.81684769462115, 337.66635170055184]"
1.0443303755126385,128.43066466376916,1.0,0.3934417537369075,True,False,"[0.6673699109648108, 0.6217605545054529, 76.61495940612882, 82.3437175202822, 221.4594223758144, 0.266973614369307, 0.3179238521840617, 84.33464398955185, 72.60218112362526, 339.30679173566045]"
1.0338870717575122,128.42652295386515,1.0,0.67241138091482,True,False,"[0.4348389696301145, 0.7692720186161512, 77.0077030633972, 83.24563762250102, 228.6126247874571, 0.26846976488772745, 0.3338234319663401, 84.49141731318775, 58.72945778227269, 343.1140471442429]"
1.023548201039937,128.63126206854602,0.8187071769435978,0.7250097276299087,True,False,"[0.6373132233485745, 0.7449364446115394, 71.92378639396827, 76.439418410772, 231.73770781307866, 0.15335002139326714, 0.4638947649413252, 86.3256198200643, 77.02224288118086, 354.67553848505105]"
1.0133127190295377,128.6959947464321,0.9381154733043205,0.11795768299209619,True,False,"[0.6694344434489646, 0.6266926248943491, 71.12519989049959, 82.1446376856371, 237.12083013170368, 0.24607480308953625, 0.6548071767183072, 90.93529846370055, 80.06674951221923, 359.02546941052117]"
1.0031795918392423,128.7543182773968,0.943519097068501,0.4750836898148102,True,False,"[0.5884377341673968, 0.506160053359765, 73.40992839811508, 84.34108690490964, 235.33841390727687, 0.2594186166736205, 0.5605427336866396, 88.33115803259676, 84.00431952048116, 360.01700083202144]"
0.9931477959208499,128.83992799779492,0.9174103793432753,0.3517516224194398,True,False,"[0.5073295172244482, 0.5436352666350596, 70.18883364092298, 78.02801163785541, 230.35872590188566, 0.14424729634595002, 0.6368584111150943, 93.82807091899906, 76.92183360022136, 357.25504177813684]"
0.9832163179616414,129.13917828595902,0.7375963573914159,0.49268383291189644,True,False,"[0.516126316493774, 0.5987898503697117, 72.28147970087134, 65.85764937560657, 235.44833600650128, 0.13642258192904516, 0.6873984706484166, 95.56921825971021, 80.46758328175737, 360.8023114595849]"
0.973384154782025,128.71581151376392,1.0,0.12400799467850854,True,False,"[0.5082457029011722, 0.4720966220750181, 77.0311605543061, 83.36685753288232, 226.7443233249666, 0.19922062933062903, 0.7723888772960172, 94.00943061079288, 84.13343054794007, 365.12336273768574]"
0.9636503132342047,128.71581151376392,0.7267268744516272,0.8297739116228584,False,False,"[0.5082457029011722, 0.4720966220750181, 77.0311605543061, 83.36685753288232, 226.7443233249666, 0.19922062933062903, 0.7723888772960172, 94.00943061079288, 84.13343054794007, 365.12336273768574]"
0.9540138101018626,128.92484596368186,0.8032329501314772,0.0012737124918132947,True,False,"[0.7512121401523717, 0.4984976686436007, 80.81177208671483, 84.60170660739779, 225.6236195614901, 0.14366238389276784, 0.7420341364982994, 91.7223873795473, 78.67713116621806, 366.89543264989254]"
0.944473672000844,129.18018249753308,0.7631139123077639,0.1612634678635415,True,False,"[0.6645635865630336, 0.42332054127117563, 86.09981666253461, 65.99614896814954, 226.01779962778699, 0.2434545625528849, 0.7262664053682337, 87.44336708414292, 70.81410939752625, 373.55675093122915]"
0.9350289352808355,128.92536876517903,1.0,0.4976082976997217,True,False,"[0.6546329971799961, 0.3850861653597093, 78.08475351574322, 74.94225899898828, 231.03409367211168, 0.25270350994607205, 0.6251717765747671, 86.74223204603807, 78.0674263130667, 374.9059540224818]"
0.9256786459280272,129.00482602229135,0.9177440301956751,0.8563265406163277,True,False,"[0.7664123588221698, 0.41859331006254036, 78.60316396819167, 66.48701980537687, 229.06292380375717, 0.2258418833558366, 0.6140270141600848, 82.43075319461937, 79.0832131983281, 373.06475395256246]"
0.9164218594687469,128.94890544105183,1.0,0.6427941913502119,True,False,"[0.7592915410990723, 0.421983649233755, 79.21905638663976, 65.03167840453435, 229.5737463411821, 0.33931105298232417, 0.6854762148504038, 84.23805485442023, 82.18947062260318, 364.80278511872007]"
0.9072576408740594,129.18365331090482,0.7720202956572946,0.5918121478088118,True,False,"[0.793988512123021, 0.514793458170605, 77.69481470700454, 46.57795599246658, 228.31949747818607, 0.2571710522295643, 0.6023075652936781, 83.99206949990132, 74.69589339833449, 365.14565031670503]"
0.8981850644653188,129.08277470666664,1.0,0.2026365347597311,True,False,"[0.6843392003424907, 0.23677464409008125, 84.7024279735929, 35.40429864345164, 228.82769971909397, 0.40675654882948165, 0.4723893323859605, 78.45557678856493, 89.16597913955023, 358.68571544867905]"
0.8892032138206656,129.2347915047109,0.842856598293923,0.02858989492009778,True,False,"[0.6717444416274407, 0.2518640488968535, 88.84368062695843, 44.74675237733308, 233.1809491330607, 0.17802683126304353, 0.5685129836333492, 81.64302708655622, 91.7133907788718, 360.0816718437834]"
0.8803111816824589,129.1356001337733,1.0,0.9720223010632334,True,False,"[0.6917298514269132, 0.152588497429926, 89.9401114811162, 32.68759400486243, 228.75421960838494, 0.2698250773348004, 0.643091709769758, 78.64784556434314, 86.9197356974066, 354.3115424368403]"
0.8715080698656343,129.09192693132283,1.0,0.7162842364156476,True,False,"[0.8281591620311508, 0.1719154656463402, 88.7699791301692, 17.31306535290056, 224.2273570845775, 0.3504872393426932, 0.8051547547860253, 79.82220891595531, 86.32155789480106, 352.291804951581]"
0.862792989166978,129.11704418929565,0.9713080901705494,0.8659218235888811,True,False,"[0.7507957077284193, 0.18924685699557947, 94.21919486546277, 28.460222588189335, 230.55478475267032, 0.3344261644795239, 0.8490456112778996, 79.06662468265628, 89.22776435708403, 352.3195044837536]"
0.8541650592753082,129.22085193947015,0.8855633761429627,0.6921783084797044,True,False,"[0.6318773310193433, 0.23197094464410903, 89.94458356049144, 19.070061193985225, 231.46759016657577, 0.24138423808277926, 0.7970677342489715, 83.90221158778068, 94.01448238461099, 348.77137187356857]"
0.845623408682555,129.12058464897368,1.0,0.411576667117974,True,False,"[0.5395984937383074, 0.27923947357337303, 87.14043547316527, 34.53365658372639, 228.210466038382, 0.2995143308279066, 0.654241003438917, 83.67044255548439, 86.19541293340319, 346.8957407139772]"
0.8371671745957294,129.19378316041383,0.9162775527296025,0.5263974671939905,True,False,"[0.4663927403186618, 0.2232772106133354, 92.31092524769329, 38.79359173019209, 228.1692040065558, 0.3765817377755894, 0.5125891090107851, 86.18543863160421, 86.31365170304312, 355.24965687103037]"
0.8287955028497721,129.19378316041383,0.8727027763975546,0.9855488963661353,False,False,"[0.4663927403186618, 0.2232772106133354, 92.31092524769329, 38.79359173019209, 228.1692040065558, 0.3765817377755894, 0.5125891090107851, 86.18543863160421, 86.31365170304312, 355.24965687103037]"
0.8205075478212743,129.0140423842742,1.0,0.21271122370658246,True,False,"[0.510022280672877, 0.21611762178621446, 85.0228535076164, 42.95555803187825, 218.1739467303246, 0.26800539418278946, 0.5946510581589163, 82.05353402505142, 85.21207849818474, 356.94387840355756]"
0.8123024723430616,128.9167857918273,1.0,0.9041909413737688,True,False,"[0.4059835832260436, 0.13223187138588188, 84.24125809756333, 46.205034361765925, 213.2629417304708, 0.4020996133849346, 0.620801257343148, 82.8988527464057, 80.95747831210522, 362.3083490167412]"
0.804179447619631,128.93033810911538,0.9832888519024449,0.4424093375363002,True,False,"[0.2915510462336693, 0.1669154051224483, 83.70504144690753, 61.32502862316231, 219.3050890107236, 0.3409593313687567, 0.5768217254966795, 79.59153897615758, 54.97027108947434, 361.9408173692999]"
0.7961376531434347,128.93033810911538,0.7226848647628423,0.7941461864249976,False,False,"[0.2915510462336693, 0.1669154051224483, 83.70504144690753, 61.32502862316231, 219.3050890107236, 0.3409593313687567, 0.5768217254966795, 79.59153897615758, 54.97027108947434, 361.9408173692999]"
0.7881762766120003,129.01941592345477,0.8931349145361944,0.704086820160372,True,False,"[0.15421681349131877, 0.1905079621318715, 80.50463573399225, 55.6809862480286, 225.361556150666, 0.3578266979506505, 0.524483077737812, 73.12402782075785, 41.915057370473264, 365.81580715309644]"
0.7802945138458803,128.923180676282,1.0,0.7964516603316958,True,False,"[0.22189189035664394, 0.11136469925431212, 88.13060892151262, 65.2970193227258, 228.9417391021549, 0.31918326426677573, 0.6526134642021058, 69.33541982215156, 48.140605101295854, 360.9558180688725]"
0.7724915687074215,128.923180676282,0.801502447842021,0.8981561664640392,False,False,"[0.22189189035664394, 0.11136469925431212, 88.13060892151262, 65.2970193227258, 228.9417391021549, 0.31918326426677573, 0.6526134642021058, 69.33541982215156, 48.140605101295854, 360.9558180688725]"
0.7647666530203473,128.9101778687032,1.0,0.46873132156665154,True,False,"[0.27412374409578544, 0.11681179523154073, 90.85875309766467, 66.6526256576243, 223.1106132985764, 0.18870807384261792, 0.6701560617140576, 66.65001693996021, 52.408559760534494, 357.3335777155786]"
0.7571189864901439,128.86889983317408,1.0,0.6206867893501725,True,False,"[0.2881686404103999, 0.11956153880271193, 79.51284717019337, 41.6065966184657, 224.43446522881501, 0.24770275769071753, 0.790908353987416, 63.04015805720326, 50.83134761618079, 358.0174942406215]"
0.7495477966252424,129.0219055991409,0.815355743310837,0.6572828073083803,True,False,"[0.3243807500343548, 0.22148874912612365, 78.25508282251488, 40.12834505590853, 234.62846275667917, 0.1855721521530675, 0.7735587706275452, 61.31381465488977, 48.45707667117158, 358.0905252738632]"
0.74205231865899,128.89525376200208,1.0,0.9091975300381494,True,False,"[0.2869171966736141, 0.2831032058289543, 77.9517116752453, 40.206615725971425, 243.61882947819305, 0.3229421020371702, 0.7659147161424751, 63.13817397689452, 58.002172568133545, 357.4257201051749]"
0.7346317954724001,129.2163976307943,0.6458749127452211,0.5479241110474675,True,False,"[0.1569852426093801, 0.30702650653716035, 87.04753826076569, 17.7571736192442, 254.65387618276517, 0.3793490604486628, 0.7885670528075879, 61.44320601258074, 41.52395165065286, 356.74496558908663]"
0.7272854775176761,129.2163976307943,0.770811119575333,0.8294417418595162,False,False,"[0.1569852426093801, 0.30702650653716035, 87.04753826076569, 17.7571736192442, 254.65387618276517, 0.3793490604486628, 0.7885670528075879, 61.44320601258074, 41.52395165065286, 356.74496558908663]"
0.7200126227424993,129.2163976307943,0.5234276436722022,0.764099954617153,False,False,"[0.1569852426093801, 0.30702650653716035, 87.04753826076569, 17.7571736192442, 254.65387618276517, 0.3793490604486628, 0.7885670528075879, 61.44320601258074, 41.52395165065286, 356.74496558908663]"
0.7128124965150743,128.99431560604918,1.0,0.8274244223773313,True,False,"[0.18652435434927622, 0.5724139740670877, 84.43622543177574, 19.1389746814449, 248.10570531291702, 0.5804950826616422, 0.8893884390339982, 54.056337928688315, 31.219637208122734, 359.49633352127074]"
0.7056843715499236,129.05758441570472,0.9142456684224723,0.7997174533516176,True,False,"[0.1774296554579049, 0.36537046363333714, 78.85119022022927, 14.603286891126704, 240.8458333468737, 0.5537208425381396, 0.7566910894981352, 61.87147188380407, 37.106141824319266, 352.5024806135817]"
0.6986275278344244,128.93687584934747,1.0,0.2702054382701986,True,False,"[0.17561089883519418, 0.3459288521311663, 79.10814157700966, 17.558124100627747, 236.49167564729055, 0.4038150383233504, 0.7371774463815908, 57.592905395557366, 33.36047101402455, 346.228563108473]"
0.6916412525560801,129.19253779540614,0.6909793698031675,0.5368834852669363,True,False,"[0.16207597983726382, 0.29778182767464534, 84.84252015630044, -5.711992019981135, 240.68212094138565, 0.32470859606808666, 0.7330489496207505, 61.38043893814795, 27.34777656844827, 350.57261924227544]"
0.6847248400305193,129.0727741560991,1.0,0.7952535773867241,True,False,"[0.12913875521887658, 0.2778742021872894, 85.65647539567125, 0.42348171329970974, 235.78474580515368, 0.3836739661527418, 0.7081673153060671, 56.058653602802906, 39.17482403781792, 355.24974372513446]"
0.6778775916302141,129.1763203404595,0.8583437970610253,0.6710685805137986,True,False,"[0.17509591227652385, 0.2762775381389376, 88.97580085057993, -3.912301961776972, 235.12030698512547, 0.35299642481513765, 0.7132660089001303, 60.08886333764278, 37.94655461288538, 360.3649741886483]"
0.671098815713912,129.1295428056306,1.0,0.4332687408113145,True,False,"[0.16775763004898808, 0.30360342736125334, 84.69792716655151, -15.645536612204914, 230.53141251861305, 0.17627776685915136, 0.6899728225439735, 59.64473356039066, 43.82577725458656, 354.06665515217276]"
0.6643878275567728,129.21114909138888,0.8844146272774918,0.5953233333056491,True,False,"[0.1445436902405184, 0.28917077007265357, 80.64516983947047, -13.84526868017567, 228.4449347302272, 0.16314053766691275, 0.7494197181934394, 64.7694254186201, 49.315698954666395, 357.8812030528322]"
0.657743949281205,129.0886547791763,1.0,0.9880403284917979,True,False,"[0.21422187252657737, 0.4444739934555868, 75.339151063835, -31.001398656017052, 230.62246301092543, 0.1715340773506564, 0.7318279769734117, 73.06339957599506, 48.820022019875786, 348.7162679024254]"
0.651166509788393,128.90005515787217,1.0,0.6782625760277592,True,False,"[0.5346867906092142, 0.2685739547987287, 70.95859068209727, -40.72663575552704, 226.876500453165, 0.19576342817736123, 0.6533710197054432, 72.41304930185835, 54.01670723193243, 347.2725177568489]"
0.644654844690509,128.80768699146205,1.0,0.9331573632692377,True,False,"[0.575649605658872, 0.29947062269476843, 67.80306043270899, -24.5366910570852, 222.31266528304448, 0.29702157669579926, 0.7264174810060349, 73.54750365741722, 63.634374426490915, 351.1862768296398]"
0.638208296243604,128.9809743852293,0.7622187524370646,0.026882555873787406,True,False,"[0.5378554151002554, 0.2152091347890686, 76.99521662280938, -34.81537237120383, 224.52550256082432, 0.45976065634468094, 0.6413424077681009, 78.75533329410867, 56.13952146119159, 347.44242355619184]"
0.631826213281168,128.75075154755334,1.0,0.3411171567091754,True,False,"[0.5674083269967024, 0.21526400606291865, 75.232365819162, -39.1066569250909, 225.4155397124554, 0.42706170771712093, 0.5532090868892241, 71.14893923708384, 65.4108256103731, 341.7159169953995]"
0.6255079511483562,128.78735834633514,0.9431562505733363,0.2707206411143085,True,False,"[0.38955362041619174, 0.15122799692798938, 70.65354381852217, -32.06026225024107, 229.23742628882843, 0.5118636422712892, 0.5976720552918443, 73.70921585247922, 61.24397652447862, 342.51566490535777]"
0.6192528716368727,128.77548193938716,1.0,0.8786623987541764,True,False,"[0.37588778618101243, 0.13808089483783975, 67.94895543426968, -13.494030648986762, 236.67848282157638, 0.5109666407640785, 0.4514968128163086, 63.1597744163558, 47.69239863352339, 349.56868691195467]"
0.6130603429205039,128.78223093547783,0.9890516760960647,0.3562020524741495,True,False,"[0.4657357093509389, 0.23195101813357777, 70.9827094925037, -8.094852307555051, 233.1417427136591, 0.34255786206236016, 0.5344920036555204, 64.37644981548031, 53.309682886626184, 337.42895895340087]"
0.6069297394912989,128.71560209640998,1.0,0.4236237767503419,True,False,"[0.4295508951159349, 0.22473648238197694, 70.23772595088283, 4.02312039429226, 229.0724517689665, 0.36771140527269097, 0.45045622232857113, 65.7493506432397, 56.3212454950927, 341.1552699986313]"
0.6008604420963859,128.39071202847717,1.0,0.4697966103712943,True,False,"[0.3893939393999988, 0.1389368386590119, 61.43138791334065, -6.380853578581116, 227.66001590784717, 0.4034762720349573, 0.31469291174244773, 62.649808445687825, 53.21374582488092, 341.84873370661654]"
0.594851837675422,128.49751664103744,0.8356476214081096,0.6537918556226467,True,False,"[0.3692962662969612, 0.11184924608611728, 59.378399729177474, -3.942722801452909, 222.6589405207669, 0.5216754807484707, 0.46892992116188403, 62.358325764674774, 43.20479257443999, 346.91094811050397]"
0.5889033192986678,128.37432946037814,1.0,0.34485055759436567,True,False,"[0.41428445281751597, 0.13668838077037898, 60.52566005923077, -6.25332607143093, 212.22598612508588, 0.5287396726331709, 0.5278644092723631, 56.44111187858265, 41.5397543677056, 355.023954934769]"
0.5830142861056811,128.492625295858,0.8163567412400052,0.5463234711206987,True,False,"[0.4702154678101512, 0.18463858914008113, 56.55736012178393, -11.076090572342096, 213.15555382919783, 0.6241039551873667, 0.6025164220101082, 62.33777244768248, 34.309769645139745, 366.2937553274012]"
0.5771841432446243,128.22820473528253,1.0,0.9320406767046217,True,True,"[0.5008964508743164, 0.09816062540584038, 50.56400169892105, -10.889371590841977, 205.49512255859344, 0.6543589114116523, 0.6141927666165327, 62.98372769870048, 42.64505713924193, 377.22843681425087]"
0.5714123018121781,128.05343503192825,1.0,0.46981448156031635,True,True,"[0.5005769957042283, 0.16204006806890942, 45.96755743090708, 0.9226094260202657, 202.85366253545166, 0.5528212216555334, 0.607390585007718, 62.10177865917138, 49.38434093896286, 380.1211077432578]"
0.5656981787940563,128.19698841338834,0.7758755057290238,0.4071539311475191,True,False,"[0.544295248861065, 0.22052774544543308, 46.100015556925946, -3.393697426474855, 208.41062702061006, 0.6371308412107736, 0.6792282999402065, 64.10016351677754, 48.672097192442976, 383.4164614465281]"
0.5600411970061157,128.2212533111892,0.9575982164627452,0.9357719209477975,True,False,"[0.695331726323007, 0.45093135652394256, 45.740643364184734, -12.384413691581374, 204.8549664468598, 0.5204866885517275, 0.7187885688751477, 66.59665297380475, 33.95486721934985, 382.58201836387855]"
0.5544407850360545,127.93992419895507,1.0,0.9373816932741934,True,True,"[0.6610873457943202, 0.43938412231129886, 40.4554143198627, -12.572254962089042, 200.72044647155923, 0.5194419126143324, 0.6010784763153992, 63.06615001461552, 26.040501437585874, 378.1197047524925]"
0.548896377185694,128.10416153437455,0.7414009288018222,0.563348115293029,True,False,"[0.6499861539375434, 0.33805762534147876, 47.86491142063431, -13.529416305658112, 206.3509441387781, 0.5319434642422602, 0.6334858820449998, 56.827722205649465, 32.95204818285564, 378.4768522684983]"
0.543407413413837,128.1252348786615,0.9619623090905732,0.6289048222246397,True,False,"[0.7099632546617552, 0.2986117819340492, 43.66418567101114, -13.317762299269868, 212.29834657289385, 0.506212035843776, 0.6839957347534136, 56.66375081264281, 19.167827317804697, 389.6206841494328]"
0.5379733392796987,127.97955784072403,1.0,0.4795573894584888,True,False,"[0.6354239512868125, 0.17043560731874816, 41.8080057350074, -11.678846884997819, 216.16549329037483, 0.5893467340420846, 0.768142190223524, 54.00060354947039, 16.36971319685628, 388.50440477636147]"
0.5325936058869017,128.2544370130886,0.5968351746867526,0.48323325793884053,True,False,"[0.7976802579816517, 0.22460089257603252, 46.3063518296898, -13.71127129776401, 213.3940358340337, 0.6809510925612986, 0.6261525978764144, 55.9456020149778, 17.8714796708083, 387.81211974724255]"
0.5272676698280327,128.1768217445593,1.0,0.28932696582695194,True,False,"[0.6836424251741597, 0.4056654717159247, 48.298382717183095, -28.964575259179625, 213.10384466358946, 0.6536075634723885, 0.6911992093172794, 60.11947109176511, 10.148418581351697, 380.1582880431055]"
0.5219949931297524,128.1768217445593,0.633561861251197,0.9086360165311809,False,False,"[0.6836424251741597, 0.4056654717159247, 48.298382717183095, -28.964575259179625, 213.10384466358946, 0.6536075634723885, 0.6911992093172794, 60.11947109176511, 10.148418581351697, 380.1582880431055]"
0.5167750431984549,128.1768217445593,0.6733009515982671,0.9187121199442341,False,False,"[0.6836424251741597, 0.4056654717159247, 48.298382717183095, -28.964575259179625, 213.10384466358946, 0.6536075634723885, 0.6911992093172794, 60.11947109176511, 10.148418581351697, 380.1582880431055]"
0.5116072927664703,128.1768217445593,0.6654603574558237,0.9823465459135038,False,False,"[0.6836424251741597, 0.4056654717159247, 48.298382717183095, -28.964575259179625, 213.10384466358946, 0.6536075634723885, 0.6911992093172794, 60.11947109176511, 10.148418581351697, 380.1582880431055]"
0.5064912198388056,127.96716808054974,1.0,0.87104664805569,True,False,"[0.7720262897544868, 0.380826948026916, 44.594309661639045, -37.178209139633154, 213.6625396664387, 0.642023866798214, 0.6993876290395676, 55.02699383224146, 4.97486305354808, 384.0512981163004]"
0.5014263076404175,127.98595606099053,0.9632242039836242,0.007395699777760112,True,False,"[0.6508437564515646, 0.2564870303382199, 50.690429535140375, -45.90054971169028, 205.8987474992723, 0.7179021711495914, 0.6502237332987801, 56.96246264532419, 8.151399214853416, 386.19213369973664]"
0.49641204456401333,127.98595606099053,0.6554882756221689,0.732577840967667,False,False,"[0.6508437564515646, 0.2564870303382199, 50.690429535140375, -45.90054971169028, 205.8987474992723, 0.7179021711495914, 0.6502237332987801, 56.96246264532419, 8.151399214853416, 386.19213369973664]"
0.4914479241183732,127.87451984225935,1.0,0.7479920840571569,True,True,"[0.5773964033152401, 0.28636648238980084, 52.92192061914446, -50.70214238387772, 204.4842539363653, 0.6558883011727807, 0.5880930642038197, 54.31003885572107, 17.5702051659757, 390.87894806653924]"
0.48653344487718947,127.8296701065091,1.0,0.334470002934534,True,True,"[0.4100492486237557, 0.2866177296298781, 49.53662451611376, -54.648462347361324, 208.23308957746232, 0.6428699413565838, 0.6753462599033361, 59.20575681568434, 19.246269811255107, 385.25908487156494]"
0.48166811042841756,127.95181154457698,0.7760175987993027,0.46797091850446937,True,False,"[0.4240007095988196, 0.2517356035139177, 57.36350392567443, -56.79218494519747, 198.497419461829, 0.41795668732487834, 0.6815657652218126, 63.38010591399092, 17.837666647310115, 378.54215976837537]"
0.4768514293241334,128.20247515868957,0.5911627213621089,0.35536221769702736,True,False,"[0.2623721490695368, 0.21772157460571148, 60.00490433344596, -54.275163761011356, 198.6958504142858, 0.30587781082949733, 0.6489806057536743, 64.66814169086601, -7.81745520949109, 380.34359613848306]"
0.47208291503089206,128.1467057908872,1.0,0.32729585074255796,True,False,"[0.3168698814658006, 0.13278263223199113, 63.99044445501523, -55.311829278382554, 196.43464360812047, 0.29384130887634075, 0.7002976622975012, 58.15136102193652, -19.700940375333545, 383.0250431364874]"
0.46736208588058314,128.1467057908872,0.6664970862786259,0.6956393812237396,False,False,"[0.3168698814658006, 0.13278263223199113, 63.99044445501523, -55.311829278382554, 196.43464360812047, 0.29384130887634075, 0.7002976622975012, 58.15136102193652, -19.700940375333545, 383.0250431364874]"
0.4626884650217773,128.1580460124311,0.9757885061730567,0.2689150894007575,True,False,"[0.44724647422631425, 0.25006983975818675, 64.29852140605371, -50.311799553336336, 193.06112228683813, 0.25635578829616407, 0.6733317719354264, 54.585470722490946, -23.17554844444336, 372.1911740616567]"
0.45806158037155953,128.1580460124311,0.9036179721916939,0.9947185673749046,False,False,"[0.44724647422631425, 0.25006983975818675, 64.29852140605371, -50.311799553336336, 193.06112228683813, 0.25635578829616407, 0.6733317719354264, 54.585470722490946, -23.17554844444336, 372.1911740616567]"
0.4534809645678439,127.88415348237278,1.0,0.9747176508485772,True,False,"[0.4277587032984364, 0.22447089217900554, 55.786715824286006, -47.13652198295104, 183.67433161487307, 0.22027992683103256, 0.6715599231480062, 58.07478055687708, -20.145306116837357, 370.80220155787026]"
0.4489461549221655,127.66259894044177,1.0,0.037156259782205936,True,True,"[0.4006200131732242, 0.34323203006757946, 51.84848443873261, -37.185582099513105, 180.51858614550935, 0.5098113240194482, 0.7910015353347146, 53.41474653867571, -10.037183823250572, 375.9592955340625]"
0.44445669337294386,127.8768133980526,0.6175660537847242,0.27116814644020226,True,False,"[0.2670739169219842, 0.1764846646479236, 58.775814816690065, -34.19598779219174, 175.24865180634953, 0.530010758146711, 0.7185111520517866, 51.505574249284, -9.776771476771692, 370.31283907253857]"
0.4400121264392144,127.79478489147459,1.0,0.7887071325743307,True,False,"[0.42193881844775893, 0.10676365150906995, 54.6879252475559, -18.850269826167633, 175.20964044596326, 0.41405264881749143, 0.689385255378451, 53.17059550078732, -26.061798926554758, 362.54826481878996]"
0.43561200517482224,127.79079054958552,1.0,0.3908184249316514,True,False,"[0.45031755713641475, 0.18846064118511296, 59.216052249244036, -36.092192326903344, 172.7633127005411, 0.33272322291857037, 0.6546140260960095, 50.39992621379195, -13.189499251299052, 362.62735548031867]"
0.431255885123074,127.80937896881458,0.9578127373540833,0.04161994294104421,True,False,"[0.4072836164433381, 0.14460328659526706, 55.6528546122264, -28.40390578771865, 174.37697350614673, 0.4451774964193401, 0.5538522151523129, 54.060997725675364, -12.72205535516773, 362.12881770765443]"
0.4269433262718433,127.81419820183665,0.9887757095385459,0.5072294116212334,True,False,"[0.41780542423949263, 0.15232079332815945, 51.19157220879671, -17.53114502311626, 180.4525668849425, 0.5904956668427854, 0.6404327793499248, 53.506728936751905, -22.0246916704713, 359.44014282543316]"
0.42267389300912483,127.64413227727123,1.0,0.2882477098055949,True,True,"[0.5389083712799078, 0.16191578656785993, 55.19613627858696, -42.13223026024107, 175.8797145790413, 0.67388053175138, 0.5391803806645126, 55.19601102869354, -20.08662476963811, 357.7616266851266]"
0.4184471540790336,127.5728250271072,1.0,0.6012037205399084,True,True,"[0.6389355853438725, 0.1584836914986283, 50.239291738616565, -32.64122285359508, 176.03043025699054, 0.6090934831868557, 0.5302576980685183, 57.563781604259965, -34.96753328758912, 357.9742377018249]"
0.4142626825382433,127.87992583139463,0.4764850093742995,0.37449682390939343,True,False,"[0.663607049657533, 0.20753675004006344, 51.35926690692448, -35.2554976500503, 184.7922474823925, 0.4844449946181851, 0.6326528840366181, 64.48119458491837, -33.91849656708305, 361.8900027203044]"
0.41012005571286086,127.90708604277181,0.9359202341514121,0.478761633815725,True,False,"[0.6499865382540841, 0.22576616193958635, 54.684368343001914, -45.22026507024523, 188.30907264109865, 0.29666161673331926, 0.5854385439191293, 59.193997778439396, -38.18137298788983, 368.26132993931196]"
0.4060188551557323,128.1255046681404,0.5839429866003024,0.5469037446729733,True,False,"[0.5770435762656985, 0.2577802384104203, 56.89272937983035, -51.00768414227717, 191.3314338651256, 0.21114111272751418, 0.39007163392030353, 68.72149786434784, -52.132500028470865, 362.66220106521934]"
0.40195866660417495,128.1255046681404,0.7654347043309286,0.8341896262366577,False,False,"[0.5770435762656985, 0.2577802384104203, 56.89272937983035, -51.00768414227717, 191.3314338651256, 0.21114111272751418, 0.39007163392030353, 68.72149786434784, -52.132500028470865, 362.66220106521934]"
0.3979390799381332,127.97972910024598,1.0,0.9679209622263447,True,False,"[0.6814467480028672, 0.30649088366419464, 54.37413492164873, -57.1935214532732, 196.28039866501337, 0.18148315219447828, 0.4146172283138695, 63.537872051400754, -47.904118067841985, 366.55760337858703]"
0.3939596891387519,128.20584550502002,0.5632913848778945,0.41425781905780745,True,False,"[0.6408843783150434, 0.35055407614679285, 55.570076145271656, -50.99654920949841, 198.9652986611201, 0.23773241908551715, 0.2999299696619659, 60.481258081663846, -50.41918603752955, 370.3491545833172]"
0.3900200922473644,127.99541423551702,1.0,0.437124069879112,True,False,"[0.764958327525984, 0.39496894048239445, 53.87256166656396, -59.24401451432546, 198.6926785079729, 0.3868869437832131, 0.24905758819798607, 57.3950771733922, -44.272073090131556, 373.63042992938387]"
0.3861198913248907,127.93640858758162,1.0,0.5611350615804652,True,False,"[0.8007474437704688, 0.2764436454023298, 62.110284587365456, -71.32231794139949, 194.0555582267667, 0.39678027112655956, 0.34801010541039423, 67.86899997105509, -69.52508427776723, 373.27472863829934]"
0.3822586924116418,127.93640858758162,0.28423701475142116,0.5871808051128427,False,False,"[0.8007474437704688, 0.2764436454023298, 62.110284587365456, -71.32231794139949, 194.0555582267667, 0.39678027112655956, 0.34801010541039423, 67.86899997105509, -69.52508427776723, 373.27472863829934]"
0.3784361054875254,127.98588329640604,0.8774505819081829,0.10941039511772999,True,False,"[0.8027997644220113, 0.33183520644692477, 68.66651444743727, -76.12022119820617, 189.0083067629674, 0.294711576957693, 0.409127675169528, 64.20272645853343, -55.86673631808359, 378.3267844024467]"
0.3746517444326501,128.08291166700084,0.7718362721507357,0.5582882326971669,True,False,"[0.7866549019954139, 0.25099800684282947, 81.16596405439677, -82.5085043967786, 187.88099158844693, 0.31732996037514016, 0.4310001862242547, 68.01839383195697, -69.03708854344023, 375.85096709153987]"
0.37090522698832357,128.08291166700084,0.7795958795658472,0.8043992329493781,False,False,"[0.7866549019954139, 0.25099800684282947, 81.16596405439677, -82.5085043967786, 187.88099158844693, 0.31732996037514016, 0.4310001862242547, 68.01839383195697, -69.03708854344023, 375.85096709153987]"
0.36719617471844035,128.08291166700084,0.37135456120545257,0.9698637185558628,False,False,"[0.7866549019954139, 0.25099800684282947, 81.16596405439677, -82.5085043967786, 187.88099158844693, 0.31732996037514016, 0.4310001862242547, 68.01839383195697, -69.03708854344023, 375.85096709153987]"
0.3635242129712559,128.2428038066545,0.6441400956486975,0.4986268362406826,True,False,"[0.7033226456837485, 0.35332313445454355, 86.02278725190786, -85.2157955569844, 186.79413085991587, 0.2153077587822214, 0.33513725961880536, 63.98324766293081, -57.870276787700845, 382.4875843855044]"
0.35988897084154337,128.2428038066545,0.4523403264087586,0.9446834756046052,False,False,"[0.7033226456837485, 0.35332313445454355, 86.02278725190786, -85.2157955569844, 186.79413085991587, 0.2153077587822214, 0.33513725961880536, 63.98324766293081, -57.870276787700845, 382.4875843855044]"
0.35629008113312793,128.2428038066545,0.7324290970511333,0.9095158002569712,False,False,"[0.7033226456837485, 0.35332313445454355, 86.02278725190786, -85.2157955569844, 186.79413085991587, 0.2153077587822214, 0.33513725961880536, 63.98324766293081, -57.870276787700845, 382.4875843855044]"
0.3527271803217967,128.37506332531115,0.6873149487530053,0.663917068269438,True,False,"[0.6746670413971426, 0.3941797757686258, 80.57443784828826, -85.87994745452752, 192.32074004927628, 0.3572771505015425, 0.3080265756959365, 64.82980796782654, -58.264366863332185, 385.8413264516251]"
0.3491999085185787,128.73361024859312,0.3581630515353614,0.09033057618477547,True,False,"[0.8417864724668523, 0.29197943072985255, 86.41398782436823, -66.39419035938714, 188.7388933516469, 0.23970095934306435, 0.4007581397973105, 65.54219320604582, -54.334447169532, 385.3547709672865]"
0.3457079094333929,128.74557857155736,0.9659726531569649,0.2839037810431134,True,False,"[0.8228333859386231, 0.38995550740588625, 80.65409905881423, -61.11819216136423, 184.5400260658733, 0.27081993588348247, 0.4523794740768008, 73.33179342946138, -53.76823579095235, 390.92794588034053]"
0.34225083033905895,128.74557857155736,0.4014598065224043,0.6922294155804168,False,False,"[0.8228333859386231, 0.38995550740588625, 80.65409905881423, -61.11819216136423, 184.5400260658733, 0.27081993588348247, 0.4523794740768008, 73.33179342946138, -53.76823579095235, 390.92794588034053]"
0.3388283220356684,129.01854974944933,0.44680514089312795,0.22988469018320368,True,False,"[0.7195772388985711, 0.5148858591771335, 81.08594495430613, -47.58239930701311, 186.29518005411077, 0.3527340457734561, 0.3802409626529931, 83.04209261423213, -52.76248261702069, 390.90114997760185]"
0.3354400388153117,128.9289985444886,1.0,0.41039303623876155,True,False,"[0.7200430836559639, 0.38198085763114686, 71.52067728680339, -60.52183513333363, 199.54954079785398, 0.40226426758536626, 0.3830448932880697, 90.46881784651823, -49.96512132232303, 391.5134004080239]"
0.3320856384271586,128.4950176867831,1.0,0.25890989782330587,True,False,"[0.7141628592086119, 0.3516452215434951, 77.25828644042521, -77.36882104471215, 190.60298335253054, 0.4617163714369434, 0.4833840487839044, 88.49358424851863, -42.37737545917018, 392.6841728584394]"
0.328764782042887,128.3867183668907,1.0,0.7745817379739711,True,False,"[0.6227059472350072, 0.24082206367328668, 78.62407036319331, -78.94928429628963, 186.6110242965388, 0.4496553873044494, 0.4994143439295601, 94.97211995326742, -36.53632677662589, 393.8529311923791]"
0.3254771342224581,128.3267919381596,1.0,0.33716373956698065,True,False,"[0.7892983588713544, 0.30271138721984325, 66.59080501954145, -68.24032586748582, 184.65631480154633, 0.466694359657613, 0.44652710500682685, 85.79388009871448, -34.74829481730769, 393.6843009098653]"
0.32222236288023354,128.3267919381596,0.682692551703709,0.6877098129511152,False,False,"[0.7892983588713544, 0.30271138721984325, 66.59080501954145, -68.24032586748582, 184.65631480154633, 0.466694359657613, 0.44652710500682685, 85.79388009871448, -34.74829481730769, 393.6843009098653]"
0.3190001392514312,128.3267919381596,0.235775182516649,0.7178910310573388,False,False,"[0.7892983588713544, 0.30271138721984325, 66.59080501954145, -68.24032586748582, 184.65631480154633, 0.466694359657613, 0.44652710500682685, 85.79388009871448, -34.74829481730769, 393.6843009098653]"
0.31581013785891693,128.3267919381596,0.23915647629922573,0.7062710716607092,False,False,"[0.7892983588713544, 0.30271138721984325, 66.59080501954145, -68.24032586748582, 184.65631480154633, 0.466694359657613, 0.44652710500682685, 85.79388009871448, -34.74829481730769, 393.6843009098653]"
0.31265203648032774,128.35525027644937,0.9129972608035086,0.7853525772361792,True,False,"[0.7887120806686112, 0.3747782132305252, 61.130414620745725, -59.45847040003274, 184.85255175944116, 0.3993423320706867, 0.4412818182517752, 81.76803913150624, -38.29578940472999, 386.6273410364091]"
0.3095255161155245,128.2726303059444,1.0,0.6482120580508165,True,False,"[0.7804112368943442, 0.4544364050035666, 65.53436985722576, -58.18029471156919, 181.44970148393946, 0.624072722962351, 0.24378610839910755, 73.01981978127387, -32.909925464636956, 395.6423905991997]"
0.3064302609543692,127.9607652669311,1.0,0.9593043975670639,True,False,"[0.6277710418508388, 0.5880965068765325, 68.57282718007572, -61.95055846451535, 179.81241500453552, 0.5984519890064415, 0.3044401686524574, 66.44675401261247, -48.952815797602256, 393.28611778229896]"
0.3033659583448255,128.6298349239631,0.11019685375901304,0.05066981849295671,True,False,"[0.736171296397332, 0.5775471104392144, 70.26608315166986, -41.30051334040148, 184.5519133158232, 0.4681478141801836, 0.3577245912393447, 66.85339350938403, -46.511802727702175, 393.6704419033949]"
0.30033229876137724,128.58302688128822,1.0,0.9861187750738629,True,False,"[0.6439274938637178, 0.510611290447756, 75.48462701256933, -44.001305347862676, 184.78310637126506, 0.43125078077512924, 0.22661380839743386, 64.02703370192908, -47.37436296442386, 391.1812661423321]"
0.29732897577376344,128.79085049047737,0.4970977607185124,0.40813121535473307,True,False,"[0.8415375697506464, 0.5694788157834372, 77.45420042953162, -47.14358254014611, 186.6000305348964, 0.40343674977029054, 0.17923115970307602, 67.33142876458699, -49.557229929914925, 393.8088471972627]"
0.2943556860160258,128.8724665939843,0.7578495862687189,0.5490687533576372,True,False,"[0.7669187941921597, 0.720906476821888, 73.79222184455664, -8.260695838035687, 187.50905890829475, 0.3249943555162237, 0.36000214979662665, 69.10392555268112, -61.66387531566059, 390.1156849047702]"
0.29141212915586556,128.87735407087726,0.9833681616697244,0.7818064130085158,True,False,"[0.7538797103739534, 0.7301188840006521, 74.17826771397559, 10.110074801095614, 186.80322635382242, 0.2971732301244999, 0.34440699595235325, 69.67989847724706, -59.99021068759789, 389.3657984690522]"
0.2884980078643069,128.72726693035327,1.0,0.8746858481695925,True,False,"[0.7836788124008077, 0.7045749939652686, 65.71430428778473, 9.331413159839139, 185.74626120862393, 0.2529011682587061, 0.39736175602884116, 66.84977964435166, -62.14780156183214, 395.29407032256415]"
0.28561302778566383,128.8797861529118,0.5862514227619379,0.4797967431722717,True,False,"[0.8076895710481868, 0.7078262174738046, 70.23019286453021, 24.256248945969737, 181.70946439501975, 0.2780184980410591, 0.3670844117238639, 75.16222641868225, -62.99683315501448, 402.7926097313072]"
0.2827568975078072,128.8070867109032,1.0,0.7273387766992979,True,False,"[0.6747943166950816, 0.6856325757646878, 77.15692363341486, 35.236116380706115, 185.27928754161184, 0.40719699374028734, 0.32222730313053305, 76.45108061745789, -70.81703679499898, 398.89581976530155]"
0.2799293285327291,129.02536593495262,0.4585135344987635,0.45577474355750647,True,False,"[0.7745175399243126, 0.8729088204839209, 72.44101743997832, 27.271001993389795, 187.22400794143627, 0.5102479943088453, 0.2783099899782271, 76.04986947126739, -64.89584089445503, 406.45520211856376]"
0.2771300352474018,128.92274182763342,1.0,0.856975393873936,True,False,"[0.7485412947106607, 0.7245895200793466, 77.21594790146594, 16.75243870375722, 183.12534922211944, 0.5989661814169285, 0.24482782193490404, 72.46830617557123, -57.5384407965727, 403.0221305635613]"
0.2743587348949278,128.84920196292498,1.0,0.20545794724117616,True,False,"[0.6966981925776129, 0.7599048531014109, 69.39370268915422, 30.051867375512877, 187.27431640819188, 0.5071812929483726, 0.2658031130515979, 79.80445982598106, -46.29710896797632, 404.4493692724201]"
0.2716151475459785,128.8703245468735,0.9251803472404726,0.16576986275794214,True,False,"[0.6719281920945621, 0.6362298124474424, 74.6195089591041, 24.420667835021042, 186.89834140951257, 0.436600629198172, 0.23519521460490933, 74.4418171967925, -57.77773313461809, 402.22899311289353]"
0.2688989960705187,128.85078009344755,1.0,0.1766632968813513,True,False,"[0.5734156212531466, 0.7423377309240446, 81.10882613689256, 9.480335907669202, 178.55544163223834, 0.39766309315158577, 0.3225734010013528, 71.73717132453564, -53.41663368988174, 392.3517723250076]"
0.2662100061098135,128.85512449458327,0.9838129898623497,0.12119073678408865,True,False,"[0.37503218377855213, 0.7338671925979632, 81.8357832780624, -3.644296844381575, 178.5626372967186, 0.5337970441580534, 0.5699529390784297, 71.69960174277614, -54.342702729932505, 389.1542416608037]"
0.26354790604871536,129.0703171618527,0.44196613614350133,0.3376782376698251,True,False,"[0.25307856654604655, 0.6953083158922875, 86.00758395789762, -4.681752455002772, 171.182025294574, 0.7403415266778774, 0.6975832569963447, 75.92623207805457, -54.37003101186209, 387.29163582584334]"
0.2609124269882282,129.1306477056921,0.7935576467240957,0.7862944871291423,True,False,"[0.15142515016684127, 0.6558863828340565, 86.54401932286184, 2.525803968121113, 174.3886125141115, 0.7429012467643128, 0.6614493711906866, 76.2094959166809, -66.86392661149615, 389.39541913700504]"
0.2583033027183459,128.79268100467243,1.0,0.6228742504576135,True,False,"[0.2174290872049116, 0.6416041606774335, 85.25009047206423, 3.7628031917806943, 155.26132410311942, 0.7372125370004576, 0.6529923653509607, 73.13741543500238, -71.34361350708882, 383.38326956574275]"
0.25572026969116246,128.55128213758755,1.0,0.4888701714649901,True,False,"[0.3840978344341964, 0.7907517648805762, 83.53223110422044, 10.876164861971088, 151.920467038588, 0.6880392901941677, 0.6427480536992086, 72.24570753335719, -69.71865652819702, 374.84455948852906]"
0.25316306699425084,128.68991133400667,0.5783427756569516,0.4839792634175595,True,False,"[0.43000289678582493, 0.8297927257685118, 85.36749820764351, 22.233599110634117, 154.01192245702, 0.6249905054920388, 0.7189909752360144, 76.77681265906413, -50.81200534253355, 376.42984388068345]"
0.25063143632430834,128.7070797499064,0.9337928546242383,0.8441476470517363,True,False,"[0.342432408935256, 0.8970515056239292, 74.64300841661856, -0.4094491883604654, 165.63105726999294, 0.6865348808685771, 0.8177566942507487, 76.01394244088247, -44.539678061406455, 377.0711848063988]"
0.24812512196106526,128.7312942606511,0.9070207787904118,0.49377846651038004,True,False,"[0.35202710445346913, 0.7390667675221821, 71.75563866141619, -3.8537363843694687, 165.0337978855807, 0.7139954160570758, 0.826491072975449, 78.66490260436326, -38.90227764177414, 368.9433490297527]"
0.2456438707414546,128.73426435149827,0.9879817589651331,0.5537135524294268,True,False,"[0.23385292875973207, 0.6430017429675141, 66.99201144637297, 12.500595477726474, 166.95174617795672, 0.774055900703287, 0.8259165152869423, 81.47344845091578, -43.25313765877551, 367.3373067971777]"
0.24318743203404006,128.73426435149827,0.5669231471418287,0.8209874503920249,False,False,"[0.23385292875973207, 0.6430017429675141, 66.99201144637297, 12.500595477726474, 166.95174617795672, 0.774055900703287, 0.8259165152869423, 81.47344845091578, -43.25313765877551, 367.3373067971777]"
0.24075555771369966,128.52531183284998,1.0,0.11589259891406734,True,False,"[0.22757002715018193, 0.5717044149905672, 64.47140107904349, 7.00756461249163, 168.86031366221184, 0.6024029716746762, 0.8099394682517296, 76.45218958557732, -21.610742712871883, 355.8543352325182]"
0.23834800213656265,128.57639164261795,0.8071000101639779,0.15610477448804494,True,False,"[0.2799712226579655, 0.7490058923476942, 69.01915604322605, -20.65511469840861, 176.06944679916407, 0.5904294569502944, 0.8526932527659697, 70.27210663747839, -24.66745941475678, 350.418652914475]"
0.23596452211519703,128.59591587614332,0.9205884059284355,0.40507554948643376,True,False,"[0.24717405328671008, 0.7548685709844687, 75.38137629836429, -35.21151805812921, 170.28644198575148, 0.6030067226522288, 0.8769607355251682, 74.94316918991072, -34.126422426026835, 353.96198595955815]"
0.23360487689404505,128.57825579753074,1.0,0.29564833046481787,True,False,"[0.17198872490925085, 0.8157525067818068, 79.21069218503861, -44.09395527991461, 170.5824484366483, 0.6055970030929091, 0.882194857147752, 67.918097160984, -45.99128831458502, 346.89274567682867]"
0.2312688281251046,128.41523397836525,1.0,0.9975596890301391,True,False,"[0.33889952365414283, 0.7339676443830694, 79.51098201851826, -47.75707951247979, 165.38512119833524, 0.7725208191320019, 0.7990582151599124, 71.34541579394988, -60.591182062430505, 343.3890975219592]"
0.22895613984385355,128.23597590672847,1.0,0.23247981214700886,True,False,"[0.31173736845044564, 0.814981361755664, 76.62061626458498, -44.8824036375664, 161.56907440797107, 0.6616284879600014, 0.7393024254516039, 75.29971927447131, -72.09099282648714, 340.13015330188824]"
0.22666657844541502,128.21454172192333,1.0,0.6594244623399523,True,False,"[0.29667727297475976, 0.8504100152211487, 80.02675453614668, -52.951043630292105, 161.80661238002133, 0.5527355682295311, 0.7042672762939437, 78.01933766516153, -72.86821070727632, 340.2274282527693]"
0.22439991266096088,128.21454172192333,0.34447777174244826,0.38520425574104,False,False,"[0.29667727297475976, 0.8504100152211487, 80.02675453614668, -52.951043630292105, 161.80661238002133, 0.5527355682295311, 0.7042672762939437, 78.01933766516153, -72.86821070727632, 340.2274282527693]"
0.22215591353435127,127.91378170131517,1.0,0.8591593283287647,True,False,"[0.29104603696131, 0.8329987475475585, 80.95068639971953, -63.26488667468659, 165.2208733350569, 0.5560890613662143, 0.6326911460075673, 75.41457907094738, -86.83221668527355, 335.0476925358404]"
0.21993435439900774,127.91378170131517,0.17380051860896764,0.5197676501193161,False,False,"[0.29104603696131, 0.8329987475475585, 80.95068639971953, -63.26488667468659, 165.2208733350569, 0.5560890613662143, 0.6326911460075673, 75.41457907094738, -86.83221668527355, 335.0476925358404]"
0.21773501085501767,127.91378170131517,0.11227152162210614,0.9128251684274877,False,False,"[0.29104603696131, 0.8329987475475585, 80.95068639971953, -63.26488667468659, 165.2208733350569, 0.5560890613662143, 0.6326911460075673, 75.41457907094738, -86.83221668527355, 335.0476925358404]"
0.21555766074646748,127.858669945401,1.0,0.8728512834664421,True,False,"[0.2917538276511128, 0.727289599909835, 85.58205117155427, -73.01417383787964, 160.27967812492125, 0.6173406779048676, 0.5248171038385747, 85.09335007112563, -91.39077885865213, 332.99331766200066]"
0.2134020841390028,127.7759585334132,1.0,0.9916465801650562,True,False,"[0.2687214660952554, 0.8093731801405579, 83.62001568711031, -74.46906935193887, 151.95954119576487, 0.7374639531917613, 0.564066820811312, 87.39571596022778, -86.93731633537841, 332.4450923357755]"
0.21126806329761277,128.00974113811304,0.3306917526258825,0.2725072619441232,True,False,"[0.2446118487973354, 0.7782991116141993, 87.28849257672886, -73.57630119748461, 150.32782619898373, 0.8342356109760881, 0.35402382620387207, 92.03681961387214, -83.72021553900038, 332.6040879700166]"
0.20915538266463665,128.23969983136544,0.33304974213310623,0.01576727293161695,True,False,"[0.19611224293492222, 0.8407684551145851, 83.95370815643749, -79.77265271483968, 153.31328575253232, 0.7865451590534429, 0.3644460953466108, 90.5343159400832, -73.69709157165178, 329.62332321212523]"
0.2070638288379903,128.03842356995202,1.0,0.6084458308553733,True,False,"[0.28640414229006383, 0.7631247776301409, 85.4415903901002, -63.26941331179029, 154.11561116443434, 0.703619537765042, 0.3745794019770955, 84.80213594623048, -83.61863739547691, 329.43185153902743]"
0.20499319054961038,128.03842356995202,0.19907098205243273,0.24796903563680917,False,False,"[0.28640414229006383, 0.7631247776301409, 85.4415903901002, -63.26941331179029, 154.11561116443434, 0.703619537765042, 0.3745794019770955, 84.80213594623048, -83.61863739547691, 329.43185153902743]"
0.20294325864411428,127.90121279251795,1.0,0.6217576714821209,True,False,"[0.49718435980502684, 0.8318207677013555, 86.6358363920651, -66.04576059835772, 154.1428065964913, 0.6673361720911397, 0.15797773456832698, 91.45671000916255, -78.95208822243187, 334.1359173413751]"
0.20091382605767313,128.03445837759935,0.5152012444320153,0.13372124074129343,True,False,"[0.5652745428308219, 0.8150999788871893, 84.47292946029107, -54.8831003299423, 147.44396774016772, 0.7758676018215926, 0.2248335294579095, 96.0859939090332, -74.39122205395648, 319.13643944064347]"
0.1989046877970964,127.84499778314773,1.0,0.9957119429212038,True,False,"[0.619418775993462, 0.6739594133434474, 84.69373157032595, -58.99918295827474, 151.96225798906755, 0.7374286086290258, 0.223688407667167, 84.77606622678252, -89.36595671999197, 323.07645126220456]"
0.19691564091912545,127.84499778314773,0.6610154189173133,0.9102812999368133,False,False,"[0.619418775993462, 0.6739594133434474, 84.69373157032595, -58.99918295827474, 151.96225798906755, 0.7374286086290258, 0.223688407667167, 84.77606622678252, -89.36595671999197, 323.07645126220456]"
0.19494648450993418,127.84499778314773,0.7267693541565815,0.9033346245238006,False,False,"[0.619418775993462, 0.6739594133434474, 84.69373157032595, -58.99918295827474, 151.96225798906755, 0.7374286086290258, 0.223688407667167, 84.77606622678252, -89.36595671999197, 323.07645126220456]"
0.19299701966483485,128.30726953789036,0.0911519461929206,0.07095321089405715,True,False,"[0.688970332535882, 0.7532313325175183, 86.13492794807755, -43.23237168469015, 154.57133833305798, 0.7879816259536544, 0.39758348714515, 86.33359933996269, -81.35030221482504, 324.124533461213]"
0.1910670494681865,127.97525046577269,1.0,0.1773377649473431,True,False,"[0.554020700902358, 0.773866767445167, 82.90426467109428, -57.86730286657408, 156.23923047048055, 0.7892584817527495, 0.5702343918898493, 87.72757459946776, -90.98957400093458, 329.46276669749204]"
0.18915637897350465,127.67747448191447,1.0,0.8247124169640195,True,False,"[0.5455387979776343, 0.5707387768891847, 73.85016861549005, -64.09672562299706, 165.00855347107486, 0.681536934053558, 0.46403581858692755, 89.13311468925423, -94.09032204181719, 325.0053104347016]"
0.1872648151837696,127.67747448191447,0.26431738317142345,0.30872565942192776,False,False,"[0.5455387979776343, 0.5707387768891847, 73.85016861549005, -64.09672562299706, 165.00855347107486, 0.681536934053558, 0.46403581858692755, 89.13311468925423, -94.09032204181719, 325.0053104347016]"
0.18539216703193193,127.22966171903602,1.0,0.3893820813062212,True,True,"[0.5757569062446141, 0.7109882263985868, 73.66212200571297, -77.90309782526997, 166.211856242257, 0.7382458067915383, 0.5050015590326713, 92.73747723771828, -91.51714937130689, 331.8084170137942]"
0.18353824536161262,127.11486996480608,1.0,0.3727609438593503,True,True,"[0.6209344618185008, 0.7670983087580981, 79.59913688945372, -79.2812197577162, 160.65520413369003, 0.7021511934527024, 0.5281446873489483, 89.84860624012695, -102.28192220467466, 336.28466584399405]"
0.18170286290799648,127.11486996480608,0.014770601312590082,0.26035102870792604,False,True,"[0.6209344618185008, 0.7670983087580981, 79.59913688945372, -79.2812197577162, 160.65520413369003, 0.7021511934527024, 0.5281446873489483, 89.84860624012695, -102.28192220467466, 336.28466584399405]"
0.17988583427891652,127.11486996480608,0.01526672192468905,0.16387031400671637,False,True,"[0.6209344618185008, 0.7670983087580981, 79.59913688945372, -79.2812197577162, 160.65520413369003, 0.7021511934527024, 0.5281446873489483, 89.84860624012695, -102.28192220467466, 336.28466584399405]"
0.17808697593612735,127.11486996480608,0.04363729307778114,0.5051337699595314,False,True,"[0.6209344618185008, 0.7670983087580981, 79.59913688945372, -79.2812197577162, 160.65520413369003, 0.7021511934527024, 0.5281446873489483, 89.84860624012695, -102.28192220467466, 336.28466584399405]"
0.17630610617676606,127.11486996480608,0.21693077805941127,0.6691228659678072,False,True,"[0.6209344618185008, 0.7670983087580981, 79.59913688945372, -79.2812197577162, 160.65520413369003, 0.7021511934527024, 0.5281446873489483, 89.84860624012695, -102.28192220467466, 336.28466584399405]"
0.1745430451149984,127.11486996480608,0.08669769041722368,0.9667228089218783,False,True,"[0.6209344618185008, 0.7670983087580981, 79.59913688945372, -79.2812197577162, 160.65520413369003, 0.7021511934527024, 0.5281446873489483, 89.84860624012695, -102.28192220467466, 336.28466584399405]"
0.1727976146638484,127.68647657240183,0.036590952379978205,0.006563438808290023,True,False,"[0.5519459155327526, 0.844490131719841, 80.69534784912585, -60.651299264169324, 160.88430901402555, 0.6344261793373693, 0.5970223161822944, 89.26539594060206, -98.09326804136924, 330.18532799053827]"
0.1710696385172099,127.33744031481943,1.0,0.1590774343861845,True,False,"[0.5889982677422891, 0.7626588124871441, 80.61027198064669, -82.12526414981683, 171.17496596976324, 0.7720425846035484, 0.5644752321369333, 86.86685192711965, -101.27562754646723, 336.0771147797401]"
0.1693589421320378,127.33744031481943,0.07198963018915823,0.7383835728650684,False,False,"[0.5889982677422891, 0.7626588124871441, 80.61027198064669, -82.12526414981683, 171.17496596976324, 0.7720425846035484, 0.5644752321369333, 86.86685192711965, -101.27562754646723, 336.0771147797401]"
0.16766535271071742,127.33744031481943,0.6640581039177533,0.8914687617973738,False,False,"[0.5889982677422891, 0.7626588124871441, 80.61027198064669, -82.12526414981683, 171.17496596976324, 0.7720425846035484, 0.5644752321369333, 86.86685192711965, -101.27562754646723, 336.0771147797401]"
0.16598869918361026,127.50158377576264,0.37199184380859746,0.1272875602505612,True,False,"[0.5516642849157738, 0.8241504223590901, 84.85342876333881, -85.45913049912338, 170.65077774119277, 0.774514355248548, 0.5654199953493989, 97.15604715575034, -97.04747284385185, 335.65879639567027]"
0.16432881219177414,127.50158377576264,0.18265420824502662,0.9527346321682832,False,False,"[0.5516642849157738, 0.8241504223590901, 84.85342876333881, -85.45913049912338, 170.65077774119277, 0.774514355248548, 0.5654199953493989, 97.15604715575034, -97.04747284385185, 335.65879639567027]"
0.1626855240698564,127.50158377576264,0.24844864213994797,0.2927598579161408,False,False,"[0.5516642849157738, 0.8241504223590901, 84.85342876333881, -85.45913049912338, 170.65077774119277, 0.774514355248548, 0.5654199953493989, 97.15604715575034, -97.04747284385185, 335.65879639567027]"
0.16105866882915784,127.96394876389469,0.05665437293657701,0.03434219841172437,True,False,"[0.5716084664774135, 0.7386518875829851, 91.99029905495402, -80.67907560771899, 168.17739953973802, 0.7662302701214098, 0.5832982702352089, 96.81920299361383, -98.8051133533237, 333.0943968811026]"
0.15944808214086625,127.96394876389469,0.7727520011390207,0.8651605734794697,False,False,"[0.5716084664774135, 0.7386518875829851, 91.99029905495402, -80.67907560771899, 168.17739953973802, 0.7662302701214098, 0.5832982702352089, 96.81920299361383, -98.8051133533237, 333.0943968811026]"
0.15785360131945758,127.52601406651588,1.0,0.5828958769022848,True,False,"[0.6170960847886983, 0.845662299197428, 88.12787331252325, -82.65790649871911, 161.79270191767313, 0.7838511231036204, 0.4524823833472158, 98.84637737506591, -100.6261418890279, 329.78184163352745]"
0.156275065306263,127.47969002597091,1.0,0.7602900126268237,True,False,"[0.4281161052192153, 0.8149414856548021, 86.74036944714848, -78.34685127930463, 157.56347187141841, 0.45438061188603257, 0.43265876025981165, 95.1074119761007, -100.33965144093533, 325.98925423839484]"
0.15471231465320037,127.44228205024413,1.0,0.8630825207708867,True,False,"[0.3407127054296433, 0.7698394464843125, 80.43458335544358, -74.15957406064254, 153.31977746858897, 0.48723653633611996, 0.562547788089836, 97.2521505350086, -99.70804375111459, 332.8237761763015]"
0.15316519150666838,127.44228205024413,0.012542742384055288,0.09813455588881737,False,False,"[0.3407127054296433, 0.7698394464843125, 80.43458335544358, -74.15957406064254, 153.31977746858897, 0.48723653633611996, 0.562547788089836, 97.2521505350086, -99.70804375111459, 332.8237761763015]"
0.1516335395916017,127.44228205024413,0.020689048467244578,0.7582044289136111,False,False,"[0.3407127054296433, 0.7698394464843125, 80.43458335544358, -74.15957406064254, 153.31977746858897, 0.48723653633611996, 0.562547788089836, 97.2521505350086, -99.70804375111459, 332.8237761763015]"
0.15011720419568567,127.58197416434152,0.3943353214273997,0.0016041381800447896,True,False,"[0.3867833702449255, 0.8094445573683332, 78.40221473915824, -69.37104410572054, 155.41477732543459, 0.5016148443138495, 0.48227981889490334, 90.96515579946801, -81.86549505221106, 329.8162523717087]"
0.14861603215372882,127.69067756588676,0.48121654112742285,0.20688786145047255,True,False,"[0.4983800737562526, 0.7377532889797656, 78.17514194869466, -67.54848853807287, 161.5347093050419, 0.7503869872496669, 0.4071415777432841, 86.29072026837582, -86.92026839789058, 333.8695895603283]"
0.14712987183219153,127.91855234859726,0.2125027705220041,0.1396545957716412,True,False,"[0.4289864588657639, 0.6987794843171127, 72.22234849542329, -56.00280980472579, 163.19149367051057, 0.768332545585119, 0.38660625187236486, 93.77721687149587, -90.75664638477431, 324.28224896317545]"
0.14565857311386962,127.82704341934155,1.0,0.9215345291299272,True,False,"[0.38929836197879736, 0.6824194013922785, 71.56326716710298, -54.183393960553275, 162.67678812068436, 0.7882537829720303, 0.5338491359821615, 90.28035672928365, -106.00791216066713, 323.8096706192952]"
0.14420198738273093,127.82704341934155,0.4016483014915289,0.8195524060546892,False,False,"[0.38929836197879736, 0.6824194013922785, 71.56326716710298, -54.183393960553275, 162.67678812068436, 0.7882537829720303, 0.5338491359821615, 90.28035672928365, -106.00791216066713, 323.8096706192952]"
0.14275996750890363,127.89922440367467,0.6031370542997837,0.29489197607242734,True,False,"[0.4855494902657374, 0.7249332823957022, 67.88059714178377, -51.324420290048494, 164.3107535956195, 0.788680031895558, 0.5996061330795325, 99.65486619929825, -108.4989479787016, 327.72084645361605]"
0.1413323678338146,127.93988522984712,0.749989186793257,0.5872926699437482,True,False,"[0.47495357375697844, 0.7249322269454959, 67.80677100695154, -56.08757838009127, 163.71003214850822, 0.8353511008724301, 0.6230332241239197, 98.6599411078552, -96.32145171681051, 328.7992552806633]"
0.13991904415547643,127.93988522984712,0.041793206714747254,0.45944907265721013,False,False,"[0.47495357375697844, 0.7249322269454959, 67.80677100695154, -56.08757838009127, 163.71003214850822, 0.8353511008724301, 0.6230332241239197, 98.6599411078552, -96.32145171681051, 328.7992552806633]"
0.13851985371392167,127.93988522984712,0.3928312440103714,0.8922704822065489,False,False,"[0.47495357375697844, 0.7249322269454959, 67.80677100695154, -56.08757838009127, 163.71003214850822, 0.8353511008724301, 0.6230332241239197, 98.6599411078552, -96.32145171681051, 328.7992552806633]"
0.13713465517678244,127.93988522984712,0.07631679015343008,0.6369932752340413,False,False,"[0.47495357375697844, 0.7249322269454959, 67.80677100695154, -56.08757838009127, 163.71003214850822, 0.8353511008724301, 0.6230332241239197, 98.6599411078552, -96.32145171681051, 328.7992552806633]"
0.13576330862501462,127.93988522984712,0.43828772822277046,0.5655345498594683,False,False,"[0.47495357375697844, 0.7249322269454959, 67.80677100695154, -56.08757838009127, 163.71003214850822, 0.8353511008724301, 0.6230332241239197, 98.6599411078552, -96.32145171681051, 328.7992552806633]"
0.13440567553876448,127.47945053179913,1.0,0.025216400833374175,True,False,"[0.4190758619084338, 0.8250184601037307, 67.95147833660049, -66.98272109607443, 169.9886313278876, 0.6839336150237862, 0.3839460061395823, 92.68269357465306, -84.99497273067688, 317.60087684002855]"
0.13306161878337683,127.47945053179913,0.01642306216785499,0.4986455502629479,False,False,"[0.4190758619084338, 0.8250184601037307, 67.95147833660049, -66.98272109607443, 169.9886313278876, 0.6839336150237862, 0.3839460061395823, 92.68269357465306, -84.99497273067688, 317.60087684002855]"
0.13173100259554305,127.45451662693381,1.0,0.7952300346775534,True,False,"[0.39627466953148816, 0.8179150372747067, 69.75611269577963, -72.39463824922683, 172.95172023837583, 0.638492889170518, 0.24801501546645088, 94.93003142783432, -90.648409956921, 318.97567221770504]"
0.13041369256958762,127.45451662693381,0.17379549258715524,0.8868273928706567,False,False,"[0.39627466953148816, 0.8179150372747067, 69.75611269577963, -72.39463824922683, 172.95172023837583, 0.638492889170518, 0.24801501546645088, 94.93003142783432, -90.648409956921, 318.97567221770504]"
0.12910955564389176,127.45451662693381,0.08570654523203829,0.5183608828527076,False,False,"[0.39627466953148816, 0.8179150372747067, 69.75611269577963, -72.39463824922683, 172.95172023837583, 0.638492889170518, 0.24801501546645088, 94.93003142783432, -90.648409956921, 318.97567221770504]"
0.12781846008745285,127.69440769068623,0.15307752603322983,0.0638773062733331,True,False,"[0.4905185260680874, 0.7721969573689915, 78.42502829046133, -70.33026354627675, 166.52614551132956, 0.6719835461104442, 0.23645447092416322, 92.90684931202436, -85.26269829267108, 316.28060403834223]"
0.1265402754865783,127.62951299510908,1.0,0.4346128122542998,True,False,"[0.5475164700388669, 0.7329182594440663, 71.12876365302657, -60.56808475373955, 164.05140895151357, 0.5997087563006059, 0.17354806993991273, 89.58352363855289, -83.50169291279552, 314.57819370270096]"
0.12527487273171253,127.62951299510908,0.013153950233944651,0.5843371257637096,False,False,"[0.5475164700388669, 0.7329182594440663, 71.12876365302657, -60.56808475373955, 164.05140895151357, 0.5997087563006059, 0.17354806993991273, 89.58352363855289, -83.50169291279552, 314.57819370270096]"
0.12402212400439541,127.6262098718615,1.0,0.6916273061790509,True,False,"[0.47185301921489714, 0.6449961389482856, 68.93891417109687, -52.27181868265436, 159.89870349133923, 0.5308104795972289, 0.1451924315147679, 94.01019020413943, -101.56230935921803, 317.73883641139986]"
0.12278190276435146,127.6262098718615,0.10353470052851232,0.7738115024215032,False,False,"[0.47185301921489714, 0.6449961389482856, 68.93891417109687, -52.27181868265436, 159.89870349133923, 0.5308104795972289, 0.1451924315147679, 94.01019020413943, -101.56230935921803, 317.73883641139986]"
0.12155408373670794,127.6262098718615,0.03668053806171165,0.7185432361762427,False,False,"[0.47185301921489714, 0.6449961389482856, 68.93891417109687, -52.27181868265436, 159.89870349133923, 0.5308104795972289, 0.1451924315147679, 94.01019020413943, -101.56230935921803, 317.73883641139986]"
0.12033854289934086,127.26899700062518,1.0,0.18204637855380046,True,False,"[0.38814374022400955, 0.7394368808325174, 63.56307141232082, -62.24177691905679, 158.795007942726, 0.7579554845800042, 0.11218805386545028, 97.68986264860477, -91.51291111579734, 315.064595116329]"
0.11913515747034745,127.28757745853892,0.8555924169287495,0.4241928384297269,True,False,"[0.2670734524288985, 0.6545196850039363, 53.12435614502985, -51.53928874145676, 157.35406771366738, 0.7152773561585368, 0.19635031950055876, 91.28095470399269, -82.12868593807572, 316.8645975588366]"
0.11794380589564397,127.19989783152381,1.0,0.9950623462315743,True,False,"[0.48140276895354467, 0.49163124065295544, 48.85263302517965, -44.42017023690832, 160.67985515872613, 0.662377413509502, 0.18478998031465982, 97.95635089256879, -89.56913690972728, 315.7891394673474]"
0.11676436783668753,126.94837103204046,1.0,0.04265606258756627,True,True,"[0.42797779600016456, 0.4493821615932013, 42.01459752114544, -30.52234574300506, 149.60454833471013, 0.5150096574600967, 0.26721714866309065, 99.57015211739355, -86.8436297429901, 317.49805674122615]"
0.11559672415832066,126.94837103204046,0.012131292061423193,0.3372607298829604,False,True,"[0.42797779600016456, 0.4493821615932013, 42.01459752114544, -30.52234574300506, 149.60454833471013, 0.5150096574600967, 0.26721714866309065, 99.57015211739355, -86.8436297429901, 317.49805674122615]"
0.11444075691673745,126.94837103204046,0.19731310222823376,0.3085655662707134,False,True,"[0.42797779600016456, 0.4493821615932013, 42.01459752114544, -30.52234574300506, 149.60454833471013, 0.5150096574600967, 0.26721714866309065, 99.57015211739355, -86.8436297429901, 317.49805674122615]"
0.11329634934757007,126.30633818200634,1.0,0.4342462358626267,True,True,"[0.5991223458024035, 0.38868245728614875, 42.212886701653105, -39.674484779553964, 135.7789542507023, 0.5317437930729679, 0.15504712910895954, 87.61893061966363, -75.48671807334867, 331.07243455058807]"
0.11216338585409437,126.30633818200634,0.0020251750005121634,0.8497162274482896,False,True,"[0.5991223458024035, 0.38868245728614875, 42.212886701653105, -39.674484779553964, 135.7789542507023, 0.5317437930729679, 0.15504712910895954, 87.61893061966363, -75.48671807334867, 331.07243455058807]"
0.11104175199555343,126.30633818200634,0.023670206763668836,0.09440848569895177,False,True,"[0.5991223458024035, 0.38868245728614875, 42.212886701653105, -39.674484779553964, 135.7789542507023, 0.5317437930729679, 0.15504712910895954, 87.61893061966363, -75.48671807334867, 331.07243455058807]"
0.10993133447559789,126.30633818200634,0.3693513610721458,0.6835397098374513,False,True,"[0.5991223458024035, 0.38868245728614875, 42.212886701653105, -39.674484779553964, 135.7789542507023, 0.5317437930729679, 0.15504712910895954, 87.61893061966363, -75.48671807334867, 331.07243455058807]"
0.10883202113084191,126.30633818200634,0.001263828595869651,0.14271907044940468,False,True,"[0.5991223458024035, 0.38868245728614875, 42.212886701653105, -39.674484779553964, 135.7789542507023, 0.5317437930729679, 0.15504712910895954, 87.61893061966363, -75.48671807334867, 331.07243455058807]"
0.10774370091953349,126.30633818200634,0.014818105880398126,0.058820665878937195,False,True,"[0.5991223458024035, 0.38868245728614875, 42.212886701653105, -39.674484779553964, 135.7789542507023, 0.5317437930729679, 0.15504712910895954, 87.61893061966363, -75.48671807334867, 331.07243455058807]"
0.10666626391033815,126.30633818200634,0.006738884197905516,0.36799206699089826,False,True,"[0.5991223458024035, 0.38868245728614875, 42.212886701653105, -39.674484779553964, 135.7789542507023, 0.5317437930729679, 0.15504712910895954, 87.61893061966363, -75.48671807334867, 331.07243455058807]"
0.10559960127123477,126.30633818200634,0.4383242135111483,0.5826654165627474,False,True,"[0.5991223458024035, 0.38868245728614875, 42.212886701653105, -39.674484779553964, 135.7789542507023, 0.5317437930729679, 0.15504712910895954, 87.61893061966363, -75.48671807334867, 331.07243455058807]"
0.10454360525852242,125.99602623482723,1.0,0.6839390617704832,True,True,"[0.5712125126590234, 0.49789283527787076, 43.96379402347173, -50.76508079134199, 138.76407905118012, 0.3427913923419493, 0.1274979749868906, 80.26587947678085, -73.61921369526887, 329.61426117251295]"
0.1034981692059372,125.99602623482723,0.010266613253244933,0.393117692493813,False,True,"[0.5712125126590234, 0.49789283527787076, 43.96379402347173, -50.76508079134199, 138.76407905118012, 0.3427913923419493, 0.1274979749868906, 80.26587947678085, -73.61921369526887, 329.61426117251295]"
0.10246318751387783,125.99602623482723,0.0008214160712011116,0.4932626172587433,False,True,"[0.5712125126590234, 0.49789283527787076, 43.96379402347173, -50.76508079134199, 138.76407905118012, 0.3427913923419493, 0.1274979749868906, 80.26587947678085, -73.61921369526887, 329.61426117251295]"
0.10143855563873905,125.99602623482723,0.018015961467014147,0.9086841834667861,False,True,"[0.5712125126590234, 0.49789283527787076, 43.96379402347173, -50.76508079134199, 138.76407905118012, 0.3427913923419493, 0.1274979749868906, 80.26587947678085, -73.61921369526887, 329.61426117251295]"
0.10042417008235166,125.99602623482723,0.0027403252994414842,0.4485012218257771,False,True,"[0.5712125126590234, 0.49789283527787076, 43.96379402347173, -50.76508079134199, 138.76407905118012, 0.3427913923419493, 0.1274979749868906, 80.26587947678085, -73.61921369526887, 329.61426117251295]"
0.09941992838152815,125.99602623482723,6.990957941747358e-05,0.5844297265589614,False,True,"[0.5712125126590234, 0.49789283527787076, 43.96379402347173, -50.76508079134199, 138.76407905118012, 0.3427913923419493, 0.1274979749868906, 80.26587947678085, -73.61921369526887, 329.61426117251295]"
0.09842572909771287,125.99602623482723,0.007156274375466547,0.9697413374041435,False,True,"[0.5712125126590234, 0.49789283527787076, 43.96379402347173, -50.76508079134199, 138.76407905118012, 0.3427913923419493, 0.1274979749868906, 80.26587947678085, -73.61921369526887, 329.61426117251295]"
0.09744147180673574,125.99602623482723,0.00025671476642807623,0.0062650861983604145,False,True,"[0.5712125126590234, 0.49789283527787076, 43.96379402347173, -50.76508079134199, 138.76407905118012, 0.3427913923419493, 0.1274979749868906, 80.26587947678085, -73.61921369526887, 329.61426117251295]"
0.09646705708866837,125.99602623482723,0.12226506047975874,0.7910125479962075,False,True,"[0.5712125126590234, 0.49789283527787076, 43.96379402347173, -50.76508079134199, 138.76407905118012, 0.3427913923419493, 0.1274979749868906, 80.26587947678085, -73.61921369526887, 329.61426117251295]"
0.09550238651778169,126.16907021447989,0.16333800664753736,0.1355284908663279,True,False,"[0.4390974228337955, 0.47580736046162414, 39.66660055677592, -41.295528012399245, 135.9688268847881, 0.30052541891037104, 0.26802908100765077, 86.15391071002158, -73.29734406978453, 332.84434324485875]"
0.09454736265260387,126.16907021447989,0.00016145993462371571,0.5404705505804542,False,False,"[0.4390974228337955, 0.47580736046162414, 39.66660055677592, -41.295528012399245, 135.9688268847881, 0.30052541891037104, 0.26802908100765077, 86.15391071002158, -73.29734406978453, 332.84434324485875]"
0.09360188902607783,126.06842416869617,1.0,0.016077804387427785,True,False,"[0.5763755756640704, 0.5234782464988825, 35.13521106561102, -34.11983678184713, 141.6040912739141, 0.4964384122960969, 0.19475481271192502, 84.16563717298766, -87.73816795031517, 335.4759434602744]"
0.09266587013581705,125.934725808543,1.0,0.2883476362592422,True,True,"[0.6434991967461482, 0.4904480150247603, 41.07873923793814, -41.47979893597882, 127.30386514579911, 0.5273793317508879, 0.18105701990386108, 92.0435655746162, -89.18496573154454, 333.2069958892276]"
0.09173921143445887,125.84771628387978,1.0,0.31709386313450494,True,True,"[0.49422722191483054, 0.42031503307190066, 37.24741415613116, -37.747253245487855, 129.64567297436193, 0.4963425465985069, 0.20960873615746956, 91.38843335086072, -77.55155615467619, 342.8475549791083]"
0.09082181932011428,125.82502112702826,1.0,0.4747021661599363,True,True,"[0.469014880259617, 0.626230875010926, 34.06100745945483, -35.58192837159335, 133.62552572343492, 0.4427492645456863, 0.3737659958111599, 95.28669232858047, -76.09406125888266, 335.66902559539085]"
0.08991360112691314,125.82502112702826,0.0021567659477146955,0.07080633760994703,False,True,"[0.469014880259617, 0.626230875010926, 34.06100745945483, -35.58192837159335, 133.62552572343492, 0.4427492645456863, 0.3737659958111599, 95.28669232858047, -76.09406125888266, 335.66902559539085]"
0.08901446511564401,126.0870755601428,0.05265714438392719,0.03895807207305935,True,False,"[0.4560195170298189, 0.7705197590325067, 32.652841189100386, -28.274889534920018, 140.02818610372145, 0.581092296291206, 0.3221590055214183, 86.76492250284389, -74.29185797303327, 331.9217273283124]"
0.08812432046448757,125.7431001743079,1.0,0.7739082020018058,True,True,"[0.36945322155006566, 0.6435404911257973, 25.422502930445372, -22.250534683828068, 140.28653636826684, 0.5737969956240588, 0.36009930704169635, 82.77105181284077, -73.17980112173578, 338.16733203828835]"
0.08724307725984269,125.7431001743079,0.0003739922124447681,0.6682800770317168,False,True,"[0.36945322155006566, 0.6435404911257973, 25.422502930445372, -22.250534683828068, 140.28653636826684, 0.5737969956240588, 0.36009930704169635, 82.77105181284077, -73.17980112173578, 338.16733203828835]"
0.08637064648724427,125.7431001743079,0.0002442929793818845,0.8254733164356891,False,True,"[0.36945322155006566, 0.6435404911257973, 25.422502930445372, -22.250534683828068, 140.28653636826684, 0.5737969956240588, 0.36009930704169635, 82.77105181284077, -73.17980112173578, 338.16733203828835]"
0.08550694002237183,125.7431001743079,0.008063272992079906,0.9796369163710922,False,True,"[0.36945322155006566, 0.6435404911257973, 25.422502930445372, -22.250534683828068, 140.28653636826684, 0.5737969956240588, 0.36009930704169635, 82.77105181284077, -73.17980112173578, 338.16733203828835]"
0.08465187062214811,125.7431001743079,0.08542652535225222,0.680668287399022,False,True,"[0.36945322155006566, 0.6435404911257973, 25.422502930445372, -22.250534683828068, 140.28653636826684, 0.5737969956240588, 0.36009930704169635, 82.77105181284077, -73.17980112173578, 338.16733203828835]"
0.08380535191592663,125.7431001743079,0.000411983686341893,0.0478526718721588,False,True,"[0.36945322155006566, 0.6435404911257973, 25.422502930445372, -22.250534683828068, 140.28653636826684, 0.5737969956240588, 0.36009930704169635, 82.77105181284077, -73.17980112173578, 338.16733203828835]"
0.08296729839676736,125.7431001743079,0.01677256251705069,0.8811180265612876,False,True,"[0.36945322155006566, 0.6435404911257973, 25.422502930445372, -22.250534683828068, 140.28653636826684, 0.5737969956240588, 0.36009930704169635, 82.77105181284077, -73.17980112173578, 338.16733203828835]"
0.08213762541279969,125.7431001743079,2.443201100705564e-07,0.02240047591979455,False,True,"[0.36945322155006566, 0.6435404911257973, 25.422502930445372, -22.250534683828068, 140.28653636826684, 0.5737969956240588, 0.36009930704169635, 82.77105181284077, -73.17980112173578, 338.16733203828835]"
0.0813162491586717,125.7431001743079,0.23815022490419915,0.9398506852723535,False,True,"[0.36945322155006566, 0.6435404911257973, 25.422502930445372, -22.250534683828068, 140.28653636826684, 0.5737969956240588, 0.36009930704169635, 82.77105181284077, -73.17980112173578, 338.16733203828835]"
0.08050308666708497,125.7431001743079,2.8493900588924398e-06,0.8755360934255565,False,True,"[0.36945322155006566, 0.6435404911257973, 25.422502930445372, -22.250534683828068, 140.28653636826684, 0.5737969956240588, 0.36009930704169635, 82.77105181284077, -73.17980112173578, 338.16733203828835]"
0.07969805580041413,125.7431001743079,0.011729561329578033,0.999020825122154,False,True,"[0.36945322155006566, 0.6435404911257973, 25.422502930445372, -22.250534683828068, 140.28653636826684, 0.5737969956240588, 0.36009930704169635, 82.77105181284077, -73.17980112173578, 338.16733203828835]"
0.07890107524240998,125.7431001743079,8.135367188758958e-05,0.9704789379866761,False,True,"[0.36945322155006566, 0.6435404911257973, 25.422502930445372, -22.250534683828068, 140.28653636826684, 0.5737969956240588, 0.36009930704169635, 82.77105181284077, -73.17980112173578, 338.16733203828835]"
0.07811206448998588,125.7431001743079,0.015051362935337853,0.6017968477345766,False,True,"[0.36945322155006566, 0.6435404911257973, 25.422502930445372, -22.250534683828068, 140.28653636826684, 0.5737969956240588, 0.36009930704169635, 82.77105181284077, -73.17980112173578, 338.16733203828835]"
0.07733094384508601,125.7431001743079,0.0005204997954296733,0.5488663408639305,False,True,"[0.36945322155006566, 0.6435404911257973, 25.422502930445372, -22.250534683828068, 140.28653636826684, 0.5737969956240588, 0.36009930704169635, 82.77105181284077, -73.17980112173578, 338.16733203828835]"
0.07655763440663516,125.7431001743079,0.0023629140585422932,0.291724265342469,False,True,"[0.36945322155006566, 0.6435404911257973, 25.422502930445372, -22.250534683828068, 140.28653636826684, 0.5737969956240588, 0.36009930704169635, 82.77105181284077, -73.17980112173578, 338.16733203828835]"
0.0757920580625688,125.9362781500365,0.07817626795182266,0.011730741938975164,True,False,"[0.3604872473493869, 0.7564413177924272, 26.816241369208136, -23.006106507464594, 140.92708891711104, 0.7338400685990727, 0.36508416121220416, 85.52313469359598, -79.3284489878826, 336.3351528752991]"
0.07503413748194311,125.9362781500365,0.0006273926960122576,0.0766875477504968,False,False,"[0.3604872473493869, 0.7564413177924272, 26.816241369208136, -23.006106507464594, 140.92708891711104, 0.7338400685990727, 0.36508416121220416, 85.52313469359598, -79.3284489878826, 336.3351528752991]"
0.07428379610712368,125.9362781500365,6.606898053395204e-05,0.920329015667814,False,False,"[0.3604872473493869, 0.7564413177924272, 26.816241369208136, -23.006106507464594, 140.92708891711104, 0.7338400685990727, 0.36508416121220416, 85.52313469359598, -79.3284489878826, 336.3351528752991]"
0.07354095814605245,125.9362781500365,0.010486131532943503,0.9093470179016998,False,False,"[0.3604872473493869, 0.7564413177924272, 26.816241369208136, -23.006106507464594, 140.92708891711104, 0.7338400685990727, 0.36508416121220416, 85.52313469359598, -79.3284489878826, 336.3351528752991]"
0.07280554856459193,125.9362781500365,0.0005587860441748709,0.8405407480563969,False,False,"[0.3604872473493869, 0.7564413177924272, 26.816241369208136, -23.006106507464594, 140.92708891711104, 0.7338400685990727, 0.36508416121220416, 85.52313469359598, -79.3284489878826, 336.3351528752991]"
0.07207749307894601,125.9362781500365,0.06491676736178033,0.2796091358931003,False,False,"[0.3604872473493869, 0.7564413177924272, 26.816241369208136, -23.006106507464594, 140.92708891711104, 0.7338400685990727, 0.36508416121220416, 85.52313469359598, -79.3284489878826, 336.3351528752991]"
0.07135671814815654,125.9362781500365,2.244239814443468e-05,0.09034557494693041,False,False,"[0.3604872473493869, 0.7564413177924272, 26.816241369208136, -23.006106507464594, 140.92708891711104, 0.7338400685990727, 0.36508416121220416, 85.52313469359598, -79.3284489878826, 336.3351528752991]"
0.07064315096667498,125.9362781500365,1.5902198482268338e-06,0.9603255001097675,False,False,"[0.3604872473493869, 0.7564413177924272, 26.816241369208136, -23.006106507464594, 140.92708891711104, 0.7338400685990727, 0.36508416121220416, 85.52313469359598, -79.3284489878826, 336.3351528752991]"
0.06993671945700823,125.9362781500365,0.0037405869639982716,0.015570593305640812,False,False,"[0.3604872473493869, 0.7564413177924272, 26.816241369208136, -23.006106507464594, 140.92708891711104, 0.7338400685990727, 0.36508416121220416, 85.52313469359598, -79.3284489878826, 336.3351528752991]"
0.06923735226243814,125.9362781500365,0.008316265170711807,0.896782728753072,False,False,"[0.3604872473493869, 0.7564413177924272, 26.816241369208136, -23.006106507464594, 140.92708891711104, 0.7338400685990727, 0.36508416121220416, 85.52313469359598, -79.3284489878826, 336.3351528752991]"
0.06854497873981376,125.9362781500365,0.11521946937364527,0.20692761024596595,False,False,"[0.3604872473493869, 0.7564413177924272, 26.816241369208136, -23.006106507464594, 140.92708891711104, 0.7338400685990727, 0.36508416121220416, 85.52313469359598, -79.3284489878826, 336.3351528752991]"
0.06785952895241562,125.9362781500365,0.008688903876920872,0.018193058478809587,False,False,"[0.3604872473493869, 0.7564413177924272, 26.816241369208136, -23.006106507464594, 140.92708891711104, 0.7338400685990727, 0.36508416121220416, 85.52313469359598, -79.3284489878826, 336.3351528752991]"
0.06718093366289146,125.9362781500365,0.0003084518009234366,0.7321343145239346,False,False,"[0.3604872473493869, 0.7564413177924272, 26.816241369208136, -23.006106507464594, 140.92708891711104, 0.7338400685990727, 0.36508416121220416, 85.52313469359598, -79.3284489878826, 336.3351528752991]"
0.06650912432626255,125.9362781500365,0.19804238548654754,0.6165480493780179,False,False,"[0.3604872473493869, 0.7564413177924272, 26.816241369208136, -23.006106507464594, 140.92708891711104, 0.7338400685990727, 0.36508416121220416, 85.52313469359598, -79.3284489878826, 336.3351528752991]"
0.06584403308299992,125.73497551287292,1.0,0.9257341646076175,True,True,"[0.375520912576503, 0.8899616497932128, 22.818996681723352, -15.166365178279428, 136.62615344077065, 0.7119818376381287, 0.5264258886741789, 87.44208566393746, -79.28694404476266, 345.27589875120475]"
0.06518559275216992,125.73497551287292,0.01985548969991389,0.20848113640864696,False,True,"[0.375520912576503, 0.8899616497932128, 22.818996681723352, -15.166365178279428, 136.62615344077065, 0.7119818376381287, 0.5264258886741789, 87.44208566393746, -79.28694404476266, 345.27589875120475]"
0.06453373682464822,125.73497551287292,0.20013153043615442,0.9523714392944266,False,True,"[0.375520912576503, 0.8899616497932128, 22.818996681723352, -15.166365178279428, 136.62615344077065, 0.7119818376381287, 0.5264258886741789, 87.44208566393746, -79.28694404476266, 345.27589875120475]"
0.06388839945640173,125.73497551287292,0.00029539950816719274,0.30135629260245367,False,True,"[0.375520912576503, 0.8899616497932128, 22.818996681723352, -15.166365178279428, 136.62615344077065, 0.7119818376381287, 0.5264258886741789, 87.44208566393746, -79.28694404476266, 345.27589875120475]"
0.06324951546183771,125.73497551287292,0.09509703809555826,0.5848086642395626,False,True,"[0.375520912576503, 0.8899616497932128, 22.818996681723352, -15.166365178279428, 136.62615344077065, 0.7119818376381287, 0.5264258886741789, 87.44208566393746, -79.28694404476266, 345.27589875120475]"
0.06261702030721933,125.54572505108557,1.0,0.8773227561458142,True,True,"[0.5566656347195693, 0.7220763052614744, 27.763903253072215, -30.39333109319861, 135.03974385677836, 0.779179656602914, 0.4508321771172007, 96.74406984745029, -83.34127394083261, 342.4583753418344]"
0.061990850104147135,125.54572505108557,0.003251567705296727,0.03250969450988728,False,True,"[0.5566656347195693, 0.7220763052614744, 27.763903253072215, -30.39333109319861, 135.03974385677836, 0.779179656602914, 0.4508321771172007, 96.74406984745029, -83.34127394083261, 342.4583753418344]"
0.06137094160310566,125.54572505108557,8.967322820348994e-09,0.5648163114364697,False,True,"[0.5566656347195693, 0.7220763052614744, 27.763903253072215, -30.39333109319861, 135.03974385677836, 0.779179656602914, 0.4508321771172007, 96.74406984745029, -83.34127394083261, 342.4583753418344]"
0.06075723218707461,125.54572505108557,0.0385057435623786,0.7309555519490445,False,True,"[0.5566656347195693, 0.7220763052614744, 27.763903253072215, -30.39333109319861, 135.03974385677836, 0.779179656602914, 0.4508321771172007, 96.74406984745029, -83.34127394083261, 342.4583753418344]"
0.06014965986520386,125.54572505108557,0.00037575180696492827,0.8024608018765048,False,True,"[0.5566656347195693, 0.7220763052614744, 27.763903253072215, -30.39333109319861, 135.03974385677836, 0.779179656602914, 0.4508321771172007, 96.74406984745029, -83.34127394083261, 342.4583753418344]"
0.05954816326655182,125.54572505108557,0.27102986014214886,0.578270841993595,False,True,"[0.5566656347195693, 0.7220763052614744, 27.763903253072215, -30.39333109319861, 135.03974385677836, 0.779179656602914, 0.4508321771172007, 96.74406984745029, -83.34127394083261, 342.4583753418344]"
0.058952681633886304,125.54572505108557,2.7570592296235777e-06,0.38986286125284475,False,True,"[0.5566656347195693, 0.7220763052614744, 27.763903253072215, -30.39333109319861, 135.03974385677836, 0.779179656602914, 0.4508321771172007, 96.74406984745029, -83.34127394083261, 342.4583753418344]"
0.05836315481754744,125.54572505108557,1.1798344452336257e-06,0.8895687021423303,False,True,"[0.5566656347195693, 0.7220763052614744, 27.763903253072215, -30.39333109319861, 135.03974385677836, 0.779179656602914, 0.4508321771172007, 96.74406984745029, -83.34127394083261, 342.4583753418344]"
0.05777952326937196,125.54572505108557,0.06744085951175344,0.7184150531141797,False,True,"[0.5566656347195693, 0.7220763052614744, 27.763903253072215, -30.39333109319861, 135.03974385677836, 0.779179656602914, 0.4508321771172007, 96.74406984745029, -83.34127394083261, 342.4583753418344]"
0.057201728036678244,125.54572505108557,0.00011894210896808986,0.1724560439109457,False,True,"[0.5566656347195693, 0.7220763052614744, 27.763903253072215, -30.39333109319861, 135.03974385677836, 0.779179656602914, 0.4508321771172007, 96.74406984745029, -83.34127394083261, 342.4583753418344]"
0.05662971075631146,125.54572505108557,0.00013929945994330342,0.8016586061481876,False,True,"[0.5566656347195693, 0.7220763052614744, 27.763903253072215, -30.39333109319861, 135.03974385677836, 0.779179656602914, 0.4508321771172007, 96.74406984745029, -83.34127394083261, 342.4583753418344]"
0.05606341364874834,125.54572505108557,0.12338172139189577,0.8456798182682834,False,True,"[0.5566656347195693, 0.7220763052614744, 27.763903253072215, -30.39333109319861, 135.03974385677836, 0.779179656602914, 0.4508321771172007, 96.74406984745029, -83.34127394083261, 342.4583753418344]"
0.055502779512260854,125.54572505108557,0.04327755918597142,0.9836441775202925,False,True,"[0.5566656347195693, 0.7220763052614744, 27.763903253072215, -30.39333109319861, 135.03974385677836, 0.779179656602914, 0.4508321771172007, 96.74406984745029, -83.34127394083261, 342.4583753418344]"
0.05494775171713825,125.54572505108557,0.00022044184379768584,0.8132500515280827,False,True,"[0.5566656347195693, 0.7220763052614744, 27.763903253072215, -30.39333109319861, 135.03974385677836, 0.779179656602914, 0.4508321771172007, 96.74406984745029, -83.34127394083261, 342.4583753418344]"
0.054398274199966866,125.54572505108557,1.2325156170775696e-05,0.1082191352216142,False,True,"[0.5566656347195693, 0.7220763052614744, 27.763903253072215, -30.39333109319861, 135.03974385677836, 0.779179656602914, 0.4508321771172007, 96.74406984745029, -83.34127394083261, 342.4583753418344]"
0.0538542914579672,125.54572505108557,8.075830330302207e-08,0.8014176137189096,False,True,"[0.5566656347195693, 0.7220763052614744, 27.763903253072215, -30.39333109319861, 135.03974385677836, 0.779179656602914, 0.4508321771172007, 96.74406984745029, -83.34127394083261, 342.4583753418344]"
0.053315748543387526,125.54572505108557,1.3455712999516645e-12,0.5591035205105398,False,True,"[0.5566656347195693, 0.7220763052614744, 27.763903253072215, -30.39333109319861, 135.03974385677836, 0.779179656602914, 0.4508321771172007, 96.74406984745029, -83.34127394083261, 342.4583753418344]"
0.05278259105795365,125.54572505108557,0.2645967297701428,0.6754989334358187,False,True,"[0.5566656347195693, 0.7220763052614744, 27.763903253072215, -30.39333109319861, 135.03974385677836, 0.779179656602914, 0.4508321771172007, 96.74406984745029, -83.34127394083261, 342.4583753418344]"
0.052254765147374115,125.54572505108557,0.04724800564664063,0.23135658625309496,False,True,"[0.5566656347195693, 0.7220763052614744, 27.763903253072215, -30.39333109319861, 135.03974385677836, 0.779179656602914, 0.4508321771172007, 96.74406984745029, -83.34127394083261, 342.4583753418344]"
0.05173221749590037,125.50856371438799,1.0,0.789929425727573,True,True,"[0.46711994642647164, 0.7355727746260347, 23.556743612249065, -22.255504979121703, 133.8167503753983, 0.8268461483469471, 0.5385796137911656, 92.94988813156952, -76.06563854965566, 334.3983856360563]"
0.05121489532094137,125.42558795138126,1.0,0.6950719405647172,True,True,"[0.6332280229393585, 0.8811043322595682, 21.489586036964614, -16.51043255898492, 127.31973017235364, 0.7470250425646374, 0.45808958408550493, 98.96695720682018, -66.72060935262658, 338.1145113392309]"
0.050702746367731956,125.42558795138126,5.441937999311784e-09,0.16315699531640937,False,True,"[0.6332280229393585, 0.8811043322595682, 21.489586036964614, -16.51043255898492, 127.31973017235364, 0.7470250425646374, 0.45808958408550493, 98.96695720682018, -66.72060935262658, 338.1145113392309]"
0.05019571890405464,125.42558795138126,2.6924614194528716e-06,0.7946319906943915,False,True,"[0.6332280229393585, 0.8811043322595682, 21.489586036964614, -16.51043255898492, 127.31973017235364, 0.7470250425646374, 0.45808958408550493, 98.96695720682018, -66.72060935262658, 338.1145113392309]"
0.04969376171501409,124.91803707702041,1.0,0.6486104908529109,True,True,"[0.6047114719048697, 0.8117325926241885, 19.328686183041228, -7.054955745533174, 120.17773575437039, 0.58781304056853, 0.4488088346410218, 103.32997942423718, -69.92250685244029, 339.7140429029716]"
0.04919682409786395,124.91803707702041,0.0011726507970620163,0.355162700944364,False,True,"[0.6047114719048697, 0.8117325926241885, 19.328686183041228, -7.054955745533174, 120.17773575437039, 0.58781304056853, 0.4488088346410218, 103.32997942423718, -69.92250685244029, 339.7140429029716]"
0.04870485585688531,124.91803707702041,1.5915734315486777e-06,0.7854582562633751,False,True,"[0.6047114719048697, 0.8117325926241885, 19.328686183041228, -7.054955745533174, 120.17773575437039, 0.58781304056853, 0.4488088346410218, 103.32997942423718, -69.92250685244029, 339.7140429029716]"
0.048217807298316456,124.91803707702041,3.98899443321627e-09,0.8497512505377169,False,True,"[0.6047114719048697, 0.8117325926241885, 19.328686183041228, -7.054955745533174, 120.17773575437039, 0.58781304056853, 0.4488088346410218, 103.32997942423718, -69.92250685244029, 339.7140429029716]"
0.04773562922533329,124.91803707702041,7.769488883062466e-14,0.050534615409842054,False,True,"[0.6047114719048697, 0.8117325926241885, 19.328686183041228, -7.054955745533174, 120.17773575437039, 0.58781304056853, 0.4488088346410218, 103.32997942423718, -69.92250685244029, 339.7140429029716]"
0.04725827293307996,124.91803707702041,1.5156327224580613e-09,0.33104710465133635,False,True,"[0.6047114719048697, 0.8117325926241885, 19.328686183041228, -7.054955745533174, 120.17773575437039, 0.58781304056853, 0.4488088346410218, 103.32997942423718, -69.92250685244029, 339.7140429029716]"
0.046785690203749154,124.59336525923607,1.0,0.06186971040616851,True,True,"[0.5682149111023299, 0.725869579686677, 17.879540628242392, -9.933101861923365, 120.05381366983146, 0.6084202491014924, 0.45301164774567304, 99.49678284879059, -53.57565036566432, 340.39117999559375]"
0.046317833301711665,124.59336525923607,1.012268833113889e-09,0.5842537082243058,False,True,"[0.5682149111023299, 0.725869579686677, 17.879540628242392, -9.933101861923365, 120.05381366983146, 0.6084202491014924, 0.45301164774567304, 99.49678284879059, -53.57565036566432, 340.39117999559375]"
0.04585465496869455,124.59336525923607,0.00019153601877441428,0.4790433417024933,False,True,"[0.5682149111023299, 0.725869579686677, 17.879540628242392, -9.933101861923365, 120.05381366983146, 0.6084202491014924, 0.45301164774567304, 99.49678284879059, -53.57565036566432, 340.39117999559375]"
0.045396108419007604,124.59336525923607,1.1666137244013749e-05,0.6754793977955084,False,True,"[0.5682149111023299, 0.725869579686677, 17.879540628242392, -9.933101861923365, 120.05381366983146, 0.6084202491014924, 0.45301164774567304, 99.49678284879059, -53.57565036566432, 340.39117999559375]"
0.04494214733481753,124.59336525923607,6.0418065847375904e-09,0.10691263696398168,False,True,"[0.5682149111023299, 0.725869579686677, 17.879540628242392, -9.933101861923365, 120.05381366983146, 0.6084202491014924, 0.45301164774567304, 99.49678284879059, -53.57565036566432, 340.39117999559375]"
0.04449272586146935,124.59336525923607,0.00015313464258725492,0.6902612663341409,False,True,"[0.5682149111023299, 0.725869579686677, 17.879540628242392, -9.933101861923365, 120.05381366983146, 0.6084202491014924, 0.45301164774567304, 99.49678284879059, -53.57565036566432, 340.39117999559375]"
0.044047798602854654,124.59336525923607,2.4073155005916887e-11,0.927676469470894,False,True,"[0.5682149111023299, 0.725869579686677, 17.879540628242392, -9.933101861923365, 120.05381366983146, 0.6084202491014924, 0.45301164774567304, 99.49678284879059, -53.57565036566432, 340.39117999559375]"
0.04360732061682611,124.59336525923607,0.011803666637104804,0.35250811308342533,False,True,"[0.5682149111023299, 0.725869579686677, 17.879540628242392, -9.933101861923365, 120.05381366983146, 0.6084202491014924, 0.45301164774567304, 99.49678284879059, -53.57565036566432, 340.39117999559375]"
0.04317124741065785,124.44182798834792,1.0,0.044172193254588765,True,True,"[0.5173338099901227, 0.7712215011763656, 19.55525131725947, 8.490739096913114, 109.67795624032924, 0.6800698765943346, 0.42477561023717614, 91.26047436908941, -43.58973772723989, 332.6228808731516]"
0.04273953493655127,124.25362438020116,1.0,0.26076950748451144,True,True,"[0.5339955624145528, 0.7026932882703343, 16.834139033056125, -3.2539593434542304, 113.96411431981502, 0.6062948719563839, 0.3617843150790524, 95.26779295045272, -60.308493746080934, 331.3802091026946]"
0.04231213958718576,124.25362438020116,0.00019505836293778336,0.582981705572784,False,True,"[0.5339955624145528, 0.7026932882703343, 16.834139033056125, -3.2539593434542304, 113.96411431981502, 0.6062948719563839, 0.3617843150790524, 95.26779295045272, -60.308493746080934, 331.3802091026946]"
0.0418890181913139,124.25362438020116,5.274435035181287e-09,0.6121939643297328,False,True,"[0.5339955624145528, 0.7026932882703343, 16.834139033056125, -3.2539593434542304, 113.96411431981502, 0.6062948719563839, 0.3617843150790524, 95.26779295045272, -60.308493746080934, 331.3802091026946]"
0.04147012800940076,124.25362438020116,1.2862976549297319e-08,0.03909089622098039,False,True,"[0.5339955624145528, 0.7026932882703343, 16.834139033056125, -3.2539593434542304, 113.96411431981502, 0.6062948719563839, 0.3617843150790524, 95.26779295045272, -60.308493746080934, 331.3802091026946]"
0.04105542672930675,124.12133767134158,1.0,0.007126782065497772,True,True,"[0.6076330833274395, 0.7055242497224316, 17.2316714067311, -5.398806497869581, 105.78265021533656, 0.5264363770945709, 0.2413039147422562, 96.45532465595818, -61.33312828455444, 335.0491946310047]"
0.04064487246201368,124.12133767134158,1.549093409453436e-12,0.05881660340845296,False,True,"[0.6076330833274395, 0.7055242497224316, 17.2316714067311, -5.398806497869581, 105.78265021533656, 0.5264363770945709, 0.2413039147422562, 96.45532465595818, -61.33312828455444, 335.0491946310047]"
0.040238423737393544,124.12133767134158,0.00010166451611837153,0.5494003528458535,False,True,"[0.6076330833274395, 0.7055242497224316, 17.2316714067311, -5.398806497869581, 105.78265021533656, 0.5264363770945709, 0.2413039147422562, 96.45532465595818, -61.33312828455444, 335.0491946310047]"
0.039836039500019606,124.12133767134158,1.3803204164360895e-06,0.8812062563597381,False,True,"[0.6076330833274395, 0.7055242497224316, 17.2316714067311, -5.398806497869581, 105.78265021533656, 0.5264363770945709, 0.2413039147422562, 96.45532465595818, -61.33312828455444, 335.0491946310047]"
0.039437679105019406,124.12133767134158,1.4608480087566265e-07,0.08866706319311657,False,True,"[0.6076330833274395, 0.7055242497224316, 17.2316714067311, -5.398806497869581, 105.78265021533656, 0.5264363770945709, 0.2413039147422562, 96.45532465595818, -61.33312828455444, 335.0491946310047]"
0.039043302313969214,124.12133767134158,0.0001081928589266499,0.5574743150095672,False,True,"[0.6076330833274395, 0.7055242497224316, 17.2316714067311, -5.398806497869581, 105.78265021533656, 0.5264363770945709, 0.2413039147422562, 96.45532465595818, -61.33312828455444, 335.0491946310047]"
0.03865286929082952,124.12133767134158,2.2718897109793496e-08,0.39884177484428784,False,True,"[0.6076330833274395, 0.7055242497224316, 17.2316714067311, -5.398806497869581, 105.78265021533656, 0.5264363770945709, 0.2413039147422562, 96.45532465595818, -61.33312828455444, 335.0491946310047]"
0.03826634059792122,124.12133767134158,4.614863111122563e-13,0.5321355604627086,False,True,"[0.6076330833274395, 0.7055242497224316, 17.2316714067311, -5.398806497869581, 105.78265021533656, 0.5264363770945709, 0.2413039147422562, 96.45532465595818, -61.33312828455444, 335.0491946310047]"
0.03788367719194201,124.12133767134158,2.2027124573661314e-07,0.6183766323435412,False,True,"[0.6076330833274395, 0.7055242497224316, 17.2316714067311, -5.398806497869581, 105.78265021533656, 0.5264363770945709, 0.2413039147422562, 96.45532465595818, -61.33312828455444, 335.0491946310047]"
0.03750484042002259,124.12133767134158,2.363088404285302e-07,0.2618464457433234,False,True,"[0.6076330833274395, 0.7055242497224316, 17.2316714067311, -5.398806497869581, 105.78265021533656, 0.5264363770945709, 0.2413039147422562, 96.45532465595818, -61.33312828455444, 335.0491946310047]"
0.037129792015822366,124.12133767134158,3.7590392780965994e-16,0.11262816355124028,False,True,"[0.6076330833274395, 0.7055242497224316, 17.2316714067311, -5.398806497869581, 105.78265021533656, 0.5264363770945709, 0.2413039147422562, 96.45532465595818, -61.33312828455444, 335.0491946310047]"
0.03675849409566414,124.12133767134158,2.6148802932968115e-07,0.24852562312846116,False,True,"[0.6076330833274395, 0.7055242497224316, 17.2316714067311, -5.398806497869581, 105.78265021533656, 0.5264363770945709, 0.2413039147422562, 96.45532465595818, -61.33312828455444, 335.0491946310047]"
0.036390909154707496,123.5716971350146,1.0,0.5219520286211248,True,True,"[0.5467890401403763, 0.6548440657899277, 15.889834531290731, -6.387167341119087, 100.95914150243752, 0.4138262390142317, 0.2639647386537844, 97.78611331737373, -70.24547068194694, 337.10426561091356]"
0.03602700006316042,123.49811199647775,1.0,0.08166091470723802,True,True,"[0.5444530194492104, 0.5894260322301951, 15.56013065387849, 9.028259837731957, 104.51813813582292, 0.492257590706645, 0.21251806297513395, 94.45308637516213, -73.8048986158192, 329.26213843816686]"
0.035666730062528816,123.49811199647775,5.904369840100597e-09,0.5450657448169995,False,True,"[0.5444530194492104, 0.5894260322301951, 15.56013065387849, 9.028259837731957, 104.51813813582292, 0.492257590706645, 0.21251806297513395, 94.45308637516213, -73.8048986158192, 329.26213843816686]"
0.03531006276190353,123.49811199647775,1.5926951167696471e-07,0.7435397934994666,False,True,"[0.5444530194492104, 0.5894260322301951, 15.56013065387849, 9.028259837731957, 104.51813813582292, 0.492257590706645, 0.21251806297513395, 94.45308637516213, -73.8048986158192, 329.26213843816686]"
0.034956962134284494,123.49811199647775,1.317499076669072e-07,0.8343776401492107,False,True,"[0.5444530194492104, 0.5894260322301951, 15.56013065387849, 9.028259837731957, 104.51813813582292, 0.492257590706645, 0.21251806297513395, 94.45308637516213, -73.8048986158192, 329.26213843816686]"
0.03460739251294165,123.49811199647775,7.91126284514003e-09,0.8873901005225373,False,True,"[0.5444530194492104, 0.5894260322301951, 15.56013065387849, 9.028259837731957, 104.51813813582292, 0.492257590706645, 0.21251806297513395, 94.45308637516213, -73.8048986158192, 329.26213843816686]"
0.03426131858781223,123.49811199647775,1.0789501206150131e-06,0.5354081511563545,False,True,"[0.5444530194492104, 0.5894260322301951, 15.56013065387849, 9.028259837731957, 104.51813813582292, 0.492257590706645, 0.21251806297513395, 94.45308637516213, -73.8048986158192, 329.26213843816686]"
0.033918705401934104,123.49811199647775,6.036898062233333e-07,0.3580318296894619,False,True,"[0.5444530194492104, 0.5894260322301951, 15.56013065387849, 9.028259837731957, 104.51813813582292, 0.492257590706645, 0.21251806297513395, 94.45308637516213, -73.8048986158192, 329.26213843816686]"
0.03357951834791476,123.49811199647775,1.950971993268812e-22,0.972222262371285,False,True,"[0.5444530194492104, 0.5894260322301951, 15.56013065387849, 9.028259837731957, 104.51813813582292, 0.492257590706645, 0.21251806297513395, 94.45308637516213, -73.8048986158192, 329.26213843816686]"
0.033243723164435614,123.49811199647775,0.0027340540516346476,0.3274544388823587,False,True,"[0.5444530194492104, 0.5894260322301951, 15.56013065387849, 9.028259837731957, 104.51813813582292, 0.492257590706645, 0.21251806297513395, 94.45308637516213, -73.8048986158192, 329.26213843816686]"
0.03291128593279126,123.49811199647775,1.9633934702900765e-05,0.5826884336714716,False,True,"[0.5444530194492104, 0.5894260322301951, 15.56013065387849, 9.028259837731957, 104.51813813582292, 0.492257590706645, 0.21251806297513395, 94.45308637516213, -73.8048986158192, 329.26213843816686]"
0.032582173073463346,123.49811199647775,6.028346782166068e-09,0.9884008229069098,False,True,"[0.5444530194492104, 0.5894260322301951, 15.56013065387849, 9.028259837731957, 104.51813813582292, 0.492257590706645, 0.21251806297513395, 94.45308637516213, -73.8048986158192, 329.26213843816686]"
0.03225635134272871,123.49811199647775,1.130939433354475e-07,0.2816499958750128,False,True,"[0.5444530194492104, 0.5894260322301951, 15.56013065387849, 9.028259837731957, 104.51813813582292, 0.492257590706645, 0.21251806297513395, 94.45308637516213, -73.8048986158192, 329.26213843816686]"
0.031933787829301424,123.49811199647775,6.6975846277493305e-06,0.6249969280121362,False,True,"[0.5444530194492104, 0.5894260322301951, 15.56013065387849, 9.028259837731957, 104.51813813582292, 0.492257590706645, 0.21251806297513395, 94.45308637516213, -73.8048986158192, 329.26213843816686]"
0.03161444995100841,123.47769162373044,1.0,0.6712761503835176,True,True,"[0.5883911165276432, 0.8063628335881239, 19.03866526103039, 19.715033295935434, 101.78036600116269, 0.44136628783413556, 0.23266736479412176, 93.80768596625214, -76.41059679455746, 330.6444611101786]"
0.03129830545149832,123.47769162373044,9.610350452259352e-12,0.2896070530621879,False,True,"[0.5883911165276432, 0.8063628335881239, 19.03866526103039, 19.715033295935434, 101.78036600116269, 0.44136628783413556, 0.23266736479412176, 93.80768596625214, -76.41059679455746, 330.6444611101786]"
0.03098532239698334,123.3545024326387,1.0,0.4521086427430697,True,True,"[0.5987577028173013, 0.7334776052518247, 17.10810136286111, 14.024180388306421, 99.81852186282323, 0.43345909894733237, 0.3632501661436965, 93.71139377076358, -86.79878703951597, 336.40980990078475]"
0.030675469173013507,123.3545024326387,0.00013564057169189694,0.5784429021079774,False,True,"[0.5987577028173013, 0.7334776052518247, 17.10810136286111, 14.024180388306421, 99.81852186282323, 0.43345909894733237, 0.3632501661436965, 93.71139377076358, -86.79878703951597, 336.40980990078475]"
0.030368714481283372,123.3545024326387,1.0622358206197627e-11,0.8060154310147664,False,True,"[0.5987577028173013, 0.7334776052518247, 17.10810136286111, 14.024180388306421, 99.81852186282323, 0.43345909894733237, 0.3632501661436965, 93.71139377076358, -86.79878703951597, 336.40980990078475]"
0.03006502733647054,123.3545024326387,4.697381898905645e-16,0.1445291360325187,False,True,"[0.5987577028173013, 0.7334776052518247, 17.10810136286111, 14.024180388306421, 99.81852186282323, 0.43345909894733237, 0.3632501661436965, 93.71139377076358, -86.79878703951597, 336.40980990078475]"
0.029764377063105835,123.3545024326387,9.752670106778264e-07,0.2187451740667603,False,True,"[0.5987577028173013, 0.7334776052518247, 17.10810136286111, 14.024180388306421, 99.81852186282323, 0.43345909894733237, 0.3632501661436965, 93.71139377076358, -86.79878703951597, 336.40980990078475]"
0.029466733292474775,123.3545024326387,6.626136725118402e-20,0.5612028494599504,False,True,"[0.5987577028173013, 0.7334776052518247, 17.10810136286111, 14.024180388306421, 99.81852186282323, 0.43345909894733237, 0.3632501661436965, 93.71139377076358, -86.79878703951597, 336.40980990078475]"
0.029172065959550027,123.3545024326387,2.8395260438691072e-05,0.7734353862899208,False,True,"[0.5987577028173013, 0.7334776052518247, 17.10810136286111, 14.024180388306421, 99.81852186282323, 0.43345909894733237, 0.3632501661436965, 93.71139377076358, -86.79878703951597, 336.40980990078475]"
0.028880345299954525,123.3545024326387,4.614604646453837e-17,0.1644299207863602,False,True,"[0.5987577028173013, 0.7334776052518247, 17.10810136286111, 14.024180388306421, 99.81852186282323, 0.43345909894733237, 0.3632501661436965, 93.71139377076358, -86.79878703951597, 336.40980990078475]"
0.02859154184695498,123.3545024326387,2.1196838561460136e-18,0.39857919344052284,False,True,"[0.5987577028173013, 0.7334776052518247, 17.10810136286111, 14.024180388306421, 99.81852186282323, 0.43345909894733237, 0.3632501661436965, 93.71139377076358, -86.79878703951597, 336.40980990078475]"
0.02830562642848543,123.3545024326387,1.0810406472077274e-11,0.6135173318820638,False,True,"[0.5987577028173013, 0.7334776052518247, 17.10810136286111, 14.024180388306421, 99.81852186282323, 0.43345909894733237, 0.3632501661436965, 93.71139377076358, -86.79878703951597, 336.40980990078475]"
0.028022570164200577,123.3545024326387,1.5181359746868715e-20,0.35494373619711983,False,True,"[0.5987577028173013, 0.7334776052518247, 17.10810136286111, 14.024180388306421, 99.81852186282323, 0.43345909894733237, 0.3632501661436965, 93.71139377076358, -86.79878703951597, 336.40980990078475]"
0.02774234446255857,123.3545024326387,1.6356103574136477e-22,0.40531205288269845,False,True,"[0.5987577028173013, 0.7334776052518247, 17.10810136286111, 14.024180388306421, 99.81852186282323, 0.43345909894733237, 0.3632501661436965, 93.71139377076358, -86.79878703951597, 336.40980990078475]"
0.027464921017932985,123.3545024326387,4.969214276565981e-08,0.7714684930924375,False,True,"[0.5987577028173013, 0.7334776052518247, 17.10810136286111, 14.024180388306421, 99.81852186282323, 0.43345909894733237, 0.3632501661436965, 93.71139377076358, -86.79878703951597, 336.40980990078475]"
0.027190271807753654,123.3545024326387,9.254668738029174e-22,0.6081945350080318,False,True,"[0.5987577028173013, 0.7334776052518247, 17.10810136286111, 14.024180388306421, 99.81852186282323, 0.43345909894733237, 0.3632501661436965, 93.71139377076358, -86.79878703951597, 336.40980990078475]"
0.026918369089676118,123.3545024326387,1.8610011988323553e-24,0.17045013171352252,False,True,"[0.5987577028173013, 0.7334776052518247, 17.10810136286111, 14.024180388306421, 99.81852186282323, 0.43345909894733237, 0.3632501661436965, 93.71139377076358, -86.79878703951597, 336.40980990078475]"
0.026649185398779356,123.3545024326387,2.12322274938239e-07,0.714444135495395,False,True,"[0.5987577028173013, 0.7334776052518247, 17.10810136286111, 14.024180388306421, 99.81852186282323, 0.43345909894733237, 0.3632501661436965, 93.71139377076358, -86.79878703951597, 336.40980990078475]"
0.02638269354479156,123.3545024326387,3.2126092175342616e-24,0.7575298935649872,False,True,"[0.5987577028173013, 0.7334776052518247, 17.10810136286111, 14.024180388306421, 99.81852186282323, 0.43345909894733237, 0.3632501661436965, 93.71139377076358, -86.79878703951597, 336.40980990078475]"
0.026118866609343646,122.93664253049762,1.0,0.22536423733135402,True,True,"[0.6295028162520462, 0.6622725299308208, 17.79841530304976, 17.908319312858097, 94.25765639145811, 0.3832300608823006, 0.3309867204676146, 82.29329084567625, -84.82147017800841, 330.0499668034107]"
0.02585767794325021,122.93664253049762,1.0093024052522216e-25,0.7451768843465462,False,True,"[0.6295028162520462, 0.6622725299308208, 17.79841530304976, 17.908319312858097, 94.25765639145811, 0.3832300608823006, 0.3309867204676146, 82.29329084567625, -84.82147017800841, 330.0499668034107]"
0.02559910116381771,122.93664253049762,1.41708225516225e-07,0.916098046519094,False,True,"[0.6295028162520462, 0.6622725299308208, 17.79841530304976, 17.908319312858097, 94.25765639145811, 0.3832300608823006, 0.3309867204676146, 82.29329084567625, -84.82147017800841, 330.0499668034107]"
0.02534311015217953,122.93664253049762,1.6000826652641375e-22,0.765993209993863,False,True,"[0.6295028162520462, 0.6622725299308208, 17.79841530304976, 17.908319312858097, 94.25765639145811, 0.3832300608823006, 0.3309867204676146, 82.29329084567625, -84.82147017800841, 330.0499668034107]"
0.025089679050657735,122.93664253049762,8.329207910309093e-14,0.17937804428489268,False,True,"[0.6295028162520462, 0.6622725299308208, 17.79841530304976, 17.908319312858097, 94.25765639145811, 0.3832300608823006, 0.3309867204676146, 82.29329084567625, -84.82147017800841, 330.0499668034107]"
0.024838782260151158,122.4180329586881,1.0,0.7463455450433516,True,True,"[0.5932265924054291, 0.569877876228991, 13.113073199488259, 2.4357208428772488, 95.13448393712818, 0.49577714203028345, 0.38017264881087726, 81.47185336398698, -78.08738501670925, 332.4721135990926]"
0.024590394437549647,122.4180329586881,2.232107900632286e-20,0.9572643584869527,False,True,"[0.5932265924054291, 0.569877876228991, 13.113073199488259, 2.4357208428772488, 95.13448393712818, 0.49577714203028345, 0.38017264881087726, 81.47185336398698, -78.08738501670925, 332.4721135990926]"
0.02434449049317415,122.4180329586881,1.276055095806112e-19,0.5433682445138812,False,True,"[0.5932265924054291, 0.569877876228991, 13.113073199488259, 2.4357208428772488, 95.13448393712818, 0.49577714203028345, 0.38017264881087726, 81.47185336398698, -78.08738501670925, 332.4721135990926]"
0.024101045588242408,122.4180329586881,1.8959527329009517e-06,0.04705920268748476,False,True,"[0.5932265924054291, 0.569877876228991, 13.113073199488259, 2.4357208428772488, 95.13448393712818, 0.49577714203028345, 0.38017264881087726, 81.47185336398698, -78.08738501670925, 332.4721135990926]"
0.023860035132359982,122.41648214781527,1.0,0.1924966687559273,True,True,"[0.5587274018431959, 0.6156013492944107, 13.239337434214129, 5.631654847255385, 92.8252297153492, 0.36309513217146705, 0.341871076882008, 87.6028935074111, -78.06597668135278, 322.15964847546655]"
0.02362143478103638,122.41648214781527,2.488858998673606e-22,0.5933739606030053,False,True,"[0.5587274018431959, 0.6156013492944107, 13.239337434214129, 5.631654847255385, 92.8252297153492, 0.36309513217146705, 0.341871076882008, 87.6028935074111, -78.06597668135278, 322.15964847546655]"
0.02338522043322602,122.41648214781527,3.0076934260971503e-18,0.44476058047682754,False,True,"[0.5587274018431959, 0.6156013492944107, 13.239337434214129, 5.631654847255385, 92.8252297153492, 0.36309513217146705, 0.341871076882008, 87.6028935074111, -78.06597668135278, 322.15964847546655]"
0.02315136822889376,122.41648214781527,4.581143524277135e-30,0.21166937757847804,False,True,"[0.5587274018431959, 0.6156013492944107, 13.239337434214129, 5.631654847255385, 92.8252297153492, 0.36309513217146705, 0.341871076882008, 87.6028935074111, -78.06597668135278, 322.15964847546655]"
0.022919854546604824,122.41648214781527,2.1375673879642273e-27,0.305119982063603,False,True,"[0.5587274018431959, 0.6156013492944107, 13.239337434214129, 5.631654847255385, 92.8252297153492, 0.36309513217146705, 0.341871076882008, 87.6028935074111, -78.06597668135278, 322.15964847546655]"
0.022690656001138777,122.41648214781527,6.237660152025539e-11,0.42627242823154443,False,True,"[0.5587274018431959, 0.6156013492944107, 13.239337434214129, 5.631654847255385, 92.8252297153492, 0.36309513217146705, 0.341871076882008, 87.6028935074111, -78.06597668135278, 322.15964847546655]"
0.02246374944112739,122.41648214781527,4.1647097786048046e-26,0.9154758535163224,False,True,"[0.5587274018431959, 0.6156013492944107, 13.239337434214129, 5.631654847255385, 92.8252297153492, 0.36309513217146705, 0.341871076882008, 87.6028935074111, -78.06597668135278, 322.15964847546655]"
0.022239111946716114,122.41648214781527,2.4167586026936045e-17,0.17124980169908288,False,True,"[0.5587274018431959, 0.6156013492944107, 13.239337434214129, 5.631654847255385, 92.8252297153492, 0.36309513217146705, 0.341871076882008, 87.6028935074111, -78.06597668135278, 322.15964847546655]"
0.022016720827248953,122.41648214781527,1.256959433524241e-21,0.50529925591145,False,True,"[0.5587274018431959, 0.6156013492944107, 13.239337434214129, 5.631654847255385, 92.8252297153492, 0.36309513217146705, 0.341871076882008, 87.6028935074111, -78.06597668135278, 322.15964847546655]"
0.021796553618976464,122.41648214781527,5.8046229194927536e-05,0.33879262917083297,False,True,"[0.5587274018431959, 0.6156013492944107, 13.239337434214129, 5.631654847255385, 92.8252297153492, 0.36309513217146705, 0.341871076882008, 87.6028935074111, -78.06597668135278, 322.15964847546655]"
0.0215785880827867,122.41648214781527,6.148113537522281e-16,0.6700336316739884,False,True,"[0.5587274018431959, 0.6156013492944107, 13.239337434214129, 5.631654847255385, 92.8252297153492, 0.36309513217146705, 0.341871076882008, 87.6028935074111, -78.06597668135278, 322.15964847546655]"
0.021362802201958832,122.41648214781527,4.333420874644785e-40,0.12537889947074976,False,True,"[0.5587274018431959, 0.6156013492944107, 13.239337434214129, 5.631654847255385, 92.8252297153492, 0.36309513217146705, 0.341871076882008, 87.6028935074111, -78.06597668135278, 322.15964847546655]"
0.021149174179939244,122.41648214781527,1.6474319095709757e-12,0.7123239928342574,False,True,"[0.5587274018431959, 0.6156013492944107, 13.239337434214129, 5.631654847255385, 92.8252297153492, 0.36309513217146705, 0.341871076882008, 87.6028935074111, -78.06597668135278, 322.15964847546655]"
0.02093768243813985,122.41648214781527,7.73169544769399e-24,0.1008733500033,False,True,"[0.5587274018431959, 0.6156013492944107, 13.239337434214129, 5.631654847255385, 92.8252297153492, 0.36309513217146705, 0.341871076882008, 87.6028935074111, -78.06597668135278, 322.15964847546655]"
0.020728305613758453,122.41648214781527,1.0598902817934598e-21,0.11347123863318509,False,True,"[0.5587274018431959, 0.6156013492944107, 13.239337434214129, 5.631654847255385, 92.8252297153492, 0.36309513217146705, 0.341871076882008, 87.6028935074111, -78.06597668135278, 322.15964847546655]"
0.02052102255762087,122.41648214781527,3.1503003822806576e-17,0.31166081553136604,False,True,"[0.5587274018431959, 0.6156013492944107, 13.239337434214129, 5.631654847255385, 92.8252297153492, 0.36309513217146705, 0.341871076882008, 87.6028935074111, -78.06597668135278, 322.15964847546655]"
0.02031581233204466,122.41648214781527,0.00028868907566790533,0.140783740720843,False,True,"[0.5587274018431959, 0.6156013492944107, 13.239337434214129, 5.631654847255385, 92.8252297153492, 0.36309513217146705, 0.341871076882008, 87.6028935074111, -78.06597668135278, 322.15964847546655]"
0.020112654208724216,122.41648214781527,3.8890764240972955e-23,0.11170872654383046,False,True,"[0.5587274018431959, 0.6156013492944107, 13.239337434214129, 5.631654847255385, 92.8252297153492, 0.36309513217146705, 0.341871076882008, 87.6028935074111, -78.06597668135278, 322.15964847546655]"
0.019911527666636973,122.41648214781527,1.3961775040900953e-15,0.10144448675428197,False,True,"[0.5587274018431959, 0.6156013492944107, 13.239337434214129, 5.631654847255385, 92.8252297153492, 0.36309513217146705, 0.341871076882008, 87.6028935074111, -78.06597668135278, 322.15964847546655]"
0.019712412389970603,122.41648214781527,3.971872116931824e-06,0.2303038769257807,False,True,"[0.5587274018431959, 0.6156013492944107, 13.239337434214129, 5.631654847255385, 92.8252297153492, 0.36309513217146705, 0.341871076882008, 87.6028935074111, -78.06597668135278, 322.15964847546655]"
0.019515288266070897,122.41648214781527,3.359046987926604e-05,0.37541909288161224,False,True,"[0.5587274018431959, 0.6156013492944107, 13.239337434214129, 5.631654847255385, 92.8252297153492, 0.36309513217146705, 0.341871076882008, 87.6028935074111, -78.06597668135278, 322.15964847546655]"
0.019320135383410188,122.41648214781527,3.0977171644722828e-09,0.12503920597565055,False,True,"[0.5587274018431959, 0.6156013492944107, 13.239337434214129, 5.631654847255385, 92.8252297153492, 0.36309513217146705, 0.341871076882008, 87.6028935074111, -78.06597668135278, 322.15964847546655]"
0.019126934029576086,122.41648214781527,4.5046184188444775e-13,0.7927785663130399,False,True,"[0.5587274018431959, 0.6156013492944107, 13.239337434214129, 5.631654847255385, 92.8252297153492, 0.36309513217146705, 0.341871076882008, 87.6028935074111, -78.06597668135278, 322.15964847546655]"
0.018935664689280325,122.41648214781527,1.4275495745407702e-14,0.5372938128540858,False,True,"[0.5587274018431959, 0.6156013492944107, 13.239337434214129, 5.631654847255385, 92.8252297153492, 0.36309513217146705, 0.341871076882008, 87.6028935074111, -78.06597668135278, 322.15964847546655]"
0.01874630804238752,122.41648214781527,0.0055918283897887135,0.9661214050178172,False,True,"[0.5587274018431959, 0.6156013492944107, 13.239337434214129, 5.631654847255385, 92.8252297153492, 0.36309513217146705, 0.341871076882008, 87.6028935074111, -78.06597668135278, 322.15964847546655]"
0.018558844961963646,122.41648214781527,0.012428220943494645,0.746503656487004,False,True,"[0.5587274018431959, 0.6156013492944107, 13.239337434214129, 5.631654847255385, 92.8252297153492, 0.36309513217146705, 0.341871076882008, 87.6028935074111, -78.06597668135278, 322.15964847546655]"
0.01837325651234401,122.41648214781527,6.790230082755404e-15,0.9898055929572852,False,True,"[0.5587274018431959, 0.6156013492944107, 13.239337434214129, 5.631654847255385, 92.8252297153492, 0.36309513217146705, 0.341871076882008, 87.6028935074111, -78.06597668135278, 322.15964847546655]"
0.01818952394722057,122.41648214781527,3.3685993449281956e-35,0.703612263221273,False,True,"[0.5587274018431959, 0.6156013492944107, 13.239337434214129, 5.631654847255385, 92.8252297153492, 0.36309513217146705, 0.341871076882008, 87.6028935074111, -78.06597668135278, 322.15964847546655]"
0.01800762870774836,122.41648214781527,3.007702306372383e-32,0.2347160261291512,False,True,"[0.5587274018431959, 0.6156013492944107, 13.239337434214129, 5.631654847255385, 92.8252297153492, 0.36309513217146705, 0.341871076882008, 87.6028935074111, -78.06597668135278, 322.15964847546655]"
0.017827552420670877,121.77234102949402,1.0,0.5156709940432903,True,True,"[0.6400067310513713, 0.6683711377040054, 12.559549329213826, 5.564475889085181, 83.12035687521079, 0.4303918808208375, 0.3612951920448796, 79.76649859484081, -77.30007260550184, 320.3169778905259]"
0.01764927689646417,121.14428594961682,1.0,0.7232341096208392,True,True,"[0.5893918919658574, 0.6348864581125987, 11.89735405149365, -1.3857746664237238, 80.97664977450867, 0.4589217302632026, 0.26038006132692443, 77.7840517489888, -77.11442487522228, 313.3682334897773]"
0.017472784127499526,121.14428594961682,1.7694763121133056e-29,0.7287850386170126,False,True,"[0.5893918919658574, 0.6348864581125987, 11.89735405149365, -1.3857746664237238, 80.97664977450867, 0.4589217302632026, 0.26038006132692443, 77.7840517489888, -77.11442487522228, 313.3682334897773]"
0.01729805628622453,121.14428594961682,1.9084609743121807e-67,0.13792751972211725,False,True,"[0.5893918919658574, 0.6348864581125987, 11.89735405149365, -1.3857746664237238, 80.97664977450867, 0.4589217302632026, 0.26038006132692443, 77.7840517489888, -77.11442487522228, 313.3682334897773]"
0.017125075723362283,121.14428594961682,3.095351006794657e-12,0.9310553046422836,False,True,"[0.5893918919658574, 0.6348864581125987, 11.89735405149365, -1.3857746664237238, 80.97664977450867, 0.4589217302632026, 0.26038006132692443, 77.7840517489888, -77.11442487522228, 313.3682334897773]"
0.01695382496612866,121.14428594961682,2.84393105011563e-36,0.9658843945286043,False,True,"[0.5893918919658574, 0.6348864581125987, 11.89735405149365, -1.3857746664237238, 80.97664977450867, 0.4589217302632026, 0.26038006132692443, 77.7840517489888, -77.11442487522228, 313.3682334897773]"
0.016784286716467374,121.14428594961682,1.3083873670158448e-35,0.5192085504548757,False,True,"[0.5893918919658574, 0.6348864581125987, 11.89735405149365, -1.3857746664237238, 80.97664977450867, 0.4589217302632026, 0.26038006132692443, 77.7840517489888, -77.11442487522228, 313.3682334897773]"
0.0166164438493027,121.14428594961682,4.1012250525818723e-32,0.9905870312430546,False,True,"[0.5893918919658574, 0.6348864581125987, 11.89735405149365, -1.3857746664237238, 80.97664977450867, 0.4589217302632026, 0.26038006132692443, 77.7840517489888, -77.11442487522228, 313.3682334897773]"
0.016450279410809673,121.14428594961682,2.1826335424792228e-42,0.23312789649918986,False,True,"[0.5893918919658574, 0.6348864581125987, 11.89735405149365, -1.3857746664237238, 80.97664977450867, 0.4589217302632026, 0.26038006132692443, 77.7840517489888, -77.11442487522228, 313.3682334897773]"
0.016285776616701577,121.14428594961682,1.7351237862326754e-46,0.37099407090987135,False,True,"[0.5893918919658574, 0.6348864581125987, 11.89735405149365, -1.3857746664237238, 80.97664977450867, 0.4589217302632026, 0.26038006132692443, 77.7840517489888, -77.11442487522228, 313.3682334897773]"
0.01612291885053456,121.14428594961682,1.044481716004792e-31,0.031401600029040466,False,True,"[0.5893918919658574, 0.6348864581125987, 11.89735405149365, -1.3857746664237238, 80.97664977450867, 0.4589217302632026, 0.26038006132692443, 77.7840517489888, -77.11442487522228, 313.3682334897773]"
0.015961689662029214,121.14570821030512,0.914749844719243,0.050359893828516133,True,False,"[0.5660653020999964, 0.5795340090419859, 12.215127255383779, -0.010379366744650786, 80.88020336597214, 0.49753466622372655, 0.2409101790534099, 78.5640788688889, -76.54265171833775, 311.6596589122507]"
0.01580207276540892,121.14570821030512,1.810862885381659e-64,0.41862123739234536,False,False,"[0.5660653020999964, 0.5795340090419859, 12.215127255383779, -0.010379366744650786, 80.88020336597214, 0.49753466622372655, 0.2409101790534099, 78.5640788688889, -76.54265171833775, 311.6596589122507]"
0.015644052037754833,121.025497925345,1.0,0.6234007515738105,True,True,"[0.5427360136457945, 0.6939363936760065, 12.82533990766004, -5.9433261126414285, 78.61585872109478, 0.4858133582529632, 0.3158009777305526, 76.084198509744, -62.9945359462903, 315.341926882033]"
0.015487611517377283,121.025497925345,1.2101960619514769e-09,0.5791399126720369,False,True,"[0.5427360136457945, 0.6939363936760065, 12.82533990766004, -5.9433261126414285, 78.61585872109478, 0.4858133582529632, 0.3158009777305526, 76.084198509744, -62.9945359462903, 315.341926882033]"
0.01533273540220351,120.8542445360427,1.0,0.5196729085995282,True,True,"[0.5680027879182111, 0.42633292064002665, 14.919503068215654, -14.451940123251916, 75.92970472861847, 0.6928839797677755, 0.24489427163936878, 70.33169171626261, -48.435011344954525, 326.4406585186835]"
0.015179408048181475,120.8542445360427,1.0070587213351865e-09,0.8787709752189707,False,True,"[0.5680027879182111, 0.42633292064002665, 14.919503068215654, -14.451940123251916, 75.92970472861847, 0.6928839797677755, 0.24489427163936878, 70.33169171626261, -48.435011344954525, 326.4406585186835]"
0.01502761396769966,120.8542445360427,3.1468329339598916e-38,0.10219046038421686,False,True,"[0.5680027879182111, 0.42633292064002665, 14.919503068215654, -14.451940123251916, 75.92970472861847, 0.6928839797677755, 0.24489427163936878, 70.33169171626261, -48.435011344954525, 326.4406585186835]"
0.014877337828022663,120.8542445360427,5.366549619314251e-34,0.49546738214250874,False,True,"[0.5680027879182111, 0.42633292064002665, 14.919503068215654, -14.451940123251916, 75.92970472861847, 0.6928839797677755, 0.24489427163936878, 70.33169171626261, -48.435011344954525, 326.4406585186835]"
0.014728564449742437,120.04805755084897,1.0,0.444017064386553,True,True,"[0.4561031953174991, 0.5650558736281152, 13.667706327559696, -8.530068499780928, 63.56009540217645, 0.6612610467045251, 0.14056285583124783, 74.49972330669053, -42.31183361283836, 331.6553636602414]"
0.014581278805245013,120.04805755084897,0.0001765130422041976,0.35721160831460663,False,True,"[0.4561031953174991, 0.5650558736281152, 13.667706327559696, -8.530068499780928, 63.56009540217645, 0.6612610467045251, 0.14056285583124783, 74.49972330669053, -42.31183361283836, 331.6553636602414]"
0.014435466017192563,120.04805755084897,4.869982519529375e-50,0.02005190439314619,False,True,"[0.4561031953174991, 0.5650558736281152, 13.667706327559696, -8.530068499780928, 63.56009540217645, 0.6612610467045251, 0.14056285583124783, 74.49972330669053, -42.31183361283836, 331.6553636602414]"
0.014291111357020637,120.04805755084897,9.299935123118228e-49,0.1792774761000776,False,True,"[0.4561031953174991, 0.5650558736281152, 13.667706327559696, -8.530068499780928, 63.56009540217645, 0.6612610467045251, 0.14056285583124783, 74.49972330669053, -42.31183361283836, 331.6553636602414]"
0.014148200243450431,120.04805755084897,6.803808915037607e-70,0.09274669480241615,False,True,"[0.4561031953174991, 0.5650558736281152, 13.667706327559696, -8.530068499780928, 63.56009540217645, 0.6612610467045251, 0.14056285583124783, 74.49972330669053, -42.31183361283836, 331.6553636602414]"
0.014006718241015927,120.04805755084897,1.2496330021738551e-33,0.6528747073051675,False,True,"[0.4561031953174991, 0.5650558736281152, 13.667706327559696, -8.530068499780928, 63.56009540217645, 0.6612610467045251, 0.14056285583124783, 74.49972330669053, -42.31183361283836, 331.6553636602414]"
0.013866651058605768,120.04805755084897,2.13334348841321e-51,0.7200229123595873,False,True,"[0.4561031953174991, 0.5650558736281152, 13.667706327559696, -8.530068499780928, 63.56009540217645, 0.6612610467045251, 0.14056285583124783, 74.49972330669053, -42.31183361283836, 331.6553636602414]"
0.01372798454801971,119.47460966907668,1.0,0.7956851987479556,True,True,"[0.36281565885761347, 0.5908166522983276, 15.743931306919775, -13.217624930064018, 55.93385872182685, 0.6240038183450027, 0.19335034845537363, 76.97849493255272, -62.673260823301575, 331.27558837083933]"
0.013590704702539513,119.47460966907668,1.3204032461744858e-25,0.014008555755496754,False,True,"[0.36281565885761347, 0.5908166522983276, 15.743931306919775, -13.217624930064018, 55.93385872182685, 0.6240038183450027, 0.19335034845537363, 76.97849493255272, -62.673260823301575, 331.27558837083933]"
0.013454797655514118,119.47460966907668,9.166925270111627e-53,0.8708081272535485,False,True,"[0.36281565885761347, 0.5908166522983276, 15.743931306919775, -13.217624930064018, 55.93385872182685, 0.6240038183450027, 0.19335034845537363, 76.97849493255272, -62.673260823301575, 331.27558837083933]"
0.013320249678958977,119.47460966907668,1.9733081533120495e-76,0.22887246088029112,False,True,"[0.36281565885761347, 0.5908166522983276, 15.743931306919775, -13.217624930064018, 55.93385872182685, 0.6240038183450027, 0.19335034845537363, 76.97849493255272, -62.673260823301575, 331.27558837083933]"
0.013187047182169388,117.76213172713314,1.0,0.5446227145482295,True,True,"[0.4455346408874848, 0.6176399715781579, 9.407253602655846, -1.4841814906124409, 56.10861170610545, 0.5400505083932219, 0.15056829072074807, 75.04117985024456, -62.533609808077294, 328.59188865417406]"
0.013055176710347694,117.63961870390548,1.0,0.8566564270960847,True,True,"[0.42320689436596476, 0.5916767935135574, 13.097038848394519, -12.539233476672717, 53.6868838826391, 0.46290151613470526, 0.35533806285533065, 77.7546145076795, -76.77427340315738, 332.5444221530522]"
0.012924624943244216,116.86212911995669,1.0,0.16607871392885665,True,True,"[0.4592803978772173, 0.5228869552375366, 12.049426624527689, -6.105253523301579, 46.75261995308645, 0.4150487366974545, 0.27552985944711705, 76.20120111948476, -85.13418011808605, 342.44068503068905]"
0.012795378693811773,116.86212911995669,3.1047820196817403e-84,0.2924645695460957,False,True,"[0.4592803978772173, 0.5228869552375366, 12.049426624527689, -6.105253523301579, 46.75261995308645, 0.4150487366974545, 0.27552985944711705, 76.20120111948476, -85.13418011808605, 342.44068503068905]"
0.012667424906873656,116.86212911995669,8.232804683666973e-43,0.5469252078255634,False,True,"[0.4592803978772173, 0.5228869552375366, 12.049426624527689, -6.105253523301579, 46.75261995308645, 0.4150487366974545, 0.27552985944711705, 76.20120111948476, -85.13418011808605, 342.44068503068905]"
0.01254075065780492,116.86212911995669,5.811405727128427e-85,0.6057220399394554,False,True,"[0.4592803978772173, 0.5228869552375366, 12.049426624527689, -6.105253523301579, 46.75261995308645, 0.4150487366974545, 0.27552985944711705, 76.20120111948476, -85.13418011808605, 342.44068503068905]"
0.01241534315122687,116.66852961352144,1.0,0.2807202295680906,True,True,"[0.6108234255595164, 0.525607756844626, 10.787111542006322, -7.207201789318411, 46.379975256999174, 0.644784392753402, 0.209562739674108, 81.77567550636076, -49.74390811151006, 337.6170506037381]"
0.012291189719714601,115.81527143931638,1.0,0.1275406489899833,True,True,"[0.6931694611416983, 0.5515357262453889, 12.945712230212438, -3.8671415200471095, 32.54562504894028, 0.4993167368199488, 0.29064600874063945, 84.55118552012819, -67.28380683237387, 331.2599628886498]"
0.012168277822517455,115.81527143931638,1.2763138186694848e-30,0.47799968473175525,False,True,"[0.6931694611416983, 0.5515357262453889, 12.945712230212438, -3.8671415200471095, 32.54562504894028, 0.4993167368199488, 0.29064600874063945, 84.55118552012819, -67.28380683237387, 331.2599628886498]"
0.01204659504429228,114.56301266176175,1.0,0.698115319167235,True,True,"[0.6280129511775305, 0.6825227834239407, 11.035460930442014, 3.765224141419858, 34.27316851729963, 0.5500251319829692, 0.25876572886041554, 78.63405459473135, -65.28944805153895, 326.3312069183194]"
0.011926129093849358,113.65043522616222,1.0,0.3033089157974571,True,True,"[0.5672947652663769, 0.7428834644272198, 10.10195910246498, 11.062017747228323, 31.932790497939248, 0.5409649031979671, 0.1724066821723147, 83.6619011021999, -51.3699442827598, 328.36577566556355]"
0.011806867802910863,112.95294715760367,1.0,0.37455915697388387,True,True,"[0.6358175490115733, 0.719451261383631, 11.548633962535355, 1.8710181329896383, 26.95038616769998, 0.5528574371030399, 0.12041253128935092, 85.50580578079061, -45.68236605659347, 324.69994227052393]"
0.011688799124881754,112.95294715760367,4.568013209314579e-119,0.31234875186056477,False,True,"[0.6358175490115733, 0.719451261383631, 11.548633962535355, 1.8710181329896383, 26.95038616769998, 0.5528574371030399, 0.12041253128935092, 85.50580578079061, -45.68236605659347, 324.69994227052393]"
0.011571911133632937,112.95294715760367,3.0540871936537482e-21,0.9532052496098756,False,True,"[0.6358175490115733, 0.719451261383631, 11.548633962535355, 1.8710181329896383, 26.95038616769998, 0.5528574371030399, 0.12041253128935092, 85.50580578079061, -45.68236605659347, 324.69994227052393]"
0.011456192022296608,112.95294715760367,4.1942411690260145e-148,0.5901469439044347,False,True,"[0.6358175490115733, 0.719451261383631, 11.548633962535355, 1.8710181329896383, 26.95038616769998, 0.5528574371030399, 0.12041253128935092, 85.50580578079061, -45.68236605659347, 324.69994227052393]"
0.011341630102073641,112.95294715760367,4.630162928982966e-115,0.6941948625603456,False,True,"[0.6358175490115733, 0.719451261383631, 11.548633962535355, 1.8710181329896383, 26.95038616769998, 0.5528574371030399, 0.12041253128935092, 85.50580578079061, -45.68236605659347, 324.69994227052393]"
0.011228213801052905,112.95294715760367,2.3937131430137245e-83,0.7101809782425271,False,True,"[0.6358175490115733, 0.719451261383631, 11.548633962535355, 1.8710181329896383, 26.95038616769998, 0.5528574371030399, 0.12041253128935092, 85.50580578079061, -45.68236605659347, 324.69994227052393]"
0.011115931663042377,112.09734582450085,1.0,0.30273270552518794,True,True,"[0.5763057788980083, 0.6978721387625797, 8.028610345135244, 6.737069383148453, 31.73329294241344, 0.565008256550103, 0.3671021120125646, 82.45159399976622, -42.898604423365725, 319.80255350905674]"
0.011004772346411952,112.09734582450085,1.4763369796814558e-110,0.8311174301661081,False,True,"[0.5763057788980083, 0.6978721387625797, 8.028610345135244, 6.737069383148453, 31.73329294241344, 0.565008256550103, 0.3671021120125646, 82.45159399976622, -42.898604423365725, 319.80255350905674]"
0.010894724622947832,112.09734582450085,5.113234638258594e-23,0.7263216008517831,False,True,"[0.5763057788980083, 0.6978721387625797, 8.028610345135244, 6.737069383148453, 31.73329294241344, 0.565008256550103, 0.3671021120125646, 82.45159399976622, -42.898604423365725, 319.80255350905674]"
0.010785777376718354,112.09734582450085,8.344173077184116e-103,0.17234372486159655,False,True,"[0.5763057788980083, 0.6978721387625797, 8.028610345135244, 6.737069383148453, 31.73329294241344, 0.565008256550103, 0.3671021120125646, 82.45159399976622, -42.898604423365725, 319.80255350905674]"
0.010677919602951171,111.59719632977571,1.0,0.2711768970124103,True,True,"[0.5926327399646392, 0.6249697644336988, 10.011097207080876, 8.468414951425313, 29.91709067908377, 0.5976082658596591, 0.14592160174290142, 86.73376965932862, -52.880308076234286, 323.78450677644963]"
0.01057114040692166,108.5919414678274,1.0,0.5039791245493126,True,True,"[0.5584300690145384, 0.6033199588576176, 10.952782558917074, 8.57788155766289, 24.189749736603652, 0.7119345173394509, 0.22524771686401832, 86.86792407970852, -49.67471246621594, 322.29328185362374]"
0.010465429002852442,108.5919414678274,1.0031861663794583e-136,0.3864397882045524,False,True,"[0.5584300690145384, 0.6033199588576176, 10.952782558917074, 8.57788155766289, 24.189749736603652, 0.7119345173394509, 0.22524771686401832, 86.86792407970852, -49.67471246621594, 322.29328185362374]"
0.010360774712823918,108.5919414678274,0.0,0.5778782042102106,False,True,"[0.5584300690145384, 0.6033199588576176, 10.952782558917074, 8.57788155766289, 24.189749736603652, 0.7119345173394509, 0.22524771686401832, 86.86792407970852, -49.67471246621594, 322.29328185362374]"
0.010257166965695678,108.5919414678274,4.502935770940626e-115,0.03618846449708635,False,True,"[0.5584300690145384, 0.6033199588576176, 10.952782558917074, 8.57788155766289, 24.189749736603652, 0.7119345173394509, 0.22524771686401832, 86.86792407970852, -49.67471246621594, 322.29328185362374]"
0.01015459529603872,108.5919414678274,1.7395376919236285e-96,0.8454559923899106,False,True,"[0.5584300690145384, 0.6033199588576176, 10.952782558917074, 8.57788155766289, 24.189749736603652, 0.7119345173394509, 0.22524771686401832, 86.86792407970852, -49.67471246621594, 322.29328185362374]"
0.010053049343078333,108.5919414678274,8.426496348591301e-126,0.6627755861631786,False,True,"[0.5584300690145384, 0.6033199588576176, 10.952782558917074, 8.57788155766289, 24.189749736603652, 0.7119345173394509, 0.22524771686401832, 86.86792407970852, -49.67471246621594, 322.29328185362374]"
0.009952518849647549,104.26258882399017,1.0,0.6665669083559611,True,True,"[0.6324560381012763, 0.6749005036565646, 11.017129632936031, -6.277516682586755, 15.440685121346164, 0.735847465653945, 0.2554753567969274, 92.63906358096304, -65.40299430717603, 328.9666632366036]"
0.009852993661151074,98.23838965409023,1.0,0.042382619935789956,True,True,"[0.4661428273469278, 0.6296959616490281, 10.458607088384314, -5.627499139120699, 12.383311661663619, 0.6250445227197152, 0.17404276098316307, 89.03906891545549, -59.87730363325326, 318.1537756876876]"
0.009754463724539563,98.23838965409023,0.0,0.37199438869961976,False,True,"[0.4661428273469278, 0.6296959616490281, 10.458607088384314, -5.627499139120699, 12.383311661663619, 0.6250445227197152, 0.17404276098316307, 89.03906891545549, -59.87730363325326, 318.1537756876876]"
0.009656919087294168,98.23838965409023,1.4271112876800368e-233,0.4288192092494424,False,True,"[0.4661428273469278, 0.6296959616490281, 10.458607088384314, -5.627499139120699, 12.383311661663619, 0.6250445227197152, 0.17404276098316307, 89.03906891545549, -59.87730363325326, 318.1537756876876]"
0.009560349896421226,98.23838965409023,4.6706925719148605e-292,0.30184854211194156,False,True,"[0.4661428273469278, 0.6296959616490281, 10.458607088384314, -5.627499139120699, 12.383311661663619, 0.6250445227197152, 0.17404276098316307, 89.03906891545549, -59.87730363325326, 318.1537756876876]"
0.009464746397457015,96.6943144851097,1.0,0.741143600814863,True,True,"[0.4588805814060181, 0.626894356700074, 6.139633460528488, -1.1846730888318868, 12.572462663690542, 0.4096213223105053, 0.21981654190477917, 92.38665832801776, -60.5050950030859, 315.68370196503184]"
0.009370098933482444,96.6943144851097,1.7040879156311314e-134,0.16487783820472535,False,True,"[0.4588805814060181, 0.626894356700074, 6.139633460528488, -1.1846730888318868, 12.572462663690542, 0.4096213223105053, 0.21981654190477917, 92.38665832801776, -60.5050950030859, 315.68370196503184]"
0.00927639794414762,96.6943144851097,0.0,0.01117164608532828,False,True,"[0.4588805814060181, 0.626894356700074, 6.139633460528488, -1.1846730888318868, 12.572462663690542, 0.4096213223105053, 0.21981654190477917, 92.38665832801776, -60.5050950030859, 315.68370196503184]"
0.009183633964706143,96.6943144851097,2.1955708236772158e-246,0.7142678190367235,False,True,"[0.4588805814060181, 0.626894356700074, 6.139633460528488, -1.1846730888318868, 12.572462663690542, 0.4096213223105053, 0.21981654190477917, 92.38665832801776, -60.5050950030859, 315.68370196503184]"
0.009091797625059081,96.6943144851097,0.0,0.737142568203732,False,True,"[0.4588805814060181, 0.626894356700074, 6.139633460528488, -1.1846730888318868, 12.572462663690542, 0.4096213223105053, 0.21981654190477917, 92.38665832801776, -60.5050950030859, 315.68370196503184]"
0.009000879648808491,96.6943144851097,0.0,0.26190985833860103,False,True,"[0.4588805814060181, 0.626894356700074, 6.139633460528488, -1.1846730888318868, 12.572462663690542, 0.4096213223105053, 0.21981654190477917, 92.38665832801776, -60.5050950030859, 315.68370196503184]"
0.008910870852320407,96.6943144851097,0.0,0.4163329149075037,False,True,"[0.4588805814060181, 0.626894356700074, 6.139633460528488, -1.1846730888318868, 12.572462663690542, 0.4096213223105053, 0.21981654190477917, 92.38665832801776, -60.5050950030859, 315.68370196503184]"
0.008821762143797202,96.6943144851097,0.0,0.6288193845183487,False,True,"[0.4588805814060181, 0.626894356700074, 6.139633460528488, -1.1846730888318868, 12.572462663690542, 0.4096213223105053, 0.21981654190477917, 92.38665832801776, -60.5050950030859, 315.68370196503184]"
0.00873354452235923,96.6943144851097,0.0,0.5942432919936098,False,True,"[0.4588805814060181, 0.626894356700074, 6.139633460528488, -1.1846730888318868, 12.572462663690542, 0.4096213223105053, 0.21981654190477917, 92.38665832801776, -60.5050950030859, 315.68370196503184]"
0.008646209077135638,96.6943144851097,0.0,0.9078722222773958,False,True,"[0.4588805814060181, 0.626894356700074, 6.139633460528488, -1.1846730888318868, 12.572462663690542, 0.4096213223105053, 0.21981654190477917, 92.38665832801776, -60.5050950030859, 315.68370196503184]"
0.008559746986364282,96.6943144851097,0.0,0.7032498364906458,False,True,"[0.4588805814060181, 0.626894356700074, 6.139633460528488, -1.1846730888318868, 12.572462663690542, 0.4096213223105053, 0.21981654190477917, 92.38665832801776, -60.5050950030859, 315.68370196503184]"
0.00847414951650064,96.6943144851097,0.0,0.12409631987367387,False,True,"[0.4588805814060181, 0.626894356700074, 6.139633460528488, -1.1846730888318868, 12.572462663690542, 0.4096213223105053, 0.21981654190477917, 92.38665832801776, -60.5050950030859, 315.68370196503184]"
0.008389408021335632,96.6943144851097,0.0,0.32703491391064055,False,True,"[0.4588805814060181, 0.626894356700074, 6.139633460528488, -1.1846730888318868, 12.572462663690542, 0.4096213223105053, 0.21981654190477917, 92.38665832801776, -60.5050950030859, 315.68370196503184]"
0.008305513941122276,96.6943144851097,0.0,0.8827366523134761,False,True,"[0.4588805814060181, 0.626894356700074, 6.139633460528488, -1.1846730888318868, 12.572462663690542, 0.4096213223105053, 0.21981654190477917, 92.38665832801776, -60.5050950030859, 315.68370196503184]"
0.008222458801711054,96.6943144851097,1.4677523641688819e-205,0.15581369123132405,False,True,"[0.4588805814060181, 0.626894356700074, 6.139633460528488, -1.1846730888318868, 12.572462663690542, 0.4096213223105053, 0.21981654190477917, 92.38665832801776, -60.5050950030859, 315.68370196503184]"
0.008140234213693942,96.6943144851097,0.0,0.7394895955682325,False,True,"[0.4588805814060181, 0.626894356700074, 6.139633460528488, -1.1846730888318868, 12.572462663690542, 0.4096213223105053, 0.21981654190477917, 92.38665832801776, -60.5050950030859, 315.68370196503184]"
0.008058831871557003,96.6943144851097,0.0,0.05024526041293176,False,True,"[0.4588805814060181, 0.626894356700074, 6.139633460528488, -1.1846730888318868, 12.572462663690542, 0.4096213223105053, 0.21981654190477917, 92.38665832801776, -60.5050950030859, 315.68370196503184]"
0.007978243552841432,96.6943144851097,0.0,0.7733237659708386,False,True,"[0.4588805814060181, 0.626894356700074, 6.139633460528488, -1.1846730888318868, 12.572462663690542, 0.4096213223105053, 0.21981654190477917, 92.38665832801776, -60.5050950030859, 315.68370196503184]"
0.007898461117313018,96.6943144851097,0.0,0.28554893852843044,False,True,"[0.4588805814060181, 0.626894356700074, 6.139633460528488, -1.1846730888318868, 12.572462663690542, 0.4096213223105053, 0.21981654190477917, 92.38665832801776, -60.5050950030859, 315.68370196503184]"
0.007819476506139887,96.6943144851097,0.0,0.2875008989199148,False,True,"[0.4588805814060181, 0.626894356700074, 6.139633460528488, -1.1846730888318868, 12.572462663690542, 0.4096213223105053, 0.21981654190477917, 92.38665832801776, -60.5050950030859, 315.68370196503184]"
0.0077412817410784885,96.6943144851097,0.0,0.4931149215246565,False,True,"[0.4588805814060181, 0.626894356700074, 6.139633460528488, -1.1846730888318868, 12.572462663690542, 0.4096213223105053, 0.21981654190477917, 92.38665832801776, -60.5050950030859, 315.68370196503184]"
0.007663868923667704,96.6943144851097,0.0,0.8232393749857327,False,True,"[0.4588805814060181, 0.626894356700074, 6.139633460528488, -1.1846730888318868, 12.572462663690542, 0.4096213223105053, 0.21981654190477917, 92.38665832801776, -60.5050950030859, 315.68370196503184]"
0.007587230234431027,96.6943144851097,0.0,0.25300772019008577,False,True,"[0.4588805814060181, 0.626894356700074, 6.139633460528488, -1.1846730888318868, 12.572462663690542, 0.4096213223105053, 0.21981654190477917, 92.38665832801776, -60.5050950030859, 315.68370196503184]"
0.007511357932086717,96.6943144851097,0.0,0.7487239314434999,False,True,"[0.4588805814060181, 0.626894356700074, 6.139633460528488, -1.1846730888318868, 12.572462663690542, 0.4096213223105053, 0.21981654190477917, 92.38665832801776, -60.5050950030859, 315.68370196503184]"
0.007436244352765849,96.6943144851097,0.0,0.23621467933427387,False,True,"[0.4588805814060181, 0.626894356700074, 6.139633460528488, -1.1846730888318868, 12.572462663690542, 0.4096213223105053, 0.21981654190477917, 92.38665832801776, -60.5050950030859, 315.68370196503184]"
0.007361881909238191,96.6943144851097,6.778568493821913e-67,0.9457725109550722,False,True,"[0.4588805814060181, 0.626894356700074, 6.139633460528488, -1.1846730888318868, 12.572462663690542, 0.4096213223105053, 0.21981654190477917, 92.38665832801776, -60.5050950030859, 315.68370196503184]"
0.007288263090145809,96.6943144851097,0.0,0.468891311692041,False,True,"[0.4588805814060181, 0.626894356700074, 6.139633460528488, -1.1846730888318868, 12.572462663690542, 0.4096213223105053, 0.21981654190477917, 92.38665832801776, -60.5050950030859, 315.68370196503184]"
0.00721538045924435,96.6943144851097,0.0,0.9240221040321045,False,True,"[0.4588805814060181, 0.626894356700074, 6.139633460528488, -1.1846730888318868, 12.572462663690542, 0.4096213223105053, 0.21981654190477917, 92.38665832801776, -60.5050950030859, 315.68370196503184]"
0.007143226654651907,96.6943144851097,1.956347594806472e-190,0.3507012195516378,False,True,"[0.4588805814060181, 0.626894356700074, 6.139633460528488, -1.1846730888318868, 12.572462663690542, 0.4096213223105053, 0.21981654190477917, 92.38665832801776, -60.5050950030859, 315.68370196503184]"
0.007071794388105388,96.6943144851097,7.373708851371864e-173,0.028864985180273584,False,True,"[0.4588805814060181, 0.626894356700074, 6.139633460528488, -1.1846730888318868, 12.572462663690542, 0.4096213223105053, 0.21981654190477917, 92.38665832801776, -60.5050950030859, 315.68370196503184]"
0.007001076444224335,96.6943144851097,0.0,0.049590535991447804,False,True,"[0.4588805814060181, 0.626894356700074, 6.139633460528488, -1.1846730888318868, 12.572462663690542, 0.4096213223105053, 0.21981654190477917, 92.38665832801776, -60.5050950030859, 315.68370196503184]"
0.006931065679782091,96.6943144851097,0.0,0.4533851127724393,False,True,"[0.4588805814060181, 0.626894356700074, 6.139633460528488, -1.1846730888318868, 12.572462663690542, 0.4096213223105053, 0.21981654190477917, 92.38665832801776, -60.5050950030859, 315.68370196503184]"
0.00686175502298427,96.6943144851097,0.0,0.46839698081728953,False,True,"[0.4588805814060181, 0.626894356700074, 6.139633460528488, -1.1846730888318868, 12.572462663690542, 0.4096213223105053, 0.21981654190477917, 92.38665832801776, -60.5050950030859, 315.68370196503184]"
0.006793137472754427,96.6943144851097,0.0,0.4215976958978347,False,True,"[0.4588805814060181, 0.626894356700074, 6.139633460528488, -1.1846730888318868, 12.572462663690542, 0.4096213223105053, 0.21981654190477917, 92.38665832801776, -60.5050950030859, 315.68370196503184]"
0.006725206098026883,96.6943144851097,0.0,0.8037162330985843,False,True,"[0.4588805814060181, 0.626894356700074, 6.139633460528488, -1.1846730888318868, 12.572462663690542, 0.4096213223105053, 0.21981654190477917, 92.38665832801776, -60.5050950030859, 315.68370196503184]"
0.006657954037046614,96.6943144851097,0.0,0.7511700304165463,False,True,"[0.4588805814060181, 0.626894356700074, 6.139633460528488, -1.1846730888318868, 12.572462663690542, 0.4096213223105053, 0.21981654190477917, 92.38665832801776, -60.5050950030859, 315.68370196503184]"
0.006591374496676148,96.6943144851097,0.0,0.5629678245272566,False,True,"[0.4588805814060181, 0.626894356700074, 6.139633460528488, -1.1846730888318868, 12.572462663690542, 0.4096213223105053, 0.21981654190477917, 92.38665832801776, -60.5050950030859, 315.68370196503184]"
0.006525460751709386,96.6943144851097,0.0,0.0027902754039439426,False,True,"[0.4588805814060181, 0.626894356700074, 6.139633460528488, -1.1846730888318868, 12.572462663690542, 0.4096213223105053, 0.21981654190477917, 92.38665832801776, -60.5050950030859, 315.68370196503184]"
0.006460206144192292,96.6943144851097,0.0,0.7082750181630824,False,True,"[0.4588805814060181, 0.626894356700074, 6.139633460528488, -1.1846730888318868, 12.572462663690542, 0.4096213223105053, 0.21981654190477917, 92.38665832801776, -60.5050950030859, 315.68370196503184]"
0.006395604082750369,96.6943144851097,0.0,0.1935215097693901,False,True,"[0.4588805814060181, 0.626894356700074, 6.139633460528488, -1.1846730888318868, 12.572462663690542, 0.4096213223105053, 0.21981654190477917, 92.38665832801776, -60.5050950030859, 315.68370196503184]"
0.006331648041922865,96.6943144851097,0.0,0.23202302353661186,False,True,"[0.4588805814060181, 0.626894356700074, 6.139633460528488, -1.1846730888318868, 12.572462663690542, 0.4096213223105053, 0.21981654190477917, 92.38665832801776, -60.5050950030859, 315.68370196503184]"
0.006268331561503636,96.6943144851097,0.0,0.013298215770211064,False,True,"[0.4588805814060181, 0.626894356700074, 6.139633460528488, -1.1846730888318868, 12.572462663690542, 0.4096213223105053, 0.21981654190477917, 92.38665832801776, -60.5050950030859, 315.68370196503184]"
0.0062056482458886,96.6943144851097,1.5878133276651487e-256,0.47281902412921195,False,True,"[0.4588805814060181, 0.626894356700074, 6.139633460528488, -1.1846730888318868, 12.572462663690542, 0.4096213223105053, 0.21981654190477917, 92.38665832801776, -60.5050950030859, 315.68370196503184]"
0.006143591763429714,96.6943144851097,0.0,0.44842078023007925,False,True,"[0.4588805814060181, 0.626894356700074, 6.139633460528488, -1.1846730888318868, 12.572462663690542, 0.4096213223105053, 0.21981654190477917, 92.38665832801776, -60.5050950030859, 315.68370196503184]"
0.006082155845795417,96.6943144851097,0.0,0.00840638829489282,False,True,"[0.4588805814060181, 0.626894356700074, 6.139633460528488, -1.1846730888318868, 12.572462663690542, 0.4096213223105053, 0.21981654190477917, 92.38665832801776, -60.5050950030859, 315.68370196503184]"
0.0060213342873374626,96.6943144851097,0.0,0.6602988862973643,False,True,"[0.4588805814060181, 0.626894356700074, 6.139633460528488, -1.1846730888318868, 12.572462663690542, 0.4096213223105053, 0.21981654190477917, 92.38665832801776, -60.5050950030859, 315.68370196503184]"
0.005961120944464088,96.6943144851097,0.0,0.5479351662191115,False,True,"[0.4588805814060181, 0.626894356700074, 6.139633460528488, -1.1846730888318868, 12.572462663690542, 0.4096213223105053, 0.21981654190477917, 92.38665832801776, -60.5050950030859, 315.68370196503184]"
0.005901509735019447,96.6943144851097,0.0,0.23394233655059293,False,True,"[0.4588805814060181, 0.626894356700074, 6.139633460528488, -1.1846730888318868, 12.572462663690542, 0.4096213223105053, 0.21981654190477917, 92.38665832801776, -60.5050950030859, 315.68370196503184]"
0.005842494637669253,96.6943144851097,0.0,0.594316770721652,False,True,"[0.4588805814060181, 0.626894356700074, 6.139633460528488, -1.1846730888318868, 12.572462663690542, 0.4096213223105053, 0.21981654190477917, 92.38665832801776, -60.5050950030859, 315.68370196503184]"
0.00578406969129256,96.6943144851097,8.243520715952883e-98,0.7532443881467721,False,True,"[0.4588805814060181, 0.626894356700074, 6.139633460528488, -1.1846730888318868, 12.572462663690542, 0.4096213223105053, 0.21981654190477917, 92.38665832801776, -60.5050950030859, 315.68370196503184]"
0.005726228994379634,96.6943144851097,0.0,0.5047652325774924,False,True,"[0.4588805814060181, 0.626894356700074, 6.139633460528488, -1.1846730888318868, 12.572462663690542, 0.4096213223105053, 0.21981654190477917, 92.38665832801776, -60.5050950030859, 315.68370196503184]"
0.005668966704435838,96.6943144851097,0.0,0.8774336650058726,False,True,"[0.4588805814060181, 0.626894356700074, 6.139633460528488, -1.1846730888318868, 12.572462663690542, 0.4096213223105053, 0.21981654190477917, 92.38665832801776, -60.5050950030859, 315.68370196503184]"
0.005612277037391479,96.6943144851097,0.0,0.5490640535232878,False,True,"[0.4588805814060181, 0.626894356700074, 6.139633460528488, -1.1846730888318868, 12.572462663690542, 0.4096213223105053, 0.21981654190477917, 92.38665832801776, -60.5050950030859, 315.68370196503184]"
0.005556154267017565,96.6943144851097,0.0,0.007475718175015911,False,True,"[0.4588805814060181, 0.626894356700074, 6.139633460528488, -1.1846730888318868, 12.572462663690542, 0.4096213223105053, 0.21981654190477917, 92.38665832801776, -60.5050950030859, 315.68370196503184]"
0.00550059272434739,96.6943144851097,0.0,0.21947165184171613,False,True,"[0.4588805814060181, 0.626894356700074, 6.139633460528488, -1.1846730888318868, 12.572462663690542, 0.4096213223105053, 0.21981654190477917, 92.38665832801776, -60.5050950030859, 315.68370196503184]"
0.0054455867971039155,96.6943144851097,0.0,0.3881470441291278,False,True,"[0.4588805814060181, 0.626894356700074, 6.139633460528488, -1.1846730888318868, 12.572462663690542, 0.4096213223105053, 0.21981654190477917, 92.38665832801776, -60.5050950030859, 315.68370196503184]"
0.005391130929132877,96.6943144851097,0.0,0.6498513318784009,False,True,"[0.4588805814060181, 0.626894356700074, 6.139633460528488, -1.1846730888318868, 12.572462663690542, 0.4096213223105053, 0.21981654190477917, 92.38665832801776, -60.5050950030859, 315.68370196503184]"
0.005337219619841548,96.6943144851097,0.0,0.934260857114262,False,True,"[0.4588805814060181, 0.626894356700074, 6.139633460528488, -1.1846730888318868, 12.572462663690542, 0.4096213223105053, 0.21981654190477917, 92.38665832801776, -60.5050950030859, 315.68370196503184]"
0.005283847423643132,96.6943144851097,0.0,0.2722525447312568,False,True,"[0.4588805814060181, 0.626894356700074, 6.139633460528488, -1.1846730888318868, 12.572462663690542, 0.4096213223105053, 0.21981654190477917, 92.38665832801776, -60.5050950030859, 315.68370196503184]"
0.0052310089494067005,96.6943144851097,0.0,0.21670434366443048,False,True,"[0.4588805814060181, 0.626894356700074, 6.139633460528488, -1.1846730888318868, 12.572462663690542, 0.4096213223105053, 0.21981654190477917, 92.38665832801776, -60.5050950030859, 315.68370196503184]"
0.005178698859912633,96.6943144851097,0.0,0.7887957921706925,False,True,"[0.4588805814060181, 0.626894356700074, 6.139633460528488, -1.1846730888318868, 12.572462663690542, 0.4096213223105053, 0.21981654190477917, 92.38665832801776, -60.5050950030859, 315.68370196503184]"
0.005126911871313507,89.88262628706215,1.0,0.32654314555781316,True,True,"[0.5459191667662893, 0.6242702466234094, 7.515445364270056, -0.9345227501389475, 8.572671829678995, 0.5852641898948451, 0.2051033484324394, 90.34100877281823, -56.50787614790994, 318.9423310365826]"
0.005075642752600372,89.88262628706215,0.0,0.44284603495529384,False,True,"[0.5459191667662893, 0.6242702466234094, 7.515445364270056, -0.9345227501389475, 8.572671829678995, 0.5852641898948451, 0.2051033484324394, 90.34100877281823, -56.50787614790994, 318.9423310365826]"
0.005024886325074368,89.88262628706215,0.0,0.12220502769861263,False,True,"[0.5459191667662893, 0.6242702466234094, 7.515445364270056, -0.9345227501389475, 8.572671829678995, 0.5852641898948451, 0.2051033484324394, 90.34100877281823, -56.50787614790994, 318.9423310365826]"
0.004974637461823624,89.88262628706215,0.0,0.9790678364058261,False,True,"[0.5459191667662893, 0.6242702466234094, 7.515445364270056, -0.9345227501389475, 8.572671829678995, 0.5852641898948451, 0.2051033484324394, 90.34100877281823, -56.50787614790994, 318.9423310365826]"
0.004924891087205388,89.88262628706215,7.770599596039487e-139,0.1550272260457427,False,True,"[0.5459191667662893, 0.6242702466234094, 7.515445364270056, -0.9345227501389475, 8.572671829678995, 0.5852641898948451, 0.2051033484324394, 90.34100877281823, -56.50787614790994, 318.9423310365826]"
0.004875642176333334,89.88262628706215,0.0,0.7201238396234606,False,True,"[0.5459191667662893, 0.6242702466234094, 7.515445364270056, -0.9345227501389475, 8.572671829678995, 0.5852641898948451, 0.2051033484324394, 90.34100877281823, -56.50787614790994, 318.9423310365826]"
0.004826885754570001,89.88262628706215,0.0,0.14080117711431817,False,True,"[0.5459191667662893, 0.6242702466234094, 7.515445364270056, -0.9345227501389475, 8.572671829678995, 0.5852641898948451, 0.2051033484324394, 90.34100877281823, -56.50787614790994, 318.9423310365826]"
0.004778616897024301,89.88262628706215,0.0,0.21341161675571907,False,True,"[0.5459191667662893, 0.6242702466234094, 7.515445364270056, -0.9345227501389475, 8.572671829678995, 0.5852641898948451, 0.2051033484324394, 90.34100877281823, -56.50787614790994, 318.9423310365826]"
0.004730830728054057,89.88262628706215,0.0,0.9330631078506285,False,True,"[0.5459191667662893, 0.6242702466234094, 7.515445364270056, -0.9345227501389475, 8.572671829678995, 0.5852641898948451, 0.2051033484324394, 90.34100877281823, -56.50787614790994, 318.9423310365826]"
0.004683522420773517,89.88262628706215,0.0,0.8384109400255659,False,True,"[0.5459191667662893, 0.6242702466234094, 7.515445364270056, -0.9345227501389475, 8.572671829678995, 0.5852641898948451, 0.2051033484324394, 90.34100877281823, -56.50787614790994, 318.9423310365826]"
0.0046366871965657815,89.88262628706215,0.0,0.08717155754906591,False,True,"[0.5459191667662893, 0.6242702466234094, 7.515445364270056, -0.9345227501389475, 8.572671829678995, 0.5852641898948451, 0.2051033484324394, 90.34100877281823, -56.50787614790994, 318.9423310365826]"
0.004590320324600124,89.88262628706215,0.0,0.9458900031230394,False,True,"[0.5459191667662893, 0.6242702466234094, 7.515445364270056, -0.9345227501389475, 8.572671829678995, 0.5852641898948451, 0.2051033484324394, 90.34100877281823, -56.50787614790994, 318.9423310365826]"
0.004544417121354122,89.88262628706215,0.0,0.6770924199931987,False,True,"[0.5459191667662893, 0.6242702466234094, 7.515445364270056, -0.9345227501389475, 8.572671829678995, 0.5852641898948451, 0.2051033484324394, 90.34100877281823, -56.50787614790994, 318.9423310365826]"
0.004498972950140581,89.88262628706215,0.0,0.8428136881004401,False,True,"[0.5459191667662893, 0.6242702466234094, 7.515445364270056, -0.9345227501389475, 8.572671829678995, 0.5852641898948451, 0.2051033484324394, 90.34100877281823, -56.50787614790994, 318.9423310365826]"
0.004453983220639175,89.88262628706215,0.0,0.5809209916475291,False,True,"[0.5459191667662893, 0.6242702466234094, 7.515445364270056, -0.9345227501389475, 8.572671829678995, 0.5852641898948451, 0.2051033484324394, 90.34100877281823, -56.50787614790994, 318.9423310365826]"
0.004409443388432783,89.88262628706215,0.0,0.2498918951360487,False,True,"[0.5459191667662893, 0.6242702466234094, 7.515445364270056, -0.9345227501389475, 8.572671829678995, 0.5852641898948451, 0.2051033484324394, 90.34100877281823, -56.50787614790994, 318.9423310365826]"
0.004365348954548456,89.88262628706215,0.0,0.45629488127425455,False,True,"[0.5459191667662893, 0.6242702466234094, 7.515445364270056, -0.9345227501389475, 8.572671829678995, 0.5852641898948451, 0.2051033484324394, 90.34100877281823, -56.50787614790994, 318.9423310365826]"
0.004321695465002971,89.88262628706215,0.0,0.5331562690593655,False,True,"[0.5459191667662893, 0.6242702466234094, 7.515445364270056, -0.9345227501389475, 8.572671829678995, 0.5852641898948451, 0.2051033484324394, 90.34100877281823, -56.50787614790994, 318.9423310365826]"
0.004278478510352942,89.88262628706215,0.0,0.4887905176123768,False,True,"[0.5459191667662893, 0.6242702466234094, 7.515445364270056, -0.9345227501389475, 8.572671829678995, 0.5852641898948451, 0.2051033484324394, 90.34100877281823, -56.50787614790994, 318.9423310365826]"
0.004235693725249412,89.88262628706215,0.0,0.9140246289539553,False,True,"[0.5459191667662893, 0.6242702466234094, 7.515445364270056, -0.9345227501389475, 8.572671829678995, 0.5852641898948451, 0.2051033484324394, 90.34100877281823, -56.50787614790994, 318.9423310365826]"
0.004193336787996918,89.88262628706215,0.0,0.06563255604277629,False,True,"[0.5459191667662893, 0.6242702466234094, 7.515445364270056, -0.9345227501389475, 8.572671829678995, 0.5852641898948451, 0.2051033484324394, 90.34100877281823, -56.50787614790994, 318.9423310365826]"
0.004151403420116949,89.88262628706215,0.0,0.2203252548681165,False,True,"[0.5459191667662893, 0.6242702466234094, 7.515445364270056, -0.9345227501389475, 8.572671829678995, 0.5852641898948451, 0.2051033484324394, 90.34100877281823, -56.50787614790994, 318.9423310365826]"
0.00410988938591578,89.88262628706215,0.0,0.793755880374394,False,True,"[0.5459191667662893, 0.6242702466234094, 7.515445364270056, -0.9345227501389475, 8.572671829678995, 0.5852641898948451, 0.2051033484324394, 90.34100877281823, -56.50787614790994, 318.9423310365826]"
0.004068790492056622,89.88262628706215,0.0,0.449787601153104,False,True,"[0.5459191667662893, 0.6242702466234094, 7.515445364270056, -0.9345227501389475, 8.572671829678995, 0.5852641898948451, 0.2051033484324394, 90.34100877281823, -56.50787614790994, 318.9423310365826]"
0.0040281025871360555,89.88262628706215,0.0,0.834949182952695,False,True,"[0.5459191667662893, 0.6242702466234094, 7.515445364270056, -0.9345227501389475, 8.572671829678995, 0.5852641898948451, 0.2051033484324394, 90.34100877281823, -56.50787614790994, 318.9423310365826]"
0.003987821561264695,89.88262628706215,0.0,0.7458071767319512,False,True,"[0.5459191667662893, 0.6242702466234094, 7.515445364270056, -0.9345227501389475, 8.572671829678995, 0.5852641898948451, 0.2051033484324394, 90.34100877281823, -56.50787614790994, 318.9423310365826]"
0.003947943345652048,89.88262628706215,3.0739291381658525e-133,0.9478262693408602,False,True,"[0.5459191667662893, 0.6242702466234094, 7.515445364270056, -0.9345227501389475, 8.572671829678995, 0.5852641898948451, 0.2051033484324394, 90.34100877281823, -56.50787614790994, 318.9423310365826]"
0.0039084639121955275,89.88262628706215,0.0,0.44829001794232093,False,True,"[0.5459191667662893, 0.6242702466234094, 7.515445364270056, -0.9345227501389475, 8.572671829678995, 0.5852641898948451, 0.2051033484324394, 90.34100877281823, -56.50787614790994, 318.9423310365826]"
0.003869379273073572,89.88262628706215,0.0,0.4177014708334613,False,True,"[0.5459191667662893, 0.6242702466234094, 7.515445364270056, -0.9345227501389475, 8.572671829678995, 0.5852641898948451, 0.2051033484324394, 90.34100877281823, -56.50787614790994, 318.9423310365826]"
0.003830685480342836,89.88262628706215,0.0,0.35905681631445796,False,True,"[0.5459191667662893, 0.6242702466234094, 7.515445364270056, -0.9345227501389475, 8.572671829678995, 0.5852641898948451, 0.2051033484324394, 90.34100877281823, -56.50787614790994, 318.9423310365826]"
0.003792378625539408,89.88262628706215,0.0,0.5045262052348884,False,True,"[0.5459191667662893, 0.6242702466234094, 7.515445364270056, -0.9345227501389475, 8.572671829678995, 0.5852641898948451, 0.2051033484324394, 90.34100877281823, -56.50787614790994, 318.9423310365826]"
0.0037544548392840138,89.88262628706215,0.0,0.7457250622954369,False,True,"[0.5459191667662893, 0.6242702466234094, 7.515445364270056, -0.9345227501389475, 8.572671829678995, 0.5852641898948451, 0.2051033484324394, 90.34100877281823, -56.50787614790994, 318.9423310365826]"
0.0037169102908911735,89.88262628706215,0.0,0.3329131404611918,False,True,"[0.5459191667662893, 0.6242702466234094, 7.515445364270056, -0.9345227501389475, 8.572671829678995, 0.5852641898948451, 0.2051033484324394, 90.34100877281823, -56.50787614790994, 318.9423310365826]"
0.0036797411879822615,89.88262628706215,0.0,0.13163675404920439,False,True,"[0.5459191667662893, 0.6242702466234094, 7.515445364270056, -0.9345227501389475, 8.572671829678995, 0.5852641898948451, 0.2051033484324394, 90.34100877281823, -56.50787614790994, 318.9423310365826]"
0.003642943776102439,89.88262628706215,0.0,0.9328441427768508,False,True,"[0.5459191667662893, 0.6242702466234094, 7.515445364270056, -0.9345227501389475, 8.572671829678995, 0.5852641898948451, 0.2051033484324394, 90.34100877281823, -56.50787614790994, 318.9423310365826]"
0.0036065143383414142,89.88262628706215,0.0,0.1238631856994975,False,True,"[0.5459191667662893, 0.6242702466234094, 7.515445364270056, -0.9345227501389475, 8.572671829678995, 0.5852641898948451, 0.2051033484324394, 90.34100877281823, -56.50787614790994, 318.9423310365826]"
0.003570449194958,89.88262628706215,0.0,0.5088042787958141,False,True,"[0.5459191667662893, 0.6242702466234094, 7.515445364270056, -0.9345227501389475, 8.572671829678995, 0.5852641898948451, 0.2051033484324394, 90.34100877281823, -56.50787614790994, 318.9423310365826]"
0.00353474470300842,89.88262628706215,0.0,0.20331895480012419,False,True,"[0.5459191667662893, 0.6242702466234094, 7.515445364270056, -0.9345227501389475, 8.572671829678995, 0.5852641898948451, 0.2051033484324394, 90.34100877281823, -56.50787614790994, 318.9423310365826]"
0.0034993972559783358,89.88262628706215,0.0,0.4177281780633407,False,True,"[0.5459191667662893, 0.6242702466234094, 7.515445364270056, -0.9345227501389475, 8.572671829678995, 0.5852641898948451, 0.2051033484324394, 90.34100877281823, -56.50787614790994, 318.9423310365826]"
0.0034644032834185525,89.88262628706215,0.0,0.7618518157082129,False,True,"[0.5459191667662893, 0.6242702466234094, 7.515445364270056, -0.9345227501389475, 8.572671829678995, 0.5852641898948451, 0.2051033484324394, 90.34100877281823, -56.50787614790994, 318.9423310365826]"
0.003429759250584367,89.88262628706215,0.0,0.04777549278913129,False,True,"[0.5459191667662893, 0.6242702466234094, 7.515445364270056, -0.9345227501389475, 8.572671829678995, 0.5852641898948451, 0.2051033484324394, 90.34100877281823, -56.50787614790994, 318.9423310365826]"
0.0033954616580785233,89.88262628706215,0.0,0.6789840914214538,False,True,"[0.5459191667662893, 0.6242702466234094, 7.515445364270056, -0.9345227501389475, 8.572671829678995, 0.5852641898948451, 0.2051033484324394, 90.34100877281823, -56.50787614790994, 318.9423310365826]"
0.003361507041497738,89.88262628706215,0.0,0.017947144978862628,False,True,"[0.5459191667662893, 0.6242702466234094, 7.515445364270056, -0.9345227501389475, 8.572671829678995, 0.5852641898948451, 0.2051033484324394, 90.34100877281823, -56.50787614790994, 318.9423310365826]"
0.0033278919710827606,89.88262628706215,0.0,0.8146386738385801,False,True,"[0.5459191667662893, 0.6242702466234094, 7.515445364270056, -0.9345227501389475, 8.572671829678995, 0.5852641898948451, 0.2051033484324394, 90.34100877281823, -56.50787614790994, 318.9423310365826]"
0.003294613051371933,89.88262628706215,0.0,0.45523553120009175,False,True,"[0.5459191667662893, 0.6242702466234094, 7.515445364270056, -0.9345227501389475, 8.572671829678995, 0.5852641898948451, 0.2051033484324394, 90.34100877281823, -56.50787614790994, 318.9423310365826]"
0.0032616669208582133,89.88262628706215,0.0,0.4425906807262855,False,True,"[0.5459191667662893, 0.6242702466234094, 7.515445364270056, -0.9345227501389475, 8.572671829678995, 0.5852641898948451, 0.2051033484324394, 90.34100877281823, -56.50787614790994, 318.9423310365826]"
0.003229050251649631,89.88262628706215,0.0,0.2325555192296368,False,True,"[0.5459191667662893, 0.6242702466234094, 7.515445364270056, -0.9345227501389475, 8.572671829678995, 0.5852641898948451, 0.2051033484324394, 90.34100877281823, -56.50787614790994, 318.9423310365826]"
0.003196759749133135,89.88262628706215,0.0,0.6941111380473557,False,True,"[0.5459191667662893, 0.6242702466234094, 7.515445364270056, -0.9345227501389475, 8.572671829678995, 0.5852641898948451, 0.2051033484324394, 90.34100877281823, -56.50787614790994, 318.9423310365826]"
0.0031647921516418033,89.88262628706215,0.0,0.47918955902597127,False,True,"[0.5459191667662893, 0.6242702466234094, 7.515445364270056, -0.9345227501389475, 8.572671829678995, 0.5852641898948451, 0.2051033484324394, 90.34100877281823, -56.50787614790994, 318.9423310365826]"
0.0031331442301253854,89.88262628706215,0.0,0.09342713121403179,False,True,"[0.5459191667662893, 0.6242702466234094, 7.515445364270056, -0.9345227501389475, 8.572671829678995, 0.5852641898948451, 0.2051033484324394, 90.34100877281823, -56.50787614790994, 318.9423310365826]"
0.0031018127878241317,89.88262628706215,0.0,0.6750033015055547,False,True,"[0.5459191667662893, 0.6242702466234094, 7.515445364270056, -0.9345227501389475, 8.572671829678995, 0.5852641898948451, 0.2051033484324394, 90.34100877281823, -56.50787614790994, 318.9423310365826]"
0.0030707946599458904,89.88262628706215,0.0,0.059914898781995185,False,True,"[0.5459191667662893, 0.6242702466234094, 7.515445364270056, -0.9345227501389475, 8.572671829678995, 0.5852641898948451, 0.2051033484324394, 90.34100877281823, -56.50787614790994, 318.9423310365826]"
0.0030400867133464314,89.88262628706215,0.0,0.4679992626264178,False,True,"[0.5459191667662893, 0.6242702466234094, 7.515445364270056, -0.9345227501389475, 8.572671829678995, 0.5852641898948451, 0.2051033484324394, 90.34100877281823, -56.50787614790994, 318.9423310365826]"
0.003009685846212967,89.88262628706215,0.0,0.6659867490882297,False,True,"[0.5459191667662893, 0.6242702466234094, 7.515445364270056, -0.9345227501389475, 8.572671829678995, 0.5852641898948451, 0.2051033484324394, 90.34100877281823, -56.50787614790994, 318.9423310365826]"
0.0029795889877508373,89.88262628706215,0.0,0.7917912535488644,False,True,"[0.5459191667662893, 0.6242702466234094, 7.515445364270056, -0.9345227501389475, 8.572671829678995, 0.5852641898948451, 0.2051033484324394, 90.34100877281823, -56.50787614790994, 318.9423310365826]"
0.002949793097873329,89.88262628706215,0.0,0.695733463222982,False,True,"[0.5459191667662893, 0.6242702466234094, 7.515445364270056, -0.9345227501389475, 8.572671829678995, 0.5852641898948451, 0.2051033484324394, 90.34100877281823, -56.50787614790994, 318.9423310365826]"
0.0029202951668945956,89.88262628706215,0.0,0.4643957423256335,False,True,"[0.5459191667662893, 0.6242702466234094, 7.515445364270056, -0.9345227501389475, 8.572671829678995, 0.5852641898948451, 0.2051033484324394, 90.34100877281823, -56.50787614790994, 318.9423310365826]"
0.00289109221522565,89.88262628706215,0.0,0.7300200110570614,False,True,"[0.5459191667662893, 0.6242702466234094, 7.515445364270056, -0.9345227501389475, 8.572671829678995, 0.5852641898948451, 0.2051033484324394, 90.34100877281823, -56.50787614790994, 318.9423310365826]"
0.0028621812930733933,89.88262628706215,0.0,0.09797198452227862,False,True,"[0.5459191667662893, 0.6242702466234094, 7.515445364270056, -0.9345227501389475, 8.572671829678995, 0.5852641898948451, 0.2051033484324394, 90.34100877281823, -56.50787614790994, 318.9423310365826]"
0.0028335594801426594,89.88262628706215,0.0,0.17990069156926314,False,True,"[0.5459191667662893, 0.6242702466234094, 7.515445364270056, -0.9345227501389475, 8.572671829678995, 0.5852641898948451, 0.2051033484324394, 90.34100877281823, -56.50787614790994, 318.9423310365826]"
0.002805223885341233,89.88262628706215,0.0,0.38955676621849955,False,True,"[0.5459191667662893, 0.6242702466234094, 7.515445364270056, -0.9345227501389475, 8.572671829678995, 0.5852641898948451, 0.2051033484324394, 90.34100877281823, -56.50787614790994, 318.9423310365826]"
0.0027771716464878205,89.88262628706215,0.0,0.5682888595335284,False,True,"[0.5459191667662893, 0.6242702466234094, 7.515445364270056, -0.9345227501389475, 8.572671829678995, 0.5852641898948451, 0.2051033484324394, 90.34100877281823, -56.50787614790994, 318.9423310365826]"
0.0027493999300229424,89.88262628706215,0.0,0.31811041722685873,False,True,"[0.5459191667662893, 0.6242702466234094, 7.515445364270056, -0.9345227501389475, 8.572671829678995, 0.5852641898948451, 0.2051033484324394, 90.34100877281823, -56.50787614790994, 318.9423310365826]"
0.002721905930722713,89.88262628706215,0.0,0.7662258057672565,False,True,"[0.5459191667662893, 0.6242702466234094, 7.515445364270056, -0.9345227501389475, 8.572671829678995, 0.5852641898948451, 0.2051033484324394, 90.34100877281823, -56.50787614790994, 318.9423310365826]"
0.0026946868714154857,89.88262628706215,0.0,0.24250726637101172,False,True,"[0.5459191667662893, 0.6242702466234094, 7.515445364270056, -0.9345227501389475, 8.572671829678995, 0.5852641898948451, 0.2051033484324394, 90.34100877281823, -56.50787614790994, 318.9423310365826]"
0.002667740002701331,89.88262628706215,0.0,0.88710573134622,False,True,"[0.5459191667662893, 0.6242702466234094, 7.515445364270056, -0.9345227501389475, 8.572671829678995, 0.5852641898948451, 0.2051033484324394, 90.34100877281823, -56.50787614790994, 318.9423310365826]"
0.0026410626026743176,89.88262628706215,0.0,0.05585874126613721,False,True,"[0.5459191667662893, 0.6242702466234094, 7.515445364270056, -0.9345227501389475, 8.572671829678995, 0.5852641898948451, 0.2051033484324394, 90.34100877281823, -56.50787614790994, 318.9423310365826]"
0.0026146519766475744,89.88262628706215,0.0,0.9919693647001843,False,True,"[0.5459191667662893, 0.6242702466234094, 7.515445364270056, -0.9345227501389475, 8.572671829678995, 0.5852641898948451, 0.2051033484324394, 90.34100877281823, -56.50787614790994, 318.9423310365826]"
0.0025885054568810986,89.88262628706215,0.0,0.5185855778307227,False,True,"[0.5459191667662893, 0.6242702466234094, 7.515445364270056, -0.9345227501389475, 8.572671829678995, 0.5852641898948451, 0.2051033484324394, 90.34100877281823, -56.50787614790994, 318.9423310365826]"
0.0025626204023122875,89.88262628706215,0.0,0.7638820161053229,False,True,"[0.5459191667662893, 0.6242702466234094, 7.515445364270056, -0.9345227501389475, 8.572671829678995, 0.5852641898948451, 0.2051033484324394, 90.34100877281823, -56.50787614790994, 318.9423310365826]"
0.0025369941982891645,89.88262628706215,0.0,0.3684792572175941,False,True,"[0.5459191667662893, 0.6242702466234094, 7.515445364270056, -0.9345227501389475, 8.572671829678995, 0.5852641898948451, 0.2051033484324394, 90.34100877281823, -56.50787614790994, 318.9423310365826]"
0.0025116242563062727,89.88262628706215,0.0,0.22278517762746464,False,True,"[0.5459191667662893, 0.6242702466234094, 7.515445364270056, -0.9345227501389475, 8.572671829678995, 0.5852641898948451, 0.2051033484324394, 90.34100877281823, -56.50787614790994, 318.9423310365826]"
0.00248650801374321,89.88262628706215,0.0,0.8861375346514702,False,True,"[0.5459191667662893, 0.6242702466234094, 7.515445364270056, -0.9345227501389475, 8.572671829678995, 0.5852641898948451, 0.2051033484324394, 90.34100877281823, -56.50787614790994, 318.9423310365826]"
0.0024616429336057778,89.88262628706215,0.0,0.07113630834897111,False,True,"[0.5459191667662893, 0.6242702466234094, 7.515445364270056, -0.9345227501389475, 8.572671829678995, 0.5852641898948451, 0.2051033484324394, 90.34100877281823, -56.50787614790994, 318.9423310365826]"
0.00243702650426972,89.88262628706215,0.0,0.29893462845040786,False,True,"[0.5459191667662893, 0.6242702466234094, 7.515445364270056, -0.9345227501389475, 8.572671829678995, 0.5852641898948451, 0.2051033484324394, 90.34100877281823, -56.50787614790994, 318.9423310365826]"
0.0024126562392270227,89.88262628706215,0.0,0.8323174534368095,False,True,"[0.5459191667662893, 0.6242702466234094, 7.515445364270056, -0.9345227501389475, 8.572671829678995, 0.5852641898948451, 0.2051033484324394, 90.34100877281823, -56.50787614790994, 318.9423310365826]"
0.0023885296768347527,89.88262628706215,0.0,0.921057852482965,False,True,"[0.5459191667662893, 0.6242702466234094, 7.515445364270056, -0.9345227501389475, 8.572671829678995, 0.5852641898948451, 0.2051033484324394, 90.34100877281823, -56.50787614790994, 318.9423310365826]"
0.002364644380066405,89.88262628706215,0.0,0.9975900276838455,False,True,"[0.5459191667662893, 0.6242702466234094, 7.515445364270056, -0.9345227501389475, 8.572671829678995, 0.5852641898948451, 0.2051033484324394, 90.34100877281823, -56.50787614790994, 318.9423310365826]"
0.0023409979362657408,89.88262628706215,0.0,0.0721344097124782,False,True,"[0.5459191667662893, 0.6242702466234094, 7.515445364270056, -0.9345227501389475, 8.572671829678995, 0.5852641898948451, 0.2051033484324394, 90.34100877281823, -56.50787614790994, 318.9423310365826]"
0.0023175879569030835,89.88262628706215,0.0,0.79953136245345,False,True,"[0.5459191667662893, 0.6242702466234094, 7.515445364270056, -0.9345227501389475, 8.572671829678995, 0.5852641898948451, 0.2051033484324394, 90.34100877281823, -56.50787614790994, 318.9423310365826]"
0.002294412077334053,89.88262628706215,0.0,0.6083479419983578,False,True,"[0.5459191667662893, 0.6242702466234094, 7.515445364270056, -0.9345227501389475, 8.572671829678995, 0.5852641898948451, 0.2051033484324394, 90.34100877281823, -56.50787614790994, 318.9423310365826]"
0.0022714679565607123,89.88262628706215,0.0,0.7547236819129414,False,True,"[0.5459191667662893, 0.6242702466234094, 7.515445364270056, -0.9345227501389475, 8.572671829678995, 0.5852641898948451, 0.2051033484324394, 90.34100877281823, -56.50787614790994, 318.9423310365826]"
0.0022487532769951053,89.88262628706215,0.0,0.9533899716087462,False,True,"[0.5459191667662893, 0.6242702466234094, 7.515445364270056, -0.9345227501389475, 8.572671829678995, 0.5852641898948451, 0.2051033484324394, 90.34100877281823, -56.50787614790994, 318.9423310365826]"
0.002226265744225154,89.88262628706215,0.0,0.21073182290725945,False,True,"[0.5459191667662893, 0.6242702466234094, 7.515445364270056, -0.9345227501389475, 8.572671829678995, 0.5852641898948451, 0.2051033484324394, 90.34100877281823, -56.50787614790994, 318.9423310365826]"
0.0022040030867829024,89.88262628706215,0.0,0.1265782154123194,False,True,"[0.5459191667662893, 0.6242702466234094, 7.515445364270056, -0.9345227501389475, 8.572671829678995, 0.5852641898948451, 0.2051033484324394, 90.34100877281823, -56.50787614790994, 318.9423310365826]"
0.0021819630559150732,89.88262628706215,0.0,0.47348927394048645,False,True,"[0.5459191667662893, 0.6242702466234094, 7.515445364270056, -0.9345227501389475, 8.572671829678995, 0.5852641898948451, 0.2051033484324394, 90.34100877281823, -56.50787614790994, 318.9423310365826]"
0.0021601434253559226,89.88262628706215,0.0,0.48112334688355884,False,True,"[0.5459191667662893, 0.6242702466234094, 7.515445364270056, -0.9345227501389475, 8.572671829678995, 0.5852641898948451, 0.2051033484324394, 90.34100877281823, -56.50787614790994, 318.9423310365826]"
0.0021385419911023633,89.88262628706215,0.0,0.42626929463231544,False,True,"[0.5459191667662893, 0.6242702466234094, 7.515445364270056, -0.9345227501389475, 8.572671829678995, 0.5852641898948451, 0.2051033484324394, 90.34100877281823, -56.50787614790994, 318.9423310365826]"
0.0021171565711913397,89.88262628706215,0.0,0.8589342451047355,False,True,"[0.5459191667662893, 0.6242702466234094, 7.515445364270056, -0.9345227501389475, 8.572671829678995, 0.5852641898948451, 0.2051033484324394, 90.34100877281823, -56.50787614790994, 318.9423310365826]"
0.0020959850054794262,89.88262628706215,0.0,0.3117375612350829,False,True,"[0.5459191667662893, 0.6242702466234094, 7.515445364270056, -0.9345227501389475, 8.572671829678995, 0.5852641898948451, 0.2051033484324394, 90.34100877281823, -56.50787614790994, 318.9423310365826]"
0.002075025155424632,89.88262628706215,0.0,0.2570046301811678,False,True,"[0.5459191667662893, 0.6242702466234094, 7.515445364270056, -0.9345227501389475, 8.572671829678995, 0.5852641898948451, 0.2051033484324394, 90.34100877281823, -56.50787614790994, 318.9423310365826]"
0.0020542749038703853,89.88262628706215,0.0,0.817063262138441,False,True,"[0.5459191667662893, 0.6242702466234094, 7.515445364270056, -0.9345227501389475, 8.572671829678995, 0.5852641898948451, 0.2051033484324394, 90.34100877281823, -56.50787614790994, 318.9423310365826]"
0.0020337321548316812,89.88262628706215,0.0,0.8040273568962546,False,True,"[0.5459191667662893, 0.6242702466234094, 7.515445364270056, -0.9345227501389475, 8.572671829678995, 0.5852641898948451, 0.2051033484324394, 90.34100877281823, -56.50787614790994, 318.9423310365826]"
0.0020133948332833646,89.88262628706215,0.0,0.12305434452063613,False,True,"[0.5459191667662893, 0.6242702466234094, 7.515445364270056, -0.9345227501389475, 8.572671829678995, 0.5852641898948451, 0.2051033484324394, 90.34100877281823, -56.50787614790994, 318.9423310365826]"
0.001993260884950531,89.88262628706215,0.0,0.6963281113517544,False,True,"[0.5459191667662893, 0.6242702466234094, 7.515445364270056, -0.9345227501389475, 8.572671829678995, 0.5852641898948451, 0.2051033484324394, 90.34100877281823, -56.50787614790994, 318.9423310365826]"
0.0019733282761010256,89.88262628706215,0.0,0.9149093336787198,False,True,"[0.5459191667662893, 0.6242702466234094, 7.515445364270056, -0.9345227501389475, 8.572671829678995, 0.5852641898948451, 0.2051033484324394, 90.34100877281823, -56.50787614790994, 318.9423310365826]"
0.001953594993340015,89.88262628706215,0.0,0.6501394843501802,False,True,"[0.5459191667662893, 0.6242702466234094, 7.515445364270056, -0.9345227501389475, 8.572671829678995, 0.5852641898948451, 0.2051033484324394, 90.34100877281823, -56.50787614790994, 318.9423310365826]"
0.001934059043406615,89.88262628706215,0.0,0.7532329099529913,False,True,"[0.5459191667662893, 0.6242702466234094, 7.515445364270056, -0.9345227501389475, 8.572671829678995, 0.5852641898948451, 0.2051033484324394, 90.34100877281823, -56.50787614790994, 318.9423310365826]"
0.001914718452972549,89.88262628706215,0.0,0.8021858173987769,False,True,"[0.5459191667662893, 0.6242702466234094, 7.515445364270056, -0.9345227501389475, 8.572671829678995, 0.5852641898948451, 0.2051033484324394, 90.34100877281823, -56.50787614790994, 318.9423310365826]"
0.0018955712684428235,89.88262628706215,0.0,0.21976477788389792,False,True,"[0.5459191667662893, 0.6242702466234094, 7.515445364270056, -0.9345227501389475, 8.572671829678995, 0.5852641898948451, 0.2051033484324394, 90.34100877281823, -56.50787614790994, 318.9423310365826]"
0.0018766155557583953,89.88262628706215,0.0,0.04539546008947615,False,True,"[0.5459191667662893, 0.6242702466234094, 7.515445364270056, -0.9345227501389475, 8.572671829678995, 0.5852641898948451, 0.2051033484324394, 90.34100877281823, -56.50787614790994, 318.9423310365826]"
0.0018578494002008115,89.88262628706215,0.0,0.0869227469282634,False,True,"[0.5459191667662893, 0.6242702466234094, 7.515445364270056, -0.9345227501389475, 8.572671829678995, 0.5852641898948451, 0.2051033484324394, 90.34100877281823, -56.50787614790994, 318.9423310365826]"
0.0018392709061988033,89.88262628706215,0.0,0.7513823842200702,False,True,"[0.5459191667662893, 0.6242702466234094, 7.515445364270056, -0.9345227501389475, 8.572671829678995, 0.5852641898948451, 0.2051033484324394, 90.34100877281823, -56.50787614790994, 318.9423310365826]"
0.0018208781971368153,89.88262628706215,0.0,0.04331387638545425,False,True,"[0.5459191667662893, 0.6242702466234094, 7.515445364270056, -0.9345227501389475, 8.572671829678995, 0.5852641898948451, 0.2051033484324394, 90.34100877281823, -56.50787614790994, 318.9423310365826]"
0.0018026694151654472,89.88262628706215,0.0,0.5764819470274414,False,True,"[0.5459191667662893, 0.6242702466234094, 7.515445364270056, -0.9345227501389475, 8.572671829678995, 0.5852641898948451, 0.2051033484324394, 90.34100877281823, -56.50787614790994, 318.9423310365826]"
0.0017846427210137926,89.88262628706215,0.0,0.9842842166104023,False,True,"[0.5459191667662893, 0.6242702466234094, 7.515445364270056, -0.9345227501389475, 8.572671829678995, 0.5852641898948451, 0.2051033484324394, 90.34100877281823, -56.50787614790994, 318.9423310365826]"
0.0017667962938036547,89.88262628706215,0.0,0.4114871171180665,False,True,"[0.5459191667662893, 0.6242702466234094, 7.515445364270056, -0.9345227501389475, 8.572671829678995, 0.5852641898948451, 0.2051033484324394, 90.34100877281823, -56.50787614790994, 318.9423310365826]"
0.0017491283308656183,89.88262628706215,0.0,0.08759730333468063,False,True,"[0.5459191667662893, 0.6242702466234094, 7.515445364270056, -0.9345227501389475, 8.572671829678995, 0.5852641898948451, 0.2051033484324394, 90.34100877281823, -56.50787614790994, 318.9423310365826]"
0.0017316370475569621,89.88262628706215,0.0,0.4666103109487787,False,True,"[0.5459191667662893, 0.6242702466234094, 7.515445364270056, -0.9345227501389475, 8.572671829678995, 0.5852641898948451, 0.2051033484324394, 90.34100877281823, -56.50787614790994, 318.9423310365826]"
0.0017143206770813926,89.88262628706215,0.0,0.8878817527551425,False,True,"[0.5459191667662893, 0.6242702466234094, 7.515445364270056, -0.9345227501389475, 8.572671829678995, 0.5852641898948451, 0.2051033484324394, 90.34100877281823, -56.50787614790994, 318.9423310365826]"
0.0016971774703105787,89.88262628706215,0.0,0.9284821395156674,False,True,"[0.5459191667662893, 0.6242702466234094, 7.515445364270056, -0.9345227501389475, 8.572671829678995, 0.5852641898948451, 0.2051033484324394, 90.34100877281823, -56.50787614790994, 318.9423310365826]"
0.0016802056956074728,89.88262628706215,0.0,0.8572686591394231,False,True,"[0.5459191667662893, 0.6242702466234094, 7.515445364270056, -0.9345227501389475, 8.572671829678995, 0.5852641898948451, 0.2051033484324394, 90.34100877281823, -56.50787614790994, 318.9423310365826]"
0.001663403638651398,89.88262628706215,0.0,0.6551753301311631,False,True,"[0.5459191667662893, 0.6242702466234094, 7.515445364270056, -0.9345227501389475, 8.572671829678995, 0.5852641898948451, 0.2051033484324394, 90.34100877281823, -56.50787614790994, 318.9423310365826]"
0.001646769602264884,89.88262628706215,0.0,0.6428734710340903,False,True,"[0.5459191667662893, 0.6242702466234094, 7.515445364270056, -0.9345227501389475, 8.572671829678995, 0.5852641898948451, 0.2051033484324394, 90.34100877281823, -56.50787614790994, 318.9423310365826]"
0.0016303019062422351,89.88262628706215,0.0,0.6464182423208266,False,True,"[0.5459191667662893, 0.6242702466234094, 7.515445364270056, -0.9345227501389475, 8.572671829678995, 0.5852641898948451, 0.2051033484324394, 90.34100877281823, -56.50787614790994, 318.9423310365826]"
0.0016139988871798129,89.88262628706215,0.0,0.5135766351569853,False,True,"[0.5459191667662893, 0.6242702466234094, 7.515445364270056, -0.9345227501389475, 8.572671829678995, 0.5852641898948451, 0.2051033484324394, 90.34100877281823, -56.50787614790994, 318.9423310365826]"
0.0015978588983080147,89.88262628706215,0.0,0.8123871738856651,False,True,"[0.5459191667662893, 0.6242702466234094, 7.515445364270056, -0.9345227501389475, 8.572671829678995, 0.5852641898948451, 0.2051033484324394, 90.34100877281823, -56.50787614790994, 318.9423310365826]"
0.0015818803093249345,89.88262628706215,0.0,0.8569462111521317,False,True,"[0.5459191667662893, 0.6242702466234094, 7.515445364270056, -0.9345227501389475, 8.572671829678995, 0.5852641898948451, 0.2051033484324394, 90.34100877281823, -56.50787614790994, 318.9423310365826]"
0.0015660615062316851,89.88262628706215,0.0,0.8838950905509071,False,True,"[0.5459191667662893, 0.6242702466234094, 7.515445364270056, -0.9345227501389475, 8.572671829678995, 0.5852641898948451, 0.2051033484324394, 90.34100877281823, -56.50787614790994, 318.9423310365826]"
0.0015504008911693683,89.88262628706215,0.0,0.3252396190246427,False,True,"[0.5459191667662893, 0.6242702466234094, 7.515445364270056, -0.9345227501389475, 8.572671829678995, 0.5852641898948451, 0.2051033484324394, 90.34100877281823, -56.50787614790994, 318.9423310365826]"
0.0015348968822576747,89.88262628706215,0.0,0.5832020013458672,False,True,"[0.5459191667662893, 0.6242702466234094, 7.515445364270056, -0.9345227501389475, 8.572671829678995, 0.5852641898948451, 0.2051033484324394, 90.34100877281823, -56.50787614790994, 318.9423310365826]"
0.001519547913435098,89.88262628706215,0.0,0.3654850847129467,False,True,"[0.5459191667662893, 0.6242702466234094, 7.515445364270056, -0.9345227501389475, 8.572671829678995, 0.5852641898948451, 0.2051033484324394, 90.34100877281823, -56.50787614790994, 318.9423310365826]"
0.0015043524343007469,89.88262628706215,0.0,0.11117239294837522,False,True,"[0.5459191667662893, 0.6242702466234094, 7.515445364270056, -0.9345227501389475, 8.572671829678995, 0.5852641898948451, 0.2051033484324394, 90.34100877281823, -56.50787614790994, 318.9423310365826]"
0.0014893089099577393,89.88262628706215,0.0,0.9926043901422523,False,True,"[0.5459191667662893, 0.6242702466234094, 7.515445364270056, -0.9345227501389475, 8.572671829678995, 0.5852641898948451, 0.2051033484324394, 90.34100877281823, -56.50787614790994, 318.9423310365826]"
0.001474415820858162,89.88262628706215,7.560475766189016e-192,0.020916020985246364,False,True,"[0.5459191667662893, 0.6242702466234094, 7.515445364270056, -0.9345227501389475, 8.572671829678995, 0.5852641898948451, 0.2051033484324394, 90.34100877281823, -56.50787614790994, 318.9423310365826]"
0.0014596716626495804,89.88262628706215,0.0,0.41724705344613244,False,True,"[0.5459191667662893, 0.6242702466234094, 7.515445364270056, -0.9345227501389475, 8.572671829678995, 0.5852641898948451, 0.2051033484324394, 90.34100877281823, -56.50787614790994, 318.9423310365826]"
0.0014450749460230847,89.88262628706215,0.0,0.9810006391131907,False,True,"[0.5459191667662893, 0.6242702466234094, 7.515445364270056, -0.9345227501389475, 8.572671829678995, 0.5852641898948451, 0.2051033484324394, 90.34100877281823, -56.50787614790994, 318.9423310365826]"
0.0014306241965628538,89.88262628706215,0.0,0.8651197665339867,False,True,"[0.5459191667662893, 0.6242702466234094, 7.515445364270056, -0.9345227501389475, 8.572671829678995, 0.5852641898948451, 0.2051033484324394, 90.34100877281823, -56.50787614790994, 318.9423310365826]"
0.0014163179545972253,89.88262628706215,0.0,0.4425363301026327,False,True,"[0.5459191667662893, 0.6242702466234094, 7.515445364270056, -0.9345227501389475, 8.572671829678995, 0.5852641898948451, 0.2051033484324394, 90.34100877281823, -56.50787614790994, 318.9423310365826]"
0.001402154775051253,89.88262628706215,0.0,0.7841633564008894,False,True,"[0.5459191667662893, 0.6242702466234094, 7.515445364270056, -0.9345227501389475, 8.572671829678995, 0.5852641898948451, 0.2051033484324394, 90.34100877281823, -56.50787614790994, 318.9423310365826]"
0.0013881332273007405,89.88262628706215,0.0,0.11651700197606052,False,True,"[0.5459191667662893, 0.6242702466234094, 7.515445364270056, -0.9345227501389475, 8.572671829678995, 0.5852641898948451, 0.2051033484324394, 90.34100877281823, -56.50787614790994, 318.9423310365826]"
0.001374251895027733,89.88262628706215,0.0,0.7382200084574515,False,True,"[0.5459191667662893, 0.6242702466234094, 7.515445364270056, -0.9345227501389475, 8.572671829678995, 0.5852641898948451, 0.2051033484324394, 90.34100877281823, -56.50787614790994, 318.9423310365826]"
0.0013605093760774558,89.88262628706215,0.0,0.7474394762817519,False,True,"[0.5459191667662893, 0.6242702466234094, 7.515445364270056, -0.9345227501389475, 8.572671829678995, 0.5852641898948451, 0.2051033484324394, 90.34100877281823, -56.50787614790994, 318.9423310365826]"
0.0013469042823166812,89.88262628706215,0.0,0.406698422916305,False,True,"[0.5459191667662893, 0.6242702466234094, 7.515445364270056, -0.9345227501389475, 8.572671829678995, 0.5852641898948451, 0.2051033484324394, 90.34100877281823, -56.50787614790994, 318.9423310365826]"
0.0013334352394935144,89.88262628706215,0.0,0.4336080327362404,False,True,"[0.5459191667662893, 0.6242702466234094, 7.515445364270056, -0.9345227501389475, 8.572671829678995, 0.5852641898948451, 0.2051033484324394, 90.34100877281823, -56.50787614790994, 318.9423310365826]"
0.0013201008870985793,89.88262628706215,0.0,0.5172469591303149,False,True,"[0.5459191667662893, 0.6242702466234094, 7.515445364270056, -0.9345227501389475, 8.572671829678995, 0.5852641898948451, 0.2051033484324394, 90.34100877281823, -56.50787614790994, 318.9423310365826]"
0.0013068998782275936,89.88262628706215,0.0,0.24736211608998881,False,True,"[0.5459191667662893, 0.6242702466234094, 7.515445364270056, -0.9345227501389475, 8.572671829678995, 0.5852641898948451, 0.2051033484324394, 90.34100877281823, -56.50787614790994, 318.9423310365826]"
0.0012938308794453175,89.88262628706215,0.0,0.021894777220644035,False,True,"[0.5459191667662893, 0.6242702466234094, 7.515445364270056, -0.9345227501389475, 8.572671829678995, 0.5852641898948451, 0.2051033484324394, 90.34100877281823, -56.50787614790994, 318.9423310365826]"
0.0012808925706508643,89.88262628706215,0.0,0.5137534338393174,False,True,"[0.5459191667662893, 0.6242702466234094, 7.515445364270056, -0.9345227501389475, 8.572671829678995, 0.5852641898948451, 0.2051033484324394, 90.34100877281823, -56.50787614790994, 318.9423310365826]"
0.0012680836449443557,89.88262628706215,0.0,0.3450079431159929,False,True,"[0.5459191667662893, 0.6242702466234094, 7.515445364270056, -0.9345227501389475, 8.572671829678995, 0.5852641898948451, 0.2051033484324394, 90.34100877281823, -56.50787614790994, 318.9423310365826]"
0.0012554028084949122,89.88262628706215,0.0,0.5910344673921561,False,True,"[0.5459191667662893, 0.6242702466234094, 7.515445364270056, -0.9345227501389475, 8.572671829678995, 0.5852641898948451, 0.2051033484324394, 90.34100877281823, -56.50787614790994, 318.9423310365826]"
0.001242848780409963,89.88262628706215,0.0,0.33083658753938516,False,True,"[0.5459191667662893, 0.6242702466234094, 7.515445364270056, -0.9345227501389475, 8.572671829678995, 0.5852641898948451, 0.2051033484324394, 90.34100877281823, -56.50787614790994, 318.9423310365826]"
0.0012304202926058632,89.88262628706215,0.0,0.4712618268733141,False,True,"[0.5459191667662893, 0.6242702466234094, 7.515445364270056, -0.9345227501389475, 8.572671829678995, 0.5852641898948451, 0.2051033484324394, 90.34100877281823, -56.50787614790994, 318.9423310365826]"
0.0012181160896798046,89.88262628706215,0.0,0.20878482042097857,False,True,"[0.5459191667662893, 0.6242702466234094, 7.515445364270056, -0.9345227501389475, 8.572671829678995, 0.5852641898948451, 0.2051033484324394, 90.34100877281823, -56.50787614790994, 318.9423310365826]"
0.0012059349287830065,89.88262628706215,0.0,0.9917291512820302,False,True,"[0.5459191667662893, 0.6242702466234094, 7.515445364270056, -0.9345227501389475, 8.572671829678995, 0.5852641898948451, 0.2051033484324394, 90.34100877281823, -56.50787614790994, 318.9423310365826]"
0.0011938755794951765,89.88262628706215,0.0,0.9354834340674739,False,True,"[0.5459191667662893, 0.6242702466234094, 7.515445364270056, -0.9345227501389475, 8.572671829678995, 0.5852641898948451, 0.2051033484324394, 90.34100877281823, -56.50787614790994, 318.9423310365826]"
0.0011819368237002247,89.88262628706215,0.0,0.6213403034035887,False,True,"[0.5459191667662893, 0.6242702466234094, 7.515445364270056, -0.9345227501389475, 8.572671829678995, 0.5852641898948451, 0.2051033484324394, 90.34100877281823, -56.50787614790994, 318.9423310365826]"
0.0011701174554632225,89.88262628706215,0.0,0.2274083924479876,False,True,"[0.5459191667662893, 0.6242702466234094, 7.515445364270056, -0.9345227501389475, 8.572671829678995, 0.5852641898948451, 0.2051033484324394, 90.34100877281823, -56.50787614790994, 318.9423310365826]"
0.0011584162809085902,89.88262628706215,0.0,0.19604449589327988,False,True,"[0.5459191667662893, 0.6242702466234094, 7.515445364270056, -0.9345227501389475, 8.572671829678995, 0.5852641898948451, 0.2051033484324394, 90.34100877281823, -56.50787614790994, 318.9423310365826]"
0.0011468321180995043,89.88262628706215,0.0,0.2734327767923652,False,True,"[0.5459191667662893, 0.6242702466234094, 7.515445364270056, -0.9345227501389475, 8.572671829678995, 0.5852641898948451, 0.2051033484324394, 90.34100877281823, -56.50787614790994, 318.9423310365826]"
0.0011353637969185092,89.88262628706215,0.0,0.1540276971496335,False,True,"[0.5459191667662893, 0.6242702466234094, 7.515445364270056, -0.9345227501389475, 8.572671829678995, 0.5852641898948451, 0.2051033484324394, 90.34100877281823, -56.50787614790994, 318.9423310365826]"
0.0011240101589493241,89.88262628706215,0.0,0.004270698725049038,False,True,"[0.5459191667662893, 0.6242702466234094, 7.515445364270056, -0.9345227501389475, 8.572671829678995, 0.5852641898948451, 0.2051033484324394, 90.34100877281823, -56.50787614790994, 318.9423310365826]"
0.001112770057359831,89.88262628706215,0.0,0.304649291217698,False,True,"[0.5459191667662893, 0.6242702466234094, 7.515445364270056, -0.9345227501389475, 8.572671829678995, 0.5852641898948451, 0.2051033484324394, 90.34100877281823, -56.50787614790994, 318.9423310365826]"
0.0011016423567862326,89.88262628706215,0.0,0.5297626888125383,False,True,"[0.5459191667662893, 0.6242702466234094, 7.515445364270056, -0.9345227501389475, 8.572671829678995, 0.5852641898948451, 0.2051033484324394, 90.34100877281823, -56.50787614790994, 318.9423310365826]"
0.0010906259332183702,89.88262628706215,0.0,0.6670961706556469,False,True,"[0.5459191667662893, 0.6242702466234094, 7.515445364270056, -0.9345227501389475, 8.572671829678995, 0.5852641898948451, 0.2051033484324394, 90.34100877281823, -56.50787614790994, 318.9423310365826]"
0.0010797196738861865,89.88262628706215,0.0,0.8926785003130318,False,True,"[0.5459191667662893, 0.6242702466234094, 7.515445364270056, -0.9345227501389475, 8.572671829678995, 0.5852641898948451, 0.2051033484324394, 90.34100877281823, -56.50787614790994, 318.9423310365826]"
0.0010689224771473246,89.88262628706215,0.0,0.4834956810599865,False,True,"[0.5459191667662893, 0.6242702466234094, 7.515445364270056, -0.9345227501389475, 8.572671829678995, 0.5852641898948451, 0.2051033484324394, 90.34100877281823, -56.50787614790994, 318.9423310365826]"
0.0010582332523758513,89.88262628706215,0.0,0.1481221983562,False,True,"[0.5459191667662893, 0.6242702466234094, 7.515445364270056, -0.9345227501389475, 8.572671829678995, 0.5852641898948451, 0.2051033484324394, 90.34100877281823, -56.50787614790994, 318.9423310365826]"
0.0010476509198520927,89.88262628706215,0.0,0.600972867282086,False,True,"[0.5459191667662893, 0.6242702466234094, 7.515445364270056, -0.9345227501389475, 8.572671829678995, 0.5852641898948451, 0.2051033484324394, 90.34100877281823, -56.50787614790994, 318.9423310365826]"
0.0010371744106535718,89.88262628706215,0.0,0.07098639197469425,False,True,"[0.5459191667662893, 0.6242702466234094, 7.515445364270056, -0.9345227501389475, 8.572671829678995, 0.5852641898948451, 0.2051033484324394, 90.34100877281823, -56.50787614790994, 318.9423310365826]"
0.0010268026665470362,89.88262628706215,0.0,0.08100648483790462,False,True,"[0.5459191667662893, 0.6242702466234094, 7.515445364270056, -0.9345227501389475, 8.572671829678995, 0.5852641898948451, 0.2051033484324394, 90.34100877281823, -56.50787614790994, 318.9423310365826]"
0.0010165346398815658,89.88262628706215,0.0,0.6196284399494763,False,True,"[0.5459191667662893, 0.6242702466234094, 7.515445364270056, -0.9345227501389475, 8.572671829678995, 0.5852641898948451, 0.2051033484324394, 90.34100877281823, -56.50787614790994, 318.9423310365826]"
0.0010063692934827503,89.88262628706215,0.0,0.8971879490253638,False,True,"[0.5459191667662893, 0.6242702466234094, 7.515445364270056, -0.9345227501389475, 8.572671829678995, 0.5852641898948451, 0.2051033484324394, 90.34100877281823, -56.50787614790994, 318.9423310365826]"
