temp,cost,accept_prob,random_number,accepted,is_best,param
100,128.23252470455975,1.0,0.0,True,True,"[0.7310320507267665, 0.752710739870947, 93.6507781042896, -82.42202756364618, 248.44976946267616, 0.0987434670619857, 0.3199102427472607, 261.84410608206576, 82.64487937862623, 95.96933923884242]"
100,128.28452564847782,0.9994801257422947,0.7123370289644457,True,False,"[0.5830645115674239, 0.8095151587365261, 96.25033866027127, -75.61091849114251, 249.50528745226805, 0.1254163572449498, 0.24920428382993032, 257.2678077863131, 87.18246564126844, 102.46511326019834]"
99.0,128.17940700891774,1.0,0.24361318766500983,True,True,"[0.476718358113369, 0.8346851430235763, 99.10238061728434, -66.08139302050184, 249.84929796473133, 0.1916156231358179, 0.15479036499231796, 257.85294554962417, 92.43357525431678, 96.27625216746958]"
98.01,128.59480073873894,0.9957706897780504,0.5683292677045881,True,False,"[0.5584754404369381, 0.6814337426548438, 105.99363696228099, -63.83460617678992, 253.16762856788839, 0.0981937218942088, 0.40851520992194446, 259.69399030458754, 84.67730341965935, 100.25515308268423]"
97.0299,129.10453153688758,0.9947604372909253,0.7565531105698401,True,False,"[0.4409494647144284, 0.6474772425443504, 118.28719809076199, -69.81513446768163, 254.49973481918335, 0.14221286246337628, 0.36298832176999674, 268.26049710535216, 69.37702157321597, 104.65197454012086]"
96.059601,129.2619716463984,0.9983623588120895,0.8714392063697196,True,False,"[0.4256430858411181, 0.5515894969098226, 116.24861273120429, -56.65820413239062, 246.22239804736662, 0.13829018634345, 0.2929986069831678, 271.341938936973, 59.486857235019905, 110.09676171763057]"
95.09900499,129.25329533967624,1.0,0.6013069357996348,True,False,"[0.6577468870195327, 0.7123109199417059, 121.24397772987471, -64.34040502467748, 253.31871629355, 0.1672742802311942, 0.20502489896044557, 277.83540506664417, 54.99611763017926, 106.92839380232306]"
94.1480149401,129.25564389085648,0.999975055003663,0.7560586008341764,True,False,"[0.6941529296935318, 0.7114030791015993, 129.21538535147906, -72.99758114833824, 248.70219297586402, 0.18343038682681645, 0.35717672678677626, 273.42046387488125, 53.01383237764386, 106.69207528232371]"
93.206534790699,129.1451263617903,1.0,0.5838920341085356,True,False,"[0.7251412860093702, 0.8005027237632376, 123.47730345737855, -84.75201042439957, 250.2182700309971, 0.33044673170216066, 0.5119597552341176, 268.58565444877695, 40.95932847004827, 104.94272305962855]"
92.27446944279201,129.274105839655,0.9986031956822728,0.009460625858086269,True,False,"[0.5945616372199752, 0.7475266676470895, 116.7296871522105, -75.9134956632226, 253.84131360304667, 0.4133655374590368, 0.3794881280018509, 263.9013220978163, 19.23714115781464, 115.17588951992799]"
91.35172474836409,129.335127434616,0.9993322379089518,0.37553227112872034,True,False,"[0.553059996238158, 0.7689913106198779, 120.10694368068664, -90.82993229681458, 255.3581047690879, 0.3853892534670344, 0.45631591176596914, 271.59304392193445, 24.688383737289186, 123.04816864354059]"
90.43820750088045,129.27678041360238,1.0,0.3687493801518865,True,False,"[0.5491437649609121, 0.6171383358755127, 113.65561513473739, -91.97805659016407, 253.59518171438967, 0.24523915219284173, 0.4900671210161803, 267.7042384143943, 29.3833435151679, 127.54874820064722]"
89.53382542587164,129.4080501329733,0.9985349276049749,0.08836362382344898,True,False,"[0.5854673283297926, 0.45314607515261274, 116.73581396703582, -89.19680676458962, 257.9674179135596, 0.3971781906998795, 0.5957474950006433, 259.7435761847894, 19.48320023437207, 127.86108356785452]"
88.63848717161292,129.41715337955645,0.9998973044392554,0.3044270223561396,True,False,"[0.6303176820044997, 0.3691811185556577, 107.51795559319754, -70.39566793299967, 255.28494329483425, 0.3494462596771627, 0.530260141055924, 257.9214041061885, 25.684054581804787, 129.5941091719573]"
87.75210229989679,129.1897506911866,1.0,0.6945796454891369,True,False,"[0.6826678188589729, 0.3983805526204968, 103.1709530186687, -89.8288656870759, 254.12674776770592, 0.3959559788033741, 0.5338679239171881, 258.4840297806093, 22.295566070089134, 129.86191402480668]"
86.87458127689783,129.4205574352902,0.9973467450367642,0.22154998605271947,True,False,"[0.651989347994735, 0.4570842047022212, 107.80634219730818, -75.71857415612845, 252.75842861599017, 0.4470034609206426, 0.39707631841146684, 262.8013883396456, 17.56281792807009, 130.7115608353063]"
86.00583546412885,129.46907050777685,0.9994360918363249,0.1721701256203929,True,False,"[0.5218386037866268, 0.36825103664458086, 110.83889931503481, -80.57662198426796, 259.8700553887705, 0.3148330882659167, 0.46064872283909575, 256.77904615641995, 6.938325565069626, 133.75614048013887]"
85.14577710948755,129.4912242747429,0.9997398475189921,0.8306669594030281,True,False,"[0.6179362948850766, 0.4167819791800256, 109.3466166304931, -64.68769721081179, 266.5607731927877, 0.20391082412891234, 0.4395187257277247, 246.29793917108861, 2.88629006910556, 129.83366417731864]"
84.29431933839268,129.43888392441002,1.0,0.05908586774507407,True,False,"[0.6482656379216849, 0.43584972978931347, 111.50129983324041, -69.14060750901268, 264.50066505260713, 0.3865424503544626, 0.36492248752983025, 244.49205678583226, -0.7739723259096563, 126.91376143054657]"
83.45137614500875,129.33225148106916,1.0,0.08608805420520127,True,False,"[0.6894763035297671, 0.4654314521891526, 110.82640415179563, -91.42492970972272, 273.9432094317681, 0.47384810472244926, 0.41858241757692916, 248.53632660686296, 4.058455290306914, 127.52600734996156]"
82.61686238355867,129.39444992196212,0.9992474292559774,0.02721970228350501,True,False,"[0.7517437162869682, 0.36882350381101925, 104.29358374839619, -93.22633084631646, 279.57884463960437, 0.4716420479754425, 0.28339605784258176, 249.31232447652937, -3.55802395237239, 135.7183745579926]"
81.79069375972308,129.20059136521633,1.0,0.13276130246973572,True,False,"[0.7614900846945756, 0.4720164472930969, 103.88675668796816, -110.46828002046932, 279.6013854063492, 0.5531537186219734, 0.24493633099476378, 253.76332292541795, -0.9827598338763961, 136.59878819096417]"
80.97278682212585,129.2355303483722,0.999568602641797,0.8398833901948294,True,False,"[0.7548361507335457, 0.5043514771047565, 105.36542579964367, -114.00754997502327, 289.81820161363055, 0.45714355573173165, 0.12384586661660098, 255.64523564204453, -3.8174667130749107, 140.12164700839207]"
80.1630589539046,129.54130146533564,0.9961929010634876,0.5087543598358751,True,False,"[0.6561265104534184, 0.45318990168099793, 108.78412473158778, -101.77234149107011, 292.7739380190711, 0.48246162343974386, 0.26741462186303755, 258.84386500381976, -1.1126858558434556, 146.0784149564781]"
79.36142836436555,129.4110918193083,1.0,0.1144174625280604,True,False,"[0.6469781217836593, 0.42851033459453913, 106.6042163373748, -112.11902936127176, 298.2136885189671, 0.43872041731223627, 0.32298632727214827, 259.66089331511546, 4.166524533301444, 141.9028616638272]"
78.56781408072189,129.2019911969939,1.0,0.6727129157550823,True,False,"[0.6232465732838589, 0.4912884845482228, 108.72100986261879, -119.59531801883581, 295.34091146880473, 0.36203924572382173, 0.29791552046211883, 256.0813460493515, -13.900203575601072, 134.44251176370238]"
77.78213593991467,129.2650622699715,0.9991894603052842,0.8620393024696251,True,False,"[0.6256195412813136, 0.5160018289316565, 114.61149874311575, -118.5578757773887, 296.3295076785705, 0.32358950443260587, 0.2956307103121655, 243.24561144941038, -35.05733694747394, 137.70530983129692]"
77.00431458051553,129.26594300666628,0.999988562567398,0.9098498612618036,True,False,"[0.7341056664967588, 0.4559715863732202, 113.22731545891752, -112.52736338332402, 291.2551785736236, 0.3680724655975838, 0.34158425963667144, 242.12730916108762, -41.96762287038645, 141.22304475829952]"
76.23427143471037,129.22400989570158,1.0,0.6028247614096724,True,False,"[0.7758170938307247, 0.5032743511970683, 113.20772808364427, -115.02133083931984, 285.48114054088575, 0.4305495116020185, 0.30895113564720583, 240.74601471536312, -39.4595701222494, 142.7795677961512]"
75.47192872036327,129.41822823390416,0.9974299231989261,0.9368728467072284,True,False,"[0.7771242986820184, 0.6347931258184188, 112.62759485106244, -101.61053448887547, 290.9076736810757, 0.45907521368757626, 0.2756347552761206, 236.77130605937316, -25.966209293352662, 142.41002327681656]"
74.71720943315964,129.5063051358643,0.9988218910965276,0.2522137333590473,True,False,"[0.7071675030358313, 0.5981516152292605, 115.8902090431792, -100.41365908175521, 279.6107092585416, 0.5240053845620283, 0.24496278149808243, 238.6034070004384, -33.41990567939947, 154.53181886747095]"
73.97003733882804,129.48416763671497,1.0,0.48405801356645073,True,False,"[0.7874714914016722, 0.6033311900424866, 114.69053707541687, -106.36406796089351, 279.77126553722854, 0.6324737507582721, 0.31007981507547, 239.60631267508174, -28.078090347398824, 160.0525479832033]"
73.23033696543976,129.43938279247962,1.0,0.5127171749423621,True,False,"[0.7853804216517077, 0.6866946193582933, 113.25695657971151, -108.2722319599254, 284.70773926919475, 0.5182871399318196, 0.21703152212121893, 230.97075051071826, -41.03043883548781, 163.64508480712462]"
72.49803359578536,129.43280583856205,1.0,0.644909134915365,True,False,"[0.7669859793787238, 0.5981304741171649, 113.60234426611687, -97.23043417757017, 280.09239807387627, 0.4547350712709693, 0.10416019279955854, 230.17614000043943, -34.171347024208416, 152.80102159869955]"
71.7730532598275,129.42964759300583,1.0,0.8293731461941912,True,False,"[0.7641877503218725, 0.705795170688053, 110.34457041010445, -93.98566945019078, 283.932404862718, 0.3185142752530122, 0.21948298875763117, 233.29119715087373, -27.451372005916305, 147.14409121570205]"
71.05532272722922,129.5219899775392,0.9987012597562325,0.8649665505548778,True,False,"[0.7448556325274077, 0.6984467846570875, 118.34867742866882, -76.07713785012197, 288.00068689263725, 0.2836178422080041, 0.25015100029634085, 232.95345453589786, -35.92121734651658, 135.03694657796734]"
70.34476949995693,129.48304945948178,1.0,0.8790981966394579,True,False,"[0.7316239470629303, 0.8377989267641318, 114.2638159167886, -76.02182928833405, 289.65083855117166, 0.19354557472759396, 0.16701927741503597, 226.40656931395935, -29.478176674799812, 136.13427229844518]"
69.64132180495736,129.69068437882456,0.9970229500155764,0.3332374038483261,True,False,"[0.810096179586334, 0.8869529952156195, 107.47730568011825, -63.246240230403316, 294.19921091964613, 0.13281637357557358, 0.35039672919614684, 221.1553202385063, -21.497780812036822, 145.03574602763604]"
68.94490858690779,129.61403394060952,1.0,0.9384688832399897,True,False,"[0.8150519605059785, 0.7365917079768418, 99.0076276962919, -53.063332246262824, 300.24198254384396, 0.26587278361166156, 0.3679932249609451, 231.13491630304156, 1.6120404765290672, 139.68456823391372]"
68.25545950103871,129.65207400725814,0.999442836240954,0.98931854690602,True,False,"[0.742461721524585, 0.6577566126487358, 103.25013149418365, -50.721407696491404, 302.76269671518105, 0.28793447888619417, 0.3736474164232784, 238.54269718575233, -10.35019829452753, 139.1010765332989]"
67.57290490602833,129.69123807101604,0.9994205855645186,0.3907771029403556,True,False,"[0.798125345008639, 0.7161114376096638, 102.11560518877101, -55.06278938706384, 305.96149558033363, 0.23398078711642636, 0.319577805823029, 242.98582460589193, -14.350875430521556, 139.74892649256444]"
66.89717585696805,129.61414212270392,1.0,0.9044432701697006,True,False,"[0.7379995691969505, 0.6529242397050423, 100.80700794546921, -56.95925060144815, 304.69984460140626, 0.18720084628544284, 0.5303113826891885, 240.77308933931596, -2.969154745796553, 138.09165434737912]"
66.22820409839836,129.72679227730595,0.998300506485207,0.7676308767064717,True,False,"[0.6709900251972538, 0.5688241578918709, 96.16935256931933, -44.60413408616141, 301.2594466282304, 0.3006552084824102, 0.42392138253766565, 244.66534884557026, -1.926062420294114, 148.74739282627797]"
65.56592205741438,129.64357876342194,1.0,0.20229924899463547,True,False,"[0.6587715093899242, 0.799613243102337, 102.19189772583286, -59.370160409868994, 299.3533027648435, 0.25100764309474, 0.5150290791635753, 246.29228338720702, 0.18957619931488545, 146.34356180586678]"
64.91026283684023,129.60550876379028,1.0,0.9666401868650585,True,False,"[0.6789790961178563, 0.9051656087832798, 103.69643848944403, -68.06938219435185, 294.40809473689086, 0.20094301177992419, 0.4981077871283476, 252.7289988645827, -0.5008884611289609, 141.34060408509276]"
64.26116020847184,129.62860369036028,0.9996406728896594,0.13021652432541975,True,False,"[0.5510338797760949, 0.7896950773691906, 106.85084571868002, -61.32865679348097, 296.01728529428556, 0.17509438992255807, 0.554897079647409, 248.85182648629313, 6.849155199043581, 144.0146979116071]"
63.618548606387115,129.75111571585037,0.9980761249441847,0.9610377914812909,True,False,"[0.6011391130291295, 0.8816229097755567, 114.1936383612927, -60.07968302553426, 302.1473521497111, 0.35095274970221857, 0.6091563521426404, 251.56714680248865, -9.631736757828373, 149.890119259728]"
62.98236312032324,129.7281942481207,1.0,0.2980730691169423,True,False,"[0.685633111998527, 0.6659950134732479, 104.51032314406376, -68.07449943162055, 300.49751523896754, 0.28930695906159537, 0.4265352256041516, 253.82534617229408, 1.5096112695255695, 149.16890156744572]"
62.35253948912001,129.66566130998123,1.0,0.8985950790296153,True,False,"[0.7319721581484927, 0.6479067501529863, 100.23778197140369, -71.86287274090502, 299.83350339976033, 0.313110428679906, 0.3505051966309192, 248.58536556913114, 11.589585673474977, 153.59364728086433]"
61.72901409422881,129.77693915604456,0.9981989408288052,0.2837515861483151,True,False,"[0.7272669369390834, 0.45009893341303153, 105.87521454452528, -59.30903710659734, 296.21864429914564, 0.33629700859015704, 0.39057579134921083, 251.0782326986519, 7.881428733523664, 153.37164828403186]"
61.11172395328652,129.74052141160638,1.0,0.6665524923757903,True,False,"[0.6960564732879782, 0.4591564201726933, 105.30128351588823, -58.51684733514149, 289.99894470559855, 0.2375636601202561, 0.2665336187030704, 243.95673676063623, 23.517236467771482, 158.9521567080767]"
60.500606713753655,129.8037349820247,0.9989557037316736,0.48422009202509464,True,False,"[0.6872880948754216, 0.48108276631974384, 111.03350552486896, -50.6681778416865, 288.00975116661317, 0.17606967831700632, 0.16970193221496588, 245.52465646201796, 39.55066939433013, 159.89975457545765]"
59.89560064661612,129.78634302801566,1.0,0.5802561106385492,True,False,"[0.6502731773567131, 0.6198234334519239, 112.73351706145017, -39.01626290533957, 290.24076098139034, 0.14561021268777571, 0.22536921755587755, 246.01749514658897, 51.10624023763006, 155.32084989017497]"
59.29664464014996,129.79768490609067,0.9998087447694133,0.2082024018091424,True,False,"[0.8026889541392088, 0.6070732663067784, 115.033565656829, -39.17536471614721, 294.71929442276115, 0.2658571906126769, 0.20068917032123193, 243.9059634931099, 52.028020684856756, 148.82392189226096]"
58.70367819374846,129.85245529878998,0.9990674374757306,0.5812196573522687,True,False,"[0.8596238873910866, 0.7621802827573844, 106.79248143355414, -29.90390050953329, 294.75762468681256, 0.34643361045481724, 0.2717361531326474, 248.56636950807507, 54.897351683934204, 146.90519483987111]"
58.116641411810974,129.7231874454588,1.0,0.06566645235945712,True,False,"[0.7921854495784826, 0.6371258476142467, 101.76157946982586, -27.41644695170275, 294.4557487926098, 0.36241265741018147, 0.2092413736704013, 240.54732141921272, 52.83966360003262, 154.1793228381253]"
57.535474997692866,129.79984919951315,0.9986684614373612,0.2647200386838423,True,False,"[0.8758952626670848, 0.7789220936772325, 105.4534404327572, -27.062574354758002, 290.5290287192995, 0.5527882076584746, 0.27420536076751795, 236.54585650734512, 53.43472455719117, 150.86843887307597]"
56.960120247715935,129.7103346016526,1.0,0.8253321638357367,True,False,"[0.708412907522227, 0.8085784548321554, 103.12864015572892, -33.611746760294224, 286.2173317420518, 0.4985567961456177, 0.2787782375469531, 238.7916266806241, 47.237607267943545, 159.02226302302486]"
56.390519045238776,129.97258126646065,0.995360251715496,0.28842611525243367,True,False,"[0.8417164707613427, 0.8765803976758189, 100.55498563363483, -25.284929291662515, 290.36078078583705, 0.30437450849701986, 0.24694364641229608, 240.81671252227238, 38.27530968385201, 165.70481800733927]"
55.82661385478639,129.6050376636264,1.0,0.07325049590572386,True,False,"[0.677276575623702, 0.9025851670496151, 94.47007668383907, -42.51372954419098, 290.9341841037375, 0.25389049118482443, 0.33398969791175814, 247.24635078210645, 43.95559025797269, 154.31171552033152]"
55.26834771623852,129.52859484674718,1.0,0.019951786549205708,True,False,"[0.6600790825054896, 0.7489815297351391, 95.812715860646, -49.363156844685136, 282.5335826103695, 0.22102089700514074, 0.3276121640261248, 247.67232639102502, 17.086145706617565, 143.76700336388058]"
54.71566423907614,129.4488399318263,1.0,0.5130927254188974,True,False,"[0.6052956801286525, 0.7530770953593228, 88.3727819023102, -53.04447174625483, 283.2097627756695, 0.1742305322000588, 0.43893414320014007, 251.45427817422234, 11.038143013020013, 147.86762602306482]"
54.16850759668538,129.387457023652,1.0,0.9622461364356643,True,False,"[0.5409468981104443, 0.6743141149903155, 89.49628065264572, -72.12984129025747, 286.79910559324844, 0.19689949905664153, 0.3803906857158221, 256.19930945064505, -4.463317131145676, 146.33806641787777]"
53.62682252071853,129.22266589655638,1.0,0.7303000169491972,True,False,"[0.5307790186917385, 0.604159219602469, 83.30615906299408, -71.52195856853236, 284.1858050666306, 0.16442306095000422, 0.3131853006113382, 260.034402773369, 16.236635600406096, 133.88602768780575]"
53.09055429551134,128.9231393790139,1.0,0.47162121170808,True,False,"[0.3967309645833862, 0.665771974364491, 72.28417317601044, -80.7363029249767, 282.23168564964425, 0.11301505227123765, 0.415497920302447, 254.20136706466235, 8.561688924836997, 141.97382857509697]"
52.55964875255623,129.0874092803218,0.9968794794506691,0.8965205677710572,True,False,"[0.30259762895337355, 0.6279813719612763, 75.08641500459976, -77.14692945536046, 279.3663358085709, 0.1143104717778617, 0.23052457823341926, 256.169018569482, -2.1692583661537554, 144.59820885971234]"
52.03405226503067,128.95094572594104,1.0,0.636268931780041,True,False,"[0.345230011851715, 0.781902771855347, 66.36845740733128, -70.95816157490067, 286.7988995506682, 0.2935092403419786, 0.3180561326956485, 250.04140648274208, 7.435675184769027, 144.72102054026595]"
51.51371174238036,129.1797553982003,0.9955681262057037,0.6985295278425339,True,False,"[0.5658872007505419, 0.6231184336080101, 70.48678221481005, -55.347623619286296, 286.6429141572056, 0.23462525374776405, 0.39247187316448706, 246.9750128274922, 8.544087668567208, 145.27324158137716]"
50.998574624956554,129.39715369636681,0.995746242098142,0.21261761052187667,True,False,"[0.44659059722055816, 0.5189792488848002, 74.63032360330038, -46.13715277469267, 292.0733359824548, 0.1440692817053112, 0.2711687323686704, 248.2017762298409, 7.605971150537376, 149.1125510363032]"
50.488588878706985,129.50467744191815,0.9978726018209155,0.6854304495899398,True,False,"[0.4096126091214575, 0.5448229449540685, 77.06812968748332, -43.00445088762342, 295.3111450944498, 0.1363164226209984, 0.26444110246785946, 242.9069964360037, -1.5519870247461052, 154.93094418618708]"
49.98370298991991,129.5026064887728,1.0,0.8688481945632102,True,False,"[0.3296109214883495, 0.48540029077247565, 77.86242821591784, -33.8696888389705, 298.7415931229794, 0.0926851798859464, 0.18650358971627706, 241.66325010673614, -3.9523994625750816, 150.91504410624762]"
49.483865960020715,129.67035322222216,0.9966158115064403,0.6218227234105288,True,False,"[0.32682583989877734, 0.6496564852920421, 82.57505816734692, -36.000334144758035, 295.55510060889884, 0.20130410132144516, 0.1750180666930888, 251.37503014965594, -11.011743708609096, 164.53417120850233]"
48.98902730042051,129.6850843738929,0.9996993421210221,0.8099874703488162,True,False,"[0.3549448969587537, 0.7608538115787753, 86.83737377067365, -24.73093565395768, 289.79153897058643, 0.24405959982559638, 0.14426697661766621, 250.4389511726445, -21.504343094507103, 164.19050759446344]"
48.4991370274163,129.71376625339693,0.9994087853547059,0.8128823074818192,True,False,"[0.3979883387658238, 0.6339073342625617, 89.65281310355772, -30.68000259448361, 287.4206709694774, 0.1173648635888142, 0.255157827679778, 249.86566577842913, -25.673605454678352, 166.94535710165718]"
48.01414565714214,129.63323379174892,1.0,0.26701573061559625,True,False,"[0.5820988650414897, 0.7091199014913337, 85.73064653739117, -33.08691147839597, 292.6528605292218, 0.21651391302592646, 0.2005630655551331, 250.51372642640058, -27.075959100547983, 162.79895814195964]"
47.53400420057071,129.60181747378948,1.0,0.6360872407864054,True,False,"[0.5040283424152369, 0.8284744125535866, 85.31880428325671, -40.210626160134936, 295.6368096253718, 0.09098899058318419, 0.15509166769006752, 249.7640165438025, -7.005657169622509, 168.39178298618347]"
47.05866415856501,129.63812527739648,0.9992287541235257,0.5844812746220073,True,False,"[0.676512559561066, 0.6639077612548424, 82.8988384386839, -53.63916312493091, 298.6709876868752, 0.1227300489036787, 0.22648088954454815, 246.530628931891, -8.693458550013503, 173.27078606238388]"
46.58807751697936,129.40130512412202,1.0,0.5988618308385442,True,False,"[0.728133541715487, 0.7021755367123338, 70.73161335028934, -51.94385798812009, 296.0871419020019, 0.20366634110020043, 0.28012325036465946, 237.9567487739019, -16.597458902711473, 169.568693558576]"
46.12219674180957,129.509377024647,0.997659578427351,0.8547713453162984,True,False,"[0.501140197566956, 0.5997568203666981, 74.6548111886499, -48.692522600777544, 298.0691135956369, 0.18602361803042874, 0.281580578014844, 240.08311583711222, -12.185334239956303, 165.87252493573672]"
45.66097477439147,129.5606615331819,0.9988774720808384,0.91552718531929,True,False,"[0.2616594783521543, 0.7333252466603624, 74.88298895436185, -45.00316486558466, 299.86995766584374, 0.10663317201760794, 0.3211754806796642, 243.63961406719775, 4.699453970699915, 165.34783072955105]"
45.20436502664755,129.52634532291515,1.0,0.46147317736729165,True,False,"[0.36101275673054223, 0.8812559589016551, 76.35938980983113, -37.489927222785425, 301.49030462415027, 0.28950325589556064, 0.3529239582941242, 244.61442071251196, -2.4048552440170763, 164.88551561317234]"
44.752321376381076,129.60108165882002,0.9983313945841026,0.8931747723995511,True,False,"[0.28170273424536696, 0.8749608181218542, 76.31679425502128, -51.675831345779464, 299.22648110915054, 0.11462011746316864, 0.29261277127589974, 243.82130647343033, -0.9729178377152294, 167.76275211482587]"
44.30479816261727,129.68836361917116,0.9980319052070986,0.5736363214002769,True,False,"[0.21565309524034565, 0.7993002683763136, 80.06572848997966, -54.45452993966585, 302.0477808012066, 0.13293476774032087, 0.10616687087846341, 234.53805814777738, 8.214383054163882, 175.71169432532005]"
43.861750180991095,129.5640933386065,1.0,0.8363249005180013,True,False,"[0.2198811318682476, 0.593690262599912, 75.16825688394563, -42.48174942255898, 304.11995999918156, 0.13350464419511782, 0.13872942083093803, 225.81280918887282, 4.078065139910382, 171.7250120781456]"
43.42313267918119,129.56267969650443,1.0,0.803168531374515,True,False,"[0.19493019052799887, 0.7513807605581144, 66.60724731024303, -31.62465005506031, 311.7584352526095, 0.12534871071055373, 0.19045513834825195, 225.05939873523246, 14.687242231927657, 172.01755302893642]"
42.98890135238938,129.60086500426416,0.9991121347058275,0.22905099765611603,True,False,"[0.2223024782064568, 0.7355846505220269, 67.24515562088638, -22.37936308182047, 316.83216914486474, 0.20648201014532697, 0.1943817033613598, 224.2452109255677, -0.2646151671643242, 175.51263349801312]"
42.559012338865486,129.48371007912215,1.0,0.21395808493583457,True,False,"[0.34495411602042814, 0.756899127966355, 68.30082281921653, -15.70336669039635, 316.10708432950884, 0.3818992784711508, 0.19797903664497324, 219.17236808256487, 17.675988513566438, 172.309988651935]"
42.133422215476834,129.59356341156348,0.9973961230243995,0.3683621973765676,True,False,"[0.28600884053215453, 0.5782548408281268, 68.58473667446019, -14.0591817988967, 322.09984103453166, 0.16447233244342263, 0.3339377186198871, 219.657061307101, -0.09113921124367153, 167.18650346670486]"
41.712087993322065,129.495414965297,1.0,0.3239047521728,True,False,"[0.32711710368103725, 0.6682523390286892, 65.63515396082433, -14.369179187303482, 322.0748674046462, 0.2708990342700581, 0.39089899314207216, 219.96724510353974, -0.7041953659715603, 161.94676802525552]"
41.29496711338884,129.5089759090758,0.9996716617467832,0.4017796923285081,True,False,"[0.16269947677882982, 0.4939345040367721, 71.13743202174481, -13.741257886444359, 311.4933002592577, 0.27763397796424166, 0.3194285889414506, 219.66555562120942, 2.979792985247986, 156.498249311567]"
40.882017442254956,129.40858722684615,1.0,0.4635389389813067,True,False,"[0.16624405901248354, 0.4722338908682219, 66.92493787537498, -2.677183013332858, 310.6321972013411, 0.3412986804918448, 0.2844088245913057, 219.7199680083127, 8.378580799849887, 151.6956429628527]"
40.473197267832404,129.41716575342275,0.9997880667185722,0.5682536000261504,True,False,"[0.16314508131447325, 0.6390701814321579, 67.75881612029588, -14.253151282357274, 310.6790858038403, 0.4725733590588169, 0.14563453180044542, 217.80780849947885, 4.938917432068789, 149.96750004286605]"
40.06846529515408,129.30482900657756,1.0,0.3400228432189407,True,False,"[0.19004458952163344, 0.6172691664787606, 62.23242140247819, 5.7000570165790005, 301.9336629629722, 0.4262397558516028, 0.16071471228362477, 209.99990091768026, -4.351221515290985, 154.42357360750458]"
39.66778064220254,129.0523081364594,1.0,0.019338587423279208,True,False,"[0.31508603436016147, 0.651640740176905, 55.318743000624835, 2.8690261551011456, 309.3968119917663, 0.6340954534031513, 0.272010802765808, 203.96414522824426, -29.740126191171814, 156.36233404152767]"
39.27110283578051,129.05611205959872,0.9999031415305254,0.2112771757432912,True,False,"[0.2031049443795106, 0.5799603216260887, 54.682370661188244, -8.169203161519297, 314.0031617656981, 0.5849549487404855, 0.35629421858623744, 208.11484603397147, -27.088930445239257, 144.58156776656105]"
38.8783918074227,129.01414154366836,1.0,0.05781726956281974,True,False,"[0.2580473822351903, 0.4177205658714105, 56.95489199519109, -5.228926357239889, 315.9711534459375, 0.5450489491630991, 0.3662456936643807, 203.05697848805102, -23.28404466876531, 138.73995344242084]"
38.48960788934848,128.93262223179957,1.0,0.5370302367243764,True,False,"[0.17730564598435428, 0.3681845808808839, 52.66966549962427, -11.933867605381113, 324.7478659149791, 0.5313617779738987, 0.3532515112572416, 201.99006680295395, -9.307652234923117, 134.00194607535622]"
38.104711810454994,128.86117272757093,1.0,0.16172125276531257,True,False,"[0.265463521017985, 0.40704033890984936, 52.08133155392823, -22.38285922687488, 322.25468245459746, 0.5952920755044631, 0.40814462016735753, 196.7104968434037, -17.041776481710254, 141.35264906791514]"
37.72366469235045,128.92419871541946,0.9983306667571811,0.8474215329794454,True,False,"[0.224848823848269, 0.3494194226305964, 47.9327583309714, -12.764827215700329, 324.87619673271314, 0.683849729416371, 0.5377148458434093, 199.54930603131277, -6.624003395189735, 146.0572163663269]"
37.34642804542694,128.96874507933643,0.9988079232840459,0.3184446188743165,True,False,"[0.25286961985414413, 0.21653975267815603, 52.7501139063582, -26.10506012135837, 329.9536700544065, 0.4653805768847705, 0.40790329599327135, 195.713005900376, 8.583175739665407, 140.77815259752012]"
36.97296376497267,128.88662223201007,1.0,0.6618636647246531,True,False,"[0.25459568937319216, 0.0835337486672442, 54.597119038546715, -14.652370531434254, 328.3535749633826, 0.44139115681289903, 0.3465576088734451, 195.95541673741872, -15.382650167422906, 139.38703393880317]"
36.60323412732294,128.84363292830278,1.0,0.6085395142072071,True,False,"[0.35442290516938335, 0.18290744959131688, 47.979406276623784, -2.9250478989450155, 324.22385084095305, 0.5890966811762293, 0.3343030027173888, 196.40857845392628, -12.012997352816864, 141.79613944327443]"
36.23720178604971,128.90584863088978,0.9982845716290836,0.32414229884623935,True,False,"[0.3444538689620784, 0.17004320695255898, 52.65496202707448, -10.579635309436469, 316.95819596102183, 0.5812607334594431, 0.26471068087673966, 195.10225923664524, -20.936019327150927, 142.82843416606602]"
35.874829768189215,128.83287031705922,1.0,0.8197341128821332,True,False,"[0.40333560502138904, 0.1981437256300278, 54.44636238703997, 6.910174557559671, 308.35291616591957, 0.5204714804060361, 0.4543681955604739, 198.97302712847173, -26.257482042369396, 130.86019914910224]"
35.516081470507324,128.57117865033877,1.0,0.562446713401648,True,False,"[0.38845113965208594, 0.11419720104534303, 52.10544903855042, 16.40363761576294, 304.0694736535404, 0.562680112463974, 0.5843115152699743, 184.2343709097902, -24.654278734561895, 133.63432254913513]"
35.16092065580225,128.57909572242133,0.9997748585454844,0.909233604492159,True,False,"[0.37944569771147196, 0.14411794071185072, 49.72759651306301, 14.211106281978383, 309.0894903175175, 0.41233526136364174, 0.4921537868079687, 189.96143789298583, -17.896740714121062, 128.56647940708086]"
34.80931144924423,128.7884329026013,0.9940042197730421,0.7088881896160234,True,False,"[0.3821856004404822, 0.15869900153062816, 57.2092753275886, 15.211714303217914, 312.18361596351605, 0.6356760481533497, 0.6477888658783663, 193.58555711351184, -8.99998678512558, 123.36276496526051]"
34.461218334751784,128.82402669329707,0.9989676680933157,0.4001838448580285,True,False,"[0.5048323399157965, 0.3082349703379419, 60.80157278042057, 0.23706337438413883, 308.1864990543391, 0.801708850584656, 0.48104133559615736, 200.14661834525697, -4.455724861597753, 121.25223526272785]"
34.11660615140427,128.75462580975417,1.0,0.14681633523023574,True,False,"[0.6165621912101712, 0.24138328669255713, 56.63845860798864, -1.0896911266055533, 304.35849359135506, 0.8729922603944454, 0.5637788945305913, 200.96412697081368, -10.706292323919357, 122.57540042571613]"
33.775440089890225,128.7569904113289,0.9999299929535165,0.3296741071984505,True,False,"[0.7001285587587103, 0.2700713839501563, 56.28347566440952, -12.661762969223217, 308.17246073888225, 0.7954100075061066, 0.6653167699769835, 201.54871243670246, -14.441508467323693, 121.28388263401389]"
33.43768568899132,128.74458204924483,1.0,0.8579214244821118,True,False,"[0.5736058959493436, 0.19993303950072172, 59.63261345208235, -9.124757870716273, 314.4769483989664, 0.7931753841965811, 0.46995349317491597, 192.33048318214477, -25.537271328884145, 121.58875679215741]"
33.10330883210141,128.52964878690898,1.0,0.3270118160978356,True,False,"[0.573807272306569, 0.09441047293707074, 51.65893369062427, -23.24583583633869, 317.0800479416127, 0.7196726028958051, 0.3432552088109741, 188.7789689489974, -37.9281696782698, 127.87364241534782]"
32.7722757437804,128.38970241329002,1.0,0.20523896903353145,True,False,"[0.4791846252651829, 0.08099859317654969, 50.94061192191616, -19.563888233636245, 317.4892928461425, 0.7792151205427958, 0.31440053991880845, 183.86747942381348, -53.36059782159005, 131.72181947024632]"
32.44455298634259,128.4257818357763,0.9988885848057053,0.9946859350202434,True,False,"[0.475026128683095, 0.33177422035662324, 45.96001313864111, -2.8574440606099145, 312.9710918390213, 0.7530013244459235, 0.24173683275171293, 183.22604916852316, -52.4434375088816, 133.3439999824455]"
32.12010745647917,128.42525927282475,1.0,0.4826831308960412,True,False,"[0.48606149266855597, 0.25016189468727923, 44.08821293991303, -9.242089374268149, 319.091619903939, 0.7976969854412825, 0.2822084620927944, 177.51719840307203, -44.18763872458646, 138.30508429046674]"
31.798906381914374,128.69574739566698,0.9915298670839126,0.8334558475837427,True,False,"[0.5740208145335797, 0.3042958533343459, 50.293485606796786, -12.942697580426096, 314.5626702082863, 0.8316846290656841, 0.4000397437575167, 170.7636804963635, -26.914661842036487, 143.08965521005015]"
31.48091731809523,128.6239308875986,1.0,0.7846174824911544,True,False,"[0.356221894671046, 0.19846486990851311, 51.28481523775373, -16.188974902865127, 320.115114404199, 0.8345327675262836, 0.22492025057984436, 172.84687067543544, -33.59896744015896, 142.38500763155437]"
31.16610814491428,128.8480457102794,0.9928348144333724,0.46335862347405454,True,False,"[0.37888893186243067, 0.14522617052445191, 53.79856231011999, 4.393930038656993, 326.85896288916786, 0.8079506845405088, 0.3804259549507436, 188.00193142758692, -22.525071526921906, 141.74692037915082]"
30.854447063465138,128.8240749926789,1.0,0.8926765839381432,True,False,"[0.29968499374177227, 0.1582225423853734, 52.63443334114476, -6.3989721463677895, 329.0473571726266, 0.712187117087987, 0.49897888051829853, 185.87973046477276, -45.11917392136385, 148.4612567678992]"
30.545902592830487,128.74073962358835,1.0,0.07833918163388165,True,False,"[0.3742258671540787, 0.19445919938526846, 51.32304610864351, -23.579543794019656, 325.83203904147484, 0.7818974122460142, 0.48876082417143263, 183.22473899226688, -42.006053107419284, 148.2285285182103]"
30.240443566902183,128.61120857015226,1.0,0.7029469778575766,True,False,"[0.47708864645488197, 0.12413158797232507, 48.130763467887334, -24.682781637704135, 325.1648198795842, 0.7645126700944723, 0.5328565545069467, 178.0976005644686, -46.622027963793876, 152.21243482567462]"
29.93803913123316,128.6299417120618,0.9993744653047817,0.3520231589139282,True,False,"[0.4114927281982502, 0.26805186475601184, 47.53758083928479, -29.43006979236291, 323.50481068272296, 0.6930957288457942, 0.5854930779410742, 181.00570453597297, -55.18508467930661, 156.64657356332015]"
29.638658739920828,128.71010157904686,0.997299082718069,0.6333101290710959,True,False,"[0.39109707087347867, 0.15970215057773424, 50.88803241465632, -18.820424760280822, 314.9625699546428, 0.6173321940157335, 0.6331854688138766, 176.6240977169322, -47.079225567719796, 158.01455177668836]"
29.34227215252162,128.9131795631356,0.9931028909516381,0.6752198236546888,True,False,"[0.29653521720799564, 0.2589198457894538, 54.40204981892337, -10.159221628538145, 323.05470613105274, 0.8450869741680813, 0.596703701848582, 174.17154889523133, -41.60663511857899, 164.0871682957901]"
29.048849430996402,128.79974996194204,1.0,0.758053100067179,True,False,"[0.19469734325819443, 0.4259938316945944, 49.64840948817029, -24.545574797555645, 318.63437344781136, 0.7972168874628868, 0.7143456931738363, 177.10665198178918, -51.064013707738724, 164.14229530426178]"
28.758360936686437,129.13269056214077,0.9884895818327212,0.6841014350564617,True,False,"[0.3281240751026797, 0.42464356903138983, 50.2516264499597, -34.73057536691324, 318.14857253562394, 0.7986538666671403, 0.6337372342585271, 173.29170675815615, -56.9443750039442, 176.34989081483315]"
28.47077732731957,129.3617647302843,0.9919863418675184,0.7936303017442037,True,False,"[0.3938618957619855, 0.31408490389516697, 57.50757771302471, -32.88883990018369, 325.7252947436491, 0.8776312321281758, 0.7219943191852047, 167.27169537723555, -60.875357964960216, 185.73016331622344]"
28.186069554046373,129.30073760598899,1.0,0.8445716545873075,True,False,"[0.41530807068864983, 0.2837352165369939, 55.31123335597131, -28.41773965027214, 318.0389210246177, 0.8604730871374958, 0.8861830694937809, 163.4723595754989, -65.67398769231907, 185.08278119550934]"
27.90420885850591,129.1096095187398,1.0,0.2351975328417789,True,False,"[0.4684150835984977, 0.19720093799113103, 54.312002742804665, -39.17780085558557, 314.11739308685225, 0.8642628050008495, 0.776669870271619, 157.75930082000352, -57.72111764239947, 183.09805605435466]"
27.625166769920853,129.05876045010737,1.0,0.14837003586223585,True,False,"[0.436362851483361, 0.33869271403779855, 57.010753357850554, -35.63293414066206, 308.9259224911976, 0.6916468456818642, 0.740676126220099, 171.2308366101224, -81.23749406820747, 184.48508562383887]"
27.348915102221643,129.08647102656028,0.9989872891637798,0.18245929834068253,True,False,"[0.43376974232563065, 0.41148278466258986, 54.6721109003823, -18.614234031361878, 309.13327453843567, 0.4379024165662256, 0.7834736178631488, 172.82819109139766, -68.79278077498257, 182.82480346372878]"
27.075425951199424,129.02697535564639,1.0,0.06015745722926247,True,False,"[0.38090853412467124, 0.5071778487092281, 51.185397941010756, -17.27964251557487, 310.6132049182717, 0.30825802426887683, 0.8527525227081545, 175.2991381938394, -77.13513804226349, 179.96780926434693]"
26.804671691687428,129.0152185667055,1.0,0.03526236664956628,True,False,"[0.3393001669841219, 0.5043263158210788, 45.96743119515949, -28.188873455467423, 313.4798286078345, 0.19812141568270591, 0.8299014744701714, 179.35939713897994, -78.89015222530851, 184.56757357895822]"
26.536624974770554,128.79870089922855,1.0,0.13915590590159355,True,False,"[0.449872349336562, 0.5392840432348308, 49.93750806212665, -21.545094984829284, 308.73820388376106, 0.29496899529149534, 0.7544265572350407, 185.98798351529427, -83.45594131236987, 185.3351033782168]"
26.271258725022847,129.00447800972358,0.9921978117305403,0.014345895258959684,True,False,"[0.3443179722471684, 0.5107426438879364, 47.65821454309031, -19.809484655011378, 318.9115988972377, 0.348192926191675, 0.8339460466504852, 180.86531854691063, -94.6892320264334, 196.57498095493722]"
26.00854613777262,128.94972849097775,1.0,0.13379020630337446,True,False,"[0.4531505973608586, 0.5029734777771782, 49.321808380689, -28.921729608378254, 310.08435529024416, 0.3959836800033151, 0.8465019525882602, 181.93348874116805, -98.67193156314134, 204.19008212941736]"
25.748460676394892,128.9137978501581,1.0,0.7508882995461617,True,False,"[0.6659461023536425, 0.6061683815044718, 49.075467472123194, -39.21809862922517, 312.19349847262987, 0.604884101694694, 0.7555212978317853, 186.7642561122904, -88.14658600969825, 196.78517638464265]"
25.490976069630943,128.86758785402057,1.0,0.04348406883696254,True,False,"[0.6002071561427261, 0.47191113553877617, 48.09540101703638, -34.61136516621804, 305.76846164730046, 0.4719366417625175, 0.6455117635919538, 183.26629527242008, -96.22369487064601, 198.73362606143922]"
25.23606630893463,129.1628543601585,0.9883680014137867,0.9460280001271496,True,False,"[0.7093388077829548, 0.3004785953803851, 50.02157754204675, -16.54842755669315, 311.1798550653191, 0.4510242772303887, 0.5006879676503002, 187.1196920140589, -88.77654928835373, 194.4036349080532]"
24.983705645845284,129.14018105614707,1.0,0.8825356005178253,True,False,"[0.6830747279019482, 0.2381849849564796, 51.59815417287655, -26.050695950195056, 316.66241889421593, 0.48353599423004906, 0.7147996093443625, 182.51211282385574, -83.30210903150441, 195.6466348184061]"
24.73386858938683,129.12497815772076,1.0,0.3912340744470837,True,False,"[0.6372813019205372, 0.3251070448496939, 51.643000715112386, -33.04476886573352, 321.30079931559635, 0.5198330100693132, 0.633105619963686, 182.8543991307428, -78.87818908589263, 190.99528109469946]"
24.48652990349296,129.30894202613186,0.9925152910974187,0.16242598094656924,True,False,"[0.6155033331409702, 0.34152839706102245, 59.87768225932127, -22.32785331997443, 319.1444981073275, 0.7159553907791484, 0.724287345260405, 182.54547304007406, -88.07287859493914, 193.50890102594428]"
24.24166460445803,129.2099766449687,1.0,0.31475238596388233,True,False,"[0.6678955077239903, 0.46183940586484057, 52.60734090165958, -30.440016016223368, 329.437277025598, 0.7673662828917422, 0.8330292738078591, 185.21752146550898, -96.67824619602422, 198.09700272603797]"
23.99924795841345,129.2009594867011,1.0,0.19655150061728643,True,False,"[0.4990024055242661, 0.46336250928758144, 51.765562304183625, -36.7312305532958, 329.0655831855735, 0.8236251629464394, 0.728062039755529, 183.15044907629448, -93.36749062707543, 194.08676999546242]"
23.759255478829314,129.51929548896206,0.9866909592903192,0.7948560926098496,True,False,"[0.5118544690572469, 0.4808826678036533, 59.99465206773993, -39.21451969614332, 333.67345327761393, 0.8869825153077923, 0.7421667026623756, 183.92112191252244, -88.84165205115298, 201.43689840990865]"
23.52166292404102,129.52111255060365,0.9999227524233831,0.6658336685482906,True,False,"[0.5575657006273496, 0.5872497299873594, 57.68981752297807, -46.16960775407384, 330.8792012279818, 0.7872473835387377, 0.7164392935382838, 187.10256492124097, -74.39247915846408, 202.03775254161866]"
23.28644629480061,129.41808771748794,1.0,0.1677446396929293,True,False,"[0.739362647216873, 0.4462588775981764, 53.55417100262815, -44.67845732401897, 330.2521698464521, 0.5558644384478149, 0.7077179086044993, 196.01121122321032, -76.88688099747453, 215.07213711930152]"
23.053581831852604,129.71871767584057,0.9870441707190316,0.2570130806434172,True,False,"[0.8271674593689475, 0.655698898561715, 58.47662346307932, -54.11326788805446, 323.53905707031254, 0.5293822615453493, 0.69561181732769, 202.50254755506668, -67.92041447282274, 212.49947134022713]"
22.82304601353408,129.8192018665125,0.9956069268120431,0.48972595170500455,True,False,"[0.8173708074380842, 0.6547519655733837, 60.118400396529346, -41.05143557064905, 324.4347164535827, 0.5303272924953728, 0.6902436720412417, 201.88655181862367, -61.07223934545745, 215.46922541608987]"
22.59481555339874,129.81084799260884,1.0,0.2467888001772216,True,False,"[0.8159945025564616, 0.6883199225212321, 61.18259114851359, -40.44501730962004, 327.16445076045096, 0.7355053808419523, 0.892038973271243, 201.43623178914135, -55.67281281129738, 215.61448744211336]"
22.36886739786475,129.84413280403962,0.9985131093468064,0.6150077667996169,True,False,"[0.7778988828996677, 0.5731422397199508, 58.11439978772652, -27.066701151131, 338.38871539439367, 0.8003138287103639, 0.8824229160695747, 208.1223950219663, -60.89760831333061, 218.15722612291273]"
22.145178723886104,130.0032281576433,0.9928415464420293,0.8617235006479601,True,False,"[0.8312902956454196, 0.6692129962720057, 59.50885976338818, -21.584367653302404, 347.39793122384015, 0.7974312222772952, 0.8965961244551572, 201.91166705412672, -48.86337353684819, 219.32844327670986]"
21.923726936647242,130.0118785133184,0.9996055119023911,0.14788594651712217,True,False,"[0.7963294477381054, 0.5109497956461613, 65.42607899246333, -29.74694622108819, 348.52730006777966, 0.8864399807867658, 0.8117391200993302, 209.4903981721056, -62.93852771172798, 217.62274938136852]"
21.704489667280768,129.99119706839687,1.0,0.8171290473552418,True,False,"[0.7651508005101566, 0.6482547546903068, 65.76298135585607, -22.075842611180008, 354.3970873769256, 0.7487438895208133, 0.8627891007985955, 207.58413455750252, -65.0950152794718, 224.8020801135347]"
21.48744477060796,129.83065910915116,1.0,0.23462827146358767,True,False,"[0.6881553385792654, 0.5489384384884236, 62.59419913406859, -17.951628117930348, 361.63598448728163, 0.6747655573165174, 0.8351602931514356, 194.39912581351652, -70.8796182671477, 223.6310843528531]"
21.27257032290188,129.67412945337483,1.0,0.6046718087622668,True,False,"[0.6565982877039125, 0.5273882492099923, 56.42690775086225, -27.82428065875854, 364.68347216076955, 0.6839277143917207, 0.8536298859890751, 194.54696517427186, -73.92679912310538, 216.87710039683978]"
21.059844619672862,129.75201368271263,0.9963085962375803,0.7935498988828343,True,False,"[0.7120609896730756, 0.4701067025947459, 54.54711101209499, -18.125664744111518, 366.7066905716004, 0.7531826158683955, 0.9027407604514579, 189.13807413981525, -75.25652337983041, 218.90773934912082]"
20.849246173476132,129.898797786324,0.9929844650622941,0.4113938955258887,True,False,"[0.5719974978441785, 0.3633849099281596, 64.53533926684656, -12.3688319997345, 364.1495582800015, 0.8407518928637959, 0.8800015310760814, 188.12062354985292, -79.52555433168959, 212.32761794668176]"
20.64075371174137,129.75962203153878,1.0,0.8901564561510943,True,False,"[0.5855156073487489, 0.30003779022479676, 66.69769177477592, -7.306715169838909, 366.7715594687661, 0.8351034623505249, 0.6647737756086661, 181.95900832916743, -90.89328799864656, 207.9633129770389]"
20.434346174623958,129.86651481477494,0.9947826228824642,0.16030081271032437,True,False,"[0.5767334252881374, 0.2575311827447003, 75.56204856923156, 2.5463097701913506, 359.36114504487966, 0.8647977956258458, 0.7217425493203036, 188.88493938199318, -100.050162958289, 208.52146268819084]"
20.230002712877717,129.59681853404578,1.0,0.3995794647772599,True,False,"[0.5310861509199207, 0.10361761365335218, 68.73807739860362, -3.9354445993334677, 365.7003979205969, 0.7660231605538832, 0.6905212459377703, 190.09270557063618, -108.76025796392958, 201.49069591183112]"
20.027702685748938,129.67215708820598,0.996245349170366,0.8332256342661025,True,False,"[0.4533467422082369, 0.15961032284095114, 70.61547115638122, -9.665585522284807, 375.8977069202087, 0.6988157538916727, 0.6642951360963755, 194.45627637231212, -113.85836660479266, 203.5665873276337]"
19.82742565889145,129.68273796987953,0.9994664935771124,0.6015387162090855,True,False,"[0.45004378159243524, 0.3476208419706095, 70.07569895647725, -4.616428177907612, 367.79401055046327, 0.6621029718995829, 0.5860674802202315, 193.27121874089653, -110.03058096522749, 201.24936787137483]"
19.629151402302536,129.76109645768003,0.99601601247407,0.5767761461491862,True,False,"[0.42278793882391813, 0.3741166266158479, 67.37476580026483, 2.8415091765333935, 362.0240614295423, 0.779613030857974, 0.7379929663801827, 192.6719211150385, -104.71729839975316, 212.17069420390567]"
19.43285988827951,129.6134810689619,1.0,0.6450151054152523,True,False,"[0.5007775209746884, 0.1777584168180617, 69.09140235033937, 25.914106960832516, 356.23123002391014, 0.7598426804451471, 0.5940926392036684, 188.75564756459832, -106.41323248814503, 204.72379262734304]"
19.238531289396715,129.80440579320117,0.9901250011528874,0.689299492325611,True,False,"[0.8107271549804689, 0.26049234560220796, 71.1171207353162, 8.932932584844018, 360.45706709567577, 0.7872741836486968, 0.6081755191761498, 186.9153383379393, -91.67502520400627, 209.96714021218028]"
19.046145976502746,129.88800897437952,0.9956201133232631,0.873400204588462,True,False,"[0.8533173559733166, 0.192683116582729, 80.79158815268585, 5.418292263400277, 359.3819003608668, 0.6454319971993339, 0.5565600297748567, 180.07462952901417, -91.07352869334983, 210.05231291889567]"
18.855684516737718,129.85743967459695,1.0,0.7446983449700108,True,False,"[0.8492555803772469, 0.11239712765942969, 77.01730618776061, 31.21810079751267, 364.1321139928875, 0.5689682620177047, 0.6817273546262155, 178.90864243084425, -78.60143251252448, 210.36808354294473]"
18.66712767157034,129.7866542985622,1.0,0.7523120687281754,True,False,"[0.846639000333651, 0.1326648451436102, 75.23182435411958, 27.945615361027834, 369.53803941153313, 0.5658354779163569, 0.8363354207650657, 179.0407086712662, -85.28903055579933, 211.50366710613596]"
18.480456394854638,129.9047157045639,0.9936319162914609,0.8869851048342005,True,False,"[0.8552000780845379, 0.2328623489301812, 77.76483978026764, 34.39703935708454, 370.10655407917824, 0.544201842758332, 0.6818965868214997, 173.9399491299168, -73.15517885358923, 209.20699423738608]"
18.295651830906092,129.9468760143205,0.9976982634700267,0.42392092496269884,True,False,"[0.781703615680238, 0.2276202529919636, 78.95500584741315, 39.848145320081, 376.9856012259447, 0.4272731981990437, 0.7305375511181509, 177.03608882230748, -73.97260520568457, 215.95278852769943]"
18.11269531259703,129.94514359389092,1.0,0.0721591844553312,True,False,"[0.7414654535933931, 0.08650129461581255, 87.67995513227231, 37.5961169185926, 375.1104731657164, 0.379316097802964, 0.8461561462909384, 175.0017584442084, -83.33584740389601, 219.59904259596829]"
17.931568359471058,130.18850473398402,0.9865200202523927,0.46479430895002694,True,False,"[0.744967702846631, 0.11052939818755139, 84.14534579660233, 17.202240428341675, 376.0232192761326, 0.2566966038057847, 0.901375064903635, 180.33594475186408, -79.29512671448289, 226.24052373524046]"
17.752252675876345,130.0827708475941,1.0,0.31079045220612034,True,False,"[0.6498036900197921, 0.11866221432206606, 76.29779634238561, 15.881867577515507, 381.8285284414252, 0.27437893771990723, 0.9008675048549843, 178.59825928192427, -80.6756059687416, 227.52796314236573]"
17.57473014911758,130.11937504761863,0.9979193929569563,0.13316951241158803,True,False,"[0.7007584970304035, 0.19046669404068284, 74.65719167819954, 20.24158190989496, 382.1676322926108, 0.17526192152515535, 0.8455572887383552, 178.77681799302005, -81.49742193572062, 229.6837424113242]"
17.398982847626407,130.20033220331806,0.9953578262538166,0.28772337199934284,True,False,"[0.7831001531909529, 0.1635446048574854, 82.47878509262533, 26.40281756730092, 380.8625224609523, 0.2905841727003629, 0.8664516743064926, 185.21054522073726, -64.24859507828799, 227.0598075615227]"
17.22499301915014,130.1180427034168,1.0,0.44698708201688564,True,False,"[0.7416547927793475, 0.3967818426270777, 82.70030825601171, 25.36484985356215, 379.9328631634942, 0.2943490418967818, 0.8320091603738201, 178.17990943340007, -66.1112558568163, 218.43778010406598]"
17.05274308895864,130.2014941438203,0.9951182294579028,0.9808430715771416,True,False,"[0.694609141032036, 0.30036091300358303, 86.23120984135078, 21.704811545906, 379.96210556210406, 0.21258984164060563, 0.8288498816496782, 180.24946161992892, -59.98147076657145, 212.7449691178235]"
16.882215658069054,130.197128359929,1.0,0.39868900333022816,True,False,"[0.6202235686044083, 0.16649267643387328, 83.81319051150008, 26.544755553015364, 385.4988839984195, 0.11901497140584091, 0.7335373155059466, 176.8237219676038, -53.84089009858561, 214.2257828979878]"
16.713393501488362,130.13163055824648,1.0,0.5139164387658902,True,False,"[0.6018155526238685, 0.2876004862934802, 75.32892265826787, 9.472460192275136, 391.59852333048246, 0.3339180468583868, 0.6702442177408102, 181.380769344972, -49.81946205205408, 220.49812968400354]"
16.546259566473477,129.84716785855227,1.0,0.5329723983157982,True,False,"[0.6082708365928746, 0.14693841932800414, 65.88011239339623, -6.6819983474346145, 399.45901357606806, 0.3983753823046514, 0.7938466133230576, 178.33711082023447, -75.65678963208714, 214.1126218037539]"
16.380796970808742,129.89865117925672,0.9968620268083586,0.7530566570031684,True,False,"[0.6371151680349214, 0.15304534439081366, 64.27589559641218, 0.4704977012772593, 391.2853173232825, 0.5440783379954591, 0.6845439356179902, 185.20371768863862, -68.0119319367048, 217.3678499528029]"
16.216989001100654,129.85188706824175,1.0,0.249782483161903,True,False,"[0.727725955516477, 0.3344371499238284, 59.83891066680558, -21.50736768134687, 386.9119432267003, 0.26609769608685574, 0.6006252681640364, 179.96448708858068, -70.75700904780864, 216.7594211579405]"
16.054819111089646,129.82231092539263,1.0,0.6568357709147429,True,False,"[0.5555799838055884, 0.17474359713475868, 63.28927495161321, -27.683838592409145, 392.3828299950062, 0.16410652282942484, 0.6379928277083566, 172.49930501144797, -72.95246194841152, 213.36582392922287]"
15.89427091997875,129.84352198644208,0.9986663802155498,0.5325436368182752,True,False,"[0.6863785518203597, 0.2179198707366167, 63.73388755748253, -26.338691279425337, 395.7070382151401, 0.1855619181994162, 0.7585924442235147, 175.22449531355832, -73.84516282347987, 205.94216727586442]"
15.735328210778961,129.681295774031,1.0,0.44184689988453285,True,False,"[0.7237926622235327, 0.2954081595245043, 65.24739008473627, -28.89969237853407, 395.9423729750049, 0.3272397167857446, 0.7601237423686487, 175.37439396120175, -81.8396297276824, 193.24520189028075]"
15.577974928671171,129.69342761260523,0.9992215216785135,0.6844128988649485,True,False,"[0.7669356283656982, 0.27524626231345445, 66.91185393913625, -21.943103347236114, 403.2863947372025, 0.38603006440420684, 0.6638364548944193, 167.82167254753188, -73.00785043390134, 187.5869567761439]"
15.42219517938446,129.63811310942287,1.0,0.6033236214540886,True,False,"[0.791165721743265, 0.34377581725853656, 69.5325017457011, -24.495487062802475, 400.4478973118874, 0.32290714253736746, 0.7698382420925394, 158.7312281925589, -68.04033263102066, 180.38230165046107]"
15.267973227590614,129.57157572710736,1.0,0.17085353701915096,True,False,"[0.7676954601393845, 0.32643048544068354, 71.20730838470766, -38.86711440762355, 402.18666224527726, 0.4034895772165027, 0.7078400026641501, 159.08591841159466, -74.3080644529299, 180.95031772092537]"
15.115293495314708,129.50028517746088,1.0,0.7955706244372726,True,False,"[0.8472611985032508, 0.26587509753652677, 72.54917693668153, -55.73920337059643, 403.4679973670848, 0.39426552067655557, 0.7593170224279714, 155.66733182783582, -74.53177036202197, 176.65162927351125]"
14.96414056036156,129.50173956851208,0.9999028129700992,0.28611532562793496,True,False,"[0.7837897475892946, 0.38929662695161976, 74.57191811286116, -52.901796947729586, 401.7371594306993, 0.3502418289950547, 0.7335158009469361, 149.88798235245451, -77.41072089649013, 182.45203964938608]"
14.814499154757945,129.65266544047276,0.9898640055432452,0.8607346280445383,True,False,"[0.7481000416299933, 0.349757389038826, 83.17800568102535, -60.106583183636126, 404.0793992452958, 0.3422181451878324, 0.7510428157816383, 158.17139198471625, -83.99464932558253, 188.6672979830311]"
14.666354163210364,129.76426620671361,0.992419572186541,0.012893942171708583,True,False,"[0.6836152196120644, 0.3079639673855236, 85.21654275827488, -58.500680149173874, 410.71250715930546, 0.29738844991182634, 0.6714536995217409, 160.39591287532673, -82.82242769330878, 191.44698683329136]"
14.519690621578262,129.78376350050726,0.998658083735675,0.7096635480922596,True,False,"[0.7852031811160807, 0.36031365914760227, 84.08429127054586, -50.58382990154249, 410.8388713964647, 0.29186789265808555, 0.4230747202619752, 161.36612480247447, -86.50096995750022, 189.36279139752307]"
14.374493715362478,129.73867772542556,1.0,0.19527677487524497,True,False,"[0.6173691940365825, 0.14626403507595206, 90.19294481980212, -50.013238405725026, 408.55108210312295, 0.2006765265882003, 0.46845227656064936, 160.97617198668488, -88.19508747162362, 184.46113480372827]"
14.230748778208852,129.49391101166347,1.0,0.37701904988907853,True,False,"[0.49091540434889824, 0.08767531462618616, 88.13334032424174, -60.06828593883691, 415.90785937011003, 0.22066214840838702, 0.41913784518641484, 160.54632389644516, -106.39915727902536, 188.27749333706598]"
14.088441290426763,129.74944100152575,0.9820259327453283,0.9646133843022514,True,False,"[0.6872466582345005, 0.12599156824596805, 90.59717957970933, -45.93852694983004, 416.05459231087804, 0.22800045392952029, 0.4569706426244439, 155.51079584048964, -96.22739157561563, 197.07444240020163]"
13.947556877522496,129.7328439506037,1.0,0.07764409264214034,True,False,"[0.6132892798976985, 0.24734577707792416, 98.54450100870227, -43.011647841547166, 418.76582541599936, 0.3233735075677715, 0.44570816834814847, 156.2522974346405, -99.07355150116958, 189.3917307708944]"
13.808081308747271,129.721183015082,1.0,0.889027564110924,True,False,"[0.6398251883848655, 0.24205201633715853, 97.13076182246908, -67.66850206009174, 415.5466719970362, 0.38606785905733354, 0.3848781143773345, 163.33396743850756, -101.4118609139115, 190.68293224045655]"
13.670000495659798,129.7733547808619,0.9961907583574098,0.42893549469671666,True,False,"[0.7214618206532991, 0.19925716029505502, 89.88858803416124, -75.62908174355078, 425.40219450999336, 0.5089849522387621, 0.353985684011057, 161.9352496070696, -82.51661333782691, 188.0643377712665]"
13.5333004907032,129.47476962345092,1.0,0.6658175825676583,True,False,"[0.6433636881853545, 0.1518871455609315, 87.59805529793081, -78.0099481628586, 419.21069293367066, 0.5409864409551207, 0.3504378900198922, 161.65526706336502, -102.1705987672104, 191.0332100411844]"
13.397967485796167,129.33764598714745,1.0,0.21139744865806154,True,False,"[0.5745955517369497, 0.179012070638474, 80.17053031553118, -57.00975739674324, 420.5560315443304, 0.42837163073984724, 0.3017577779704619, 160.86311494418013, -112.05572650611222, 187.8808219699642]"
13.263987810938206,129.24479166530185,1.0,0.999507036535534,True,False,"[0.6189065006876323, 0.18196246524197432, 75.63894294298532, -56.9430394838648, 412.5650856280327, 0.31658241669793685, 0.36689600879477136, 150.64997504177933, -106.98659508314883, 186.8370054535874]"
13.131347932828824,128.80142779190058,1.0,0.5069532472504896,True,False,"[0.40521883000499936, 0.11193579831790151, 73.68099349823507, -48.92706222001634, 419.6764336554839, 0.4159511427507507, 0.30294037333923907, 142.19465971781526, -111.9501089904782, 183.50678227941665]"
13.000034453500536,128.9271331227835,0.9903769851954738,0.23313840237902905,True,False,"[0.5123236613708048, 0.07030581484575557, 67.08483754745701, -33.070930206469484, 423.1702593254233, 0.39448938639752473, 0.2612952179423855, 139.69172426901213, -103.14480516928874, 184.24386582355228]"
12.87003410896553,128.8175286977299,1.0,0.017658600573509764,True,False,"[0.5181190355483214, 0.12625498376505445, 64.60716681153043, -26.059392611840533, 426.01469671138256, 0.46244071556115274, 0.40548016829595956, 142.02865315794998, -109.291010812174, 180.41785549303674]"
12.741333767875876,129.21908894890214,0.9689751199178064,0.03813411215020879,True,False,"[0.5211285295878183, 0.11246786551598777, 74.8026964536289, -13.70596359342095, 431.8288618984678, 0.43245797054372936, 0.350240816353554, 145.35753617897709, -103.08031535409891, 185.036889329504]"
12.613920430197117,129.44849254765845,0.9819778347679923,0.2817441972535576,True,False,"[0.6105593351054643, 0.1892845926904099, 80.00084925492793, -11.064944606365835, 440.68946365623765, 0.3768784428057466, 0.26343445058659964, 152.48176419390308, -110.80358304745013, 186.3486076298703]"
12.487781225895146,129.35229658966816,1.0,0.6097957951117794,True,False,"[0.48355909746764913, 0.24493177420328505, 81.46234202128029, -14.985428737458623, 433.68830152369776, 0.39433861515408336, 0.44157610966471084, 149.58110022743173, -103.66440897299366, 183.65659810758729]"
12.362903413636195,129.32699905484483,1.0,0.791674527170417,True,False,"[0.5523368228141976, 0.28417613873580627, 79.84236845648901, -8.790954038546483, 433.290005279106, 0.41223872851850746, 0.4182070937137162, 152.12567348059713, -111.7274338501218, 186.94527281939364]"
12.239274379499832,129.21591450093666,1.0,0.3785591466536863,True,False,"[0.46293529037698067, 0.1424656730778904, 67.34999433090712, -5.769139456929654, 433.37450318312517, 0.40677036733028993, 0.2964346681545026, 143.35877638813548, -98.5837871023563, 191.81398984673604]"
12.116881635704834,129.31039239206595,0.9922331077121999,0.6875307309125169,True,False,"[0.3259651456029623, 0.14129972957280423, 68.28736059690651, 0.16816070778754266, 436.3538145556668, 0.3810530166407615, 0.3215878830555104, 134.9738257798733, -91.22914840867857, 196.8641197258034]"
11.995712819347785,129.35208805715757,0.9965301533115274,0.6559194912785434,True,False,"[0.40419896245219933, 0.06970803861707135, 69.28870079675985, -7.781152266407966, 442.22843235283176, 0.4041305275711423, 0.38824150560833637, 138.68090110904015, -87.28351587108108, 190.0446743486836]"
11.875755691154307,129.29339046103814,1.0,0.7606419456128439,True,False,"[0.400574277838457, 0.18483438877610472, 62.66700936829033, 3.7305262293110175, 439.0431102614231, 0.31488375611720165, 0.48501917303264175, 137.91029050338767, -90.89701241082567, 192.00460651096793]"
11.756998134242764,129.1292704125771,1.0,0.33458842564997937,True,False,"[0.3095074844972856, 0.10418211613020015, 67.17898624711609, 6.216848216196449, 438.8232990015211, 0.19187768152143775, 0.5015207271748132, 143.78133969345498, -112.1395234303214, 191.08480028488125]"
11.639428152900336,129.16968280571487,0.9965339948578652,0.3445111225821633,True,False,"[0.3462781332928931, 0.1792309900021968, 64.13051001516165, 14.406823959480874, 438.34165509832803, 0.187814323411111, 0.5790344333153457, 143.2731547384966, -111.62367500133033, 193.7813837578986]"
11.523033871371332,129.3682473566169,0.9829156532124512,0.26267451456906665,True,False,"[0.16452970042530413, 0.17215190888673051, 65.31335448498226, 11.43793196513078, 431.4873503934211, 0.1671977365411223, 0.4791542791847606, 154.7860304506414, -101.42827206224317, 185.27053329861468]"
11.407803532657619,129.2906571460136,1.0,0.2259671429303397,True,False,"[0.31166342277040726, 0.35504458372619085, 65.38052095833058, 12.227385864584367, 431.16649839094833, 0.14115710395501369, 0.5532046950074145, 155.92831111843554, -110.68763138065792, 183.07127183479557]"
11.293725497331042,128.87914058222142,1.0,0.5577312820377337,True,False,"[0.24724806122690607, 0.22994719699809635, 60.26442071191708, 8.35422995034323, 435.9711934839237, 0.1791878269610498, 0.61902829319789, 153.7308755954408, -122.65825329704359, 180.30683580933254]"
11.180788242357732,128.9406381017079,0.9945148140830671,0.6373120450412195,True,False,"[0.31664527284783106, 0.19889364952192223, 59.606526737098356, -1.8234424972567886, 437.3325464941502, 0.3719725426212275, 0.7470681152871739, 156.340386902088, -116.97657190488269, 178.88103062077334]"
11.068980359934155,129.08653887513606,0.9869054405190684,0.9489453516916773,True,False,"[0.38898129684312277, 0.20110659473375297, 61.7471155116202, -3.9842998565237626, 438.2869694258522, 0.4853649794264362, 0.7718941578534159, 167.38967315735846, -120.51807098891729, 183.81847916228293]"
10.958290556334813,129.243351526811,0.9857919451378367,0.7512685184855658,True,False,"[0.39995988069095656, 0.31341583168451465, 65.60074141111708, -1.9426576925440693, 444.6539219736365, 0.491091280951126, 0.7583972696464275, 183.18026905108647, -102.01258723890803, 175.07961268157706]"
10.848707650771464,129.7351771425679,0.9556773243759387,0.3433297861229637,True,False,"[0.5170302577642112, 0.3940295471560131, 73.25894340500116, 0.5120510012962174, 453.57346190888984, 0.5100384852830586, 0.6756681449441094, 179.9206424026182, -92.93526296130112, 181.00431402576785]"
10.74022057426375,129.51067340985824,1.0,0.7330631497523468,True,False,"[0.4384856159627081, 0.38820485711966013, 75.46647297946635, -11.805412081770823, 462.29542391328414, 0.7351808431185143, 0.6178587506072993, 184.65713612610895, -100.98534387923816, 177.8694229750196]"
10.632818368521113,129.1290696167481,1.0,0.2082960314908736,True,False,"[0.4102932532364893, 0.3211933257654115, 75.43486659557769, -17.614475486082004, 465.60036718996923, 0.7913430444287919, 0.6818270849784872, 185.29770047274545, -118.25966356200357, 168.73420933709076]"
10.526490184835902,129.48244174421885,0.96698741708015,0.15586607607315484,True,False,"[0.43773719462308064, 0.33604811600029083, 78.49892968273058, -10.328301391343034, 467.0184741804405, 0.7060561636527106, 0.5141719403430136, 183.91459882330494, -95.03661675510901, 167.42605514199548]"
10.421225282987542,129.52842220757114,0.9955975258401609,0.668762654793219,True,False,"[0.41983338705464995, 0.35726725783825153, 76.41575319532888, -4.378599217340872, 467.34470539688795, 0.7728501503514372, 0.5337052948963726, 183.31638569871117, -97.70060630182094, 176.60240438897625]"
10.317013030157668,129.14682166131132,1.0,0.3556928341380283,True,False,"[0.5009087873903483, 0.5048517219440664, 68.77344356786853, 5.294455328634273, 471.5057734102786, 0.874301140737501, 0.5625852874463507, 185.1418745971493, -121.88174966850806, 179.26598280889917]"
10.213842899856092,129.10611267383922,1.0,0.9539017057121254,True,False,"[0.524404395806344, 0.685250217959206, 64.38528887815691, 11.385679061247426, 465.40510233327626, 0.8017311926871757, 0.5492512573580532, 186.61166208096344, -123.50601091557658, 184.30579566522314]"
10.11170447085753,128.90941714275303,1.0,0.701020131404811,True,False,"[0.420932578442069, 0.6421695231952104, 73.068994702437, 0.026691256216505366, 459.8392391853783, 0.7716325907133068, 0.512967261281951, 182.8175214308631, -123.11166489062298, 170.98703611451236]"
10.010587426148955,129.36413070996193,0.9555929270153037,0.2082579469105198,True,False,"[0.20564989561921967, 0.7423787624771215, 66.94804781794267, -9.007603398590692, 456.57560024225086, 0.7455691317994637, 0.4340029977595795, 182.94152076103182, -102.90517811509474, 175.0445333310009]"
9.910481551887466,129.10989035112377,1.0,0.5980436723698194,True,False,"[0.2618739501950612, 0.8171420868311289, 74.74205422132857, -0.2515279567491078, 463.6325620646295, 0.8265389071054089, 0.3935208443482871, 182.74744190337637, -114.76549886144545, 169.87522429007345]"
9.811376736368592,129.05773699542323,1.0,0.7119354019426495,True,False,"[0.48837819480551015, 0.9115299259738399, 74.0542977371342, 4.303901158876886, 462.16089103046596, 0.7019622556912465, 0.4883461188348079, 188.33966715799548, -109.88182452720578, 167.24782608828644]"
9.713262969004907,129.36154290155227,0.9692066484196805,0.742617787811376,True,False,"[0.6381420943602966, 0.7456989577111551, 64.42957448042318, -19.08546726115945, 462.8370064213921, 0.8364487494788067, 0.47065992314549004, 174.34986770999143, -114.1899259866798, 176.85411650200433]"
9.616130339314857,129.22376633968665,1.0,0.5951593700431641,True,False,"[0.5711158065829006, 0.6883498870996051, 68.18431590888089, -20.626601807871467, 467.34538047372683, 0.8365931486372824, 0.49752501662024345, 172.73767271105586, -123.85350026459369, 174.58027137545076]"
9.519969035921708,129.15597938324223,1.0,0.46113266519776286,True,False,"[0.5408302085337089, 0.7719011612156597, 72.1190225692285, -13.713029468120085, 463.78800050411303, 0.8259817481611509, 0.5734586854205175, 175.26197820808437, -133.79869723879864, 181.20149644255403]"
9.42476934556249,129.33683414603505,0.9809936387807365,0.1209862833367985,True,False,"[0.5804721052267061, 0.6876488509447781, 68.9946981581071, -15.019268960584027, 462.5561902877877, 0.7175941219818096, 0.581140913973284, 177.7977066210974, -127.089622677876, 184.9706897147725]"
9.330521652106865,129.24063796426836,1.0,0.9347014520164623,True,False,"[0.42137777369957724, 0.833263011197539, 66.09870391289641, -11.767253334729421, 467.13691605100706, 0.7483850596812932, 0.5257453557696055, 172.63955026518423, -125.92325523448764, 187.59758280350752]"
9.237216435585797,129.27864047848655,0.9958943855915109,0.911870120601505,True,False,"[0.3570005266748235, 0.7532966328279591, 65.02904073796701, -17.187262262117002, 459.33956023062404, 0.729865155565132, 0.31625287486944664, 171.3527560195285, -119.3635984445289, 181.27203697344737]"
9.144844271229939,129.09721143510433,1.0,0.9512143113028905,True,False,"[0.49250202208600036, 0.6672768852400813, 68.82392417442328, -13.619143161998677, 460.6899440080453, 0.8020774414566476, 0.18817346987468378, 162.94143222714166, -124.85208745273583, 182.9725668142773]"
9.053395828517639,129.33125026838357,0.9744803304175591,0.5182802141450695,True,False,"[0.403586337837931, 0.6450660762084625, 77.2794226660267, -14.356198439205095, 468.7477872814304, 0.8083847571635014, 0.23691029977960815, 159.80767195801303, -116.11625972609727, 179.63208500912876]"
8.962861870232462,129.28928367604834,1.0,0.7550335818240127,True,False,"[0.4673274572616282, 0.6151706141602509, 75.7101473677788, 14.453424724089793, 471.9618484541213, 0.788895734865396, 0.15742951555972007, 153.7038395192416, -114.53417771815411, 183.95333014553682]"
8.873233251530138,129.48978850207897,0.977656799410145,0.9307852434342822,True,False,"[0.37078428578082123, 0.7557883988988954, 79.99769417405935, 21.16977209818366, 470.74143504028746, 0.8100177921693169, 0.16852955700423114, 155.68615002091397, -111.7969259053139, 190.71565484989847]"
8.784500919014837,129.6476736469323,0.9821874046125537,0.1777052074333213,True,False,"[0.41854480624603974, 0.8473081837026885, 79.47389536977624, 34.66897319024055, 474.7344165046769, 0.8076361268149866, 0.22521025141405346, 159.32847858768562, -106.1076875227709, 199.87218284250332]"
8.696655909824688,129.3804921302344,1.0,0.4451834340533186,True,False,"[0.4213139655573031, 0.9178024471515787, 69.48707326368468, 32.0974142134513, 477.23116549520114, 0.7476916491776089, 0.20738335529128227, 151.14255829228722, -104.2455615402529, 198.5211681848873]"
8.609689350726441,129.342059763888,1.0,0.41214637834740664,True,False,"[0.2800415952181784, 0.6985098255679845, 72.26787280172752, 43.763759856039115, 469.29062924558036, 0.8468564189763467, 0.1668362806800907, 146.77834376089007, -116.53834376869936, 199.6405635717975]"
8.523592457219177,129.41646076963787,0.9913091537485921,0.20425027679099528,True,False,"[0.2564704305943826, 0.6918072770120139, 70.60344908409078, 36.06694805944675, 475.06833020338405, 0.6609102113928244, 0.243610909991404, 149.57340839093646, -110.34490379813901, 193.53136710446557]"
8.438356532646985,129.41062602989138,1.0,0.1113610278455196,True,False,"[0.31135525646265283, 0.6865771747767838, 71.56926171261466, 27.73380399840411, 473.1951492927558, 0.7279097453843183, 0.4185221545149126, 152.92458748666138, -113.8808184432162, 192.4004217535563]"
8.353972967320516,129.57343637955177,0.9806997097675537,0.4724372137537566,True,False,"[0.19831043448159003, 0.557652042171113, 68.20806421035769, 21.428749217487947, 473.74358668416187, 0.6956073279972999, 0.42064683025586447, 157.4807941127347, -114.50322194386968, 198.42452290931425]"
8.27043323764731,129.66540761592267,0.9889411181165574,0.7431629413394117,True,False,"[0.26734273374223655, 0.6855834658003727, 74.18257623711179, 33.91499443388949, 472.2101015333307, 0.6779969192497548, 0.34979900331018626, 152.87072920809067, -101.59926227513563, 197.4101073621976]"
8.187728905270838,129.74146175850717,0.9907542117109204,0.004186621084264042,True,False,"[0.42014733978717483, 0.5353766141541308, 75.88686721529862, 43.092004307898016, 480.1607305436348, 0.7863319391290086, 0.37883851882331104, 140.49393795208013, -92.19313680692353, 205.24634609914807]"
8.105851616218128,129.67093408258663,1.0,0.5118235494264596,True,False,"[0.43299112380629856, 0.46610252050283496, 72.29702621035251, 45.93532880620476, 486.6465498647579, 0.7371085745371108, 0.4500860188576124, 136.40403535359124, -93.59826375740295, 199.61651369118061]"
8.024793100055946,129.7662345969669,0.9881944788285947,0.1985461319045312,True,False,"[0.5041613738618671, 0.37497812130164876, 74.92641238290774, 57.965675331878714, 476.41944339043255, 0.8184598109657252, 0.3417632484386541, 136.5299238236685, -86.12453249027317, 202.6768216078172]"
7.944545169055387,129.91602291861392,0.9813223942692229,0.2879981659804418,True,False,"[0.533496287353467, 0.41591841860573225, 80.4647676170826, 41.926771119384924, 478.44895838541754, 0.7585862614986163, 0.36957301211478666, 147.23142172023853, -101.08019705497905, 210.0501193505513]"
7.865099717364833,129.71448719091615,1.0,0.22265095745822283,True,False,"[0.593547964934459, 0.2759648678508706, 76.17230158906574, 51.36990605262563, 472.6040571424946, 0.8240363451287144, 0.46735144443676624, 145.36137895304756, -105.46581009908338, 212.08211471390132]"
7.786448720191185,129.50184742937378,1.0,0.9350946001887248,True,False,"[0.5988036765077903, 0.19364449283585275, 78.31123638760106, 64.27226603832788, 478.55935971213614, 0.789162851710131, 0.4578351353798982, 143.06446326764708, -115.98421608126228, 215.12511817381412]"
7.708584232989273,129.58989537848745,0.9886429192665666,0.4647355100240851,True,False,"[0.5974623841123717, 0.13470051778059597, 85.25068698646488, 49.91330942942036, 466.07027956348264, 0.8029344190625766, 0.45644734491166955, 148.76323988716987, -117.80540385251173, 212.03588337052312]"
7.63149839065938,129.78669146685053,0.9745423080399911,0.7746532418407331,True,False,"[0.5814185230119483, 0.12695120805634214, 94.0538530023709, 54.560268377484846, 466.8935216564653, 0.8105562344682051, 0.4177840466411325, 156.37886829682898, -118.16745126386553, 213.93182283966019]"
7.5551834067527865,129.75234824540922,1.0,0.3315684793796465,True,False,"[0.5378511306677126, 0.11886782595624505, 104.22761827775768, 43.74865139850149, 468.15297450753434, 0.7340239947326634, 0.5144889368258299, 155.82478914336912, -126.2753950261735, 216.74273615357552]"
7.479631572685259,129.98232587860602,0.9697206997590738,0.7155327859419381,True,False,"[0.49497360226128745, 0.08934275081153499, 113.1409804785346, 41.88975480866665, 462.6819718555987, 0.7466205559692345, 0.5990860321847087, 166.085355315379, -129.99084252446667, 226.7455376711072]"
7.404835256958406,130.07201361377022,0.9879610055902792,0.7921223620007637,True,False,"[0.6330945049213754, 0.11343376437200776, 119.29166609540816, 56.34794949016637, 465.4485152782664, 0.6371110447006371, 0.6892875146438399, 172.8489086279613, -126.35264252348128, 224.2268329229609]"
7.330786904388821,130.0134340280319,1.0,0.9916243813196552,True,False,"[0.4850798065867854, 0.06921843230469016, 118.33786111377103, 65.52765066267354, 457.8955325113621, 0.6450055307262453, 0.6732122399294386, 171.7906116480545, -128.91446064277312, 228.01650614015074]"
7.257479035344933,130.22301082316164,0.9715356115974434,0.5297195879433584,True,False,"[0.3645083901951084, 0.16662621098345967, 131.58622926162897, 61.77526393081689, 452.1062896015252, 0.5592651468507318, 0.8307267842680197, 171.6498938741071, -117.10616982432411, 233.78203104631638]"
7.1849042449914835,130.30989728684037,0.9879799066813711,0.8840868687284728,True,False,"[0.31722515386924777, 0.1984084414824078, 125.41263988296556, 74.66207305595785, 454.7293558254749, 0.5117547413758401, 0.7622719962949965, 177.75196419206313, -107.59563356334715, 229.13467800760185]"
7.1130552025415685,130.24165779693857,1.0,0.36403945880864175,True,False,"[0.3742894650852697, 0.3605918952377446, 121.76791165372262, 73.44518276089875, 452.3968504693105, 0.6387793174844735, 0.7557030804904457, 180.5158061741036, -114.70926790627183, 224.85232126061834]"
7.041924650516153,130.33293299775394,0.9871219570367143,0.6883149013010582,True,False,"[0.3607264223671669, 0.3221986549919123, 123.25286295820757, 64.7968902491512, 447.2256541534386, 0.653020786132954, 0.7407885643495392, 176.15396080185167, -108.31404012722757, 232.1933068574738]"
6.971505404010991,130.27636143017958,1.0,0.2648835288584164,True,False,"[0.27814892070429115, 0.31311551573817276, 123.13445781292329, 62.746688328313745, 449.40144746888166, 0.5815543163463688, 0.7455125014291393, 176.9148540242144, -112.60020974587053, 228.69731084415005]"
6.901790349970882,130.17638870558483,1.0,0.40734221501917733,True,False,"[0.41566260174841985, 0.36987685227299244, 119.3848904533608, 74.58131292525506, 450.7214180865376, 0.5378331294030605, 0.8394145206365633, 180.54902427997914, -112.94433987707517, 225.5474090625529]"
6.832772446471173,130.27314088975953,0.9859397630478922,0.09338799309376511,True,False,"[0.3699713720496637, 0.37983143439070843, 108.60033044677783, 71.75526070803636, 453.2153357604263, 0.5695014355439489, 0.8232443514312974, 177.3301150670691, -91.11146121672748, 227.83452427851705]"
6.764444722006462,130.30228628242716,0.9957006530773245,0.44510308975902957,True,False,"[0.44227297884131656, 0.41257849113515327, 107.61565418606922, 63.88364108915952, 453.6016811857872, 0.5777097326346925, 0.795152778768576, 180.31927680207647, -99.78950892372126, 234.88332328238295]"
6.696800274786397,130.25243576454304,1.0,0.7289019703733606,True,False,"[0.4215504962334247, 0.46748215754662303, 103.70689254732505, 62.379084142640295, 453.85672824271404, 0.5423530520549495, 0.8116861404294298, 183.18865141845552, -101.88917007291708, 232.00920228097968]"
6.6298322720385325,130.359842737606,0.9839299666033892,0.1769935290248511,True,False,"[0.5489193959190988, 0.4624819092693503, 112.95183873741445, 59.687214787269234, 447.60773357011277, 0.4378189416784561, 0.7714589964765697, 187.9044432388246, -100.25858565078715, 229.59255188276813]"
6.563533949318147,130.44460141704238,0.9871694487290548,0.8559031902272676,True,False,"[0.5491772945364075, 0.3819176365301475, 114.06465091498274, 46.93873215522722, 451.4612875311517, 0.36454843773597106, 0.8090458619369283, 184.67232547515192, -103.23351668237366, 239.62885849342507]"
6.497898609824966,130.253056093077,1.0,0.6903661338807833,True,False,"[0.5149946423942874, 0.35965047520872234, 119.41124532751905, 52.48440029983468, 455.37078004211287, 0.35789403408331855, 0.6555190682809491, 178.1186889094979, -122.2310725226292, 232.11770678252597]"
6.432919623726716,130.3317944139834,0.9878346985882296,0.8353606133740213,True,False,"[0.5980336369624416, 0.3164120987318788, 124.81018286401, 59.541397885276325, 461.0969374735559, 0.27779113090492447, 0.7778185104375666, 175.47609012601427, -120.58919967531675, 232.614058720083]"
6.3685904274894485,130.6006709919128,0.9586596517219533,0.44193048898119724,True,False,"[0.734749972919173, 0.29001962816399973, 125.68882490987474, 57.81837865245307, 451.58301652985153, 0.11363563628218729, 0.7083711522224099, 184.86653354812324, -114.88846218981816, 244.13343129154944]"
6.304904523214554,130.52549996520963,1.0,0.5645617518077024,True,False,"[0.6510561494653964, 0.41251512014555425, 125.89806215085365, 44.730579261755395, 444.57320542588326, 0.19011568265190354, 0.7540639388324946, 173.25320402161395, -114.00870651733122, 251.0321128243501]"
6.2418554779824085,130.5903723867734,0.9896606909812028,0.5286223197595268,True,False,"[0.4475242689962422, 0.4250708037550297, 121.15123683436089, 45.51209419775473, 441.5297032834823, 0.13882141355560723, 0.7630188758553296, 173.24032563862073, -107.92108490141901, 257.2538578814903]"
6.1794369232025845,130.56334686977237,1.0,0.8794345697457988,True,False,"[0.412741829068273, 0.3630315264543765, 121.33172099771767, 38.81986792027941, 436.90202348845844, 0.15282763809967884, 0.6515063666646694, 168.40085475330713, -102.94225418969307, 261.6788404973041]"
6.117642553970558,130.3894100160584,1.0,0.9733383114327421,True,False,"[0.3348280696213869, 0.32868883887840994, 114.84515850004148, 28.467026155627924, 438.3361492945329, 0.15991381419394407, 0.5094838177009534, 170.2110460249401, -119.71854492563475, 255.31566183727062]"
6.056466128430853,130.3474302622009,1.0,0.33498060299320687,True,False,"[0.44286226935798406, 0.4033253857797964, 118.91486082522478, 35.33900087774171, 432.81599603111187, 0.2189230579407403, 0.38198186320035543, 160.4331162166634, -129.71223347364605, 254.76847304226936]"
5.9959014671465445,130.2350737702108,1.0,0.49571374948618796,True,False,"[0.5290409506261265, 0.6132561327293428, 121.86253035821879, 29.187073587014616, 431.51845284760236, 0.2937353685677504, 0.5176786025431331, 161.7836335228028, -138.06608139018945, 257.7685789692422]"
5.935942452475079,130.32427653717022,0.9850847843844953,0.7137256376568947,True,False,"[0.6532017752862963, 0.5450715670451601, 126.22424446104176, 38.71528772130847, 438.2401452475199, 0.2631007522847727, 0.38953202633711803, 161.864381946462, -126.5458713720384, 256.9576905920614]"
5.8765830279503275,130.29082009776886,1.0,0.46930917927672866,True,False,"[0.5911570557730008, 0.5120269504409836, 124.85368810006214, 32.1456385807009, 438.10061522348485, 0.2861105297350561, 0.34730142272497444, 158.42808371873966, -128.71383235396368, 260.21949673137004]"
5.817817197670824,130.20765641691813,1.0,0.2385831136945641,True,False,"[0.5713582653229142, 0.6221219649024545, 122.53604927002405, 38.77798147591142, 440.8022081588963, 0.14063117548505558, 0.24264754563604107, 154.049693699054, -131.719796719769, 261.8620816081269]"
5.759639025694116,130.1037641489047,1.0,0.40759232612868423,True,False,"[0.5112955395690543, 0.6055096011423822, 115.18665405193764, 41.745110688097625, 428.478553800994, 0.2631235515152881, 0.2101882940156701, 151.39858276082933, -130.37164321956686, 267.13069665328385]"
5.7020426354371745,130.05038081558573,1.0,0.3047515653353776,True,False,"[0.535063922143666, 0.7505330534427568, 110.08474651349773, 38.82973618041362, 429.4005029820494, 0.1969230329173238, 0.3651972176026054, 153.29878897557566, -131.79105838993385, 263.34138713971583]"
5.645022209082803,130.1200067100155,0.9877417186829756,0.6434772470334286,True,False,"[0.5368469563898914, 0.6813348863942916, 111.92119658002515, 33.12795402107684, 419.36505639288, 0.187647563595241, 0.25887607392437567, 148.90557436732456, -114.56480163963957, 253.58027719144775]"
5.588571986991974,130.1198753763104,1.0,0.5487753434576528,True,False,"[0.5612575027494636, 0.6916075353831137, 118.43857877476785, 54.888119537183876, 398.51322168629594, 0.20136239450247442, 0.45124905832407736, 151.57468606756228, -115.27833194700428, 252.41667367500216]"
5.532686267122054,130.15685181925372,0.9933390121594172,0.6146136427020549,True,False,"[0.579941552044575, 0.6369785380814462, 121.42472684823025, 45.158274146072166, 386.2809242251644, 0.19722886548532528, 0.3487550437375513, 148.67246031486553, -111.76748198683242, 256.40379848681226]"
5.477359404450834,129.9575809388409,1.0,0.9725813849424401,True,False,"[0.6857825197665193, 0.7687025458563335, 126.13098466425555, 35.34516681944432, 389.5388011672821, 0.2993056819933045, 0.20835826787578765, 142.4682268296908, -124.13932378897022, 253.711468720671]"
5.422585810406325,130.26062193595814,0.9456479159221451,0.13349061099114023,True,False,"[0.8336669157705663, 0.8127351220938057, 127.33724551251103, 41.00624033501036, 390.1051870779416, 0.20177669259323056, 0.22738303655015113, 149.08629738742547, -116.50387565752987, 258.8907254116672]"
5.368359952302262,130.22810918997615,1.0,0.7943776933757722,True,False,"[0.6844373628043905, 0.8947175569801303, 135.92550765414364, 54.29309376635797, 396.34916582884546, 0.17624073462442785, 0.2584620543614238, 147.38121304760156, -112.32279931970288, 256.08882224215984]"
5.314676352779239,130.15656240120302,1.0,0.0050712361595260935,True,False,"[0.7562011745156992, 0.7360890482208691, 128.88833530708857, 61.51763924790936, 398.31026273300375, 0.343051884498161, 0.12014849515199247, 142.89679624655068, -114.05261450101895, 264.8117581807204]"
5.261529589251447,130.10215463136507,1.0,0.005109456093288833,True,False,"[0.6280955772214151, 0.6484340949254175, 135.9181074763303, 32.92843694288764, 404.6607255821253, 0.326844241689198, 0.1981127146907561, 142.9813581450659, -123.59400094841135, 259.7343344966579]"
5.208914293358933,129.91810271819898,1.0,0.09435201977040764,True,False,"[0.6190957222967846, 0.6993090833449671, 131.42757795711154, 19.453097081673334, 410.3331578380242, 0.28972166817257256, 0.1531061064017267, 150.96720935514455, -142.84133389680528, 260.0395852653056]"
5.156825150425344,130.1741752756026,0.9515557353804669,0.8102174314988035,True,False,"[0.6835888092244458, 0.6236145311213707, 130.90404431665834, 22.876467440766422, 406.7411699882076, 0.2573108038730413, 0.20545600804697398, 152.86601694509775, -132.1541746332617, 265.3026143990272]"
5.10525689892109,130.077198041351,1.0,0.7611471613069071,True,False,"[0.6532889747525035, 0.553324565813154, 133.64555028070413, 20.85779387673807, 417.3294090987963, 0.2827084988461062, 0.12077083296472801, 150.82412048074386, -139.45746081268263, 268.1571934190784]"
5.0542043299318795,130.1566520317639,0.9844025445471153,0.36888776469969653,True,False,"[0.7458104474785332, 0.43114292716057295, 126.54142494537896, 26.501686541558243, 418.9769184533063, 0.21457197965577235, 0.13655374910945786, 160.136228379075, -143.2983738672588, 268.1056691199473]"
5.003662286632561,130.220955103378,0.9872310227190749,0.19032080545400598,True,False,"[0.7625416302760057, 0.3827186317199549, 125.7948403327003, 32.789423776647034, 420.12520829025107, 0.3054740409923994, 0.18185707608186966, 160.9169943971343, -138.16325180399355, 266.7992762796929]"
4.953625663766235,130.2582655443441,0.9924963480318864,0.783890004684229,True,False,"[0.7557591862829075, 0.35360993397036816, 123.70086173544904, 35.49125493639185, 417.3197280758146, 0.34090679220228254, 0.1749473745770374, 152.59822442379263, -123.64892281342736, 266.01614418132624]"
4.9040894071285726,130.33235533153623,0.985005793393651,0.8993633411182808,True,False,"[0.6369616649018475, 0.3226260743474109, 127.29133055880848, 37.45415818761856, 417.9476590085776, 0.22205091470650967, 0.24918950717669025, 154.7064045814818, -124.12943456588735, 268.53856163453327]"
4.8550485130572865,130.35322538123773,0.9957105974213821,0.9383032261774522,True,False,"[0.6385351955275315, 0.19738504816817393, 129.91621052932285, 46.556755288783336, 416.40922636640397, 0.2959306181754122, 0.29338450167192115, 157.07948023010735, -124.71272160802562, 270.8087174562957]"
4.806498027926714,130.48854701793817,0.9722387334362347,0.9219759656934646,True,False,"[0.6050180243589043, 0.11188182063013981, 125.68870954067046, 38.83303029445261, 420.09966338302195, 0.12490835500519634, 0.4923523019093349, 159.83697171828783, -113.89432886113256, 274.0393173636251]"
4.758433047647447,130.49674722796132,0.9982781835353889,0.2032874301427573,True,False,"[0.5426987595464072, 0.1410884703148739, 122.18180229942293, 23.18147497317252, 415.2265519750088, 0.24528574136734205, 0.6414429024699247, 155.04685659332912, -90.37835733169103, 268.5864740054677]"
4.710848717170973,130.5945309742633,0.9794568065753202,0.23625769047060874,True,False,"[0.5980434313025238, 0.228355057104034, 125.76566892791617, 7.644087069528622, 420.21721076082815, 0.1981280138565074, 0.7581524888650971, 156.0223585730189, -97.15816497966084, 277.1808097703158]"
4.663740229999263,130.71840758634073,0.973788012882504,0.6882090557943887,True,False,"[0.5302639462162052, 0.30512833674797957, 128.75008045279623, 8.347424888306202, 415.3457096772518, 0.11504280139687664, 0.8167190166475924, 154.97332499331927, -83.3946308455692, 269.59812839007066]"
4.61710282769927,130.6989264422092,1.0,0.40346742364751476,True,False,"[0.5555291099702064, 0.19461968311638989, 128.61623798159894, 13.138667000887551, 417.12439412241787, 0.16521820382913266, 0.811208281368296, 154.33311109527196, -78.05878782671986, 276.24727016058466]"
4.570931799422278,130.52114749366123,1.0,0.26598305455663895,True,False,"[0.5352643275540805, 0.2787931231371987, 128.62495596616853, 13.3277210876287, 425.58136774958933, 0.18322536917014645, 0.7485915424054874, 151.90479258449926, -105.37197877953948, 270.55537516461914]"
4.525222481428055,130.66614761985636,0.9684652748594086,0.1512782116156678,True,False,"[0.39082214900143664, 0.16894098954087505, 123.49260965194331, 19.23232558667099, 421.4340809809216, 0.1372384108108712, 0.8613861592654726, 153.45145526332334, -103.34722631515301, 278.85581723290096]"
4.4799702566137745,130.64573808472764,1.0,0.05016915857169535,True,False,"[0.49303983111746164, 0.25497270623172164, 121.37639898129054, 19.33849746673512, 423.498604178926, 0.15286176799651738, 0.8832526213217042, 152.07214776836074, -109.21118738527188, 277.40302483184627]"
4.4351705540476365,130.5773939010226,1.0,0.4390820567676543,True,False,"[0.6397839068684463, 0.3612814293806838, 127.55401017901131, 20.993484545622927, 419.09396506236703, 0.28231520843600383, 0.8797700500837101, 154.46973276578362, -100.41205770162634, 279.5294355482902]"
4.39081884850716,130.25820752700886,1.0,0.2750255566239381,True,False,"[0.4990480879420077, 0.24198230930139164, 118.7836281305903, 34.92223284311784, 419.72987138737255, 0.4217954572809609, 0.867349696606754, 148.54575712473195, -113.39872830009335, 282.19005318226573]"
4.346910660022088,130.21693251938737,1.0,0.4582225838074532,True,False,"[0.40094182981498977, 0.21253125820516397, 117.76051152155176, 38.89935780483915, 420.1864318242998, 0.43756828527001723, 0.8982628395907727, 147.40983442417692, -115.06983062669585, 285.2752323923529]"
4.303441553421867,130.20274448712777,1.0,0.377861981676081,True,False,"[0.5046767504419067, 0.19539536325533746, 110.67676581742126, 75.13927721290364, 419.3365729632568, 0.3065446554755066, 0.7650499149642722, 148.6249763277967, -118.10503291159314, 285.721647639738]"
4.260407137887648,130.31491546058572,0.9740148801127041,0.6002125766384886,True,False,"[0.47765133451328773, 0.19608984399920365, 110.88575576507002, 78.3624522995439, 421.51915954956536, 0.23193283032585343, 0.8610765324031356, 141.08596750086193, -109.13432742708638, 288.24966173563377]"
4.217803066508771,130.16396037332808,1.0,0.12845566766305905,True,False,"[0.5283214228300498, 0.2323269898658781, 105.04936464024857, 82.20626322060353, 414.58210259971406, 0.1789265982001384, 0.8220464824541502, 134.3280376957127, -116.29813294478036, 290.1449635780708]"
4.175625035843683,130.1538514113437,1.0,0.40625630575004656,True,False,"[0.6208503452240055, 0.29821534561275476, 107.75142059932041, 74.01838122428283, 412.1114506507536, 0.16106592195640132, 0.7072589608356425, 131.81303871585288, -113.88712460837715, 289.1261828623576]"
4.133868785485246,130.02927573262426,1.0,0.5220906154170672,True,False,"[0.6428236252185145, 0.4449807451600798, 108.96323844364595, 79.80795484942765, 417.0882418547005, 0.31217617590394664, 0.6780567348292095, 130.14566048889967, -115.92456975429516, 287.7082091348183]"
4.0925300976303935,130.03133290381572,0.999497461424801,0.5807869962822094,True,False,"[0.6056043882166141, 0.31919339106601674, 103.92217952380587, 79.11802141144075, 421.05126122508614, 0.26552646905797683, 0.7268203515717265, 123.89829362625568, -111.90049387314292, 297.2705892656942]"
4.05160479665409,129.95736707038932,1.0,0.09120856394811638,True,False,"[0.5102612923302592, 0.28610800599484243, 107.77644719287386, 81.63001055405935, 418.47324737127894, 0.24084944857809393, 0.6250332116864274, 114.11072862374012, -105.79846012088858, 293.49243865073316]"
4.011088748687548,129.94231692270918,1.0,0.19063822957780785,True,False,"[0.5142699321264748, 0.35403990153723275, 109.71670755021498, 78.88235736468766, 421.83362292757033, 0.3256229161183708, 0.7159169335085012, 117.4712052483841, -112.31846450302268, 296.48567480946224]"
3.970977861200673,129.93274819113515,1.0,0.13396704735872844,True,False,"[0.4389424376409766, 0.21100538502850755, 106.22730841803678, 77.5976653238555, 418.64152682786795, 0.21260341061571553, 0.6063166773570783, 120.71072880130762, -121.01581592338445, 299.9227084720777]"
3.9312680825886663,130.1230098234611,0.9527554557215725,0.673342154485888,True,False,"[0.3920657848939181, 0.2190420509824527, 107.12943473179492, 78.58208455690885, 422.50506748749734, 0.16674558176376306, 0.5112674642895929, 129.6077542118297, -113.9511194338417, 297.67464451079235]"
3.8919554017627798,130.01772168186224,1.0,0.8169612137153988,True,False,"[0.4804546302471113, 0.21330787953918326, 111.15552308992667, 72.82392245769816, 426.4974556997008, 0.2747887460964074, 0.6170559825109683, 130.87400168358485, -130.6970081657135, 301.8068673268925]"
3.853035847745152,130.16147052001025,0.9633794246256541,0.13890057675649803,True,False,"[0.5474376090043264, 0.14526235469675655, 117.70669042859012, 76.3259812828231, 420.9412641967683, 0.38797248996462397, 0.6452322440553969, 138.0386516963886, -125.11236303323189, 304.47488883813713]"
3.8145054892677006,130.291912850984,0.9663816948514559,0.5835784556934435,True,False,"[0.5095396608159326, 0.1866663454071367, 128.7770602791059, 78.35144455196976, 415.5858589025143, 0.44075744352008367, 0.6180879586011566, 139.23139810366598, -116.22598644294993, 302.87283811407826]"
3.7763604343750234,130.21108277108638,1.0,0.20183508869356526,True,False,"[0.5500273772245785, 0.29239285502735035, 121.0498687179034, 71.5894435767752, 420.7516071772078, 0.44821861646281697, 0.5617661404025602, 150.15228608524507, -131.4964012226795, 296.6110790120712]"
3.7385968300312733,130.20981164267232,1.0,0.6419756331652119,True,False,"[0.6221764558087322, 0.3416503479800993, 127.45574912639603, 72.55745617085755, 421.22013723839, 0.44278073287941283, 0.5196322248433884, 148.72041151458035, -131.47501888625098, 287.1967478298241]"
3.7012108617309605,130.25522474376447,0.9878051713263873,0.9061399583739163,True,False,"[0.6729244709573834, 0.36308431874706276, 121.03543494596232, 87.28628261408778, 419.2808544912345, 0.3166591809946393, 0.38501652752962146, 145.5970624350684, -121.08049103160344, 285.5680847968302]"
3.664198753113651,130.34638340235662,0.975428714892743,0.3399548287623453,True,False,"[0.646583436830548, 0.35817191206073345, 130.06966920298038, 90.94264163206542, 421.6460347960255, 0.160130612557277, 0.2467906105527367, 138.35955003444687, -107.34683739563903, 285.51591185857507]"
3.6275567655825145,130.39148741173494,0.9876432636021878,0.666423938966114,True,False,"[0.5589511436239368, 0.3356493069532304, 140.72484376313193, 89.8909353895894, 424.0048603322496, 0.12938726369344172, 0.29811418106824306, 139.44502664200732, -122.49718609717473, 291.58327983068733]"
3.591281197926689,130.48003705206577,0.9756446583208532,0.7316193388521104,True,False,"[0.39736568087800594, 0.39756066919601285, 141.37660132578097, 86.63964541735898, 429.86989969319205, 0.13010589252582166, 0.36239784579080203, 139.77866096269977, -123.50890338603733, 290.8226565763191]"
3.555368385947422,130.48827415036473,0.9976858758666698,0.697102854132591,True,False,"[0.4152693651639736, 0.5850063453223127, 146.42354265675232, 89.42872065609525, 438.40875808516, 0.17626742368423362, 0.3660340997661025, 142.36272062804713, -110.51958402621615, 290.04012851141806]"
3.519814702087948,130.40415403807967,1.0,0.5148401892376615,True,False,"[0.4048944185039036, 0.4836180145803436, 143.04102526592007, 77.59077135535391, 420.4393612884646, 0.1814338896486776, 0.4179807838315496, 136.0920260249341, -128.55327521146583, 290.63623370051374]"
3.4846165550670687,130.34104828535956,1.0,0.15190738297539974,True,False,"[0.7151840765206645, 0.4178701397318816, 153.95018810909136, 71.59797171968954, 411.2184141572987, 0.2671087500127687, 0.5585695639198915, 141.72465880245937, -128.82655674100954, 288.0689030049326]"
3.449770389516398,130.33327872380815,1.0,0.9865641993805582,True,False,"[0.631269538609467, 0.4269934481609178, 150.97044421146194, 79.1983599759628, 407.19736077037606, 0.32289030066961055, 0.5602681370556039, 138.05808958675826, -119.17328558043845, 285.8525874686271]"
3.415272685621234,130.27614234792193,1.0,0.6922179795565055,True,False,"[0.7575153305722043, 0.5481507090040657, 151.1514288084578, 90.12767982858139, 410.60571214271255, 0.3393321176762706, 0.4646707207072743, 130.00757796000582, -119.80144223141842, 292.3259091175631]"
3.3811199587650216,130.29810900179186,0.9935242016518554,0.5586692601638977,True,False,"[0.7036287002819769, 0.6453078649088667, 144.2659496881173, 76.6882880439531, 416.23359524392373, 0.4036011006622512, 0.3919413946664552, 136.33392791552325, -114.25108252189786, 280.1265723195893]"
3.347308759177371,130.11353057889204,1.0,0.5955693383123306,True,False,"[0.5623617636993412, 0.7388577045737732, 138.3321838818611, 77.93050730966948, 408.3391348210499, 0.4463662198399545, 0.32546896842183387, 134.47643738093313, -113.67725642207233, 272.00794129714905]"
3.3138356715855974,129.99689785015553,1.0,0.9881438579616476,True,False,"[0.6137086300810091, 0.8550818272206163, 133.70474977200806, 86.30429798622517, 409.95093928480276, 0.5378817336282304, 0.21317345344936423, 138.40431164599724, -114.9098979055774, 259.49193360966035]"
3.2806973148697414,129.98728563833697,1.0,0.19201310955060957,True,False,"[0.6776180569679996, 0.9211656851943332, 137.41543271368263, 90.42912883317075, 407.7193131807738, 0.48608774882238265, 0.17399525033117474, 136.1485525983783, -116.51932341073058, 255.41993149965708]"
3.247890341721044,130.03853794332696,0.9843436714351325,0.9130748490088242,True,False,"[0.7257544917774613, 0.9113238875775892, 142.08834748025345, 95.09067752168706, 405.47579460013856, 0.5732152639093877, 0.25852302186980386, 146.45887231748435, -124.74657577962743, 247.59970326747882]"
3.2154114383038332,129.6070202091864,1.0,0.2968304973145247,True,False,"[0.6988713606933428, 0.7741792058794642, 134.51967187736528, 93.7317776271619, 408.47399642070786, 0.7188118752975854, 0.1713105216486228, 131.31253453042447, -128.50837126666679, 247.02500338150708]"
3.183257323920795,129.85008199403944,0.9264860309735328,0.2438692346594199,True,False,"[0.8670150804358923, 0.8114827861759515, 129.63619924456287, 94.48845034487246, 410.53043487116884, 0.761688046519411, 0.11105777883371727, 127.88996651521548, -117.15757913954931, 250.585294325287]"
3.1514247506815867,129.80020733463866,1.0,0.7844911879358893,True,False,"[0.8141309237797424, 0.8688585338565613, 127.58760153271321, 100.53457151872081, 414.264895209497, 0.7943316528057743, 0.1364340976648932, 123.89204307112713, -115.82795370466441, 249.79587069446296]"
3.1199105031747707,129.6962278887973,1.0,0.6609424040644715,True,False,"[0.7094408423260548, 0.6696180486547181, 126.88305644804016, 93.56996568558573, 419.31033337109, 0.7925337236784981, 0.13185460728751824, 120.9775134744507, -111.25966301721441, 247.38859481259405]"
3.088711398143023,129.48779121932924,1.0,0.5204318445858086,True,False,"[0.6777796953256234, 0.8109116953113777, 121.83408649885278, 95.69416447540051, 419.8891589538075, 0.8226243879877321, 0.26257092286921146, 116.71947218660189, -115.31918095711117, 240.46844468558777]"
3.0578242841615926,129.45047024230362,1.0,0.22276966079409244,True,False,"[0.6661100151529279, 0.7705528469666424, 118.15611240778634, 111.35130563546691, 423.9315726299972, 0.792930704770683, 0.27027754846458385, 124.5225900500649, -115.84791308420789, 233.79308949266016]"
3.0272460413199767,129.340520711247,1.0,0.9197772269751991,True,False,"[0.6383399886774402, 0.7709504583488714, 114.24908256348013, 124.04932736591402, 422.9943238206168, 0.7600033068236101, 0.3255712454907659, 120.39470074399863, -110.19923923464556, 233.1387859747265]"
2.996973580906777,129.4137657577182,0.9758565601926973,0.16955338169213008,True,False,"[0.6770652248917964, 0.9047045093235757, 117.53070565714681, 119.84569502936654, 420.18178570883754, 0.735072504253327, 0.30549019193598825, 117.72037696858014, -109.01615475041297, 233.46580943561884]"
2.967003845097709,129.62207961376637,0.932197875614093,0.6534629827427241,True,False,"[0.8163138255014752, 0.7397611081637444, 116.56465627678381, 115.3178248312255, 425.9517529254042, 0.7115692021751339, 0.31273747304046, 116.44606441264297, -97.3099329237642, 232.06051202637144]"
2.9373338066467323,129.5716514492815,1.0,0.6577719019299259,True,False,"[0.6054063680978474, 0.6853968567057432, 113.41692488276045, 120.69802927097301, 427.91097949066125, 0.6950594677886113, 0.32325669494975623, 118.123144708108, -93.54350232892878, 236.33950156063383]"
2.907960468580265,129.35577180175736,1.0,0.3660549143151588,True,False,"[0.42207195480940746, 0.7076457898396007, 117.96254415997048, 125.16714494321351, 429.81678576051553, 0.5777444164042265, 0.13289440791478507, 114.65041228253953, -104.97646524693647, 237.6917602857023]"
2.8788808638944623,129.17090881930943,1.0,0.3469759664475275,True,False,"[0.40292838523040425, 0.7159245478352382, 112.86132042800558, 126.71221648346231, 431.4844182321532, 0.5289651332993782, 0.17283876065220727, 113.37205444860717, -109.24124693801461, 233.99258040347166]"
2.8500920552555176,128.98248094555672,1.0,0.28606134431043684,True,False,"[0.34785059260723394, 0.7605624731592606, 112.03668877186452, 131.49135384799132, 433.7164826432045, 0.7212239598962226, 0.22663909779513486, 109.12815830111643, -112.39574278341641, 231.02548976098956]"
2.8215911347029623,129.31634229585586,0.8884083503748601,0.45723888599965223,True,False,"[0.42072767033614006, 0.9240570593138923, 116.25538205223982, 112.43790587388676, 437.154677206478, 0.4977618384576925, 0.2998241525803987, 113.70327035754526, -102.26272107766589, 233.5911454571847]"
2.7933752233559326,129.37369653272782,0.9796771159534489,0.8317632963257766,True,False,"[0.37931925588339416, 0.8386028345212899, 118.74024688046214, 108.49846280892018, 436.4859625959536, 0.40242942703838563, 0.2062961911201624, 113.8992518235076, -106.31880532203067, 233.03112168967115]"
2.765441471122373,129.6806964221484,0.8949271357104319,0.7040133955288326,True,False,"[0.4016813481635008, 0.7639830546741337, 115.91778217551595, 118.03257531457497, 438.7024660795349, 0.4373125350759042, 0.1758935691432806, 125.55923560287557, -94.04025196015928, 233.77227421308277]"
2.7377870564111495,129.63742336505948,1.0,0.8218209356412424,True,False,"[0.446053717777683, 0.7849163522700385, 120.32043121082623, 131.15693932257952, 448.7999013894356, 0.4053352642036522, 0.13961605571104652, 120.37818093432698, -94.42384000648636, 240.93500535919844]"
2.710409185847038,129.7882289378839,0.9458801476288291,0.35160859628255536,True,False,"[0.38920781831109563, 0.6740562780237469, 117.91309020823375, 135.5274364302308, 451.13811450557927, 0.36988865874455534, 0.19602059983098796, 132.46424322922812, -93.98401608170101, 238.94171468037263]"
2.6833050939885674,129.74874263329963,1.0,0.8619079766190284,True,False,"[0.48911003494863503, 0.5233214966234411, 122.34193047514358, 140.9755673708353, 458.7031515525811, 0.31695840175303946, 0.13438795315698818, 123.57863003440718, -97.15238586864399, 246.69682072960381]"
2.656472043048682,129.96364012919028,0.9222897665394693,0.42109795181427034,True,False,"[0.3805153221292857, 0.5392847400512828, 130.08450871526122, 132.33083733334666, 462.25138467626203, 0.35274517161624286, 0.21123641137039115, 118.57978757748297, -85.11818857976114, 253.3569670732726]"
2.629907322618195,130.05750748246132,0.9649371912085005,0.3444702304997391,True,False,"[0.49002238644524926, 0.8007576813305168, 132.87795048421904, 131.31464784442454, 460.8181870531831, 0.45279607048776843, 0.15501138368161332, 122.32829226110901, -74.34094809716196, 254.73618485017855]"
2.603608249392013,129.97725355466935,1.0,0.5632078165396471,True,False,"[0.492106466425114, 0.7860969753563484, 129.87863881845794, 128.20783260868234, 465.72184622856446, 0.33107694197853205, 0.355767283779864, 119.36218837371139, -79.03121139368886, 247.40380345593186]"
2.577572166898093,129.84149931863732,1.0,0.7417893959387335,True,False,"[0.38338323912741074, 0.7632528179343988, 130.33994292536997, 116.67904105217406, 468.1794267512831, 0.39633856386022925, 0.4195995391907007, 118.08461359758446, -97.50670653979594, 246.04698959183168]"
2.551796445229112,129.7282385963506,1.0,0.7088813742702569,True,False,"[0.38707835359718834, 0.6395127843513657, 137.54138580236543, 119.34006646479021, 474.56243639493533, 0.4724069616974973, 0.49876917410175126, 110.8622792300448, -99.38147240067421, 243.81985867790334]"
2.526278480776821,129.6999825982856,1.0,0.9177317272698244,True,False,"[0.5685908196269266, 0.8156289547309934, 141.29789349721435, 123.01618314458099, 475.31352460161975, 0.47541381997344706, 0.2853555458835783, 105.89113430525069, -95.93566591079201, 242.08734400897757]"
2.501015695969053,129.45507302032365,1.0,0.5305247113544557,True,False,"[0.44203111813788276, 0.9272827020926823, 140.12104385864856, 111.89818100913925, 473.77028019752066, 0.5121714678961661, 0.2812870308426431, 101.00955186417352, -101.98413105925027, 243.24150167701143]"
2.4760055390093623,129.63485069166094,0.9299653571303003,0.05158361963140268,True,False,"[0.40770858794232745, 0.8823364025180868, 137.1030228756069, 106.65920084137613, 475.3392007842463, 0.34402702543561736, 0.26309927351175844, 97.54631134986474, -92.72547273470565, 247.89653190905992]"
2.4512454836192688,129.63138255385834,1.0,0.837507327016367,True,False,"[0.4342860887794802, 0.8836715444232346, 137.038273046098, 95.25561521216093, 481.08388513765624, 0.4571154011844206, 0.3933065264037412, 100.0351047916238, -101.13348593341811, 253.667439375892]"
2.426733028783076,129.73559491965437,0.9579655309688465,0.3923819963744124,True,False,"[0.3919996334395141, 0.8252114585000084, 142.390054975608, 84.54457731479673, 474.7176284308299, 0.537110954887023, 0.41584984987152723, 101.81990029273076, -104.64572155886239, 258.4838286001222]"
2.402465698495245,129.51195241844317,1.0,0.6001715195419565,True,False,"[0.43504247850360483, 0.9185903932193455, 137.69184376508588, 92.5380606003794, 476.4247199577528, 0.5261353163790664, 0.1807615402703799, 105.51912769579802, -112.33543638257804, 254.42231233423846]"
2.3784410415102926,129.54213614767065,0.9873896337001088,0.9677287339623967,True,False,"[0.34131032559781865, 0.8100474856497252, 132.45223599450472, 92.1948041017393, 477.0728389322704, 0.5228082594944967, 0.2332673782265811, 103.83374936416887, -109.7101892041494, 248.65975214039528]"
2.3546566310951897,129.74907230044883,0.9158673019659873,0.528256583848333,True,False,"[0.3893312284680225, 0.8719819790457856, 139.30212126084905, 108.03648957619615, 473.8465910426012, 0.25753997070852247, 0.26964375123430223, 103.36458298186135, -100.317684885897, 256.9963391534669]"
2.3311100647842378,129.60235853713786,1.0,0.520131851245298,True,False,"[0.5103830030358637, 0.8374891334970953, 138.09113342552152, 113.27483000837074, 476.89535936392167, 0.37497509478368385, 0.4030291251486907, 104.36268225772409, -107.60036106139847, 254.91404824294926]"
2.307798964136395,129.5141417532155,1.0,0.5391656234627383,True,False,"[0.5374629581181354, 0.713354909881267, 140.1655105644173, 123.15231524750988, 477.1964833038324, 0.22763471921330342, 0.14887775366769657, 97.92828637568799, -105.00134224340569, 251.85285633352728]"
2.2847209744950314,129.83477927963287,0.8690627856782356,0.34435037200245977,True,False,"[0.6540005084316115, 0.8970335199318046, 137.67754563109062, 117.70050457881533, 475.1900850838716, 0.21313221511897584, 0.27793730963932295, 103.2811109454547, -96.74765977244162, 257.36190425594344]"
2.261873764750081,129.71392908409777,1.0,0.2921705767472531,True,False,"[0.3993371956395933, 0.8683681159048647, 140.93445555957243, 120.67668869718584, 471.33147838594584, 0.31823921132846367, 0.46238725514808854, 99.95388436542288, -97.20244962077851, 261.22340713247183]"
2.23925502710258,129.9302891710817,0.9078996186504568,0.8694071240543738,True,False,"[0.2840887200009346, 0.7633949239797404, 138.18557886867075, 118.97612287808498, 471.9018633364982, 0.24230566982912427, 0.49514710012972396, 101.11127628820017, -87.18653129703277, 264.1333435702389]"
2.2168624768315546,130.22025832992895,0.8773918317038769,0.6886772772216793,True,False,"[0.22970861073065707, 0.6896785320391877, 142.50225742326523, 123.54684683451133, 464.2898221065626, 0.2725301711271844, 0.3545615818449214, 114.53638007971952, -78.67699599945549, 269.48478591549633]"
2.194693852063239,130.2427616344158,0.9897988829303768,0.16727704643093944,True,False,"[0.3010712339644149, 0.7298841286112705, 142.91905322210107, 116.4056006752358, 468.88654585087, 0.21403253651480408, 0.37359488400485136, 113.22136925463289, -78.16812037246847, 270.0814685638962]"
2.1727469135426065,130.19470885597036,1.0,0.3036059291532216,True,False,"[0.37002857445895426, 0.8111957256890528, 141.37205927496115, 109.81594538955852, 467.91811890093834, 0.13750744299235015, 0.5412372687328697, 103.57734462355057, -78.6917852068848, 269.900430258353]"
2.1510194444071806,130.17602462850093,1.0,0.13292191401218556,True,False,"[0.3213659583804272, 0.8855685338097158, 145.3545096437113, 93.52503753130154, 469.40565400219697, 0.1923835922894376, 0.5408790604368949, 100.01581730531069, -75.97519264633227, 269.4781404301403]"
2.129509249963109,130.0508243206463,1.0,0.15954560615647695,True,False,"[0.32896806793507016, 0.8679763609458875, 140.3911928444531, 115.62122075921751, 468.8171598472109, 0.21045090776689243, 0.42690644738133865, 103.13033837550739, -74.14965514966914, 258.15562010458456]"
2.108214157463478,130.16304454803014,0.9481619156571361,0.9306932395851718,True,False,"[0.22169272868839274, 0.8534171399016811, 145.13695854287693, 119.50184023751524, 476.1212888775208, 0.2757725967027719, 0.45064233747838883, 103.33342765194315, -72.78879331311074, 259.54083628939986]"
2.087132015888843,130.1136331954556,1.0,0.241328685645408,True,False,"[0.3010782917557519, 0.9160456296848478, 147.6529072218287, 122.9293475928599, 478.35937019017683, 0.28791905088472103, 0.4669660342016697, 100.24070607395436, -72.45483397896896, 262.9804933653517]"
2.0662606957299547,130.25040581975236,0.9359499230696644,0.47777574916309995,True,False,"[0.21291252452590434, 0.8757988355214159, 144.74952033437884, 106.8411763509891, 473.80096607571704, 0.2962781625825434, 0.34567749495406475, 108.93560645494648, -81.1352504815694, 264.6860445105039]"
2.045598088772655,130.221674452337,1.0,0.382588482484826,True,False,"[0.25970566664981765, 0.9089400660911106, 148.23627239856327, 102.17537608893562, 473.9964664804171, 0.37457248329167947, 0.4173377933647533, 106.29532206634597, -85.7163185068983, 270.44696017258553]"
2.0251421078849283,130.2737999915337,0.9745892286390404,0.06441671307679453,True,False,"[0.3188558985226381, 0.9235479412015889, 151.54648174160184, 100.19383282835135, 466.4777841249793, 0.37910901333939473, 0.25402993325334916, 107.34759346752296, -68.36151620511346, 266.1777354998949]"
2.004890686806079,130.2737999915337,0.9795563952904951,0.9918314450860353,False,False,"[0.3188558985226381, 0.9235479412015889, 151.54648174160184, 100.19383282835135, 466.4777841249793, 0.37910901333939473, 0.25402993325334916, 107.34759346752296, -68.36151620511346, 266.1777354998949]"
1.9848417799380185,130.3533604068025,0.9607087278255205,0.04473389934537153,True,False,"[0.20273349340318492, 0.8671780354784959, 141.66981476331702, 100.56364687945207, 467.65458364032463, 0.29155830925582943, 0.1731497959509406, 112.60387577741062, -68.74525016246446, 264.4464435533983]"
1.9649933621386382,130.197492489923,1.0,0.8250179573124816,True,False,"[0.23405948416199487, 0.850758440485505, 142.24352423237292, 107.39516444036553, 466.0397019172883, 0.3438256593520157, 0.3854839885042919, 108.00170209626448, -81.22811009691206, 268.2311085025123]"
1.9453434285172517,129.99065304332436,1.0,0.8506716582920073,True,False,"[0.3609658786251325, 0.9185099173107563, 138.80337832546505, 116.88317537681554, 465.68532893939164, 0.516104797428615, 0.45289245205753415, 111.25857406759243, -89.59902909787338, 267.95351321829463]"
1.9258899942320793,130.00803736302274,0.9910139757295398,0.6861143833551777,True,False,"[0.21500599260472303, 0.8813807015543385, 133.70249077361711, 108.29353181678833, 472.29181598823385, 0.6282301509423416, 0.40711591222693455, 111.61058502755064, -107.12857649875218, 270.2825973835132]"
1.9066310942897584,129.9396937883687,1.0,0.9201239937575896,True,False,"[0.2173053545848385, 0.7689233514117896, 131.63343114143908, 84.09052468397208, 475.8106761516638, 0.6534218441252805, 0.31354081974041215, 115.62001257372295, -114.9998253896289, 265.1272011790786]"
1.8875647833468607,129.89839905621986,1.0,0.2460682283735094,True,False,"[0.20199437075693152, 0.7841119401395131, 136.77486832699137, 110.55778945975261, 474.32990088762443, 0.49329631003335683, 0.23639617652818473, 114.36323654748324, -112.54140663556295, 263.5461600715646]"
1.868689135513392,129.70421181574466,1.0,0.9717638446215691,True,False,"[0.36078802377619223, 0.8212198022953094, 134.36482070928557, 114.19392528542757, 469.859102387268, 0.4794848144156836, 0.11082508745499461, 109.15686064440193, -106.2847636527587, 260.64871818898473]"
1.8500022441582582,129.55662264788407,1.0,0.6502691332967105,True,False,"[0.3715573938330183, 0.8761214468519651, 135.10102186489314, 116.35270116143349, 463.9442550575172, 0.6030878253282494, 0.15777256636749515, 107.46439551010637, -110.26809210456568, 256.894862726658]"
1.8315022217166756,129.5017603818904,1.0,0.5213578487247684,True,False,"[0.3702544388658851, 0.7877122016890838, 134.6700951684983, 121.40488497635988, 467.1199161427865, 0.6746144060255466, 0.10336782021472735, 104.03798396196753, -105.21042349034147, 250.5650879547869]"
1.8131871994995088,129.6779619153407,0.9073946618165917,0.5191789527729579,True,False,"[0.3021746621602077, 0.749493622478529, 139.0197006204746, 106.7016999972733, 473.2747327986206, 0.5811835461131531, 0.12342464260833186, 102.3876046148726, -96.41506534028943, 243.2299310790602]"
1.7950553275045138,129.58756215622174,1.0,0.9780199121106423,True,False,"[0.1331205718660874, 0.7809282408937163, 138.2139658328634, 95.76794297097112, 469.31875665769365, 0.6116811293957909, 0.13268343723502068, 105.73493242458913, -110.07608446158783, 241.5311712307866]"
1.7771047742294686,129.72062319445504,0.9278592953416887,0.7853742096414077,True,False,"[0.1698213307262871, 0.7972289976393603, 139.79517826779963, 77.42089956798682, 461.3625151951438, 0.6140592816561472, 0.1379293427663426, 113.15267026134411, -109.36279521289194, 236.64500447100406]"
1.7593337264871738,129.54872426685193,1.0,0.35655264639659145,True,False,"[0.18100499282200647, 0.7169028592057148, 129.2411089313573, 80.04152420138692, 455.32161902832564, 0.47943842047088275, 0.14480018032456443, 121.0653088200853, -123.24555321549033, 240.53330215766914]"
1.741740389222302,129.65533042765313,0.9406288028774077,0.32396370303482847,True,False,"[0.1460780515025424, 0.6474075623069632, 133.00851095143497, 95.45549927233337, 456.5582390932433, 0.563655268494492, 0.18046161321005988, 125.25694336243579, -122.68306716017051, 238.63041115492365]"
1.724322985330079,129.83838754046505,0.8992791950499722,0.5374157418920921,True,False,"[0.16904843615934423, 0.6343816190330351, 133.4069347120173, 100.54359844186247, 452.9925428180641, 0.4476937938585414, 0.31762914487308674, 134.1534620362909, -122.35057230388784, 241.2940251797113]"
1.7070797554767783,130.05791655413765,0.8793263686952556,0.27972674747212,True,False,"[0.1574081718507059, 0.591286781069686, 140.61295103988212, 89.36045861103862, 456.54237661819525, 0.43666788505230536, 0.4820119784174972, 142.66542344398363, -122.76701773925825, 238.92322838505982]"
1.6900089579220106,130.12419991542708,0.9615384588505484,0.09859426559190243,True,False,"[0.17460392341063286, 0.5317428088710403, 140.0923091815204, 85.57039843821876, 461.1319009417814, 0.4596365685376591, 0.5954053759072435, 143.19069884733534, -122.75744158329472, 240.9635906617699]"
1.6731088683427904,129.90430629192252,1.0,0.01858783871322367,True,False,"[0.21870973985682254, 0.5870606731058434, 125.50733415034671, 88.41090621567918, 458.08655123210343, 0.5145353522959376, 0.5299969106408398, 143.94209365744302, -132.19028783921254, 244.44364784205823]"
1.6563777796593624,130.04901466634752,0.9163431616575427,0.3633598010560152,True,False,"[0.18274786672932203, 0.6433830622043009, 114.49112630654967, 67.6061322725312, 461.0208817825435, 0.633131378305108, 0.6088716540484752, 149.67325997105021, -126.64727900207619, 246.8554755899783]"
1.6398140018627687,130.11024445437113,0.963349050383532,0.08164407487950054,True,False,"[0.24450374964345267, 0.6703656328673218, 118.95784168731606, 62.33705765770226, 458.85465758093835, 0.5438366463214352, 0.5619507863042652, 144.32238625007435, -118.73118930617596, 248.4082767507206]"
1.623415861844141,130.16190465139013,0.9686790766452289,0.2161421591699213,True,False,"[0.26110364026961247, 0.563338992478272, 118.25505129267589, 73.47366145847995, 463.10854696735845, 0.5285925664094722, 0.5298812747833623, 140.89478390588218, -108.65782639991143, 242.2199568539627]"
1.6071817032256996,130.14996495172443,1.0,0.6865618440020398,True,False,"[0.2335966504412152, 0.5484735364656818, 116.21422819483251, 73.71161571731348, 454.4023080914453, 0.6402356184534028, 0.427910793917354, 139.48422034434194, -98.40789627098508, 238.9121158016357]"
1.5911098861934427,129.90352633610127,1.0,0.2450087011506733,True,False,"[0.3467868608156187, 0.5777998398865037, 118.93035944573177, 77.2472209659828, 458.7048385009572, 0.5286048075558902, 0.4227779591529489, 135.26533960940708, -107.78867336018503, 230.0726824202109]"
1.5751987873315083,129.96581626513787,0.9612274953863255,0.3929234257854751,True,False,"[0.239402131631756, 0.6808975049250705, 116.68795112612631, 58.628562701385064, 460.5076321812766, 0.3391065197517091, 0.4984643377940117, 137.28962842636696, -100.96424411936239, 225.0156538105927]"
1.5594467994581933,129.97823752759177,0.9920664656263939,0.5202029291584352,True,False,"[0.1441809252499201, 0.7888021797542719, 111.35617690175111, 50.14709035303814, 460.5205685139546, 0.21397822733889413, 0.4553061858695425, 134.3123725690709, -104.01332380495445, 225.61558989834276]"
1.5438523314636114,130.25444890986319,0.8361807397900151,0.6386013990134949,True,False,"[0.24800158552001952, 0.9282788913971283, 108.81273076645226, 47.14350679896645, 460.55346470387093, 0.23223140591601021, 0.4203422723402021, 135.52165817005348, -85.78113119677414, 230.55606852414243]"
1.5284138081489753,129.98900853551612,1.0,0.8216696485494521,True,False,"[0.30556574657096564, 0.8941502495539321, 108.03284724809659, 42.11763383607169, 456.54687147088123, 0.3021865769986974, 0.26104509874899745, 129.99599379847675, -93.87528937057886, 232.63791516190238]"
1.5131296700674854,129.6915532277909,1.0,0.9947418002096863,True,False,"[0.32935797124520133, 0.8875992599424432, 107.75667104887373, 46.92354458418974, 460.6983778704272, 0.289303918379659, 0.2788060893329298, 125.788636611584, -109.7791670525057, 230.4312097886666]"
1.4979983733668105,129.60424448164562,1.0,0.27515593947311967,True,False,"[0.44821000934092503, 0.7821831354758189, 104.31982788301099, 48.47009250290901, 450.7778903120536, 0.19816426714804458, 0.11626205714427601, 127.46247603311969, -109.70339320156255, 227.7566969025823]"
1.4830183896331424,129.40973100663416,1.0,0.9290677554862281,True,False,"[0.3608862353168244, 0.9158258824231764, 106.65733882471933, 62.4038861368244, 451.2360723858017, 0.306364129939586, 0.18163825348593082, 125.233496644787, -115.65293088715413, 225.67580641759855]"
1.468188205736811,129.76830054038314,0.7833106922277459,0.007051430068852005,True,False,"[0.3099149923920023, 0.9200809558920874, 114.79972901701356, 47.81071089231193, 453.11127175612324, 0.36972700159194793, 0.3361805618890418, 121.65133444422835, -97.6709879697089, 221.1101726961095]"
1.4535063236794428,129.6258035062377,1.0,0.07553147027636598,True,False,"[0.26338408327704643, 0.923014348136829, 109.09522167025276, 57.66217983786028, 457.4087232445067, 0.31090610165713556, 0.3624836797012677, 121.78395613132116, -110.08098078547607, 221.42618084735867]"
1.4389712604426483,129.48580842200482,1.0,0.2876667461623157,True,False,"[0.4784086737413676, 0.8331871771782473, 110.13673528217372, 71.86663677090567, 461.36721874707484, 0.4000429871047578, 0.39344857024556223, 117.66674575064218, -103.05358967950704, 222.56867076231003]"
1.4245815478382218,129.32030503081273,1.0,0.07493586786483586,True,False,"[0.41290227415941183, 0.6342634288459004, 111.08569033461109, 79.45594100759804, 462.7514933805041, 0.3667790994411506, 0.2724758834896569, 112.86733071622338, -108.33227800270896, 221.4865068242416]"
1.4103357323598396,129.6149816639289,0.8114432964447166,0.02946043835410328,True,False,"[0.42366145936416183, 0.7994138888409743, 116.51833528617924, 53.810851165962646, 458.5774488078581, 0.547923051142654, 0.29626557012469623, 110.12823169622942, -90.75357560343687, 219.9386559055822]"
1.396232375036241,129.79436249696374,0.8794356244649051,0.3737068430092414,True,False,"[0.3431468799849933, 0.8208348346368173, 120.83583028880342, 58.7377870803975, 460.04477494381547, 0.6464465300033417, 0.31863451724582864, 109.5244523437219, -86.0603349382412, 228.06274057442232]"
1.3822700512858788,129.79436249696374,0.9605975028493232,0.9808447929121126,False,False,"[0.3431468799849933, 0.8208348346368173, 120.83583028880342, 58.7377870803975, 460.04477494381547, 0.6464465300033417, 0.31863451724582864, 109.5244523437219, -86.0603349382412, 228.06274057442232]"
1.36844735077302,130.0360817854334,0.8380834309096664,0.797177052201648,True,False,"[0.3196514719511032, 0.704559594196896, 120.63866154821262, 62.9647693771701, 453.1680957660868, 0.5520943680333192, 0.27000374995940485, 114.4555529001197, -69.83003643297471, 231.8367971854214]"
1.3547628772652898,130.06625165458175,0.9779766512501333,0.3350296100236534,True,False,"[0.26880672734243455, 0.6054527035211786, 118.16906097206984, 80.90293194655368, 448.4934593345326, 0.6036200349395173, 0.20812379234753886, 118.04448631219401, -70.27249241369393, 236.99908275349355]"
1.341215248492637,130.0679239807218,0.9987539032341812,0.23688076608882058,True,False,"[0.18732051141225703, 0.6010933210501944, 118.14428714927342, 93.36148529815146, 452.07342610229585, 0.5341127885319412, 0.16268662478430612, 116.03996836262908, -69.72834976986393, 242.43059320059893]"
1.3278030960077105,130.03260849052057,1.0,0.4666043579936434,True,False,"[0.23511792148916788, 0.5986792828473995, 123.38298673242043, 83.06145082930223, 453.2271123953703, 0.5171046353995185, 0.14707069944447826, 115.31290126352471, -84.41836339810669, 249.2115040937078]"
1.3145250650476334,130.02001427078946,1.0,0.03604013947801232,True,False,"[0.17301253198963681, 0.6659621745352947, 122.53217857426075, 92.11606029332012, 455.00959564352615, 0.5729270999672125, 0.14154314050712488, 109.56558592693152, -76.6047375245898, 248.09535067230925]"
1.301379814397157,129.86086660463158,1.0,0.6938415876811805,True,False,"[0.2337164120233461, 0.7086062653050176, 117.93674249083436, 92.04559726621672, 461.31497065228064, 0.6529503887143598, 0.1126013360495847, 108.1617068733268, -88.84013547613927, 251.85407624102814]"
1.2883660162531856,129.99135799417078,0.9036759834476152,0.895613973128715,True,False,"[0.13469792805700892, 0.6104036254582421, 122.66749958901998, 103.46643963771554, 462.59657718287326, 0.603072731010166, 0.10512613138502534, 112.67754168596659, -87.59235395153355, 253.20002610260178]"
1.2754823560906536,130.0289354078317,0.9709684188905154,0.03488888787669464,True,False,"[0.1706831440287191, 0.5250373377137251, 125.11767972960976, 115.19647300735126, 462.80392071067195, 0.667617122292813, 0.1762702680951998, 110.36371021652887, -82.59296367435799, 257.65038242277456]"
1.2627275325297471,130.05976109983314,0.9758835725714379,0.09281105277157009,True,False,"[0.1693141054697348, 0.6111141404836146, 119.25467687667386, 120.36156609524699, 464.205674002406, 0.6473859149339326, 0.24225954668083238, 104.27852798830195, -62.50736423812431, 260.0806550110969]"
1.2501002572044497,130.05233611358423,1.0,0.9113609711663756,True,False,"[0.1521332688722591, 0.48893315720315367, 119.35465359163784, 109.3827406413695, 463.97424600523397, 0.6540534576721261, 0.3824617841851248, 105.99004825579063, -68.92637077138696, 250.2954609257276]"
1.2375992546324053,130.02142603775422,1.0,0.3047646472790232,True,False,"[0.13207013188445615, 0.5309760169154594, 124.41920200207703, 118.86794731794919, 465.1733836595061, 0.5803994690273903, 0.34217905365124657, 111.66309756253615, -82.46077987385034, 247.53564854373624]"
1.2252232620860812,129.90435795429528,1.0,0.8979983101555769,True,False,"[0.23397363768188967, 0.49318738633808257, 129.95569140299753, 126.16536909862246, 460.0201027799379, 0.7448866806582569, 0.30789079056020374, 107.07026393874375, -81.06781571429238, 243.4595454537778]"
1.2129710294652205,129.89809925665264,1.0,0.5211983654562877,True,False,"[0.28329440436974085, 0.5395738137164392, 124.82241965272301, 146.30893145059585, 462.4826533836575, 0.6588727141501244, 0.48117197650042265, 117.19050137443213, -74.03553636902686, 233.339633227382]"
1.2008413191705682,129.94228766085243,0.9638709417329455,0.6031758152053317,True,False,"[0.3646127967839756, 0.5310855341999199, 122.33379936250411, 137.02210248719854, 460.224456689028, 0.7276822520912669, 0.3181601235407854, 127.03376912306905, -84.28701784865052, 237.22728038104376]"
1.1888329059788625,129.8454920234348,1.0,0.44317114571134875,True,False,"[0.296953418285141, 0.6929590677692636, 118.5513839890813, 134.69438271812888, 455.3325710836873, 0.7978286599142166, 0.33777812281283875, 125.46405745195857, -92.07138782015554, 241.24994500504891]"
1.1769445769190738,129.65751641692177,1.0,0.5118589186214734,True,False,"[0.35139432189370107, 0.5263884865352872, 116.94579614588704, 134.34575494137755, 456.01889975723907, 0.829775224338552, 0.28488388468085096, 124.32063619829721, -105.54156346720225, 234.9948007813734]"
1.165175131149883,129.57197525078902,1.0,0.3487587088815045,True,False,"[0.22569085287456933, 0.36905171475726184, 128.63379076465998, 129.17984882355393, 448.03690114234087, 0.7094566845545659, 0.34518555068208207, 118.012553181344, -115.2048975605011, 240.11073694315994]"
1.1535233798383842,129.8141758839522,0.8106118462235555,0.5162320505426521,True,False,"[0.206050689171953, 0.4695813139667478, 129.47502824745303, 121.26087989328461, 447.07634534557286, 0.6506215543719827, 0.22661842878939426, 127.8730788256458, -108.56178723381943, 237.60747656158586]"
1.1419881460400003,129.6278269276153,1.0,0.5991846912101811,True,False,"[0.19166705786005026, 0.5714708103521347, 121.58332414086325, 122.37878831775276, 442.801232057626, 0.5340984304908583, 0.2697965056956806, 133.10783022766054, -126.1340294670639, 246.4561661285016]"
1.1305682645796002,129.67686331193852,0.9575539465599064,0.9574700934609488,True,False,"[0.28540455522575475, 0.6051861221231816, 112.69397927658117, 124.8199971217971, 442.99732443917173, 0.8228695811141049, 0.3162832461336972, 127.03476695757244, -113.53609892066977, 248.16223728199887]"
1.1192625819338042,129.68181482774165,0.9955858620770719,0.8015524944177987,True,False,"[0.2902580010799694, 0.730869652868811, 114.33468198637095, 129.10698446030094, 445.34960196088434, 0.614641488969554, 0.3446061739279444, 129.3588998378454, -110.48054835326403, 248.5137172354452]"
1.1080699561144662,129.72138460493042,0.9649195580706197,0.788849764000526,True,False,"[0.2533557716937712, 0.6290766306740506, 124.03768176091434, 107.08905246945287, 446.68182934778883, 0.7282806339577932, 0.1995713306947052, 131.020584093502, -116.6755783323335, 236.83160002075903]"
1.0969892565533215,129.51105044961872,1.0,0.9074002209440751,True,False,"[0.32608690259867407, 0.5214074215058155, 126.21266764288276, 113.07335872461314, 443.9599373374569, 0.7022993478977597, 0.3171850160672554, 130.87567774190174, -122.83272135199473, 227.4386552013117]"
1.0860193639877882,129.51105044961872,0.8300489185340465,0.9137686675482111,False,False,"[0.32608690259867407, 0.5214074215058155, 126.21266764288276, 113.07335872461314, 443.9599373374569, 0.7022993478977597, 0.3171850160672554, 130.87567774190174, -122.83272135199473, 227.4386552013117]"
1.0751591703479102,129.66950937197436,0.8629644117795301,0.8100384783775365,True,False,"[0.2987608423632392, 0.5420022944906071, 124.66965792994489, 118.2470045757558, 447.1676647325446, 0.7506629783832155, 0.2664859338036677, 128.64726011851565, -107.95521784431216, 223.75790746062833]"
1.0644075786444311,129.42233177752692,1.0,0.02590365308173126,True,False,"[0.36259485389820695, 0.5156587867097218, 121.23299384792773, 115.97125297384491, 439.46916148407826, 0.6872724774265844, 0.49773193368492485, 113.85436995153687, -108.44765862260724, 222.62945596993737]"
1.0537635028579868,129.5290717295023,0.9036672884373544,0.4921257930955154,True,False,"[0.2575170915415555, 0.3782452538570471, 117.79860892313124, 108.72647021962084, 439.6608571824291, 0.8130663577096894, 0.6308530422631831, 120.28417389962594, -104.14644959334882, 215.1465425160671]"
1.0432258678294068,129.5190598896841,1.0,0.0035726470550913048,True,False,"[0.2710157317057293, 0.48164193174505526, 114.85327623362137, 101.58740499304493, 430.99833387804495, 0.7846463189622807, 0.7148725952787899, 124.85432735116242, -103.80080688727347, 210.3730065112886]"
1.0327936091511127,129.8772901638738,0.7069073796912542,0.17987607159209407,True,False,"[0.2383106153755593, 0.5724804301964502, 113.86214249165641, 100.66862503366133, 429.6310658297515, 0.8708344630568515, 0.7898336588362708, 128.21043933363842, -82.30840176865705, 203.16160922676013]"
1.0224656730596016,129.7253194352068,1.0,0.1677002196729943,True,False,"[0.22999254632479027, 0.7491756176440076, 109.0119820865672, 88.10777894685691, 430.0721886331242, 0.8168194632750643, 0.6124485501221564, 131.27443249320947, -91.37385547404283, 202.99328851307325]"
1.0122410163290056,129.5826232304046,1.0,0.8009730495890439,True,False,"[0.34277841635180306, 0.8736142372339155, 116.20378940399587, 82.33582575778875, 430.58303335033366, 0.8074377138081226, 0.6559645292649111, 117.8311158875112, -83.060288019835, 198.5376217371324]"
1.0021186061657157,129.34758588959193,1.0,0.020710720615876088,True,False,"[0.35785157812413176, 0.8543854424208256, 119.54786245447242, 82.63436484966952, 438.8161039090796, 0.844075260716115, 0.8128894421953083, 116.34893461702974, -104.66855441323713, 193.60696041223508]"
0.9920974201040585,129.22377940912466,1.0,0.7096693411430918,True,False,"[0.4148477651681259, 0.6979075810523927, 114.51804331197724, 80.51277364266687, 435.5306519621786, 0.7903372937592774, 0.8463556100971941, 116.80047381907102, -107.68023203613586, 195.01675415481586]"
0.982176445903018,129.22377940912466,0.6230576816047471,0.8641337046134024,False,False,"[0.4148477651681259, 0.6979075810523927, 114.51804331197724, 80.51277364266687, 435.5306519621786, 0.7903372937592774, 0.8463556100971941, 116.80047381907102, -107.68023203613586, 195.01675415481586]"
0.9723546814439878,128.9117622644683,1.0,0.32106161971765945,True,False,"[0.3863738018764281, 0.85117234913995, 113.05119186305555, 86.28913372584037, 442.69977449206147, 0.7566473795749711, 0.6719507538656622, 113.22973500365536, -108.3923045175097, 194.95390354286133]"
0.962631134629548,129.00710201218695,0.9057057638459116,0.6571620138776973,True,False,"[0.3530333665997735, 0.7638439589983284, 119.47143946873184, 94.37931888145702, 439.5771479455278, 0.6283374599567542, 0.756318491250888, 113.36486495240133, -99.12252572998784, 181.32404235305916]"
0.9530048232832525,129.1651098348827,0.8472159955332194,0.05107513138303721,True,False,"[0.2611007847340356, 0.5846158128640081, 116.43063649994201, 98.98691414481728, 443.5901915995481, 0.5781406744390767, 0.7400324505507474, 117.11225580753609, -95.01870236281299, 183.22092577219638]"
0.94347477505042,128.64736101730583,1.0,0.0207109091237766,True,False,"[0.24826703782387893, 0.6332664691629539, 119.21858969244363, 116.48531054372725, 441.36871752050286, 0.5731155506878812, 0.8341534318181487, 114.22814995447801, -104.99154064700625, 181.5773866323048]"
0.9340400272999158,128.64736101730583,0.741350688391935,0.8097378703800586,False,False,"[0.24826703782387893, 0.6332664691629539, 119.21858969244363, 116.48531054372725, 441.36871752050286, 0.5731155506878812, 0.8341534318181487, 114.22814995447801, -104.99154064700625, 181.5773866323048]"
0.9246996270269165,129.27471814442387,0.5074057849426046,0.38677469302997214,True,False,"[0.2187778714441873, 0.5483800564802905, 118.4655511649524, 104.45119295761417, 451.6719297275233, 0.6643301936226225, 0.6435172733914212, 117.74766197183013, -92.52506038242281, 181.60053670222285]"
0.9154526307566474,129.34022320866274,0.9309452254800598,0.008564130943906512,True,False,"[0.4352971446696976, 0.6426678938211867, 121.06070276506242, 111.2428319789088, 454.11430007142667, 0.6790081105036266, 0.5818843802813726, 115.74437969142448, -91.7373701115055, 184.8897895889639]"
0.9062981044490809,129.37160230817224,0.9659691554876598,0.45688221484680525,True,False,"[0.45001004837581765, 0.8201803723658958, 124.19836298962588, 113.85270756908598, 453.8311498327695, 0.7693428545517542, 0.5985268627624085, 120.52253826783239, -89.73314488324499, 186.92452550113336]"
0.8972351234045901,129.47634098206865,0.8898210321483073,0.27778719360047854,True,False,"[0.33277864187823625, 0.7111322453364407, 114.57141437543602, 110.19717888902375, 455.19612561907945, 0.8421923672168217, 0.6757949523204361, 116.07045145572681, -89.87782578750536, 193.54461826714012]"
0.8882627721705442,128.9482197434329,1.0,0.9622883596248067,True,False,"[0.3323254294645822, 0.7505299386249752, 108.16922973051454, 114.43844523538628, 445.25019892297473, 0.7760706640624931, 0.5399868814839096, 117.68299715199898, -108.80264955452152, 195.4537301433569]"
0.8793801444488387,129.157745606809,0.7879935285061542,0.644972325610174,True,False,"[0.3494035224482461, 0.7883584507720695, 102.8454587230504, 108.50003636843911, 444.6486221608949, 0.7477267562240434, 0.6315796352646252, 113.00487398178919, -97.99409412207015, 203.5286193614785]"
0.8705863430043503,129.2054813756338,0.9466444117048557,0.00844716881105656,True,False,"[0.33127592723472593, 0.6665056962267009, 101.96974932052166, 101.88519219296977, 434.78625092133865, 0.7595507315221577, 0.844025772944357, 114.51817889325662, -99.2697273306413, 201.56230164806772]"
0.8618804795743068,129.41327206915824,0.7857709688247695,0.06631084885319516,True,False,"[0.3782874433225296, 0.6675527012163204, 98.3742945966581, 105.20490839759182, 439.99073373566597, 0.7145933476171941, 0.7415858439563887, 120.13128654317696, -86.26849323550617, 199.31185164718633]"
0.8532616747785637,129.4708459653065,0.9347510182849912,0.06691507123364371,True,False,"[0.22748299585571996, 0.6841672365986993, 104.46263768932424, 88.09600098894371, 428.29650854661924, 0.7010837219300046, 0.8834828129581138, 126.73912497514837, -94.89497150739231, 199.10699092614314]"
0.8447290580307781,129.7129320018151,0.7508238252172826,0.31957377500296413,True,False,"[0.12782832230010394, 0.6434399345849785, 107.61793780259761, 83.49005246129488, 429.8214970631709, 0.7236278283975901, 0.8731568708992776, 125.8673483684342, -95.03453685431805, 211.1541478098024]"
0.8362817674504703,129.7129320018151,0.7603360033516091,0.8926302929619211,False,False,"[0.12782832230010394, 0.6434399345849785, 107.61793780259761, 83.49005246129488, 429.8214970631709, 0.7236278283975901, 0.8731568708992776, 125.8673483684342, -95.03453685431805, 211.1541478098024]"
0.8279189497759656,129.6613792736161,1.0,0.0788222169471644,True,False,"[0.14258434192385727, 0.7086779734402717, 104.39194607406355, 82.52222990067278, 428.21919585972785, 0.7300262436983833, 0.8209834321540753, 126.56425095783219, -98.93424968440829, 213.60784119643554]"
0.819639760278206,129.85948899412722,0.785289056226203,0.15945670635825338,True,False,"[0.1572391345746195, 0.8054091395029125, 101.42020096530808, 78.91220295669443, 428.0544729440256, 0.8116780240147994, 0.8302746225818894, 123.64912244472872, -82.86289255522101, 209.90304366537433]"
0.8114433626754239,129.90075309446644,0.9504186399653867,0.24535806778785207,True,False,"[0.15737428155625877, 0.8683391424587232, 97.90815839163618, 94.18505132834235, 434.41304235942397, 0.7556205725596887, 0.8914024102663443, 113.79257456215605, -67.85870376865157, 215.0601169087556]"
0.8033289290486697,129.88456347553446,1.0,0.9205214835056859,True,False,"[0.1539744328101123, 0.6360649817495534, 96.24091886428761, 94.89470153912332, 434.40192891399835, 0.8276092675447506, 0.8927490121475705, 118.75951168940476, -75.93278329633635, 215.63947245430694]"
0.795295639758183,129.85411332336713,1.0,0.6111647236733881,True,False,"[0.1645764115178206, 0.5596614881262436, 106.40244781360896, 76.79702029273102, 421.46418100283773, 0.8403765166615811, 0.8394917786255983, 117.2160207385754, -83.77898111975047, 217.51850162103113]"
0.7873426833606011,129.57419795589453,1.0,0.993291557821129,True,False,"[0.2747675922109272, 0.683815759433325, 105.14934440641909, 79.36928230004568, 429.854671820604, 0.6426092207953233, 0.8990758276315267, 122.8455591711096, -79.55694130931955, 204.71226064883962]"
0.7794692565269951,129.62173295132442,0.9408384834282755,0.22550608121651228,True,False,"[0.2737732171674529, 0.7121999570475622, 111.83493838185572, 92.16653703452604, 427.9685271330688, 0.6771893807389017, 0.8601234899746194, 123.7724306951884, -83.75829914940265, 204.75251198165907]"
0.7716745639617251,129.77781447071095,0.8168797351889974,0.5150639999344027,True,False,"[0.3515335708455698, 0.5264159301952558, 117.42897160901165, 112.37953972440579, 429.5513957580333, 0.7072596099053156, 0.771619519789472, 130.94433332388732, -83.47108112083338, 213.10823402197212]"
0.7639578183221079,129.7780494897918,0.9996924137314241,0.869184072435845,True,False,"[0.32150951480234174, 0.523852407767145, 119.97304133439376, 121.8017934617456, 436.0087555747667, 0.7821813678530316, 0.6741184771104801, 127.48843093319692, -79.10551241263964, 206.64138465596363]"
0.7563182401388867,129.59309670668978,1.0,0.9418238563522446,True,False,"[0.28923164022719416, 0.5129978515831635, 118.16857285931512, 126.61853551605466, 431.9760423827689, 0.6428277469869551, 0.7967901658089392, 126.7365053836914, -86.61602638825727, 212.44731260004167]"
0.7487550577374978,129.650480800957,0.9262238442511311,0.5661435478145845,True,False,"[0.3852698613003923, 0.4547282788424403, 122.08335751897424, 128.93766198525873, 430.5132547865579, 0.703090007263847, 0.7589074107180275, 127.97787130249031, -89.51855453412944, 215.08168338368063]"
0.7412675071601229,129.57006710515867,1.0,0.5996662092948996,True,False,"[0.2576502886065457, 0.25002654011177056, 124.77945022171805, 144.25424190844512, 432.0933991845087, 0.6562337875347415, 0.8388486111399285, 124.8152417072008, -85.60409237747946, 219.45987854215724]"
0.7338548320885216,129.52612291288924,1.0,0.9462413721656188,True,False,"[0.2756638266357222, 0.3499179567650833, 123.15627952966214, 140.17164858863939, 436.46180016681535, 0.6403371951013331, 0.7868169165928602, 121.76063932421049, -93.8955400884726, 224.93957468355774]"
0.7265162837676364,129.4772903469314,1.0,0.8860283403159043,True,False,"[0.2979525115987097, 0.4145682215210402, 126.61055538190878, 140.72059485418626, 430.96274108017394, 0.6324354481304206, 0.7429343572800043, 123.23038725988334, -104.31251513941628, 229.08153528685855]"
0.71925112092996,129.47457443525533,1.0,0.6786001142554122,True,False,"[0.3341905622518829, 0.3755671267394901, 127.9562242666008, 148.4680431705373, 421.8236379106771, 0.737758246355199, 0.700021465112203, 122.56742331667638, -98.29198964094992, 222.3395862062996]"
0.7120586097206604,129.2647275648273,1.0,0.3046226378037571,True,False,"[0.34864569697903447, 0.517939930449519, 122.86415658806341, 143.19125198096026, 431.8562957635666, 0.7522159408070577, 0.683389199063285, 120.83755976452015, -114.1620492097935, 223.47145820756464]"
0.7049380236234538,129.35244508311342,0.8829974638110702,0.025615896288915585,True,False,"[0.36188998576462267, 0.6196676576102742, 131.29169718552168, 134.08858435163538, 435.66256024527735, 0.6335580136329726, 0.6589640394475753, 117.9701535890591, -116.83100334546397, 221.76662571091293]"
0.6978886433872192,129.21872735244617,1.0,0.7243350383939304,True,False,"[0.4652228364425196, 0.7532174063644194, 132.498805556452, 141.54969473074664, 435.0252573956484, 0.7003913339667458, 0.6885328527180301, 110.20973879629074, -111.16896489584639, 222.733032123577]"
0.690909756953347,129.2992044422424,0.8900479991318898,0.625751445192141,True,False,"[0.4189225697683375, 0.6590157930120707, 131.45368855136695, 152.20423283442517, 433.8803901354804, 0.6585869967755147, 0.5387719933813824, 119.36482405791861, -114.36284903656124, 229.19542053287833]"
0.6840006593838135,129.2992044422424,0.6681728778769633,0.7549546350821716,False,False,"[0.4189225697683375, 0.6590157930120707, 131.45368855136695, 152.20423283442517, 433.8803901354804, 0.6585869967755147, 0.5387719933813824, 119.36482405791861, -114.36284903656124, 229.19542053287833]"
0.6771606527899754,129.49289017708966,0.7512428814924047,0.749591498715556,True,False,"[0.23846575374313034, 0.4972880255057168, 136.97969815533503, 148.51706278505893, 424.4524595890995, 0.6903855016215896, 0.5074188103846179, 119.31090978940205, -112.35514623094679, 235.64787647527532]"
0.6703890462620756,129.55223237477267,0.9152856795967215,0.7738344479804202,True,False,"[0.26820599796054656, 0.47745483761973145, 136.31955297839468, 138.5682249294406, 428.3745265654697, 0.6922241665934655, 0.5302294104527051, 121.65496646694297, -109.96079218598553, 228.15781365232877]"
0.6636851557994549,129.63842093979113,0.8782151829626481,0.27638452622448084,True,False,"[0.37025667036247456, 0.557271350586958, 133.61584795539883, 137.498715265667, 426.4478427781408, 0.6823283116350096, 0.5675176761265961, 120.01757863138515, -107.01827927452813, 233.99510597277347]"
0.6570483042414603,129.46991181867992,1.0,0.49847561507993166,True,False,"[0.3240197148945478, 0.5988033438895625, 133.35386982441514, 151.99722610086607, 427.11570423475877, 0.8016736026033469, 0.5650490488383662, 121.25902733279851, -116.54611450052168, 239.4649386828113]"
0.6504778211990457,129.46991181867992,0.9101585724197027,0.9532842955971278,False,False,"[0.3240197148945478, 0.5988033438895625, 133.35386982441514, 151.99722610086607, 427.11570423475877, 0.8016736026033469, 0.5650490488383662, 121.25902733279851, -116.54611450052168, 239.4649386828113]"
0.6439730429870553,129.46991181867992,0.7686563079428579,0.9964708231574642,False,False,"[0.3240197148945478, 0.5988033438895625, 133.35386982441514, 151.99722610086607, 427.11570423475877, 0.8016736026033469, 0.5650490488383662, 121.25902733279851, -116.54611450052168, 239.4649386828113]"
0.6375333125571847,129.41509380572265,1.0,0.8243914071941736,True,False,"[0.4373792871403768, 0.6946129725870123, 129.04398905144308, 140.3940143656469, 433.14756711472637, 0.8300115199567035, 0.470162275330539, 130.54474843191196, -130.06659187610634, 240.19612151598463]"
0.6311579794316129,129.45532695659261,0.938244242902945,0.36577194835015037,True,False,"[0.5244295273755583, 0.7129600124458237, 129.28607766341747, 126.04840961900213, 428.7448052964036, 0.8096070819810444, 0.4776804751348666, 138.05255140624425, -133.72816295413395, 236.20663140240947]"
0.6248463996372967,129.84499149284343,0.5360024653658482,0.15856256969634153,True,False,"[0.4678458279463894, 0.797203171499162, 135.9781232196425, 105.65042958440317, 419.4434642252732, 0.8489973139245266, 0.3209963586096204, 144.52723490795847, -120.79206157902358, 236.60756184642557]"
0.6185979356409237,129.84499149284343,0.7803765320967307,0.9009227944737913,False,False,"[0.4678458279463894, 0.797203171499162, 135.9781232196425, 105.65042958440317, 419.4434642252732, 0.8489973139245266, 0.3209963586096204, 144.52723490795847, -120.79206157902358, 236.60756184642557]"
0.6124119562845145,129.60559079635107,1.0,0.6955549160850284,True,False,"[0.5522250924202909, 0.7823814609713892, 134.5217993960932, 116.12475046006406, 419.9931840254039, 0.8476120731639687, 0.38998693747161506, 141.09578887876398, -132.3511853463563, 237.21165960481505]"
0.6062878367216693,129.60559079635107,0.5686388234169064,0.589960635219961,False,False,"[0.5522250924202909, 0.7823814609713892, 134.5217993960932, 116.12475046006406, 419.9931840254039, 0.8476120731639687, 0.38998693747161506, 141.09578887876398, -132.3511853463563, 237.21165960481505]"
0.6002249583544526,129.56312109025333,1.0,0.6731966755279706,True,False,"[0.6367736755360569, 0.6738123939589514, 131.4853092329439, 128.2865030006776, 422.9760992064013, 0.7659638844153405, 0.3442394653339075, 136.7935930057679, -123.25958456841309, 235.09403770527814]"
0.594222708770908,129.66974592938783,0.8357415869432241,0.07431002911437345,True,False,"[0.7741799968593495, 0.7033973323742123, 130.51018697457434, 144.71456069464796, 428.57779638453377, 0.5223587901025909, 0.3150743301666885, 139.7969595711195, -118.69559397670926, 236.4417401680424]"
0.5882804816831989,129.8380175595295,0.7512327178003276,0.1586353055121138,True,False,"[0.7275160779139097, 0.6642457484121286, 133.19843800158404, 142.49773974091227, 422.67323581597503, 0.511896555395806, 0.5110500071775353, 142.0732301000125, -113.46174690859998, 240.8786516042149]"
0.5823976768663669,129.63938103515912,1.0,0.5290413969912904,True,False,"[0.7577351458982471, 0.6772396213346537, 129.79252913314343, 143.62574276431891, 417.59065291630793, 0.59994689241382, 0.46573119764968596, 136.76832850016388, -117.55512395643525, 242.99970839007105]"
0.5765737000977033,129.63938103515912,0.7920991420232143,0.9602554042118937,False,False,"[0.7577351458982471, 0.6772396213346537, 129.79252913314343, 143.62574276431891, 417.59065291630793, 0.59994689241382, 0.46573119764968596, 136.76832850016388, -117.55512395643525, 242.99970839007105]"
0.5708079630967262,129.61145988311122,1.0,0.6905379598180235,True,False,"[0.710986437539154, 0.8314855427482785, 125.29649810241916, 144.23648652122202, 414.33093756937456, 0.4750386219462627, 0.41852867509633196, 141.54700864489362, -121.38146627248676, 244.17451447628736]"
0.5650998834657589,129.64945835690142,0.9349688661030554,0.3689765635631381,True,False,"[0.7144215840547914, 0.787788936059961, 125.3936957127093, 145.910792598418, 418.66759423106214, 0.4292826168686294, 0.3090606948091744, 137.94812757147145, -115.6988431381672, 245.16086020833362]"
0.5594488846311013,129.66505216275615,0.9725113689004142,0.7429534062596869,True,False,"[0.6913085365011931, 0.7910298325223479, 122.99906615389678, 141.85170979995388, 424.86111711955135, 0.36732013210954745, 0.3439909105217592, 138.89003599306207, -117.50828661768782, 246.4959038935947]"
0.5538543957847903,129.9110326039859,0.6413854074478923,0.4104133454800999,True,False,"[0.7115066314771297, 0.7663876426627441, 124.87981618112494, 125.96982990416247, 426.6779159391637, 0.3401565382713209, 0.37032075446053536, 137.24377619976534, -104.96444804321209, 245.59094446313148]"
0.5483158518269424,130.1373770705449,0.6617950112153028,0.5562813852350543,True,False,"[0.7654378648877994, 0.6304724207226999, 119.89351024636335, 128.01668932074054, 424.3564218835349, 0.2293975385528751, 0.38582613305767616, 149.33343531215087, -93.10688988639593, 252.8137203796034]"
0.542832693308673,130.1191758601621,1.0,0.10621818814689166,True,False,"[0.7700896408341371, 0.6485082051929386, 123.82497698300821, 136.10173527628606, 430.56952699746273, 0.21988432603993885, 0.3360979463242782, 153.65875575545934, -107.25910813935018, 257.564791783366]"
0.5374043663755863,130.04570208223603,1.0,0.8649806083716506,True,False,"[0.7196914559578252, 0.778686558774668, 131.58047952510438, 147.52711477455748, 421.67832845895066, 0.31206694687711456, 0.3917336058192682, 155.05190060891894, -110.65075582689937, 256.40852296287596]"
0.5320303227118305,130.02933759489616,1.0,0.543969560774298,True,False,"[0.6144922347127333, 0.8399813788501371, 126.62427277713125, 134.16071926392013, 419.4257247076621, 0.33844794599299866, 0.17383013349730153, 155.67183071830846, -100.01132997035586, 252.32562163809678]"
0.5267100194847122,130.2196083957874,0.6968090005071049,0.13116938455831795,True,False,"[0.697336080491314, 0.8256069453961522, 133.11104980410573, 124.20281415824698, 430.2171809258206, 0.4330983947510575, 0.09409065001854226, 153.9043694555272, -94.95451807995799, 251.47595768362135]"
0.5214429192898651,130.2196083957874,0.8802460661353689,0.9890734851124583,False,False,"[0.697336080491314, 0.8256069453961522, 133.11104980410573, 124.20281415824698, 430.2171809258206, 0.4330983947510575, 0.09409065001854226, 153.9043694555272, -94.95451807995799, 251.47595768362135]"
0.5162284900969665,130.2196083957874,0.8695295616847544,0.9170337716889974,False,False,"[0.697336080491314, 0.8256069453961522, 133.11104980410573, 124.20281415824698, 430.2171809258206, 0.4330983947510575, 0.09409065001854226, 153.9043694555272, -94.95451807995799, 251.47595768362135]"
0.5110662051959968,130.2196083957874,0.7912710019512855,0.9062446026616733,False,False,"[0.697336080491314, 0.8256069453961522, 133.11104980410573, 124.20281415824698, 430.2171809258206, 0.4330983947510575, 0.09409065001854226, 153.9043694555272, -94.95451807995799, 251.47595768362135]"
0.5059555431440368,130.09903165477826,1.0,0.8314689203854384,True,False,"[0.6384244781972086, 0.8775775277856284, 134.19842032695448, 125.06150909931887, 440.51097332737675, 0.5466062888162914, 0.0986265622621671, 153.55530124437576, -109.97100076364708, 253.33364442473723]"
0.5008959877125965,130.16022306759896,0.8850032949133517,0.801531855592529,True,False,"[0.5973826131661331, 0.8994981217660987, 127.247874237924, 111.97813525205828, 432.8875827755433, 0.6394575799728994, 0.29723643454357307, 160.60324103002472, -106.99186032853237, 254.46954808085795]"
0.4958870278354705,130.18473730575528,0.951766900189208,0.08259749101204084,True,False,"[0.667270586470999, 0.8448811986056407, 125.04572679770301, 120.40980510681553, 436.0562373767909, 0.418553541586248, 0.397533497716438, 160.37539731744513, -105.7569842877724, 252.4966480992975]"
0.4909281575571158,129.9990629815758,1.0,0.7976965316465587,True,False,"[0.5852816916567676, 0.8915632865013052, 118.51653137291619, 104.58194027173168, 422.39584365025655, 0.5227995388029798, 0.5098808956916363, 159.8997245323115, -112.86123877657374, 252.35823565884982]"
0.4860188759815446,129.94601337006793,1.0,0.9324374643509846,True,False,"[0.5801144721879156, 0.9041281210240926, 122.9678073092415, 107.03071650811567, 422.97067563346934, 0.6680585870553637, 0.6424737231666264, 165.60407829934834, -127.37805032252389, 254.049185116318]"
0.4811586872217291,129.8280572192837,1.0,0.6277143810965884,True,False,"[0.6023279301608122, 0.7652035777038904, 112.54894511529625, 116.60078693258095, 420.4179770249273, 0.6381669390177592, 0.5941739275491477, 171.24831720710333, -125.81110985096353, 248.1568039003367]"
0.47634710034951183,129.9436713507162,0.7844991061996129,0.7201165815752926,True,False,"[0.6315537790529231, 0.8775165857580738, 116.74150028844923, 113.28583354257098, 424.3932123194025, 0.7554985404300079, 0.6943976972118084, 171.51055780352578, -134.7891218527884, 253.40267292360596]"
0.4715836293460167,130.04068677236813,0.8140588453779827,0.15821880187535176,True,False,"[0.6019831163204087, 0.8937761185747746, 126.57775283420253, 98.8737632330379, 434.4546962751862, 0.5749233860972585, 0.6118569630909125, 176.31599450225275, -138.80801538228783, 256.0864862395706]"
0.46686779305255655,130.0020972321488,1.0,0.9084789729329547,True,False,"[0.6168256099313298, 0.8615053507308991, 127.6787171459422, 107.72910557252219, 437.7196481894762, 0.5411745261340353, 0.5701812993251267, 171.9180131284327, -136.4544801093778, 251.3124796686554]"
0.462199115122031,130.1964625056693,0.6567033948977761,0.5350196228442743,True,False,"[0.6007653735174907, 0.9000544767045665, 129.82639449516068, 101.96223160880214, 426.5627125333607, 0.6379370998815842, 0.5218402540636082, 163.01883858816436, -110.16321767325408, 256.11688381214594]"
0.4575771239708107,130.10410668528255,1.0,0.455421803294656,True,False,"[0.563761807608968, 0.7761444835541028, 125.7843399123515, 84.20503045962836, 425.8538494984867, 0.6269617298657326, 0.6057870135523995, 154.37068249203037, -108.37329686553961, 249.51378520040578]"
0.4530013527311026,129.86835701704166,1.0,0.1651059536851125,True,False,"[0.5440878264937198, 0.8897344255716915, 133.92118701482343, 110.93327879656803, 426.52313838939284, 0.704794231829865, 0.5021359021012545, 152.7739711593931, -122.08394137981105, 241.55784351062323]"
0.44847133920379156,130.0026773544405,0.7411834812077418,0.004484454520666259,True,False,"[0.5717888318062389, 0.7146437619524775, 133.91663543058644, 114.1438554552703, 430.6364143957356, 0.8172105720192162, 0.371452001944245, 153.09481681082468, -124.02151966417415, 247.09526169644275]"
0.44398662581175363,130.03509985150646,0.9295768078441995,0.33048590563383184,True,False,"[0.6994773559759193, 0.6594240305791182, 140.1125211262667, 113.90602983540992, 423.12131511313675, 0.6906647299730019, 0.34819515161577197, 152.8005748730519, -126.19484989730627, 254.4576841781595]"
0.4395467595536361,130.01897409084546,1.0,0.3810339218527644,True,False,"[0.7378619432366932, 0.7510852286289944, 138.50087259687433, 95.90943711576274, 431.5431699536904, 0.566730965040876, 0.2302227219406054, 153.18810432171972, -134.37344654589526, 253.10593162691353]"
0.4351512919580997,130.01897409084546,0.8458022951424126,0.9324800499669609,False,False,"[0.7378619432366932, 0.7510852286289944, 138.50087259687433, 95.90943711576274, 431.5431699536904, 0.566730965040876, 0.2302227219406054, 153.18810432171972, -134.37344654589526, 253.10593162691353]"
0.4307997790385187,130.07426620456212,0.8795476034320914,0.4478054082210541,True,False,"[0.7512050528684654, 0.7462748588139185, 138.92436954183708, 97.96491860552257, 430.231762573417, 0.6687112154078243, 0.30332758818092576, 149.33635206033995, -130.1368410235749, 258.721674117337]"
0.4264917812481335,129.90430453317398,1.0,0.6337821707965594,True,False,"[0.807034829264412, 0.802651882395327, 136.78697150029774, 94.70257724460427, 431.61851918430347, 0.6938829369327651, 0.3131676686795166, 142.44545061559757, -134.59140428481578, 253.3340974005542]"
0.42222686343565213,129.97143703016124,0.8529995394248195,0.010602486578186743,True,False,"[0.6686770745139525, 0.8167325262459187, 137.53604908469538, 76.33597314829518, 439.807505838357, 0.5342561243971143, 0.28635135773796117, 144.06450940375993, -131.4962083241438, 254.5234609986943]"
0.4180045948012956,129.97143703016124,0.7029799901519403,0.8956253456523059,False,False,"[0.6686770745139525, 0.8167325262459187, 137.53604908469538, 76.33597314829518, 439.807505838357, 0.5342561243971143, 0.28635135773796117, 144.06450940375993, -131.4962083241438, 254.5234609986943]"
0.4138245488532826,129.97143703016124,0.8136648859459754,0.9038192951246564,False,False,"[0.6686770745139525, 0.8167325262459187, 137.53604908469538, 76.33597314829518, 439.807505838357, 0.5342561243971143, 0.28635135773796117, 144.06450940375993, -131.4962083241438, 254.5234609986943]"
0.4096863033647498,129.88136271920843,1.0,0.8061440338492263,True,False,"[0.6008754220027105, 0.8964598569388543, 137.2564475529383, 72.93817228310544, 432.7241298798914, 0.5642851600278198, 0.22325150943202893, 138.75094248601062, -130.21965469827666, 259.3044616865249]"
0.40558944033110234,129.78741854769967,1.0,0.28702605722093766,True,False,"[0.6375925419617156, 0.8245289758295445, 138.53642155625312, 94.50367647986752, 432.10235001753415, 0.44536985872449164, 0.40676983505787667, 137.61647189091047, -135.15719630425176, 259.1515541590352]"
0.40153354592779134,129.78741854769967,0.5304923589659984,0.8547495907446682,False,False,"[0.6375925419617156, 0.8245289758295445, 138.53642155625312, 94.50367647986752, 432.10235001753415, 0.44536985872449164, 0.40676983505787667, 137.61647189091047, -135.15719630425176, 259.1515541590352]"
0.39751821046851343,129.88228409436638,0.787694834172256,0.45083420420948495,True,False,"[0.6669008619031088, 0.7745041847786898, 142.62164643948586, 91.84337212022774, 432.2158250186672, 0.6839391646519823, 0.2571641659220214, 143.37637323955875, -137.95610454208605, 259.2331346940004]"
0.3935430283638283,129.9024091686079,0.9501473700508793,0.9208693009534915,True,False,"[0.6418260059481282, 0.8414486368634642, 138.04154271631768, 93.55197865280527, 425.33633096615387, 0.7574620504416383, 0.26485820597629406, 139.45387798861384, -128.12856673217354, 256.800452239935]"
0.38960759808019,129.95175842044318,0.8810296600665214,0.3635557648449197,True,False,"[0.5985217357410093, 0.7653062623634178, 144.27167594731142, 93.71516556130481, 428.9766636797825, 0.8240713041621923, 0.2834456777302068, 132.18352667723, -120.74260144903457, 254.90247410728824]"
0.38571152209938814,129.95175842044318,0.5542708682953902,0.9932888091225294,False,False,"[0.5985217357410093, 0.7653062623634178, 144.27167594731142, 93.71516556130481, 428.9766636797825, 0.8240713041621923, 0.2834456777302068, 132.18352667723, -120.74260144903457, 254.90247410728824]"
0.3818544068783942,130.16235201479452,0.5760836932833683,0.013542402147139754,True,False,"[0.5647218532074677, 0.7660574178532307, 143.80018092668948, 88.37438659296552, 440.2012309374112, 0.8287480265883085, 0.49033035668208325, 140.1535784717215, -114.72814661765486, 252.59473459076884]"
0.37803586280961027,130.05632108201655,1.0,0.3463838556351546,True,False,"[0.6633904560351114, 0.7862961405628952, 148.8953465217261, 98.48732521459374, 436.00893056723646, 0.7663729199770484, 0.35390301182923617, 142.53924704008827, -126.13298396738638, 255.4771927942535]"
0.37425550418151415,130.24285059888857,0.6075009544785354,0.42474647527781595,True,False,"[0.5699612523415719, 0.7506219746401473, 139.60765717623687, 85.25104918741447, 433.2679675047819, 0.8686671012880183, 0.4933282997634957, 141.46518899613238, -110.22382380919032, 253.4183381764532]"
0.370512949139699,130.2463897464906,0.9904934542922484,0.35572235395485685,True,False,"[0.6021861527008844, 0.8397829194123381, 137.63127146939166, 82.43297059648697, 436.24176624242097, 0.871771535791286, 0.43018751805598365, 146.50611526741773, -106.31480605130787, 246.76128630686367]"
0.366807819648302,130.16786880755632,1.0,0.9406595953856406,True,False,"[0.5300990688189217, 0.8480493510195775, 128.82529256714437, 93.20095435548362, 439.55779383864285, 0.8435647131988062, 0.377372474219846, 146.21144972855328, -90.52483875657082, 237.52876628339624]"
0.363139741451819,130.38051169826974,0.5567897016857853,0.0672889577768252,True,False,"[0.3867947786442797, 0.7906559633766587, 133.3350660584626, 86.4413234044593, 448.79805798175175, 0.8682950465575734, 0.3899565213223505, 147.4444915471476, -79.13064796738898, 240.18748632682917]"
0.3595083440373008,130.3905028559182,0.972591451481649,0.12708587141820749,True,False,"[0.33776445624733625, 0.8096860799022598, 133.67993065585003, 85.1577062547142, 452.70084991360085, 0.8287945169017309, 0.2557017340048593, 147.49914684946955, -87.21723344790601, 250.06333537952727]"
0.3559132605969278,130.47472155198133,0.7892856168175885,0.2810682106940616,True,False,"[0.343103030492923, 0.7029715702270896, 138.51284667375322, 81.3006999168032, 453.4979872815563, 0.7359906123048534, 0.1623270773943954, 149.20283223646663, -79.57592129624723, 249.24933798016386]"
0.3523541279909585,130.60672176966338,0.687547933839247,0.011741421776839345,True,False,"[0.2765125277312078, 0.7603448039286352, 134.14743585440957, 80.62682342097655, 453.0963807500791, 0.6841332611196514, 0.35575510327871707, 152.62517776652206, -60.62669561503295, 256.8713229333796]"
0.3488305867110489,130.53207226197287,1.0,0.442714450459083,True,False,"[0.2876287271787023, 0.6537046424393979, 128.13124527017447, 98.3466860104056, 455.2742673492183, 0.8473328772779317, 0.3706476238692429, 151.22239420540345, -69.77236840622295, 259.1645444116254]"
0.34534228084393837,130.62889722646517,0.7555012015374044,0.582035552597375,True,False,"[0.3707493345531829, 0.48811196054476286, 131.9414077811255, 84.27648813454404, 454.7516959836691, 0.8680907215521989, 0.2852489783690743, 158.4798762691667, -64.33646514806075, 252.31233808140513]"
0.34188885803549895,130.62889722646517,0.8204658026626346,0.8898932750908618,False,False,"[0.3707493345531829, 0.48811196054476286, 131.9414077811255, 84.27648813454404, 454.7516959836691, 0.8680907215521989, 0.2852489783690743, 158.4798762691667, -64.33646514806075, 252.31233808140513]"
0.33846996945514396,130.4697644286221,1.0,0.44567208918567736,True,False,"[0.4508049146751213, 0.6832843359007447, 132.24006004684165, 95.14967624790441, 458.6765831499327, 0.8655845952238355, 0.23962912268288034, 156.9486088217367, -84.87486497677668, 249.78776327682928]"
0.3350852697605925,130.24284412275432,1.0,0.1530191599716716,True,False,"[0.5117061966858041, 0.6706406084498217, 123.04523607422213, 96.98591414284088, 457.5117670825998, 0.6950169029284915, 0.24436112933993953, 158.08145177823647, -110.55710265871271, 253.58592008144902]"
0.33173441706298656,130.22045358278416,1.0,0.731825798157124,True,False,"[0.478087207436481, 0.7089138150123501, 124.88747786295313, 111.2178425357196, 463.93929697068523, 0.750120380306742, 0.2947555559089256, 158.86207424928276, -110.44463094557828, 251.51890506456365]"
0.3284170728923567,130.2669266066289,0.8680498680778495,0.48853724165269397,True,False,"[0.3294335600765774, 0.6812155708692907, 121.15866492218076, 106.33902085019952, 469.3864131226211, 0.8019886444801089, 0.3311233952939305, 161.25793502592043, -110.3453532467606, 248.13032738588882]"
0.32513290216343316,130.26094587345452,1.0,0.30293342644676324,True,False,"[0.44671164762012316, 0.8184105505085639, 121.5981239695552, 106.52840739267127, 467.16279982990477, 0.8018299903192444, 0.33417696201761443, 166.53227816684182, -102.24655520542743, 243.9070089666909]"
0.3218815731417988,130.16824575590374,1.0,0.8347935346370853,True,False,"[0.5472919106567603, 0.7588926472595964, 117.01168712098959, 112.0510011751195, 464.3490310501593, 0.7724549178385558, 0.3994382139005857, 164.72693608663795, -105.12457015254462, 240.21981441279442]"
0.31866275741038086,130.27853294697053,0.7074461556599907,0.039514475024713724,True,False,"[0.4539874845590697, 0.7082113586369809, 127.4183664833738, 130.1530048601869, 460.79211363411747, 0.8733151158215494, 0.3951153443193041, 175.12541220367743, -103.92612700520354, 235.3274989562373]"
0.31547612983627704,130.18826748302706,1.0,0.2726482701902908,True,False,"[0.46981287668882626, 0.6369136105760899, 118.33463971724656, 124.18618149210178, 457.04533150794265, 0.6409067760969793, 0.3218468681052653, 172.40829777847085, -100.96504130315667, 237.91731751080536]"
0.31232136853791426,130.3132541653933,0.67019528545116,0.17362169118734772,True,False,"[0.5111564604266569, 0.5972690899563237, 134.7817021952455, 122.41836999111466, 459.09525213221946, 0.5968916781153498, 0.23732817147251373, 172.1681783355008, -102.07811706760462, 236.48249563903306]"
0.3091981548525351,130.35361484341163,0.8776272035774544,0.5889918704356748,True,False,"[0.5016679029567336, 0.5924035586308984, 127.34920509203546, 106.89815593955977, 462.4369400448336, 0.744433079720672, 0.09927066517984537, 166.73070799398843, -97.1999076243437, 244.52957814741364]"
0.30610617330400974,130.3440040800584,1.0,0.885362746736189,True,False,"[0.6736507315893103, 0.6695402892211808, 120.11081102798826, 100.1474767086338, 462.7491745679819, 0.6507462744702318, 0.14836262719455143, 170.74273235770468, -103.04435096989346, 245.5997303721534]"
0.30304511157096964,130.15262963643815,1.0,0.8169852677735736,True,False,"[0.7564522670942014, 0.734187655130997, 117.42966584595534, 103.07476186451849, 463.1226451772346, 0.5061880179925219, 0.13633430601585822, 174.19010604904213, -122.7239946411122, 235.09041176264887]"
0.30001466045525993,129.95380392346337,1.0,0.5819860559784429,True,False,"[0.7908058479801694, 0.6295671921632787, 108.07777503981943, 113.58552367830326, 466.76049346122, 0.38669899189332074, 0.11253558649664873, 168.68720169565768, -129.82274118125213, 239.76010940943203]"
0.2970145138507073,129.91274204756579,1.0,0.9906994083347326,True,False,"[0.755043043479432, 0.5546320995241212, 114.73169511510949, 116.75444008617836, 467.92123725462756, 0.44592763580396394, 0.2447878530693514, 166.7991439244781, -134.76785171593949, 236.91832101296302]"
0.29404436871220024,129.972863607233,0.8150838852143052,0.11799139210845855,True,False,"[0.7795384805106456, 0.4519419307431542, 126.74142345012962, 102.49540285778042, 471.56596970794664, 0.400144309417928, 0.3775680268174978, 157.5803023996799, -136.87342753509103, 238.955296315687]"
0.29110392502507826,129.90593302677806,1.0,0.10904157870730946,True,False,"[0.8323418996383882, 0.5541653988977414, 135.67395771916324, 99.59635411942573, 468.6681522430381, 0.3995195101133626, 0.5267887034185021, 160.63524183543757, -142.82715074834587, 233.69500678710722]"
0.2881928857748275,130.02276384451434,0.6667160378614613,0.4352905029911496,True,False,"[0.7970186124432745, 0.44294226359080546, 137.18335660864906, 94.70897400187353, 470.0228656193474, 0.5066481489300355, 0.7745413846070615, 156.1455227671361, -124.16388517963763, 233.42166339451813]"
0.2853109569170792,130.0154527142693,1.0,0.662654514866825,True,False,"[0.869680178101348, 0.4687095549876051, 140.48914588193577, 94.94762244305512, 466.7369774786216, 0.5229650795700316, 0.8506436011918865, 156.75917631515583, -121.28354983923823, 229.7834736175604]"
0.2824578473479084,130.125839627203,0.6765097304535943,0.25184382656474247,True,False,"[0.7105876767360708, 0.37873859266394616, 145.27587521588197, 107.06432432112226, 458.2762936624813, 0.5507049463730705, 0.7890092287873222, 160.56534181572846, -115.31678019199212, 230.81143102028443]"
0.2796332688744293,130.1675899227867,0.8613074532809475,0.4304660256605346,True,False,"[0.7213373038556742, 0.42706271148463104, 146.52783162952588, 98.10846267976478, 460.5798624266578, 0.680209217154697, 0.8230465877998321, 162.9285409757531, -118.47738144432337, 229.65441932087273]"
0.276836936185685,130.14753843112706,1.0,0.5159986111720831,True,False,"[0.7536823403096079, 0.555266595796901, 140.8412197452101, 103.71858120088828, 461.92372562080055, 0.7563122918517302, 0.8111842379295895, 158.6151184816436, -118.77973580723229, 233.70975515174723]"
0.27406856682382813,130.14753843112706,0.6454512335130534,0.8299966618157039,False,False,"[0.7536823403096079, 0.555266595796901, 140.8412197452101, 103.71858120088828, 461.92372562080055, 0.7563122918517302, 0.8111842379295895, 158.6151184816436, -118.77973580723229, 233.70975515174723]"
0.27132788115558987,129.769204585194,1.0,0.4377544078275276,True,False,"[0.8569240150229017, 0.551621211640684, 140.4717308827156, 107.31313491884613, 468.28336460436986, 0.7210461840183214, 0.7708996351002441, 151.11836424049756, -136.11994973227354, 230.56677643876233]"
0.26861460234403395,129.7562449728942,1.0,0.25325840278079936,True,False,"[0.8265555397750122, 0.4166801008670533, 133.6457797026147, 102.25921993455864, 474.2197657372068, 0.6484695165397905, 0.8557756454213568, 149.96883285495426, -127.79854133279716, 226.5442028040968]"
0.2659284563205936,129.63275874776767,1.0,0.8288691265490267,True,False,"[0.840666419175147, 0.2506954201593724, 133.14880140858546, 94.3723734617169, 470.10607430667784, 0.6055637749054612, 0.8513833294618648, 149.2076941139037, -132.3122459058174, 227.15873190783958]"
0.2632691717573876,129.57657831827518,1.0,0.7454125519940809,True,False,"[0.7239018325708247, 0.30274506705016435, 128.29973716045305, 85.08345249099159, 472.5576768302237, 0.6808058467793275, 0.830987901782674, 141.0765841660351, -128.76299587133335, 223.48652971210748]"
0.26063648003981377,129.57657831827518,0.2610637447554141,0.4258994927734647,False,False,"[0.7239018325708247, 0.30274506705016435, 128.29973716045305, 85.08345249099159, 472.5576768302237, 0.6808058467793275, 0.830987901782674, 141.0765841660351, -128.76299587133335, 223.48652971210748]"
0.2580301152394156,129.69379204601134,0.6349152523251386,0.12548867275509656,True,False,"[0.7924671947015735, 0.5713259987645567, 127.61672102379724, 70.3127573990385, 469.4903058652053, 0.6827826211575148, 0.8534915560257098, 141.45195778856163, -125.97462751659934, 226.0761246477185]"
0.25544981408702144,129.83220151520268,0.5816848557882627,0.09350962338287494,True,False,"[0.665184861028915, 0.5650226700794498, 129.19072343354986, 80.7441302925981, 466.2333902492338, 0.6974652050892901, 0.8657319356830927, 142.65846593804648, -117.63926311243529, 225.41947713404596]"
0.2528953159461512,129.83220151520268,0.5289371448259518,0.8613215823841547,False,False,"[0.665184861028915, 0.5650226700794498, 129.19072343354986, 80.7441302925981, 466.2333902492338, 0.6974652050892901, 0.8657319356830927, 142.65846593804648, -117.63926311243529, 225.41947713404596]"
0.2503663627866897,129.83220151520268,0.3455902432631109,0.7047468294781835,False,False,"[0.665184861028915, 0.5650226700794498, 129.19072343354986, 80.7441302925981, 466.2333902492338, 0.6974652050892901, 0.8657319356830927, 142.65846593804648, -117.63926311243529, 225.41947713404596]"
0.24786269915882284,129.76802301527846,1.0,0.6300763960821968,True,False,"[0.5269899135706961, 0.4753539763425712, 131.08878589011047, 88.92340707254228, 463.9491352927056, 0.710743342408199, 0.8342980562735665, 134.67138329621997, -117.78404668482979, 228.97646337709511]"
0.2453840721672346,129.76802301527846,0.6532955171626527,0.7517439124294816,False,False,"[0.5269899135706961, 0.4753539763425712, 131.08878589011047, 88.92340707254228, 463.9491352927056, 0.710743342408199, 0.8342980562735665, 134.67138329621997, -117.78404668482979, 228.97646337709511]"
0.24293023144556225,129.88283237665397,0.6233780027903871,0.4352489895002436,True,False,"[0.6647632076347167, 0.5921559515729395, 132.38634158218275, 97.77080057249111, 463.8432862857474, 0.6196816955235951, 0.8696528352293463, 139.65970317692552, -103.49520304973998, 226.66715825473094]"
0.24050092913110663,129.77559296474973,1.0,0.2682876020861876,True,False,"[0.719339829087616, 0.45071126574822706, 139.99346994241094, 112.83256407201596, 456.7140896129166, 0.6053905819140664, 0.855695722731359, 133.826605996807, -110.00497545305464, 231.8495258688566]"
0.23809591983979556,129.77559296474973,0.30818233043575877,0.6644928546969749,False,False,"[0.719339829087616, 0.45071126574822706, 139.99346994241094, 112.83256407201596, 456.7140896129166, 0.6053905819140664, 0.855695722731359, 133.826605996807, -110.00497545305464, 231.8495258688566]"
0.2357149606413976,129.77559296474973,0.4096922203436341,0.6274257507660411,False,False,"[0.719339829087616, 0.45071126574822706, 139.99346994241094, 112.83256407201596, 456.7140896129166, 0.6053905819140664, 0.855695722731359, 133.826605996807, -110.00497545305464, 231.8495258688566]"
0.23335781103498363,130.37005078056515,0.07828422860219794,0.022845867670441056,True,False,"[0.6043129807327048, 0.47141606964129057, 135.51742226671013, 97.35980560716334, 462.72516728026847, 0.8464645971142524, 0.8954817753078093, 140.76201898975293, -97.36743050945954, 235.13436100278219]"
0.23102423292463378,130.18996523504407,1.0,0.06765099583848888,True,False,"[0.5944149448957332, 0.4206765532425556, 142.31390164790204, 106.38298964072956, 460.71489848867355, 0.7360514236124058, 0.892975625806804, 133.92914092105008, -96.39939442752468, 238.64789237199068]"
0.22871399059538744,130.218623202686,0.8822317896640771,0.6088959750583592,True,False,"[0.5829042011061487, 0.37222614960539807, 139.42028558006731, 98.31017752037141, 461.70599732593615, 0.7926206717051737, 0.8707571199701108, 125.76802884667399, -99.58525105178971, 251.81258126925428]"
0.22642685068943355,130.218623202686,0.7047192988994512,0.7966311965123871,False,False,"[0.5829042011061487, 0.37222614960539807, 139.42028558006731, 98.31017752037141, 461.70599732593615, 0.7926206717051737, 0.8707571199701108, 125.76802884667399, -99.58525105178971, 251.81258126925428]"
0.2241625821825392,130.1827210748242,1.0,0.8535114145220755,True,False,"[0.49657694446954564, 0.16216243274698097, 143.1380865944197, 116.76415560323521, 466.38018724521305, 0.7974725514457454, 0.8894904489486711, 121.96799512658748, -102.86683798746785, 254.61914547041474]"
0.22192095636071382,130.2534880963563,0.7269599396213988,0.46116238648919416,True,False,"[0.48722226974629834, 0.34879613845666035, 146.12163463699227, 109.14548611945835, 469.25544418890166, 0.8265370422249136, 0.8245489552844089, 119.50175316371437, -98.59011964789325, 260.78414538351296]"
0.2197017467971067,130.2534880963563,0.37180629927383557,0.4840255580630942,False,False,"[0.48722226974629834, 0.34879613845666035, 146.12163463699227, 109.14548611945835, 469.25544418890166, 0.8265370422249136, 0.8245489552844089, 119.50175316371437, -98.59011964789325, 260.78414538351296]"
0.21750472932913562,130.20028846547612,1.0,0.5601648345900312,True,False,"[0.44347359449151, 0.2522149948074569, 139.92777134278933, 114.95509947682399, 463.3392123769788, 0.8400486314490996, 0.7157568117599825, 115.79028912788735, -91.27693679563487, 262.9612335004579]"
0.21532968203584427,130.2513180921606,0.7890041416605909,0.2617629719104093,True,False,"[0.36341953769817464, 0.18440034903766514, 135.9448903296245, 119.29147504768942, 456.64274980329657, 0.8117181793343106, 0.8356630296716991, 125.69345395589576, -90.99245080839461, 261.7934517565136]"
0.21317638521548582,130.1861023615113,1.0,0.05716776509549559,True,False,"[0.3006347728305312, 0.27204189318982025, 141.51178305424082, 123.27417344625884, 453.78633607696463, 0.7826205322528703, 0.7316860302929055, 113.98770358496849, -73.53310118654535, 255.41794287601033]"
0.21104462136333096,130.13941894922928,1.0,0.3214575012250708,True,False,"[0.31407406312047653, 0.3150311907869909, 133.1675100533981, 120.70157380409782, 453.3553486869968, 0.7659372644288533, 0.6412547841479994, 109.60268126172183, -64.53871497301857, 255.56397382839256]"
0.20893417514969764,130.21860421779832,0.684548180731324,0.18227329920915647,True,False,"[0.2738795270654235, 0.26790806671394574, 140.07114620904915, 124.88440282849011, 454.1536503117143, 0.8279382463637791, 0.602942037977631, 111.8186205489391, -63.25447703293194, 253.51171589985944]"
0.20684483339820067,130.24928858506496,0.8621337506661584,0.6377063515584529,True,False,"[0.3644168221940552, 0.4433495661564627, 131.83405021465603, 135.23068895111345, 452.82906869971686, 0.8610529303520122, 0.7819363914604031, 110.90143329522884, -41.0846199346397, 252.71228760272848]"
0.20477638506421866,130.2498053049342,0.9974798437434848,0.780997421409259,True,False,"[0.32404137748085554, 0.4878030662654527, 134.43533037349857, 128.5860356034516, 460.36669202246895, 0.7958347898674973, 0.5746390683677765, 111.44358386018207, -46.2293509659169, 254.28027127826047]"
0.2027286212135765,130.1903576771135,1.0,0.11560348977088164,True,False,"[0.3660812016232603, 0.5537787855837221, 125.5144157162277, 130.0048144006608, 453.9265064144323, 0.8492912555260214, 0.6876428817455902, 105.01921262063209, -29.485133105203246, 256.5453307936958]"
0.20070133500144072,130.0743085533606,1.0,0.730514953714245,True,False,"[0.3014751822424893, 0.540235734952324, 123.11117197498336, 115.89122122374542, 452.0620142548884, 0.6539489390517487, 0.729148656528499, 98.547844664911, -30.697655837128075, 257.8756783333008]"
0.1986943216514263,130.05442468862987,1.0,0.24025161804262773,True,False,"[0.42896132247119245, 0.5258901976038335, 124.12216248408026, 123.2542399584991, 448.0354262383253, 0.608407924884786, 0.7520302742901946, 103.41464589482698, -24.603981845631736, 260.57212749707173]"
0.19670737843491204,129.99847177550166,1.0,0.5368249210417364,True,False,"[0.3441361790153891, 0.45099146384973765, 121.3237656372649, 136.49749689548088, 447.0818024312521, 0.5072943329176242, 0.7917087347025973, 106.39972794457287, -12.106234314492724, 264.8552160026544]"
0.1947403046505629,129.99847177550166,0.43418853813316965,0.5047478249772007,False,False,"[0.3441361790153891, 0.45099146384973765, 121.3237656372649, 136.49749689548088, 447.0818024312521, 0.5072943329176242, 0.7917087347025973, 106.39972794457287, -12.106234314492724, 264.8552160026544]"
0.1927929016040573,129.99847177550166,0.4331734068702552,0.9074483903726713,False,False,"[0.3441361790153891, 0.45099146384973765, 121.3237656372649, 136.49749689548088, 447.0818024312521, 0.5072943329176242, 0.7917087347025973, 106.39972794457287, -12.106234314492724, 264.8552160026544]"
0.1908649725880167,129.89666776214227,1.0,0.4265704429675571,True,False,"[0.3332733583741807, 0.42615433801306557, 121.06958592637979, 135.35358529025422, 450.7860361862224, 0.46432165059699393, 0.740305410700801, 95.00929693277263, 12.611236270454896, 261.50463238933264]"
0.18895632286213654,129.92839066228368,0.8454511996912542,0.5009687080504839,True,False,"[0.19362514817061527, 0.5508687444817972, 119.21500307793477, 137.0976408481637, 454.0544083247942, 0.3715512299502642, 0.8165855683072771, 99.78257811447291, 15.20948452480934, 252.41363045403878]"
0.18706675963351518,129.88798500657848,1.0,0.30806598313823474,True,False,"[0.32681274029206075, 0.6214094199321638, 121.5688629455404, 115.68636419487994, 459.40117087906333, 0.4804779855320407, 0.8489902607419971, 93.1722663858898, 14.079000652745677, 251.93229197174372]"
0.18519609203718004,129.90302986484895,0.9219747425313577,0.4019804572513441,True,False,"[0.2506394394668357, 0.6268999578204506, 119.54004443902454, 110.17907418247147, 448.73886391585324, 0.5608152807923686, 0.7534665749276727, 86.99707812558428, 22.764714136784207, 251.9031548691875]"
0.18334413111680825,129.85868520153832,1.0,0.07667075342724872,True,False,"[0.4401181276291988, 0.5781013192526501, 121.2946099849509, 98.61150539097764, 446.16391166764555, 0.5498856692375431, 0.8100644570056049, 90.416823745433, 21.607397817498637, 248.62267521506726]"
0.18151068980564017,129.80941278270012,1.0,0.48165396427547946,True,False,"[0.3790195074120698, 0.49745971892781005, 120.90174694669675, 93.58742767006436, 447.4424937126726, 0.5904633672543722, 0.8829605746182557, 89.61976604125508, 33.26895436398105, 243.26803228348578]"
0.17969558290758378,130.10044397169372,0.19798203580631252,0.14422373076451056,True,False,"[0.26561690857467557, 0.5197388159219054, 121.7117424007281, 102.06263323971986, 445.016574033887, 0.7132920043148269, 0.7777058663941329, 102.90088744139155, 17.355261816703237, 239.16284124451624]"
0.17789862707850793,130.0985330953505,1.0,0.21167834407520503,True,False,"[0.33213877230967, 0.5804344951674781, 121.32410076037, 90.47206714709307, 448.4682064987444, 0.5830117177153871, 0.6606825886750283, 98.70398379280918, 18.973217330418407, 239.10071356478642]"
0.17611964080772285,130.03802523456983,1.0,0.8276426469813837,True,False,"[0.20855091570114828, 0.6792799100774882, 115.11264416126657, 92.02311781906141, 441.8056615526758, 0.5899001098509963, 0.7369282781335691, 98.38371312432199, 8.803860431741999, 239.01274866717253]"
0.17435844439964562,130.1306105189756,0.5880134536373504,0.293880861346273,True,False,"[0.14752960466550935, 0.6306308495136267, 118.34850827628259, 94.58935392751705, 439.1631853188253, 0.6388022089410444, 0.7778851708683381, 107.3200943433276, 15.734138904231115, 236.4961690588637]"
0.17261485995564915,130.19901428971855,0.6728184595859403,0.2965181479338853,True,False,"[0.3826326877037536, 0.6481553280767027, 111.97124146184551, 88.43052304143792, 434.9309759334396, 0.6746441553067422, 0.6583407830181605, 113.31307452690768, 11.300298625935694, 244.59353273366483]"
0.17088871135609265,130.31445896525062,0.5088740597381033,0.13806983224246527,True,False,"[0.5766101808320033, 0.6076561182884617, 110.21894351450437, 97.6081891866275, 432.0651413503656, 0.8655674762542593, 0.5952290220293123, 118.13578371171513, -2.5915009599290553, 250.5757800989107]"
0.16917982424253172,130.23791311831772,1.0,0.41809183890114887,True,False,"[0.5638360687672329, 0.6731108565593229, 103.39273844770432, 100.77715426403135, 433.1224609267408, 0.819729484927069, 0.6315578180251481, 114.00808350318283, -13.861975695409285, 257.38527827171305]"
0.1674880260001064,129.84119775845735,1.0,0.46876639031069967,True,False,"[0.4271407322427654, 0.8809018284152825, 105.4261416261882, 116.81677194928878, 425.6196794529092, 0.6892875270228356, 0.6210342720504033, 111.79579452780094, -10.60664229626697, 255.61142207560405]"
0.16581314574010533,129.9502602536165,0.5180190003032019,0.4596640249065833,True,False,"[0.3545140801269173, 0.8717093762466452, 111.1283308827415, 120.75585398009741, 421.6061067913577, 0.6442925648638079, 0.6455800527584429, 114.45312550645464, -22.177271232096434, 259.4339876247158]"
0.16415501428270426,129.9886703858974,0.7913721376343869,0.6583784340001763,True,False,"[0.37939617320888747, 0.8886651505448048, 116.12156280557949, 121.39400625141825, 419.32507157442495, 0.5829971852717278, 0.6904861666303844, 123.80381004484673, -28.071989248025147, 256.25256169098446]"
0.16251346413987722,129.9817058090989,1.0,0.47725474276702984,True,False,"[0.3630675365857254, 0.9205660276791018, 121.51731122750502, 123.08379840501416, 409.8030454940095, 0.5018389724059515, 0.7012599994321421, 128.46534562868342, -29.624829005454703, 252.50760521667564]"
0.16088832949847845,129.94733109132866,1.0,0.5445898246999488,True,False,"[0.3535396659873446, 0.8759128482980887, 118.6368879278882, 120.23808584982109, 408.9799201799721, 0.42029328007623407, 0.7117114555437973, 131.304964238658, -25.61119300583541, 241.82445225368784]"
0.15927944620349366,129.94733109132866,0.68933780713329,0.8340054803348934,False,False,"[0.3535396659873446, 0.8759128482980887, 118.6368879278882, 120.23808584982109, 408.9799201799721, 0.42029328007623407, 0.7117114555437973, 131.304964238658, -25.61119300583541, 241.82445225368784]"
0.1576866517414587,129.82909826375973,1.0,0.5714256487072973,True,False,"[0.352808891680251, 0.8695107428458609, 118.4817344288336, 123.98856607377874, 405.19432610367613, 0.4895826224082936, 0.7030869184274393, 121.24397162860295, -38.878021200233206, 238.6838934474864]"
0.15610978522404412,129.82909826375973,0.2328039004659448,0.9314937026654341,False,False,"[0.352808891680251, 0.8695107428458609, 118.4817344288336, 123.98856607377874, 405.19432610367613, 0.4895826224082936, 0.7030869184274393, 121.24397162860295, -38.878021200233206, 238.6838934474864]"
0.15454868737180366,129.82909826375973,0.6947038681171525,0.8611464697422374,False,False,"[0.352808891680251, 0.8695107428458609, 118.4817344288336, 123.98856607377874, 405.19432610367613, 0.4895826224082936, 0.7030869184274393, 121.24397162860295, -38.878021200233206, 238.6838934474864]"
0.15300320049808563,129.85869754228486,0.8241066811712374,0.6147940258076935,True,False,"[0.33614991328715116, 0.7959442823070171, 123.00705205016274, 132.1315350480312, 410.8992326969347, 0.43739345631245996, 0.6423475342330323, 118.72592530980276, -35.73704246046966, 239.2516910443135]"
0.15147316849310477,129.85869754228486,0.19620285427823864,0.3955367599889811,False,False,"[0.33614991328715116, 0.7959442823070171, 123.00705205016274, 132.1315350480312, 410.8992326969347, 0.43739345631245996, 0.6423475342330323, 118.72592530980276, -35.73704246046966, 239.2516910443135]"
0.14995843680817372,129.86598481280186,0.9525665852885884,0.18256908552000595,True,False,"[0.37149777791661104, 0.7773813076042793, 122.13828191605246, 138.20156201236756, 412.6653218066655, 0.546277701558912, 0.6459647308796171, 116.0759403014596, -30.554913424515213, 236.19638581687315]"
0.148458852440092,129.86598481280186,0.37741130321020544,0.37814545197021576,False,False,"[0.37149777791661104, 0.7773813076042793, 122.13828191605246, 138.20156201236756, 412.6653218066655, 0.546277701558912, 0.6459647308796171, 116.0759403014596, -30.554913424515213, 236.19638581687315]"
0.14697426391569107,129.81357476591117,1.0,0.8990517901764494,True,False,"[0.4049539730944214, 0.7485303776979529, 122.61963459244386, 141.1536783811518, 414.83472063260217, 0.5007057323514361, 0.41595383261957986, 112.630151149329, -28.220884486796695, 245.07496422917032]"
0.14550452127653415,129.9092311681395,0.5181907354926635,0.367973199381613,True,False,"[0.38103415561842585, 0.7216164037735491, 122.97010860110451, 135.62719752036259, 412.15166103907035, 0.2463061117954421, 0.3779316273526655, 120.8067908754218, -27.94981160678973, 236.71786849676297]"
0.1440494760637688,129.9092311681395,0.4257411952508177,0.7550907180398962,False,False,"[0.38103415561842585, 0.7216164037735491, 122.97010860110451, 135.62719752036259, 412.15166103907035, 0.2463061117954421, 0.3779316273526655, 120.8067908754218, -27.94981160678973, 236.71786849676297]"
0.14260898130313113,130.01178626539527,0.48717352156254773,0.48019942697526496,True,False,"[0.2742374217391523, 0.8536265410036035, 126.94252479806794, 130.46095968422904, 409.5001705261838, 0.38600564421649375, 0.47292191251968513, 119.64679959095739, -30.776521103235943, 240.61724051206704]"
0.14118289149009983,129.8401804159991,1.0,0.18259897841966022,True,False,"[0.32353235930246027, 0.7570299138588419, 123.91733335128936, 131.74341197824097, 413.8947284749421, 0.3946828818933149, 0.40628378032613643, 109.48297800499887, -41.48865844900743, 242.68781847409593]"
0.13977106257519883,129.6922208621464,1.0,0.04053181115998128,True,False,"[0.48173733457695966, 0.7014963166026431, 125.79439070718675, 143.63040055025678, 410.8845080850425, 0.270674414514187, 0.2732858240109979, 99.62031043126997, -31.557761121372337, 242.3662568956791]"
0.13837335194944683,129.6922208621464,0.2794515600345202,0.9939153136483717,False,False,"[0.48173733457695966, 0.7014963166026431, 125.79439070718675, 143.63040055025678, 410.8845080850425, 0.270674414514187, 0.2732858240109979, 99.62031043126997, -31.557761121372337, 242.3662568956791]"
0.13698961842995236,129.71236308114587,0.8632640748810111,0.7060470654883925,True,False,"[0.6640373655374677, 0.7234637070776078, 125.94738480969713, 144.30357431315866, 418.2293190583054, 0.38515914628281034, 0.20963443721062458, 95.93886613565913, -27.77714998500442, 239.79232203551055]"
0.13561972224565283,129.656109964811,1.0,0.683024486467632,True,False,"[0.6344474102754949, 0.5769382393134759, 128.91815272427687, 141.8944552012192, 423.76434156643984, 0.3641760038712759, 0.17403097406221552, 88.85512710148201, -30.620755084527257, 235.69951988884281]"
0.1342635250231963,129.656109964811,0.10248156482353436,0.6132835230566326,False,False,"[0.6344474102754949, 0.5769382393134759, 128.91815272427687, 141.8944552012192, 423.76434156643984, 0.3641760038712759, 0.17403097406221552, 88.85512710148201, -30.620755084527257, 235.69951988884281]"
0.13292088977296435,129.69809553538573,0.7291550617168973,0.41282012831662984,True,False,"[0.7549329011849845, 0.5319168434853448, 131.09634693822386, 149.42180696454236, 427.2985429369633, 0.3976978090962649, 0.2707416252529854, 90.1103932028654, -33.68291432450389, 234.8404873279698]"
0.1315916808752347,129.68997321058578,1.0,0.32146156205035437,True,False,"[0.7779306125344132, 0.4918384512116025, 137.75021556146095, 155.95304167445232, 426.61708560776253, 0.40169327262925353, 0.4703746130872084, 84.35934410259209, -42.57341670339293, 240.17141923447795]"
0.13027576406648236,129.68475840596787,1.0,0.0014809684866814443,True,False,"[0.7541097909848585, 0.43148029811942384, 141.1586648371085, 162.0403640479355, 424.6881439905968, 0.4970977747087569, 0.5903467917046874, 91.23523566979364, -43.234806585536376, 233.87196839705794]"
0.12897300642581755,129.47250305499512,1.0,0.42412762077324784,True,False,"[0.6218520857234067, 0.4424361399110455, 140.58612048567352, 154.0297361324812, 414.9217696185771, 0.5611102215383593, 0.7054077273115682, 82.91571667747547, -45.11543444892825, 244.04616213048575]"
0.12768327636155938,129.4801166938392,0.9421138989123742,0.7089903988516248,True,False,"[0.5576322556737495, 0.30428572445066615, 137.00392424073877, 137.17905295074962, 422.45372851555214, 0.5614046596927369, 0.7556447917258441, 80.29743769539773, -56.14846660906844, 247.89678556793032]"
0.12640644359794379,129.4801166938392,0.6443990075648788,0.75558183979529,False,False,"[0.5576322556737495, 0.30428572445066615, 137.00392424073877, 137.17905295074962, 422.45372851555214, 0.5614046596927369, 0.7556447917258441, 80.29743769539773, -56.14846660906844, 247.89678556793032]"
0.12514237916196436,129.4801166938392,0.1568254837186556,0.47657846863096787,False,False,"[0.5576322556737495, 0.30428572445066615, 137.00392424073877, 137.17905295074962, 422.45372851555214, 0.5614046596927369, 0.7556447917258441, 80.29743769539773, -56.14846660906844, 247.89678556793032]"
0.12389095537034471,129.4801166938392,0.20842224784447996,0.6970615230969499,False,False,"[0.5576322556737495, 0.30428572445066615, 137.00392424073877, 137.17905295074962, 422.45372851555214, 0.5614046596927369, 0.7556447917258441, 80.29743769539773, -56.14846660906844, 247.89678556793032]"
0.12265204581664126,129.4801166938392,0.3128819781842981,0.4275157698723363,False,False,"[0.5576322556737495, 0.30428572445066615, 137.00392424073877, 137.17905295074962, 422.45372851555214, 0.5614046596927369, 0.7556447917258441, 80.29743769539773, -56.14846660906844, 247.89678556793032]"
0.12142552535847484,129.3881021683342,1.0,0.7745808332495323,True,False,"[0.4204618856895964, 0.21991222603483734, 136.29243610798542, 139.58819641874047, 418.938390090502, 0.6056997951213996, 0.6619650115925311, 76.28136356000363, -64.62268776820714, 254.3969576770698]"
0.12021127010489009,129.3881021683342,0.23632548047529603,0.7890868759914011,False,False,"[0.4204618856895964, 0.21991222603483734, 136.29243610798542, 139.58819641874047, 418.938390090502, 0.6056997951213996, 0.6619650115925311, 76.28136356000363, -64.62268776820714, 254.3969576770698]"
0.11900915740384119,128.99538298047554,1.0,0.41593975274667927,True,False,"[0.43808158441081135, 0.26740384681425267, 135.1736295881293, 145.40783896035447, 420.0285928100853, 0.49305681458134126, 0.6644980529904881, 77.85040918034461, -83.13751976534186, 243.65904172026842]"
0.11781906582980277,128.9780805194039,1.0,0.24260297805294828,True,False,"[0.28800494122861264, 0.18228018368401872, 137.78030749260466, 148.5164028165406, 421.4117534811004, 0.689744281505025, 0.6583962610909987, 77.14970564716509, -87.6835961447145, 242.6617783802929]"
0.11664087517150475,128.9780805194039,0.14817886315999065,0.29263057843160356,False,False,"[0.28800494122861264, 0.18228018368401872, 137.78030749260466, 148.5164028165406, 421.4117534811004, 0.689744281505025, 0.6583962610909987, 77.14970564716509, -87.6835961447145, 242.6617783802929]"
0.1154744664197897,128.9780805194039,0.22322698129348348,0.7059756679192635,False,False,"[0.28800494122861264, 0.18228018368401872, 137.78030749260466, 148.5164028165406, 421.4117534811004, 0.689744281505025, 0.6583962610909987, 77.14970564716509, -87.6835961447145, 242.6617783802929]"
0.1143197217555918,128.9780805194039,0.017710222565267164,0.3231161789675122,False,False,"[0.28800494122861264, 0.18228018368401872, 137.78030749260466, 148.5164028165406, 421.4117534811004, 0.689744281505025, 0.6583962610909987, 77.14970564716509, -87.6835961447145, 242.6617783802929]"
0.11317652453803588,128.9780805194039,0.1744794294291757,0.4655164572268705,False,False,"[0.28800494122861264, 0.18228018368401872, 137.78030749260466, 148.5164028165406, 421.4117534811004, 0.689744281505025, 0.6583962610909987, 77.14970564716509, -87.6835961447145, 242.6617783802929]"
0.11204475929265552,128.67281016170128,1.0,0.6113426150728222,True,False,"[0.5005687914061513, 0.28795012027420525, 133.24225928002116, 153.37426281100784, 424.0898943803387, 0.6016065699672909, 0.5280399071807221, 78.264493417196, -89.31556952916203, 232.1926570101214]"
0.11092431169972897,128.7906587927268,0.3456170805007053,0.00666453314738269,True,False,"[0.3459803991228092, 0.2728135323088025, 123.32453333080957, 143.7567744646781, 424.6548974872561, 0.5884652691904962, 0.43106343929317414, 79.55334355441948, -88.65924798992513, 223.7718243561107]"
0.10981506858273167,128.7906587927268,0.34965187221274174,0.4192755881189155,False,False,"[0.3459803991228092, 0.2728135323088025, 123.32453333080957, 143.7567744646781, 424.6548974872561, 0.5884652691904962, 0.43106343929317414, 79.55334355441948, -88.65924798992513, 223.7718243561107]"
0.10871691789690435,128.7906587927268,0.5249540675801136,0.8124022133251372,False,False,"[0.3459803991228092, 0.2728135323088025, 123.32453333080957, 143.7567744646781, 424.6548974872561, 0.5884652691904962, 0.43106343929317414, 79.55334355441948, -88.65924798992513, 223.7718243561107]"
0.1076297487179353,128.7906587927268,0.05857159177654949,0.4079588648038238,False,False,"[0.3459803991228092, 0.2728135323088025, 123.32453333080957, 143.7567744646781, 424.6548974872561, 0.5884652691904962, 0.43106343929317414, 79.55334355441948, -88.65924798992513, 223.7718243561107]"
0.10655345123075595,128.7906587927268,0.13857334919622713,0.3152230676057165,False,False,"[0.3459803991228092, 0.2728135323088025, 123.32453333080957, 143.7567744646781, 424.6548974872561, 0.5884652691904962, 0.43106343929317414, 79.55334355441948, -88.65924798992513, 223.7718243561107]"
0.10548791671844839,128.7906587927268,0.0037449271624706475,0.7743762582297621,False,False,"[0.3459803991228092, 0.2728135323088025, 123.32453333080957, 143.7567744646781, 424.6548974872561, 0.5884652691904962, 0.43106343929317414, 79.55334355441948, -88.65924798992513, 223.7718243561107]"
0.1044330375512639,128.6665917724951,1.0,0.21285386246125948,True,False,"[0.49830056692090996, 0.08572087188894756, 128.76668430659598, 130.60239046133498, 422.9407884980712, 0.5112887655959379, 0.6091856728715475, 74.91292829491158, -83.02416543711335, 221.05817909242379]"
0.10338870717575126,128.6665917724951,0.019147744550570854,0.4124607061925206,False,False,"[0.49830056692090996, 0.08572087188894756, 128.76668430659598, 130.60239046133498, 422.9407884980712, 0.5112887655959379, 0.6091856728715475, 74.91292829491158, -83.02416543711335, 221.05817909242379]"
0.10235482010399374,128.6665917724951,0.10478808529586872,0.4281104636032913,False,False,"[0.49830056692090996, 0.08572087188894756, 128.76668430659598, 130.60239046133498, 422.9407884980712, 0.5112887655959379, 0.6091856728715475, 74.91292829491158, -83.02416543711335, 221.05817909242379]"
0.10133127190295381,128.6665917724951,0.09331971108091594,0.5856808798115513,False,False,"[0.49830056692090996, 0.08572087188894756, 128.76668430659598, 130.60239046133498, 422.9407884980712, 0.5112887655959379, 0.6091856728715475, 74.91292829491158, -83.02416543711335, 221.05817909242379]"
0.10031795918392428,128.6665917724951,0.016113492889340497,0.6412704016473079,False,False,"[0.49830056692090996, 0.08572087188894756, 128.76668430659598, 130.60239046133498, 422.9407884980712, 0.5112887655959379, 0.6091856728715475, 74.91292829491158, -83.02416543711335, 221.05817909242379]"
0.09931477959208504,128.6665917724951,0.3364548310239672,0.8841649110848264,False,False,"[0.49830056692090996, 0.08572087188894756, 128.76668430659598, 130.60239046133498, 422.9407884980712, 0.5112887655959379, 0.6091856728715475, 74.91292829491158, -83.02416543711335, 221.05817909242379]"
0.09832163179616418,128.6665917724951,0.0010998566497557958,0.24087840771190416,False,False,"[0.49830056692090996, 0.08572087188894756, 128.76668430659598, 130.60239046133498, 422.9407884980712, 0.5112887655959379, 0.6091856728715475, 74.91292829491158, -83.02416543711335, 221.05817909242379]"
0.09733841547820254,128.71621457879098,0.6006176515999946,0.36834027206453335,True,False,"[0.4195210270021569, 0.12827315092443847, 121.67038096753762, 125.00433144865262, 415.74425848584576, 0.4300290973436968, 0.6354961192606798, 76.63193786040222, -82.39389024361724, 221.51988780224966]"
0.09636503132342052,128.65236716326623,1.0,0.6451236359679955,True,False,"[0.47199511135276007, 0.16023404741962927, 123.63874841838637, 120.99047800766337, 419.2074747114781, 0.4123741926264863, 0.7697144185424697, 76.0526176219124, -84.95797882422885, 220.86141597992608]"
0.0954013810101863,128.65894228867606,0.933400740339076,0.9210189596274604,True,False,"[0.38676166197821926, 0.13235611821461146, 122.31882037739523, 120.21369985549387, 415.647532600378, 0.603007165663608, 0.7361173509674758, 80.00083908649724, -86.36090046279176, 216.17231515253692]"
0.09444736720008444,128.7986899963429,0.22772060444693873,0.17646481614305054,True,False,"[0.5382783252506718, 0.08030571632430994, 124.74646129262132, 122.78492615549416, 420.9038323000299, 0.6660300069869114, 0.7818449644703762, 78.67339995838562, -77.09229483160614, 212.06213264234032]"
0.0935028935280836,128.7986899963429,0.4310151724112458,0.9923772037435146,False,False,"[0.5382783252506718, 0.08030571632430994, 124.74646129262132, 122.78492615549416, 420.9038323000299, 0.6660300069869114, 0.7818449644703762, 78.67339995838562, -77.09229483160614, 212.06213264234032]"
0.09256786459280275,128.7986899963429,0.07569414195883034,0.8819096464275524,False,False,"[0.5382783252506718, 0.08030571632430994, 124.74646129262132, 122.78492615549416, 420.9038323000299, 0.6660300069869114, 0.7818449644703762, 78.67339995838562, -77.09229483160614, 212.06213264234032]"
0.09164218594687472,128.6329901026648,1.0,0.4155790619494011,True,False,"[0.574927785364729, 0.09376709101556098, 117.22567302822192, 128.8449504518418, 421.7935016496315, 0.4667727881944195, 0.6006745672068903, 79.18806361023574, -79.63366898327425, 209.42012760403668]"
0.09072576408740597,128.7245115917859,0.36466700304397853,0.10424185876557956,True,False,"[0.7484945597525927, 0.11035388943945663, 119.12435102722891, 137.23411876646264, 421.9348650026655, 0.36407897567316094, 0.5465551827500135, 81.8734592505886, -84.37781171287568, 214.4538670012391]"
0.08981850644653191,128.7245115917859,0.013122800444222177,0.8653686583919373,False,False,"[0.7484945597525927, 0.11035388943945663, 119.12435102722891, 137.23411876646264, 421.9348650026655, 0.36407897567316094, 0.5465551827500135, 81.8734592505886, -84.37781171287568, 214.4538670012391]"
0.0889203213820666,128.7245115917859,0.7732491952301078,0.9105955867859328,False,False,"[0.7484945597525927, 0.11035388943945663, 119.12435102722891, 137.23411876646264, 421.9348650026655, 0.36407897567316094, 0.5465551827500135, 81.8734592505886, -84.37781171287568, 214.4538670012391]"
0.08803111816824594,128.7245115917859,0.019301643041296727,0.5005463055891394,False,False,"[0.7484945597525927, 0.11035388943945663, 119.12435102722891, 137.23411876646264, 421.9348650026655, 0.36407897567316094, 0.5465551827500135, 81.8734592505886, -84.37781171287568, 214.4538670012391]"
0.08715080698656348,128.7508090995509,0.7395250289960893,0.48348018547031746,True,False,"[0.7716735645567208, 0.18943791469433735, 117.23779827408939, 134.70672066593428, 422.5830827083563, 0.38072153178819085, 0.5911515232504063, 85.1613193727568, -84.17268090610906, 207.26039789135228]"
0.08627929891669785,128.7508090995509,0.12905617972988617,0.9530152087427819,False,False,"[0.7716735645567208, 0.18943791469433735, 117.23779827408939, 134.70672066593428, 422.5830827083563, 0.38072153178819085, 0.5911515232504063, 85.1613193727568, -84.17268090610906, 207.26039789135228]"
0.08541650592753086,128.7950224424373,0.5959368355781425,0.5647196030903711,True,False,"[0.7165605498037118, 0.2430172116513838, 114.47116424536145, 131.32766886185607, 424.3784516876899, 0.5042810383556746, 0.6550887420214001, 95.98084980152186, -92.7606546261832, 208.99394419479705]"
0.08456234086825555,128.7950224424373,0.19645322692574618,0.49201763358021744,False,False,"[0.7165605498037118, 0.2430172116513838, 114.47116424536145, 131.32766886185607, 424.3784516876899, 0.5042810383556746, 0.6550887420214001, 95.98084980152186, -92.7606546261832, 208.99394419479705]"
0.083716717459573,128.7950224424373,0.09754826105217658,0.1945868191188863,False,False,"[0.7165605498037118, 0.2430172116513838, 114.47116424536145, 131.32766886185607, 424.3784516876899, 0.5042810383556746, 0.6550887420214001, 95.98084980152186, -92.7606546261832, 208.99394419479705]"
0.08287955028497727,128.7950224424373,0.7368834715483686,0.9262345021195666,False,False,"[0.7165605498037118, 0.2430172116513838, 114.47116424536145, 131.32766886185607, 424.3784516876899, 0.5042810383556746, 0.6550887420214001, 95.98084980152186, -92.7606546261832, 208.99394419479705]"
0.0820507547821275,128.7950224424373,0.1300129929657583,0.6607721166407838,False,False,"[0.7165605498037118, 0.2430172116513838, 114.47116424536145, 131.32766886185607, 424.3784516876899, 0.5042810383556746, 0.6550887420214001, 95.98084980152186, -92.7606546261832, 208.99394419479705]"
0.08123024723430623,128.6825875476235,1.0,0.6638585846210592,True,False,"[0.6510372259752705, 0.2409770312156401, 108.75603254403191, 119.23429646668603, 426.15450280925296, 0.46781188917981187, 0.5493155285637099, 93.69140051446101, -99.28600199290133, 214.81829106871615]"
0.08041794476196316,128.6825875476235,0.7546313587455944,0.919002668619169,False,False,"[0.6510372259752705, 0.2409770312156401, 108.75603254403191, 119.23429646668603, 426.15450280925296, 0.46781188917981187, 0.5493155285637099, 93.69140051446101, -99.28600199290133, 214.81829106871615]"
0.07961376531434353,128.6825875476235,0.025626054105955882,0.5108974639088386,False,False,"[0.6510372259752705, 0.2409770312156401, 108.75603254403191, 119.23429646668603, 426.15450280925296, 0.46781188917981187, 0.5493155285637099, 93.69140051446101, -99.28600199290133, 214.81829106871615]"
0.0788176276612001,128.6825875476235,0.0007485033475551993,0.641872470819218,False,False,"[0.6510372259752705, 0.2409770312156401, 108.75603254403191, 119.23429646668603, 426.15450280925296, 0.46781188917981187, 0.5493155285637099, 93.69140051446101, -99.28600199290133, 214.81829106871615]"
0.0780294513845881,128.68582814112415,0.959320181734195,0.9281674157432759,True,False,"[0.5571465810821341, 0.22063600533000022, 104.77970566404288, 121.06286803981905, 416.54207520477655, 0.43585753676008443, 0.47044652935369136, 96.31991471272356, -95.44257978198475, 210.9942350575217]"
0.07724915687074221,128.68582814112415,0.05044402084386227,0.19001340556296897,False,False,"[0.5571465810821341, 0.22063600533000022, 104.77970566404288, 121.06286803981905, 416.54207520477655, 0.43585753676008443, 0.47044652935369136, 96.31991471272356, -95.44257978198475, 210.9942350575217]"
0.07647666530203479,128.68582814112415,0.004828629435007606,0.4653956740103339,False,False,"[0.5571465810821341, 0.22063600533000022, 104.77970566404288, 121.06286803981905, 416.54207520477655, 0.43585753676008443, 0.47044652935369136, 96.31991471272356, -95.44257978198475, 210.9942350575217]"
0.07571189864901444,128.68582814112415,0.03230559861812649,0.9828865061546724,False,False,"[0.5571465810821341, 0.22063600533000022, 104.77970566404288, 121.06286803981905, 416.54207520477655, 0.43585753676008443, 0.47044652935369136, 96.31991471272356, -95.44257978198475, 210.9942350575217]"
0.0749547796625243,128.68582814112415,0.8513286750091864,0.8908190910326231,False,False,"[0.5571465810821341, 0.22063600533000022, 104.77970566404288, 121.06286803981905, 416.54207520477655, 0.43585753676008443, 0.47044652935369136, 96.31991471272356, -95.44257978198475, 210.9942350575217]"
0.07420523186589906,128.60908491864922,1.0,0.0762494334808439,True,False,"[0.5442437522801749, 0.10951131596734864, 105.24132526290498, 120.78433504820936, 409.4014357495131, 0.41272452043272745, 0.4629309787218723, 103.55950959737535, -101.3867806538623, 204.97319603055638]"
0.07346317954724006,128.60908491864922,0.010838306518694446,0.035947959838452115,False,False,"[0.5442437522801749, 0.10951131596734864, 105.24132526290498, 120.78433504820936, 409.4014357495131, 0.41272452043272745, 0.4629309787218723, 103.55950959737535, -101.3867806538623, 204.97319603055638]"
0.07272854775176767,128.60908491864922,0.4206760913532696,0.9934876250500341,False,False,"[0.5442437522801749, 0.10951131596734864, 105.24132526290498, 120.78433504820936, 409.4014357495131, 0.41272452043272745, 0.4629309787218723, 103.55950959737535, -101.3867806538623, 204.97319603055638]"
0.07200126227425,128.60908491864922,0.04968726444722451,0.6062310953377814,False,False,"[0.5442437522801749, 0.10951131596734864, 105.24132526290498, 120.78433504820936, 409.4014357495131, 0.41272452043272745, 0.4629309787218723, 103.55950959737535, -101.3867806538623, 204.97319603055638]"
0.07128124965150749,128.6077856826271,1.0,0.5281944851077854,True,False,"[0.5007420917817927, 0.3130936502121505, 101.0127579332261, 109.67910131587219, 415.7955616830305, 0.4421604772239389, 0.514303339338305, 101.39049326686093, -96.7025466442939, 200.50802407606812]"
0.07056843715499242,128.61344646872018,0.9229160810393068,0.788285313048323,True,False,"[0.48005158623221794, 0.341481118224323, 97.29323539580223, 100.91886226662601, 414.78677062603714, 0.46975451011982045, 0.5308196032741315, 107.95070980419437, -99.8986665316098, 197.2408413150367]"
0.06986275278344249,128.61344646872018,0.0015578606937121531,0.0329060516280244,False,False,"[0.48005158623221794, 0.341481118224323, 97.29323539580223, 100.91886226662601, 414.78677062603714, 0.46975451011982045, 0.5308196032741315, 107.95070980419437, -99.8986665316098, 197.2408413150367]"
0.06916412525560807,128.61344646872018,0.0006320701123194722,0.367187831370013,False,False,"[0.48005158623221794, 0.341481118224323, 97.29323539580223, 100.91886226662601, 414.78677062603714, 0.46975451011982045, 0.5308196032741315, 107.95070980419437, -99.8986665316098, 197.2408413150367]"
0.06847248400305199,128.61344646872018,0.00014257926403768057,0.16075428245207368,False,False,"[0.48005158623221794, 0.341481118224323, 97.29323539580223, 100.91886226662601, 414.78677062603714, 0.46975451011982045, 0.5308196032741315, 107.95070980419437, -99.8986665316098, 197.2408413150367]"
0.06778775916302147,128.52686449758977,1.0,0.590061616864758,True,False,"[0.5114583887254959, 0.2653595889816593, 93.5038157917503, 100.98226831974225, 427.23193515865296, 0.433163790507223, 0.6204351300416768, 100.03920695259146, -102.76548348491244, 205.52297302654767]"
0.06710988157139126,128.52686449758977,0.01764215352547383,0.8837740547749766,False,False,"[0.5114583887254959, 0.2653595889816593, 93.5038157917503, 100.98226831974225, 427.23193515865296, 0.433163790507223, 0.6204351300416768, 100.03920695259146, -102.76548348491244, 205.52297302654767]"
0.06643878275567736,128.52686449758977,0.004876926016066444,0.8215569670124939,False,False,"[0.5114583887254959, 0.2653595889816593, 93.5038157917503, 100.98226831974225, 427.23193515865296, 0.433163790507223, 0.6204351300416768, 100.03920695259146, -102.76548348491244, 205.52297302654767]"
0.06577439492812058,128.52686449758977,0.016876591151061698,0.6131957611242015,False,False,"[0.5114583887254959, 0.2653595889816593, 93.5038157917503, 100.98226831974225, 427.23193515865296, 0.433163790507223, 0.6204351300416768, 100.03920695259146, -102.76548348491244, 205.52297302654767]"
0.06511665097883937,128.52686449758977,0.058235548374019036,0.7599965778853867,False,False,"[0.5114583887254959, 0.2653595889816593, 93.5038157917503, 100.98226831974225, 427.23193515865296, 0.433163790507223, 0.6204351300416768, 100.03920695259146, -102.76548348491244, 205.52297302654767]"
0.06446548446905097,128.5317111389821,0.9275746906670013,0.5300095941626123,True,False,"[0.47466041930172675, 0.24652501617339895, 93.68207350538576, 94.14021301768763, 426.2328622932457, 0.40313739989044206, 0.8501348029926207, 97.2343017641515, -101.51982803448429, 207.78430466845626]"
0.06382082962436046,128.5317111389821,0.05377843916276872,0.8913618940868578,False,False,"[0.47466041930172675, 0.24652501617339895, 93.68207350538576, 94.14021301768763, 426.2328622932457, 0.40313739989044206, 0.8501348029926207, 97.2343017641515, -101.51982803448429, 207.78430466845626]"
0.06318262132811686,128.5317111389821,0.024193899003865923,0.08441604910415157,False,False,"[0.47466041930172675, 0.24652501617339895, 93.68207350538576, 94.14021301768763, 426.2328622932457, 0.40313739989044206, 0.8501348029926207, 97.2343017641515, -101.51982803448429, 207.78430466845626]"
0.06255079511483569,128.5317111389821,0.008646963213111975,0.11896069596012404,False,False,"[0.47466041930172675, 0.24652501617339895, 93.68207350538576, 94.14021301768763, 426.2328622932457, 0.40313739989044206, 0.8501348029926207, 97.2343017641515, -101.51982803448429, 207.78430466845626]"
0.06192528716368733,128.5317111389821,0.027302361027500714,0.6029419383443615,False,False,"[0.47466041930172675, 0.24652501617339895, 93.68207350538576, 94.14021301768763, 426.2328622932457, 0.40313739989044206, 0.8501348029926207, 97.2343017641515, -101.51982803448429, 207.78430466845626]"
0.061306034292050456,128.5317111389821,0.0003037982325303224,0.33112241522242924,False,False,"[0.47466041930172675, 0.24652501617339895, 93.68207350538576, 94.14021301768763, 426.2328622932457, 0.40313739989044206, 0.8501348029926207, 97.2343017641515, -101.51982803448429, 207.78430466845626]"
0.06069297394912995,128.5317111389821,0.1534347397955381,0.26281358385360887,False,False,"[0.47466041930172675, 0.24652501617339895, 93.68207350538576, 94.14021301768763, 426.2328622932457, 0.40313739989044206, 0.8501348029926207, 97.2343017641515, -101.51982803448429, 207.78430466845626]"
0.06008604420963865,128.55843934491182,0.6409318292922405,0.46393823409630297,True,False,"[0.4019796186869382, 0.30235805272739097, 91.21606916351362, 94.05358388817965, 426.09676408125205, 0.5162988128320678, 0.7523313868632595, 97.99888924583608, -96.60099497103349, 202.2115080152914]"
0.05948518376754226,128.49881063084774,1.0,0.32812857089351444,True,False,"[0.2612198222147031, 0.14965640672221728, 96.82352588992579, 103.67087256568938, 423.676587276271, 0.45670853712910964, 0.6366373307048397, 91.60923852672005, -96.16422526928093, 205.10339756138268]"
0.05889033192986684,128.49881063084774,0.02513912850830446,0.6183627838784678,False,False,"[0.2612198222147031, 0.14965640672221728, 96.82352588992579, 103.67087256568938, 423.676587276271, 0.45670853712910964, 0.6366373307048397, 91.60923852672005, -96.16422526928093, 205.10339756138268]"
0.058301428610568175,128.49881063084774,8.093516983848484e-05,0.6031141854874987,False,False,"[0.2612198222147031, 0.14965640672221728, 96.82352588992579, 103.67087256568938, 423.676587276271, 0.45670853712910964, 0.6366373307048397, 91.60923852672005, -96.16422526928093, 205.10339756138268]"
0.057718414324462494,128.49881063084774,0.001526018411251041,0.3115126837178719,False,False,"[0.2612198222147031, 0.14965640672221728, 96.82352588992579, 103.67087256568938, 423.676587276271, 0.45670853712910964, 0.6366373307048397, 91.60923852672005, -96.16422526928093, 205.10339756138268]"
0.05714123018121787,128.49881063084774,0.00011101701295268708,0.7384591970201867,False,False,"[0.2612198222147031, 0.14965640672221728, 96.82352588992579, 103.67087256568938, 423.676587276271, 0.45670853712910964, 0.6366373307048397, 91.60923852672005, -96.16422526928093, 205.10339756138268]"
0.05656981787940569,128.49881063084774,0.03219478128276579,0.06715390223433793,False,False,"[0.2612198222147031, 0.14965640672221728, 96.82352588992579, 103.67087256568938, 423.676587276271, 0.45670853712910964, 0.6366373307048397, 91.60923852672005, -96.16422526928093, 205.10339756138268]"
0.05600411970061163,128.49881063084774,0.1004936385545002,0.3336785388354391,False,False,"[0.2612198222147031, 0.14965640672221728, 96.82352588992579, 103.67087256568938, 423.676587276271, 0.45670853712910964, 0.6366373307048397, 91.60923852672005, -96.16422526928093, 205.10339756138268]"
0.05544407850360551,128.49881063084774,5.010388794615886e-05,0.6036077207556879,False,False,"[0.2612198222147031, 0.14965640672221728, 96.82352588992579, 103.67087256568938, 423.676587276271, 0.45670853712910964, 0.6366373307048397, 91.60923852672005, -96.16422526928093, 205.10339756138268]"
0.05488963771856946,128.49881063084774,0.031639694451938184,0.4983697251994763,False,False,"[0.2612198222147031, 0.14965640672221728, 96.82352588992579, 103.67087256568938, 423.676587276271, 0.45670853712910964, 0.6366373307048397, 91.60923852672005, -96.16422526928093, 205.10339756138268]"
0.054340741341383766,128.49881063084774,0.004380436393371755,0.05098388099828455,False,False,"[0.2612198222147031, 0.14965640672221728, 96.82352588992579, 103.67087256568938, 423.676587276271, 0.45670853712910964, 0.6366373307048397, 91.60923852672005, -96.16422526928093, 205.10339756138268]"
0.053797333927969926,128.49881063084774,0.07549847314015184,0.09971114513482127,False,False,"[0.2612198222147031, 0.14965640672221728, 96.82352588992579, 103.67087256568938, 423.676587276271, 0.45670853712910964, 0.6366373307048397, 91.60923852672005, -96.16422526928093, 205.10339756138268]"
0.05325936058869023,128.49881063084774,8.61183616621121e-06,0.7018378458251524,False,False,"[0.2612198222147031, 0.14965640672221728, 96.82352588992579, 103.67087256568938, 423.676587276271, 0.45670853712910964, 0.6366373307048397, 91.60923852672005, -96.16422526928093, 205.10339756138268]"
0.052726766982803326,128.49881063084774,6.773292632503983e-05,0.4643686748794882,False,False,"[0.2612198222147031, 0.14965640672221728, 96.82352588992579, 103.67087256568938, 423.676587276271, 0.45670853712910964, 0.6366373307048397, 91.60923852672005, -96.16422526928093, 205.10339756138268]"
0.052199499312975295,128.49881063084774,0.00011437450203558572,0.6642468292888513,False,False,"[0.2612198222147031, 0.14965640672221728, 96.82352588992579, 103.67087256568938, 423.676587276271, 0.45670853712910964, 0.6366373307048397, 91.60923852672005, -96.16422526928093, 205.10339756138268]"
0.05167750431984554,128.49881063084774,0.5280005391005649,0.9283042063148906,False,False,"[0.2612198222147031, 0.14965640672221728, 96.82352588992579, 103.67087256568938, 423.676587276271, 0.45670853712910964, 0.6366373307048397, 91.60923852672005, -96.16422526928093, 205.10339756138268]"
0.05116072927664708,128.49881063084774,0.014220920419792093,0.4612374678614519,False,False,"[0.2612198222147031, 0.14965640672221728, 96.82352588992579, 103.67087256568938, 423.676587276271, 0.45670853712910964, 0.6366373307048397, 91.60923852672005, -96.16422526928093, 205.10339756138268]"
0.050649121983880614,128.49881063084774,1.7348699679407064e-05,0.6555963127810883,False,False,"[0.2612198222147031, 0.14965640672221728, 96.82352588992579, 103.67087256568938, 423.676587276271, 0.45670853712910964, 0.6366373307048397, 91.60923852672005, -96.16422526928093, 205.10339756138268]"
0.05014263076404181,128.49881063084774,0.0017011302192813892,0.2396608614216751,False,False,"[0.2612198222147031, 0.14965640672221728, 96.82352588992579, 103.67087256568938, 423.676587276271, 0.45670853712910964, 0.6366373307048397, 91.60923852672005, -96.16422526928093, 205.10339756138268]"
0.04964120445640139,128.49881063084774,0.07167640769360872,0.4454672689996432,False,False,"[0.2612198222147031, 0.14965640672221728, 96.82352588992579, 103.67087256568938, 423.676587276271, 0.45670853712910964, 0.6366373307048397, 91.60923852672005, -96.16422526928093, 205.10339756138268]"
0.049144792411837376,128.49881063084774,0.022792024417172718,0.8047059071497671,False,False,"[0.2612198222147031, 0.14965640672221728, 96.82352588992579, 103.67087256568938, 423.676587276271, 0.45670853712910964, 0.6366373307048397, 91.60923852672005, -96.16422526928093, 205.10339756138268]"
0.048653344487719005,128.49881063084774,0.06299832901748073,0.2021116526581045,False,False,"[0.2612198222147031, 0.14965640672221728, 96.82352588992579, 103.67087256568938, 423.676587276271, 0.45670853712910964, 0.6366373307048397, 91.60923852672005, -96.16422526928093, 205.10339756138268]"
0.04816681104284182,128.52078232197417,0.633713505932024,0.2939449234212488,True,False,"[0.33105192162949504, 0.30329822988141686, 90.40805870267509, 103.08216683991151, 415.315239071051, 0.569590746074055, 0.5414729993943955, 95.16748004188412, -99.41803204534806, 207.07698273936995]"
0.047685142932413396,128.45630478172924,1.0,0.14159086955114297,True,False,"[0.4395498337335432, 0.21810495445441025, 97.86247509353049, 104.84568048611688, 420.70782739308555, 0.525621418766531, 0.5516516484875212, 93.97575439552979, -95.82582492882403, 199.57830321835553]"
0.047208291503089264,128.45630478172924,1.174884684451746e-05,0.4978404054475579,False,False,"[0.4395498337335432, 0.21810495445441025, 97.86247509353049, 104.84568048611688, 420.70782739308555, 0.525621418766531, 0.5516516484875212, 93.97575439552979, -95.82582492882403, 199.57830321835553]"
0.046736208588058374,128.45630478172924,0.05327101442006631,0.7617946007612019,False,False,"[0.4395498337335432, 0.21810495445441025, 97.86247509353049, 104.84568048611688, 420.70782739308555, 0.525621418766531, 0.5516516484875212, 93.97575439552979, -95.82582492882403, 199.57830321835553]"
0.04626884650217779,128.45630478172924,0.0009182041834282466,0.4892388563417849,False,False,"[0.4395498337335432, 0.21810495445441025, 97.86247509353049, 104.84568048611688, 420.70782739308555, 0.525621418766531, 0.5516516484875212, 93.97575439552979, -95.82582492882403, 199.57830321835553]"
0.04580615803715601,128.45630478172924,0.07243810254551812,0.5764169645132851,False,False,"[0.4395498337335432, 0.21810495445441025, 97.86247509353049, 104.84568048611688, 420.70782739308555, 0.525621418766531, 0.5516516484875212, 93.97575439552979, -95.82582492882403, 199.57830321835553]"
0.04534809645678445,128.45630478172924,0.00565970515262822,0.597095168172611,False,False,"[0.4395498337335432, 0.21810495445441025, 97.86247509353049, 104.84568048611688, 420.70782739308555, 0.525621418766531, 0.5516516484875212, 93.97575439552979, -95.82582492882403, 199.57830321835553]"
0.04489461549221661,128.45630478172924,0.06238489168019626,0.3954529818083453,False,False,"[0.4395498337335432, 0.21810495445441025, 97.86247509353049, 104.84568048611688, 420.70782739308555, 0.525621418766531, 0.5516516484875212, 93.97575439552979, -95.82582492882403, 199.57830321835553]"
0.04444566933729444,128.45630478172924,2.647546412472531e-06,0.8559491723309579,False,False,"[0.4395498337335432, 0.21810495445441025, 97.86247509353049, 104.84568048611688, 420.70782739308555, 0.525621418766531, 0.5516516484875212, 93.97575439552979, -95.82582492882403, 199.57830321835553]"
0.0440012126439215,128.45630478172924,0.05030197465619725,0.9530904607920405,False,False,"[0.4395498337335432, 0.21810495445441025, 97.86247509353049, 104.84568048611688, 420.70782739308555, 0.525621418766531, 0.5516516484875212, 93.97575439552979, -95.82582492882403, 199.57830321835553]"
0.04356120051748228,128.45630478172924,0.0002751512372290539,0.45594784606030425,False,False,"[0.4395498337335432, 0.21810495445441025, 97.86247509353049, 104.84568048611688, 420.70782739308555, 0.525621418766531, 0.5516516484875212, 93.97575439552979, -95.82582492882403, 199.57830321835553]"
0.04312558851230746,128.45630478172924,0.001467915700857046,0.3687227836046959,False,False,"[0.4395498337335432, 0.21810495445441025, 97.86247509353049, 104.84568048611688, 420.70782739308555, 0.525621418766531, 0.5516516484875212, 93.97575439552979, -95.82582492882403, 199.57830321835553]"
0.04269433262718438,128.45630478172924,2.0544566830470036e-06,0.47705952205938407,False,False,"[0.4395498337335432, 0.21810495445441025, 97.86247509353049, 104.84568048611688, 420.70782739308555, 0.525621418766531, 0.5516516484875212, 93.97575439552979, -95.82582492882403, 199.57830321835553]"
0.04226738930091254,128.45630478172924,0.00618906788696472,0.1327844550909577,False,False,"[0.4395498337335432, 0.21810495445441025, 97.86247509353049, 104.84568048611688, 420.70782739308555, 0.525621418766531, 0.5516516484875212, 93.97575439552979, -95.82582492882403, 199.57830321835553]"
0.04184471540790342,128.43059642436162,1.0,0.0969196436890658,True,False,"[0.3892818966709354, 0.42154057236941816, 99.05055487808006, 114.93165011015148, 421.14330556973437, 0.5929098280639618, 0.8024652325830339, 98.24791018628845, -100.22117989197783, 204.3792938629892]"
0.04142626825382438,128.43059642436162,4.122641654453403e-06,0.24255823920068997,False,False,"[0.3892818966709354, 0.42154057236941816, 99.05055487808006, 114.93165011015148, 421.14330556973437, 0.5929098280639618, 0.8024652325830339, 98.24791018628845, -100.22117989197783, 204.3792938629892]"
0.041012005571286134,128.43059642436162,0.00021784544096557605,0.5354269886359398,False,False,"[0.3892818966709354, 0.42154057236941816, 99.05055487808006, 114.93165011015148, 421.14330556973437, 0.5929098280639618, 0.8024652325830339, 98.24791018628845, -100.22117989197783, 204.3792938629892]"
0.04060188551557327,128.43059642436162,0.0012106523568483289,0.25032848027350896,False,False,"[0.3892818966709354, 0.42154057236941816, 99.05055487808006, 114.93165011015148, 421.14330556973437, 0.5929098280639618, 0.8024652325830339, 98.24791018628845, -100.22117989197783, 204.3792938629892]"
0.04019586666041754,128.43059642436162,0.0031176043464229406,0.9130352017492422,False,False,"[0.3892818966709354, 0.42154057236941816, 99.05055487808006, 114.93165011015148, 421.14330556973437, 0.5929098280639618, 0.8024652325830339, 98.24791018628845, -100.22117989197783, 204.3792938629892]"
0.03979390799381336,128.43059642436162,0.004171802454076889,0.7863191561747037,False,False,"[0.3892818966709354, 0.42154057236941816, 99.05055487808006, 114.93165011015148, 421.14330556973437, 0.5929098280639618, 0.8024652325830339, 98.24791018628845, -100.22117989197783, 204.3792938629892]"
0.03939596891387523,128.43059642436162,0.26909866752621014,0.46820817220437805,False,False,"[0.3892818966709354, 0.42154057236941816, 99.05055487808006, 114.93165011015148, 421.14330556973437, 0.5929098280639618, 0.8024652325830339, 98.24791018628845, -100.22117989197783, 204.3792938629892]"
0.03900200922473648,128.41550447253456,1.0,0.5729094424077081,True,False,"[0.4544600882764285, 0.5318198949288867, 100.57064785583802, 115.19682622607817, 410.8621243365412, 0.5560327752251125, 0.8398508184077902, 100.23457465091707, -99.95328813088167, 206.6708923629712]"
0.03861198913248911,128.41550447253456,0.003125547524449442,0.7494614225469057,False,False,"[0.4544600882764285, 0.5318198949288867, 100.57064785583802, 115.19682622607817, 410.8621243365412, 0.5560327752251125, 0.8398508184077902, 100.23457465091707, -99.95328813088167, 206.6708923629712]"
0.038225869241164216,128.41550447253456,6.875310131366623e-05,0.11995997157193505,False,False,"[0.4544600882764285, 0.5318198949288867, 100.57064785583802, 115.19682622607817, 410.8621243365412, 0.5560327752251125, 0.8398508184077902, 100.23457465091707, -99.95328813088167, 206.6708923629712]"
0.03784361054875257,128.41550447253456,9.568905226911272e-07,0.8518962954583835,False,False,"[0.4544600882764285, 0.5318198949288867, 100.57064785583802, 115.19682622607817, 410.8621243365412, 0.5560327752251125, 0.8398508184077902, 100.23457465091707, -99.95328813088167, 206.6708923629712]"
0.03746517444326505,128.41550447253456,2.3877022866250282e-06,0.762252813756554,False,False,"[0.4544600882764285, 0.5318198949288867, 100.57064785583802, 115.19682622607817, 410.8621243365412, 0.5560327752251125, 0.8398508184077902, 100.23457465091707, -99.95328813088167, 206.6708923629712]"
0.037090522698832395,128.3052512250908,1.0,0.7998981787124759,True,False,"[0.4562413177847322, 0.48006161854409246, 106.98875403366347, 113.97541084465243, 408.50549310015015, 0.5088949672225799, 0.8321846095372355, 98.33173211327869, -101.60471039360309, 201.72132723254313]"
0.036719617471844074,128.3052512250908,0.00032001616980385095,0.27084451919091046,False,False,"[0.4562413177847322, 0.48006161854409246, 106.98875403366347, 113.97541084465243, 408.50549310015015, 0.5088949672225799, 0.8321846095372355, 98.33173211327869, -101.60471039360309, 201.72132723254313]"
0.03635242129712563,128.3052512250908,3.927558351003121e-10,0.6525916005909249,False,False,"[0.4562413177847322, 0.48006161854409246, 106.98875403366347, 113.97541084465243, 408.50549310015015, 0.5088949672225799, 0.8321846095372355, 98.33173211327869, -101.60471039360309, 201.72132723254313]"
0.03598889708415438,128.3052512250908,3.0506430936029703e-10,0.7521039713460377,False,False,"[0.4562413177847322, 0.48006161854409246, 106.98875403366347, 113.97541084465243, 408.50549310015015, 0.5088949672225799, 0.8321846095372355, 98.33173211327869, -101.60471039360309, 201.72132723254313]"
0.035629008113312835,128.3052512250908,8.226952060450073e-06,0.6775636152850899,False,False,"[0.4562413177847322, 0.48006161854409246, 106.98875403366347, 113.97541084465243, 408.50549310015015, 0.5088949672225799, 0.8321846095372355, 98.33173211327869, -101.60471039360309, 201.72132723254313]"
0.035272718032179705,128.3052512250908,0.0023692841821637283,0.7485680951962055,False,False,"[0.4562413177847322, 0.48006161854409246, 106.98875403366347, 113.97541084465243, 408.50549310015015, 0.5088949672225799, 0.8321846095372355, 98.33173211327869, -101.60471039360309, 201.72132723254313]"
0.03491999085185791,128.3052512250908,0.002025469620889759,0.8133771620722368,False,False,"[0.4562413177847322, 0.48006161854409246, 106.98875403366347, 113.97541084465243, 408.50549310015015, 0.5088949672225799, 0.8321846095372355, 98.33173211327869, -101.60471039360309, 201.72132723254313]"
0.03457079094333933,128.3052512250908,1.2931235107286319e-08,0.41171358232864796,False,False,"[0.4562413177847322, 0.48006161854409246, 106.98875403366347, 113.97541084465243, 408.50549310015015, 0.5088949672225799, 0.8321846095372355, 98.33173211327869, -101.60471039360309, 201.72132723254313]"
0.03422508303390594,128.3052512250908,0.0001301682807066973,0.3674355902555255,False,False,"[0.4562413177847322, 0.48006161854409246, 106.98875403366347, 113.97541084465243, 408.50549310015015, 0.5088949672225799, 0.8321846095372355, 98.33173211327869, -101.60471039360309, 201.72132723254313]"
0.03388283220356688,128.3052512250908,0.009235962889023026,0.6462776480557705,False,False,"[0.4562413177847322, 0.48006161854409246, 106.98875403366347, 113.97541084465243, 408.50549310015015, 0.5088949672225799, 0.8321846095372355, 98.33173211327869, -101.60471039360309, 201.72132723254313]"
0.03354400388153121,128.3052512250908,0.00016302401212378275,0.3672303056812618,False,False,"[0.4562413177847322, 0.48006161854409246, 106.98875403366347, 113.97541084465243, 408.50549310015015, 0.5088949672225799, 0.8321846095372355, 98.33173211327869, -101.60471039360309, 201.72132723254313]"
0.0332085638427159,128.3052512250908,0.00027730321826508446,0.8090953550676251,False,False,"[0.4562413177847322, 0.48006161854409246, 106.98875403366347, 113.97541084465243, 408.50549310015015, 0.5088949672225799, 0.8321846095372355, 98.33173211327869, -101.60471039360309, 201.72132723254313]"
0.03287647820428874,128.3052512250908,8.873216791523865e-10,0.8920274611082734,False,False,"[0.4562413177847322, 0.48006161854409246, 106.98875403366347, 113.97541084465243, 408.50549310015015, 0.5088949672225799, 0.8321846095372355, 98.33173211327869, -101.60471039360309, 201.72132723254313]"
0.03254771342224585,128.3052512250908,6.932530628709524e-07,0.7173844939594876,False,False,"[0.4562413177847322, 0.48006161854409246, 106.98875403366347, 113.97541084465243, 408.50549310015015, 0.5088949672225799, 0.8321846095372355, 98.33173211327869, -101.60471039360309, 201.72132723254313]"
0.03222223628802339,128.3052512250908,4.639231951209697e-09,0.9260449882430986,False,False,"[0.4562413177847322, 0.48006161854409246, 106.98875403366347, 113.97541084465243, 408.50549310015015, 0.5088949672225799, 0.8321846095372355, 98.33173211327869, -101.60471039360309, 201.72132723254313]"
0.031900013925143154,128.3052512250908,3.537359822362494e-06,0.5115928142076994,False,False,"[0.4562413177847322, 0.48006161854409246, 106.98875403366347, 113.97541084465243, 408.50549310015015, 0.5088949672225799, 0.8321846095372355, 98.33173211327869, -101.60471039360309, 201.72132723254313]"
0.031581013785891725,128.3052512250908,4.891001495837516e-06,0.3479639053290624,False,False,"[0.4562413177847322, 0.48006161854409246, 106.98875403366347, 113.97541084465243, 408.50549310015015, 0.5088949672225799, 0.8321846095372355, 98.33173211327869, -101.60471039360309, 201.72132723254313]"
0.031265203648032806,128.3052512250908,6.5010081258260535e-06,0.9312815942922376,False,False,"[0.4562413177847322, 0.48006161854409246, 106.98875403366347, 113.97541084465243, 408.50549310015015, 0.5088949672225799, 0.8321846095372355, 98.33173211327869, -101.60471039360309, 201.72132723254313]"
0.030952551611552477,128.3052512250908,4.696386512765454e-05,0.8079729064232432,False,False,"[0.4562413177847322, 0.48006161854409246, 106.98875403366347, 113.97541084465243, 408.50549310015015, 0.5088949672225799, 0.8321846095372355, 98.33173211327869, -101.60471039360309, 201.72132723254313]"
0.030643026095436954,128.3052512250908,0.00024329663237258357,0.7869368490226979,False,False,"[0.4562413177847322, 0.48006161854409246, 106.98875403366347, 113.97541084465243, 408.50549310015015, 0.5088949672225799, 0.8321846095372355, 98.33173211327869, -101.60471039360309, 201.72132723254313]"
0.030336595834482585,128.3052512250908,2.434418178362346e-08,0.8940751715589373,False,False,"[0.4562413177847322, 0.48006161854409246, 106.98875403366347, 113.97541084465243, 408.50549310015015, 0.5088949672225799, 0.8321846095372355, 98.33173211327869, -101.60471039360309, 201.72132723254313]"
0.030033229876137758,128.3052512250908,2.514049787637805e-11,0.2204326967113429,False,False,"[0.4562413177847322, 0.48006161854409246, 106.98875403366347, 113.97541084465243, 408.50549310015015, 0.5088949672225799, 0.8321846095372355, 98.33173211327869, -101.60471039360309, 201.72132723254313]"
0.02973289757737638,128.3052512250908,9.1758032778375e-08,0.5137321677125852,False,False,"[0.4562413177847322, 0.48006161854409246, 106.98875403366347, 113.97541084465243, 408.50549310015015, 0.5088949672225799, 0.8321846095372355, 98.33173211327869, -101.60471039360309, 201.72132723254313]"
0.029435568601602617,128.3052512250908,0.015856415189491692,0.8141268306289701,False,False,"[0.4562413177847322, 0.48006161854409246, 106.98875403366347, 113.97541084465243, 408.50549310015015, 0.5088949672225799, 0.8321846095372355, 98.33173211327869, -101.60471039360309, 201.72132723254313]"
0.029141212915586592,128.3052512250908,1.192323620418572e-12,0.9700896796681842,False,False,"[0.4562413177847322, 0.48006161854409246, 106.98875403366347, 113.97541084465243, 408.50549310015015, 0.5088949672225799, 0.8321846095372355, 98.33173211327869, -101.60471039360309, 201.72132723254313]"
0.028849800786430724,128.3052512250908,1.6375300919344004e-12,0.05354783029506849,False,False,"[0.4562413177847322, 0.48006161854409246, 106.98875403366347, 113.97541084465243, 408.50549310015015, 0.5088949672225799, 0.8321846095372355, 98.33173211327869, -101.60471039360309, 201.72132723254313]"
0.028561302778566416,128.3052512250908,0.00041067073611195424,0.22625968727634327,False,False,"[0.4562413177847322, 0.48006161854409246, 106.98875403366347, 113.97541084465243, 408.50549310015015, 0.5088949672225799, 0.8321846095372355, 98.33173211327869, -101.60471039360309, 201.72132723254313]"
0.028275689750780753,128.3052512250908,0.0034730159936975425,0.461223027878344,False,False,"[0.4562413177847322, 0.48006161854409246, 106.98875403366347, 113.97541084465243, 408.50549310015015, 0.5088949672225799, 0.8321846095372355, 98.33173211327869, -101.60471039360309, 201.72132723254313]"
0.027992932853272947,128.3052512250908,1.0845561620097547e-11,0.30229473871224066,False,False,"[0.4562413177847322, 0.48006161854409246, 106.98875403366347, 113.97541084465243, 408.50549310015015, 0.5088949672225799, 0.8321846095372355, 98.33173211327869, -101.60471039360309, 201.72132723254313]"
0.027713003524740216,128.3052512250908,1.284728662131932e-06,0.6640018781965994,False,False,"[0.4562413177847322, 0.48006161854409246, 106.98875403366347, 113.97541084465243, 408.50549310015015, 0.5088949672225799, 0.8321846095372355, 98.33173211327869, -101.60471039360309, 201.72132723254313]"
0.027435873489492814,128.3052512250908,1.1981680983435386e-08,0.3499801752132221,False,False,"[0.4562413177847322, 0.48006161854409246, 106.98875403366347, 113.97541084465243, 408.50549310015015, 0.5088949672225799, 0.8321846095372355, 98.33173211327869, -101.60471039360309, 201.72132723254313]"
0.027161514754597885,128.3052512250908,1.2469854943916372e-05,0.5264225857349822,False,False,"[0.4562413177847322, 0.48006161854409246, 106.98875403366347, 113.97541084465243, 408.50549310015015, 0.5088949672225799, 0.8321846095372355, 98.33173211327869, -101.60471039360309, 201.72132723254313]"
0.026889899607051907,128.3052512250908,4.118471282703537e-05,0.360965933820917,False,False,"[0.4562413177847322, 0.48006161854409246, 106.98875403366347, 113.97541084465243, 408.50549310015015, 0.5088949672225799, 0.8321846095372355, 98.33173211327869, -101.60471039360309, 201.72132723254313]"
0.02662100061098139,128.3052512250908,1.1992017318628133e-06,0.2751090832706704,False,False,"[0.4562413177847322, 0.48006161854409246, 106.98875403366347, 113.97541084465243, 408.50549310015015, 0.5088949672225799, 0.8321846095372355, 98.33173211327869, -101.60471039360309, 201.72132723254313]"
0.026354790604871576,128.3052512250908,2.05045747810271e-06,0.33516930863426664,False,False,"[0.4562413177847322, 0.48006161854409246, 106.98875403366347, 113.97541084465243, 408.50549310015015, 0.5088949672225799, 0.8321846095372355, 98.33173211327869, -101.60471039360309, 201.72132723254313]"
0.02609124269882286,128.3052512250908,0.006609010489506826,0.8794031093471449,False,False,"[0.4562413177847322, 0.48006161854409246, 106.98875403366347, 113.97541084465243, 408.50549310015015, 0.5088949672225799, 0.8321846095372355, 98.33173211327869, -101.60471039360309, 201.72132723254313]"
0.025830330271834633,128.3052512250908,3.4612861041397456e-13,0.07756094187652363,False,False,"[0.4562413177847322, 0.48006161854409246, 106.98875403366347, 113.97541084465243, 408.50549310015015, 0.5088949672225799, 0.8321846095372355, 98.33173211327869, -101.60471039360309, 201.72132723254313]"
0.02557202696911629,128.3052512250908,0.004773667673944421,0.15327281010206328,False,False,"[0.4562413177847322, 0.48006161854409246, 106.98875403366347, 113.97541084465243, 408.50549310015015, 0.5088949672225799, 0.8321846095372355, 98.33173211327869, -101.60471039360309, 201.72132723254313]"
0.025316306699425126,128.3052512250908,1.6127877597570433e-08,0.6274146460048988,False,False,"[0.4562413177847322, 0.48006161854409246, 106.98875403366347, 113.97541084465243, 408.50549310015015, 0.5088949672225799, 0.8321846095372355, 98.33173211327869, -101.60471039360309, 201.72132723254313]"
0.025063143632430875,128.3052512250908,5.38206036002822e-22,0.3243305843387375,False,False,"[0.4562413177847322, 0.48006161854409246, 106.98875403366347, 113.97541084465243, 408.50549310015015, 0.5088949672225799, 0.8321846095372355, 98.33173211327869, -101.60471039360309, 201.72132723254313]"
0.024812512196106567,128.3052512250908,7.758126599107112e-07,0.054643033954503095,False,False,"[0.4562413177847322, 0.48006161854409246, 106.98875403366347, 113.97541084465243, 408.50549310015015, 0.5088949672225799, 0.8321846095372355, 98.33173211327869, -101.60471039360309, 201.72132723254313]"
0.024564387074145502,128.3052512250908,0.00284221751200996,0.9169981192663594,False,False,"[0.4562413177847322, 0.48006161854409246, 106.98875403366347, 113.97541084465243, 408.50549310015015, 0.5088949672225799, 0.8321846095372355, 98.33173211327869, -101.60471039360309, 201.72132723254313]"
0.024318743203404047,128.3052512250908,1.7439528313279489e-09,0.7676133794220773,False,False,"[0.4562413177847322, 0.48006161854409246, 106.98875403366347, 113.97541084465243, 408.50549310015015, 0.5088949672225799, 0.8321846095372355, 98.33173211327869, -101.60471039360309, 201.72132723254313]"
0.024075555771370008,128.3052512250908,4.0347999329866243e-10,0.9870971846167823,False,False,"[0.4562413177847322, 0.48006161854409246, 106.98875403366347, 113.97541084465243, 408.50549310015015, 0.5088949672225799, 0.8321846095372355, 98.33173211327869, -101.60471039360309, 201.72132723254313]"
0.023834800213656308,128.3052512250908,0.0018916722577122904,0.4632612372604552,False,False,"[0.4562413177847322, 0.48006161854409246, 106.98875403366347, 113.97541084465243, 408.50549310015015, 0.5088949672225799, 0.8321846095372355, 98.33173211327869, -101.60471039360309, 201.72132723254313]"
0.023596452211519743,128.3052512250908,0.0019931729319497115,0.9256137867340113,False,False,"[0.4562413177847322, 0.48006161854409246, 106.98875403366347, 113.97541084465243, 408.50549310015015, 0.5088949672225799, 0.8321846095372355, 98.33173211327869, -101.60471039360309, 201.72132723254313]"
0.023360487689404547,128.3052512250908,1.6084489984357156e-10,0.5688945654865659,False,False,"[0.4562413177847322, 0.48006161854409246, 106.98875403366347, 113.97541084465243, 408.50549310015015, 0.5088949672225799, 0.8321846095372355, 98.33173211327869, -101.60471039360309, 201.72132723254313]"
0.0231268828125105,128.3052512250908,4.46311899678076e-09,0.485619707430779,False,False,"[0.4562413177847322, 0.48006161854409246, 106.98875403366347, 113.97541084465243, 408.50549310015015, 0.5088949672225799, 0.8321846095372355, 98.33173211327869, -101.60471039360309, 201.72132723254313]"
0.022895613984385395,128.3052512250908,5.2294167757611355e-05,0.6302933805335479,False,False,"[0.4562413177847322, 0.48006161854409246, 106.98875403366347, 113.97541084465243, 408.50549310015015, 0.5088949672225799, 0.8321846095372355, 98.33173211327869, -101.60471039360309, 201.72132723254313]"
0.02266665784454154,128.3052512250908,7.181205073053917e-06,0.09011060234289447,False,False,"[0.4562413177847322, 0.48006161854409246, 106.98875403366347, 113.97541084465243, 408.50549310015015, 0.5088949672225799, 0.8321846095372355, 98.33173211327869, -101.60471039360309, 201.72132723254313]"
0.022439991266096124,128.3052512250908,2.3107833950478311e-10,0.6667297412100611,False,False,"[0.4562413177847322, 0.48006161854409246, 106.98875403366347, 113.97541084465243, 408.50549310015015, 0.5088949672225799, 0.8321846095372355, 98.33173211327869, -101.60471039360309, 201.72132723254313]"
0.022215591353435163,128.3052512250908,7.395582468273e-12,0.17840340003893895,False,False,"[0.4562413177847322, 0.48006161854409246, 106.98875403366347, 113.97541084465243, 408.50549310015015, 0.5088949672225799, 0.8321846095372355, 98.33173211327869, -101.60471039360309, 201.72132723254313]"
0.021993435439900812,128.3052512250908,1.1911114658148054e-07,0.6865147407355167,False,False,"[0.4562413177847322, 0.48006161854409246, 106.98875403366347, 113.97541084465243, 408.50549310015015, 0.5088949672225799, 0.8321846095372355, 98.33173211327869, -101.60471039360309, 201.72132723254313]"
0.021773501085501804,128.3052512250908,2.3590667979064042e-09,0.4367227187228918,False,False,"[0.4562413177847322, 0.48006161854409246, 106.98875403366347, 113.97541084465243, 408.50549310015015, 0.5088949672225799, 0.8321846095372355, 98.33173211327869, -101.60471039360309, 201.72132723254313]"
0.021555766074646786,128.3052512250908,2.695652682826546e-07,0.2839857787737239,False,False,"[0.4562413177847322, 0.48006161854409246, 106.98875403366347, 113.97541084465243, 408.50549310015015, 0.5088949672225799, 0.8321846095372355, 98.33173211327869, -101.60471039360309, 201.72132723254313]"
0.021340208413900316,128.3052512250908,3.292103481058714e-11,0.025446675495047644,False,False,"[0.4562413177847322, 0.48006161854409246, 106.98875403366347, 113.97541084465243, 408.50549310015015, 0.5088949672225799, 0.8321846095372355, 98.33173211327869, -101.60471039360309, 201.72132723254313]"
0.021126806329761313,128.3052512250908,0.0028029706173422083,0.1836001686933777,False,False,"[0.4562413177847322, 0.48006161854409246, 106.98875403366347, 113.97541084465243, 408.50549310015015, 0.5088949672225799, 0.8321846095372355, 98.33173211327869, -101.60471039360309, 201.72132723254313]"
0.0209155382664637,128.3052512250908,0.0005609936351228037,0.7098045403077446,False,False,"[0.4562413177847322, 0.48006161854409246, 106.98875403366347, 113.97541084465243, 408.50549310015015, 0.5088949672225799, 0.8321846095372355, 98.33173211327869, -101.60471039360309, 201.72132723254313]"
0.02070638288379906,128.3052512250908,9.589964643994874e-15,0.8326950062768447,False,False,"[0.4562413177847322, 0.48006161854409246, 106.98875403366347, 113.97541084465243, 408.50549310015015, 0.5088949672225799, 0.8321846095372355, 98.33173211327869, -101.60471039360309, 201.72132723254313]"
0.02049931905496107,128.3052512250908,1.6339892008008491e-15,0.4669279467180578,False,False,"[0.4562413177847322, 0.48006161854409246, 106.98875403366347, 113.97541084465243, 408.50549310015015, 0.5088949672225799, 0.8321846095372355, 98.33173211327869, -101.60471039360309, 201.72132723254313]"
0.020294325864411458,128.3052512250908,3.234026256773503e-05,0.8096683827418921,False,False,"[0.4562413177847322, 0.48006161854409246, 106.98875403366347, 113.97541084465243, 408.50549310015015, 0.5088949672225799, 0.8321846095372355, 98.33173211327869, -101.60471039360309, 201.72132723254313]"
0.020091382605767344,128.3052512250908,3.0144817137612338e-09,0.5511115275649038,False,False,"[0.4562413177847322, 0.48006161854409246, 106.98875403366347, 113.97541084465243, 408.50549310015015, 0.5088949672225799, 0.8321846095372355, 98.33173211327869, -101.60471039360309, 201.72132723254313]"
0.01989046877970967,128.3052512250908,1.1744729181071648e-08,0.4060240204822142,False,False,"[0.4562413177847322, 0.48006161854409246, 106.98875403366347, 113.97541084465243, 408.50549310015015, 0.5088949672225799, 0.8321846095372355, 98.33173211327869, -101.60471039360309, 201.72132723254313]"
0.019691564091912573,128.3052512250908,6.188118320764532e-06,0.760455906699441,False,False,"[0.4562413177847322, 0.48006161854409246, 106.98875403366347, 113.97541084465243, 408.50549310015015, 0.5088949672225799, 0.8321846095372355, 98.33173211327869, -101.60471039360309, 201.72132723254313]"
0.019494648450993447,128.3052512250908,2.2943479076308557e-07,0.29623897910417263,False,False,"[0.4562413177847322, 0.48006161854409246, 106.98875403366347, 113.97541084465243, 408.50549310015015, 0.5088949672225799, 0.8321846095372355, 98.33173211327869, -101.60471039360309, 201.72132723254313]"
0.019299701966483514,128.3052512250908,0.02322139198575313,0.3021545989698847,False,False,"[0.4562413177847322, 0.48006161854409246, 106.98875403366347, 113.97541084465243, 408.50549310015015, 0.5088949672225799, 0.8321846095372355, 98.33173211327869, -101.60471039360309, 201.72132723254313]"
0.019106704946818678,128.3052512250908,1.4410984752277055e-11,0.23145368720707005,False,False,"[0.4562413177847322, 0.48006161854409246, 106.98875403366347, 113.97541084465243, 408.50549310015015, 0.5088949672225799, 0.8321846095372355, 98.33173211327869, -101.60471039360309, 201.72132723254313]"
0.01891563789735049,128.3052512250908,7.49944272919049e-08,0.4704411258416674,False,False,"[0.4562413177847322, 0.48006161854409246, 106.98875403366347, 113.97541084465243, 408.50549310015015, 0.5088949672225799, 0.8321846095372355, 98.33173211327869, -101.60471039360309, 201.72132723254313]"
0.018726481518376987,128.3052512250908,2.8782374863665136e-10,0.2810027702505432,False,False,"[0.4562413177847322, 0.48006161854409246, 106.98875403366347, 113.97541084465243, 408.50549310015015, 0.5088949672225799, 0.8321846095372355, 98.33173211327869, -101.60471039360309, 201.72132723254313]"
0.018539216703193216,128.3052512250908,0.028781842063115976,0.30810965579724947,False,False,"[0.4562413177847322, 0.48006161854409246, 106.98875403366347, 113.97541084465243, 408.50549310015015, 0.5088949672225799, 0.8321846095372355, 98.33173211327869, -101.60471039360309, 201.72132723254313]"
0.018353824536161283,128.3052512250908,1.6181777053386876e-15,0.6740008047201476,False,False,"[0.4562413177847322, 0.48006161854409246, 106.98875403366347, 113.97541084465243, 408.50549310015015, 0.5088949672225799, 0.8321846095372355, 98.33173211327869, -101.60471039360309, 201.72132723254313]"
0.01817028629079967,128.3052512250908,1.4965380653918523e-21,0.15446325404474048,False,False,"[0.4562413177847322, 0.48006161854409246, 106.98875403366347, 113.97541084465243, 408.50549310015015, 0.5088949672225799, 0.8321846095372355, 98.33173211327869, -101.60471039360309, 201.72132723254313]"
0.017988583427891672,128.3052512250908,3.624772057418869e-18,0.4780748893218867,False,False,"[0.4562413177847322, 0.48006161854409246, 106.98875403366347, 113.97541084465243, 408.50549310015015, 0.5088949672225799, 0.8321846095372355, 98.33173211327869, -101.60471039360309, 201.72132723254313]"
0.017808697593612755,128.3052512250908,1.6252732318257045e-18,0.21368846918602347,False,False,"[0.4562413177847322, 0.48006161854409246, 106.98875403366347, 113.97541084465243, 408.50549310015015, 0.5088949672225799, 0.8321846095372355, 98.33173211327869, -101.60471039360309, 201.72132723254313]"
0.017630610617676627,128.3052512250908,4.4356646476935053e-07,0.6958286548097824,False,False,"[0.4562413177847322, 0.48006161854409246, 106.98875403366347, 113.97541084465243, 408.50549310015015, 0.5088949672225799, 0.8321846095372355, 98.33173211327869, -101.60471039360309, 201.72132723254313]"
0.01745430451149986,128.3052512250908,2.178865123871962e-07,0.457390823100451,False,False,"[0.4562413177847322, 0.48006161854409246, 106.98875403366347, 113.97541084465243, 408.50549310015015, 0.5088949672225799, 0.8321846095372355, 98.33173211327869, -101.60471039360309, 201.72132723254313]"
0.017279761466384862,128.3052512250908,3.779982318300456e-12,0.8852118378369151,False,False,"[0.4562413177847322, 0.48006161854409246, 106.98875403366347, 113.97541084465243, 408.50549310015015, 0.5088949672225799, 0.8321846095372355, 98.33173211327869, -101.60471039360309, 201.72132723254313]"
0.017106963851721012,128.3052512250908,1.481938106824614e-13,0.9688463959761198,False,False,"[0.4562413177847322, 0.48006161854409246, 106.98875403366347, 113.97541084465243, 408.50549310015015, 0.5088949672225799, 0.8321846095372355, 98.33173211327869, -101.60471039360309, 201.72132723254313]"
0.016935894213203802,128.31593466858567,0.5321570549784013,0.1408988728706887,True,False,"[0.42420151115603344, 0.5726718580411558, 102.38020803955537, 101.44635802347497, 401.0612749886099, 0.4364660894792599, 0.8665082227203409, 92.16546553171604, -94.09678707900132, 199.90291709715433]"
0.016766535271071765,128.31593466858567,0.000252106213333614,0.8842248970424521,False,False,"[0.42420151115603344, 0.5726718580411558, 102.38020803955537, 101.44635802347497, 401.0612749886099, 0.4364660894792599, 0.8665082227203409, 92.16546553171604, -94.09678707900132, 199.90291709715433]"
0.016598869918361046,128.31593466858567,3.584561697964831e-09,0.16341664904421316,False,False,"[0.42420151115603344, 0.5726718580411558, 102.38020803955537, 101.44635802347497, 401.0612749886099, 0.4364660894792599, 0.8665082227203409, 92.16546553171604, -94.09678707900132, 199.90291709715433]"
0.016432881219177436,128.31593466858567,0.24172197239114818,0.6527342957227837,False,False,"[0.42420151115603344, 0.5726718580411558, 102.38020803955537, 101.44635802347497, 401.0612749886099, 0.4364660894792599, 0.8665082227203409, 92.16546553171604, -94.09678707900132, 199.90291709715433]"
0.016268552406985663,128.31593466858567,7.67415950082262e-08,0.8441765774287893,False,False,"[0.42420151115603344, 0.5726718580411558, 102.38020803955537, 101.44635802347497, 401.0612749886099, 0.4364660894792599, 0.8665082227203409, 92.16546553171604, -94.09678707900132, 199.90291709715433]"
0.016105866882915806,128.31593466858567,2.9443498074353807e-06,0.726094676150756,False,False,"[0.42420151115603344, 0.5726718580411558, 102.38020803955537, 101.44635802347497, 401.0612749886099, 0.4364660894792599, 0.8665082227203409, 92.16546553171604, -94.09678707900132, 199.90291709715433]"
0.01594480821408665,128.31593466858567,3.048035361533347e-12,0.6693481183118773,False,False,"[0.42420151115603344, 0.5726718580411558, 102.38020803955537, 101.44635802347497, 401.0612749886099, 0.4364660894792599, 0.8665082227203409, 92.16546553171604, -94.09678707900132, 199.90291709715433]"
0.015785360131945782,128.31593466858567,2.432600859761806e-05,0.723893064060497,False,False,"[0.42420151115603344, 0.5726718580411558, 102.38020803955537, 101.44635802347497, 401.0612749886099, 0.4364660894792599, 0.8665082227203409, 92.16546553171604, -94.09678707900132, 199.90291709715433]"
0.015627506530626323,128.31593466858567,9.930782056647918e-17,0.4689074876193562,False,False,"[0.42420151115603344, 0.5726718580411558, 102.38020803955537, 101.44635802347497, 401.0612749886099, 0.4364660894792599, 0.8665082227203409, 92.16546553171604, -94.09678707900132, 199.90291709715433]"
0.01547123146532006,128.31593466858567,4.674920188020501e-07,0.24241863927623875,False,False,"[0.42420151115603344, 0.5726718580411558, 102.38020803955537, 101.44635802347497, 401.0612749886099, 0.4364660894792599, 0.8665082227203409, 92.16546553171604, -94.09678707900132, 199.90291709715433]"
0.01531651915066686,128.31593466858567,0.15813655557528566,0.5057548774523946,False,False,"[0.42420151115603344, 0.5726718580411558, 102.38020803955537, 101.44635802347497, 401.0612749886099, 0.4364660894792599, 0.8665082227203409, 92.16546553171604, -94.09678707900132, 199.90291709715433]"
0.015163353959160191,128.31593466858567,6.682022562912616e-08,0.8336725796430986,False,False,"[0.42420151115603344, 0.5726718580411558, 102.38020803955537, 101.44635802347497, 401.0612749886099, 0.4364660894792599, 0.8665082227203409, 92.16546553171604, -94.09678707900132, 199.90291709715433]"
0.01501172041956859,128.31463907097847,1.0,0.9884860913983531,True,False,"[0.4980930725182585, 0.41993944404719064, 109.12468951208012, 103.30325584278172, 399.92420742899304, 0.5740935052647063, 0.7476266157577479, 89.01208334260053, -94.58769682515583, 199.79881117228962]"
0.014861603215372903,128.31463907097847,9.569343512347451e-07,0.4550509617799081,False,False,"[0.4980930725182585, 0.41993944404719064, 109.12468951208012, 103.30325584278172, 399.92420742899304, 0.5740935052647063, 0.7476266157577479, 89.01208334260053, -94.58769682515583, 199.79881117228962]"
0.014712987183219174,128.31463907097847,9.921764213356725e-12,0.7033559882423152,False,False,"[0.4980930725182585, 0.41993944404719064, 109.12468951208012, 103.30325584278172, 399.92420742899304, 0.5740935052647063, 0.7476266157577479, 89.01208334260053, -94.58769682515583, 199.79881117228962]"
0.014565857311386982,128.31463907097847,0.02887581766912078,0.4728524921877205,False,False,"[0.4980930725182585, 0.41993944404719064, 109.12468951208012, 103.30325584278172, 399.92420742899304, 0.5740935052647063, 0.7476266157577479, 89.01208334260053, -94.58769682515583, 199.79881117228962]"
0.014420198738273111,128.31463907097847,0.016516614758925838,0.12619440267958604,False,False,"[0.4980930725182585, 0.41993944404719064, 109.12468951208012, 103.30325584278172, 399.92420742899304, 0.5740935052647063, 0.7476266157577479, 89.01208334260053, -94.58769682515583, 199.79881117228962]"
0.01427599675089038,128.31463907097847,1.4672982659037695e-12,0.34533975807886397,False,False,"[0.4980930725182585, 0.41993944404719064, 109.12468951208012, 103.30325584278172, 399.92420742899304, 0.5740935052647063, 0.7476266157577479, 89.01208334260053, -94.58769682515583, 199.79881117228962]"
0.014133236783381476,128.31463907097847,0.002553382692862811,0.2869717481065953,False,False,"[0.4980930725182585, 0.41993944404719064, 109.12468951208012, 103.30325584278172, 399.92420742899304, 0.5740935052647063, 0.7476266157577479, 89.01208334260053, -94.58769682515583, 199.79881117228962]"
0.013991904415547662,128.31463907097847,2.2492441921470873e-19,0.4458923682640563,False,False,"[0.4980930725182585, 0.41993944404719064, 109.12468951208012, 103.30325584278172, 399.92420742899304, 0.5740935052647063, 0.7476266157577479, 89.01208334260053, -94.58769682515583, 199.79881117228962]"
0.013851985371392185,128.31463907097847,0.040820948526527186,0.9015827821865304,False,False,"[0.4980930725182585, 0.41993944404719064, 109.12468951208012, 103.30325584278172, 399.92420742899304, 0.5740935052647063, 0.7476266157577479, 89.01208334260053, -94.58769682515583, 199.79881117228962]"
0.013713465517678262,128.31463907097847,8.992253134326225e-09,0.11449549267825387,False,False,"[0.4980930725182585, 0.41993944404719064, 109.12468951208012, 103.30325584278172, 399.92420742899304, 0.5740935052647063, 0.7476266157577479, 89.01208334260053, -94.58769682515583, 199.79881117228962]"
0.01357633086250148,128.31463907097847,4.305534771305722e-05,0.7647344533444571,False,False,"[0.4980930725182585, 0.41993944404719064, 109.12468951208012, 103.30325584278172, 399.92420742899304, 0.5740935052647063, 0.7476266157577479, 89.01208334260053, -94.58769682515583, 199.79881117228962]"
0.013440567553876464,128.31463907097847,8.563309697117063e-14,0.2761010882756989,False,False,"[0.4980930725182585, 0.41993944404719064, 109.12468951208012, 103.30325584278172, 399.92420742899304, 0.5740935052647063, 0.7476266157577479, 89.01208334260053, -94.58769682515583, 199.79881117228962]"
0.0133061618783377,128.31463907097847,3.2504921076705577e-16,0.11241155859927154,False,False,"[0.4980930725182585, 0.41993944404719064, 109.12468951208012, 103.30325584278172, 399.92420742899304, 0.5740935052647063, 0.7476266157577479, 89.01208334260053, -94.58769682515583, 199.79881117228962]"
0.013173100259554323,128.31463907097847,1.464455626524811e-21,0.8498246728262758,False,False,"[0.4980930725182585, 0.41993944404719064, 109.12468951208012, 103.30325584278172, 399.92420742899304, 0.5740935052647063, 0.7476266157577479, 89.01208334260053, -94.58769682515583, 199.79881117228962]"
0.01304136925695878,128.31463907097847,3.452799235296854e-09,0.595218619544646,False,False,"[0.4980930725182585, 0.41993944404719064, 109.12468951208012, 103.30325584278172, 399.92420742899304, 0.5740935052647063, 0.7476266157577479, 89.01208334260053, -94.58769682515583, 199.79881117228962]"
0.012910955564389192,128.31463907097847,2.3006442007283843e-26,0.865910757996111,False,False,"[0.4980930725182585, 0.41993944404719064, 109.12468951208012, 103.30325584278172, 399.92420742899304, 0.5740935052647063, 0.7476266157577479, 89.01208334260053, -94.58769682515583, 199.79881117228962]"
0.012781846008745299,128.31463907097847,5.457013097558137e-22,0.2650336811520736,False,False,"[0.4980930725182585, 0.41993944404719064, 109.12468951208012, 103.30325584278172, 399.92420742899304, 0.5740935052647063, 0.7476266157577479, 89.01208334260053, -94.58769682515583, 199.79881117228962]"
0.012654027548657847,128.31463907097847,3.8500950867112966e-19,0.9234261605934362,False,False,"[0.4980930725182585, 0.41993944404719064, 109.12468951208012, 103.30325584278172, 399.92420742899304, 0.5740935052647063, 0.7476266157577479, 89.01208334260053, -94.58769682515583, 199.79881117228962]"
0.012527487273171267,128.31463907097847,9.694582224600941e-09,0.9849955723569249,False,False,"[0.4980930725182585, 0.41993944404719064, 109.12468951208012, 103.30325584278172, 399.92420742899304, 0.5740935052647063, 0.7476266157577479, 89.01208334260053, -94.58769682515583, 199.79881117228962]"
0.012402212400439554,128.31463907097847,0.00039619045974953823,0.8471780578420832,False,False,"[0.4980930725182585, 0.41993944404719064, 109.12468951208012, 103.30325584278172, 399.92420742899304, 0.5740935052647063, 0.7476266157577479, 89.01208334260053, -94.58769682515583, 199.79881117228962]"
0.012278190276435159,128.31463907097847,3.092893181102979e-13,0.7031489564223731,False,False,"[0.4980930725182585, 0.41993944404719064, 109.12468951208012, 103.30325584278172, 399.92420742899304, 0.5740935052647063, 0.7476266157577479, 89.01208334260053, -94.58769682515583, 199.79881117228962]"
0.012155408373670807,128.31463907097847,1.1612871109347397e-10,0.9159035533091145,False,False,"[0.4980930725182585, 0.41993944404719064, 109.12468951208012, 103.30325584278172, 399.92420742899304, 0.5740935052647063, 0.7476266157577479, 89.01208334260053, -94.58769682515583, 199.79881117228962]"
0.0120338542899341,128.31463907097847,2.134902516848768e-08,0.15408818368332622,False,False,"[0.4980930725182585, 0.41993944404719064, 109.12468951208012, 103.30325584278172, 399.92420742899304, 0.5740935052647063, 0.7476266157577479, 89.01208334260053, -94.58769682515583, 199.79881117228962]"
0.011913515747034758,128.31463907097847,3.88658257949083e-08,0.9052167868118484,False,False,"[0.4980930725182585, 0.41993944404719064, 109.12468951208012, 103.30325584278172, 399.92420742899304, 0.5740935052647063, 0.7476266157577479, 89.01208334260053, -94.58769682515583, 199.79881117228962]"
0.011794380589564411,128.31463907097847,3.104189283363128e-18,0.010860385945669737,False,False,"[0.4980930725182585, 0.41993944404719064, 109.12468951208012, 103.30325584278172, 399.92420742899304, 0.5740935052647063, 0.7476266157577479, 89.01208334260053, -94.58769682515583, 199.79881117228962]"
0.011676436783668767,128.31463907097847,3.2512336701586854e-19,0.25426446247555323,False,False,"[0.4980930725182585, 0.41993944404719064, 109.12468951208012, 103.30325584278172, 399.92420742899304, 0.5740935052647063, 0.7476266157577479, 89.01208334260053, -94.58769682515583, 199.79881117228962]"
0.011559672415832079,128.31463907097847,2.0967980447594468e-13,0.6222433522375589,False,False,"[0.4980930725182585, 0.41993944404719064, 109.12468951208012, 103.30325584278172, 399.92420742899304, 0.5740935052647063, 0.7476266157577479, 89.01208334260053, -94.58769682515583, 199.79881117228962]"
0.011444075691673758,128.31463907097847,2.0856807118914007e-22,0.9689254632824658,False,False,"[0.4980930725182585, 0.41993944404719064, 109.12468951208012, 103.30325584278172, 399.92420742899304, 0.5740935052647063, 0.7476266157577479, 89.01208334260053, -94.58769682515583, 199.79881117228962]"
0.01132963493475702,128.31463907097847,2.998582287426485e-27,0.02057054349264098,False,False,"[0.4980930725182585, 0.41993944404719064, 109.12468951208012, 103.30325584278172, 399.92420742899304, 0.5740935052647063, 0.7476266157577479, 89.01208334260053, -94.58769682515583, 199.79881117228962]"
0.01121633858540945,128.31463907097847,1.1140207713227714e-16,0.8577806246868024,False,False,"[0.4980930725182585, 0.41993944404719064, 109.12468951208012, 103.30325584278172, 399.92420742899304, 0.5740935052647063, 0.7476266157577479, 89.01208334260053, -94.58769682515583, 199.79881117228962]"
0.011104175199555354,128.31463907097847,2.514904776955505e-34,0.6111673108719551,False,False,"[0.4980930725182585, 0.41993944404719064, 109.12468951208012, 103.30325584278172, 399.92420742899304, 0.5740935052647063, 0.7476266157577479, 89.01208334260053, -94.58769682515583, 199.79881117228962]"
0.0109931334475598,128.31463907097847,3.9298042668667015e-14,0.7910324587290989,False,False,"[0.4980930725182585, 0.41993944404719064, 109.12468951208012, 103.30325584278172, 399.92420742899304, 0.5740935052647063, 0.7476266157577479, 89.01208334260053, -94.58769682515583, 199.79881117228962]"
0.010883202113084202,128.31463907097847,3.413325133311705e-23,0.3843716041250158,False,False,"[0.4980930725182585, 0.41993944404719064, 109.12468951208012, 103.30325584278172, 399.92420742899304, 0.5740935052647063, 0.7476266157577479, 89.01208334260053, -94.58769682515583, 199.79881117228962]"
0.01077437009195336,128.31463907097847,4.094164359519938e-08,0.7935503122669383,False,False,"[0.4980930725182585, 0.41993944404719064, 109.12468951208012, 103.30325584278172, 399.92420742899304, 0.5740935052647063, 0.7476266157577479, 89.01208334260053, -94.58769682515583, 199.79881117228962]"
0.010666626391033827,128.31463907097847,3.0845678733841253e-18,0.2259161478592272,False,False,"[0.4980930725182585, 0.41993944404719064, 109.12468951208012, 103.30325584278172, 399.92420742899304, 0.5740935052647063, 0.7476266157577479, 89.01208334260053, -94.58769682515583, 199.79881117228962]"
0.010559960127123489,128.31463907097847,8.682998462853782e-33,0.4642015448635648,False,False,"[0.4980930725182585, 0.41993944404719064, 109.12468951208012, 103.30325584278172, 399.92420742899304, 0.5740935052647063, 0.7476266157577479, 89.01208334260053, -94.58769682515583, 199.79881117228962]"
0.010454360525852253,128.31463907097847,0.00020505575418712944,0.14794161973504472,False,False,"[0.4980930725182585, 0.41993944404719064, 109.12468951208012, 103.30325584278172, 399.92420742899304, 0.5740935052647063, 0.7476266157577479, 89.01208334260053, -94.58769682515583, 199.79881117228962]"
0.010349816920593731,128.31463907097847,7.288796044313539e-23,0.3834286182861928,False,False,"[0.4980930725182585, 0.41993944404719064, 109.12468951208012, 103.30325584278172, 399.92420742899304, 0.5740935052647063, 0.7476266157577479, 89.01208334260053, -94.58769682515583, 199.79881117228962]"
0.010246318751387793,128.31463907097847,1.096526544371424e-25,0.6026832811275789,False,False,"[0.4980930725182585, 0.41993944404719064, 109.12468951208012, 103.30325584278172, 399.92420742899304, 0.5740935052647063, 0.7476266157577479, 89.01208334260053, -94.58769682515583, 199.79881117228962]"
0.010143855563873915,128.31463907097847,5.098331941455563e-22,0.45899862283669923,False,False,"[0.4980930725182585, 0.41993944404719064, 109.12468951208012, 103.30325584278172, 399.92420742899304, 0.5740935052647063, 0.7476266157577479, 89.01208334260053, -94.58769682515583, 199.79881117228962]"
0.010042417008235176,128.31463907097847,7.063341694974257e-29,0.7598269599016522,False,False,"[0.4980930725182585, 0.41993944404719064, 109.12468951208012, 103.30325584278172, 399.92420742899304, 0.5740935052647063, 0.7476266157577479, 89.01208334260053, -94.58769682515583, 199.79881117228962]"
