temp,cost,accept_prob,random_number,accepted,is_best,param
2500,37.42495454138907,1.0,0.0,True,True,"[0.5159939003448231, 0.1452041734644289, 186.897466881038, -49.41808226701164, 238.99753252487304, 0.6749092689625599, 0.31398039527810273, 165.99769491768785, 57.376571588757066, 280.41703233535344]"
2500,37.41057543233516,1.0,0.14532319698095153,True,True,"[0.43935678482684426, 0.10309859863978318, 185.88596397094372, -47.64378319312977, 243.95651229376475, 0.6551363335763323, 0.5184204967927747, 172.28968900581657, 61.11977452442348, 272.5694611449819]"
2475.0,37.41949779953186,0.9999963950096509,0.10295708906057488,True,False,"[0.3151189385713754, 0.08642431585671954, 181.4320776378875, -50.33936574717508, 244.88343379070847, 0.7199113255719991, 0.5878168416267379, 180.04053909957418, 70.69751888874256, 278.76229092748736]"
2450.25,37.449954930376265,0.9999875698636667,0.9146989565627812,True,False,"[0.22757730792475056, 0.21766620865739805, 177.67044065719844, -49.79919361160076, 253.88316770237796, 0.6477097019659321, 0.5560105379723195, 176.53415503570938, 71.23282186108176, 286.9343616825957]"
2425.7475,37.43752957826442,1.0,0.044491918903552086,True,False,"[0.27859463023715325, 0.3655740633450174, 173.44746854870854, -63.26556657968463, 252.7343648445236, 0.486825430774155, 0.5683901734628225, 180.20501307748702, 81.15224136141958, 290.33135502942173]"
2401.490025,37.45415722070895,0.9999930761382693,0.143659361079721,True,False,"[0.2660131334382829, 0.29119521707573726, 174.65429998231923, -67.43195504414292, 248.2029737806174, 0.46527004212766176, 0.4445141458137636, 185.93769258808857, 62.923233238743066, 283.39257786952726]"
2377.47512475,37.39904356314597,1.0,0.7402231161139644,True,True,"[0.2423248415136401, 0.10645461934169542, 169.59563842455955, -74.76014160739457, 247.6933651589516, 0.38611523236030104, 0.5463106573484225, 178.94237265080267, 62.887046868116535, 280.9304986140374]"
2353.7003735025,37.4325460101109,0.9999857661540495,0.5113174555422253,True,False,"[0.16685266922113307, 0.23265353582184664, 177.90525823200025, -81.26688275328489, 252.1778771633666, 0.3505223850107882, 0.5620367653631996, 184.38990055218656, 69.74542949958888, 280.3218462348271]"
2330.163369767475,37.425125357013584,1.0,0.2768460043228107,True,False,"[0.18559510391027675, 0.28709105592058665, 179.00088722515306, -78.08715508358492, 258.41652247759293, 0.4036121598745385, 0.686962576042179, 183.82768774261694, 72.77413452347415, 282.9610304813162]"
2306.8617360698004,37.3545147778872,1.0,0.06972361094105295,True,True,"[0.22707240750895616, 0.24926477296313435, 173.5075142663175, -55.179183723758555, 262.1373645175627, 0.46594695547589027, 0.8673107557020697, 177.55931948674893, 74.60441162978073, 280.0244777933977]"
2283.793118709102,37.388114790900296,0.9999852877366294,0.8606302710904497,True,False,"[0.2182568370295413, 0.3656879191424993, 179.94685135389102, -65.64456280433173, 262.0558744077627, 0.35731317171871907, 0.8314678268173189, 172.55556503413052, 75.95226117106911, 270.6102936559968]"
2260.9551875220113,37.39035915819295,0.9999990073371683,0.6885307679226301,True,False,"[0.41982588113560826, 0.19115968748387335, 176.97260871941174, -76.50452683377085, 261.5452909912183, 0.33451526710120266, 0.7980182723757934, 170.97498738702512, 73.42772388860206, 270.0554484761241]"
2238.3456356467914,37.3897762047333,1.0,0.901971981851958,True,False,"[0.5284034856808779, 0.14186006987584815, 180.28322619595744, -70.3887762103022, 263.3376767126634, 0.3513118657125432, 0.7819594461989698, 165.77988979132053, 78.49828302890265, 278.90486601179276]"
2215.9621792903235,37.455511194563364,0.9999703361296224,0.10868427986096019,True,False,"[0.3425348619498264, 0.17638336034978397, 185.18920296769656, -57.22684792380871, 268.11022544747664, 0.2274026884692022, 0.7969711005326514, 169.20852978302827, 84.52663045291794, 280.45809483972585]"
2193.8025574974204,37.43433418489874,1.0,0.0759783838578203,True,False,"[0.41141962053361036, 0.2673014019799881, 181.61924779211208, -66.17730761824413, 267.14119855532016, 0.27184753591101035, 0.6004837928350815, 171.05825540764366, 65.19988790605146, 274.6576530516597]"
2171.864531922446,37.46554043891295,0.9999856316867998,0.0158299969985084,True,False,"[0.4636269815436195, 0.3324386624131491, 187.21974323210165, -61.75600349769899, 269.874917379468, 0.21052170224216135, 0.5064343775245836, 166.49252062560612, 79.73477273586819, 271.8912324927446]"
2150.1458866032217,37.46874779831417,0.99999850830726,0.5646405543385539,True,False,"[0.5890866404746571, 0.37933558584358684, 185.8742452583455, -57.73781303096187, 261.9470532280042, 0.20478618384720595, 0.4702640460183915, 164.8414439458, 80.52303631274941, 277.8760831007399]"
2128.6444277371893,37.45426249398116,1.0,0.43027462535874883,True,False,"[0.6299027678354339, 0.26419550130801966, 189.98136362744594, -52.003818999823444, 262.0291304305856, 0.3214756098452325, 0.4434474746342072, 155.7296771410886, 75.21801203198022, 277.6592694244256]"
2107.357983459817,37.466373427871126,0.9999942530413986,0.7040634640925362,True,False,"[0.5760528391540218, 0.20397721237281372, 194.16279923255988, -36.553397159322245, 263.67025618656686, 0.34645418050005483, 0.3358661780519987, 146.1079119565678, 78.93444375479416, 279.32663845730644]"
2086.284403625219,37.44705376625536,1.0,0.34480654726442317,True,False,"[0.718356300495692, 0.13994961227883762, 202.88742410564058, -25.700632565861355, 251.73390378437765, 0.4323965390629084, 0.36416858673631974, 149.83798861244094, 80.46997069796966, 282.7640373429677]"
2065.421559588967,37.430205851334094,1.0,0.5242979128945686,True,False,"[0.717211094372349, 0.09588439737011141, 198.26219792733866, -10.851543042083414, 248.43751662702385, 0.4195634851631025, 0.4277170165091123, 144.29677551802635, 80.6167621687351, 292.23443112598903]"
2044.7673439930772,37.464755102660035,0.999983103721042,0.8717286596972409,True,False,"[0.7565635115125832, 0.09739169183481282, 205.93786409732039, -4.0856405388714165, 248.75979401889353, 0.4536078839430694, 0.24369912376640024, 148.68682241577517, 72.29417760028836, 297.3729277722109]"
2024.3196705531464,37.5183114131533,0.9999735439007862,0.8683311655961868,True,False,"[0.6545357097101658, 0.20104607442824013, 208.29829394921308, 2.9699498635150627, 240.9533655020753, 0.47881237525166925, 0.2754269735882603, 146.1256939586076, 60.23874458852045, 297.8208600931522]"
2004.0764738476148,37.47779559316804,1.0,0.33934240359695234,True,False,"[0.8482650925769254, 0.14229959333741393, 203.53225623383764, -2.199670684958101, 237.62917167651327, 0.5934581272828421, 0.31013268649877246, 149.3878612910773, 69.06451614840645, 309.2753107952825]"
1984.0357091091387,37.488039224558335,0.999994836985595,0.9537793187886013,True,False,"[0.9041720417095881, 0.13603571096554, 202.88313124803224, 1.0498231228890411, 231.5514064442345, 0.46626360087401186, 0.26616778397050933, 147.0456211981381, 79.22186250103468, 314.9280220626637]"
1964.1953520180473,37.49656701189476,0.9999956583906914,0.5080711663392486,True,False,"[0.8781357976354821, 0.30126492487968204, 207.39945755997317, 2.6809967002299904, 228.01466470764453, 0.5476044940514913, 0.3104499079481977, 150.76432450658012, 68.03063345695229, 312.0234390734579]"
1944.5533984978667,37.50155937187789,0.9999974326477337,0.26201492693148687,True,False,"[0.9032411462748633, 0.36586405112542264, 210.64411921374904, 1.1718466966393897, 228.68877831275688, 0.38629427901197044, 0.33162320610979446, 156.59394324720756, 78.25449910805628, 319.74116817798705]"
1925.107864512888,37.47957588375614,1.0,0.6073534175887364,True,False,"[0.8058782296109672, 0.3602619811920465, 208.18064267800492, -1.1045619787839511, 222.4685977118002, 0.47642511174473706, 0.26162719350325403, 161.28557785646643, 90.84386324932356, 325.9465827132944]"
1905.856785867759,37.48647667242072,0.9999963791738065,0.24634544270854108,True,False,"[0.7525758731494325, 0.22102915035225992, 207.7639491847166, 4.212745910411346, 231.31850277850722, 0.4052600831159191, 0.1661461872535115, 159.05403967088375, 93.83736975073275, 336.2470542293897]"
1886.7982180090814,37.47944189491434,1.0,0.43164160328267853,True,False,"[0.8059170224132415, 0.2992925610320545, 206.17635537903246, 16.22977502759592, 234.12210194039872, 0.356334995752293, 0.17382728233618988, 157.96878396954926, 109.79254175582616, 334.9281257157103]"
1867.9302358289906,37.466533692082784,1.0,0.5288841106954791,True,False,"[0.7671451905199012, 0.4881732634476883, 203.24537796060403, 10.312104987395559, 230.2374456126414, 0.24976464889786154, 0.17298980220203136, 157.56087343006584, 115.75341533934086, 336.0922249368369]"
1849.2509334707006,37.49587891193372,0.9999841314196545,0.5600643450073547,True,False,"[0.9063661833781392, 0.32501910405628687, 211.16942669620093, 6.522053193363821, 233.7911978033898, 0.2267784660183182, 0.12473511745324033, 160.2226500518224, 112.74637757740103, 332.57678444425403]"
1830.7584241359937,37.49034691864168,1.0,0.22339196243825732,True,False,"[0.8451767758868024, 0.332691754805382, 214.65907137787468, 16.22218230697741, 235.8876042448859, 0.22621920578131682, 0.15642880601684186, 164.26591300523518, 96.66927671483703, 332.8397112029019]"
1812.4508398946336,37.48760054899839,1.0,0.06786969159197787,True,False,"[0.7274823138525711, 0.37497902201550515, 217.68173834406477, -3.4319717429986305, 232.21070787496475, 0.254037491166569, 0.17555379819893785, 165.99746670456713, 99.65431842440933, 343.7209553725561]"
1794.3263314956873,37.51115317415171,0.9999868739202213,0.02006222513630762,True,False,"[0.6704506696030675, 0.5460567133010424, 230.53534964289597, -17.43131510541791, 241.4947245202608, 0.11206051548291104, 0.15940793342022938, 171.07365603237395, 122.90209948334501, 349.15610069150443]"
1776.3830681807303,37.50846884116274,1.0,0.5773579166599991,True,False,"[0.7372848507949382, 0.5132530052293844, 226.74152994176606, -11.37345721904304, 251.5699189197755, 0.2028501325183741, 0.2770508132505186, 169.34412033437775, 119.74595428693469, 347.41530142246336]"
1758.619237498923,37.5141557265764,0.9999967662834015,0.3834588585332581,True,False,"[0.7511329954608595, 0.686722046883768, 223.17344131331575, -18.4696335367426, 261.5479027412513, 0.2093513661852975, 0.452513912753986, 180.05011708501868, 133.74382252532953, 342.24961136900214]"
1741.0330451239338,37.542069671331966,0.9999839671503863,0.912845487216588,True,False,"[0.7828279072411877, 0.7691191992300337, 211.9746488580919, -28.8762792337473, 273.00566770476945, 0.13559862044178012, 0.42958138437315047, 174.56826099067956, 138.82850666341056, 337.9862983932971]"
1723.6227146726944,37.52314592869068,1.0,0.8498790695268771,True,False,"[0.8563123228197432, 0.7324580671310766, 213.95883624915103, -45.07853362057239, 271.9694495902086, 0.2633309013183512, 0.35916564523969163, 171.40372180101338, 151.07224486486956, 335.18561700479984]"
1706.3864875259674,37.475499404565106,1.0,0.8932979607552789,True,False,"[0.7550319223180508, 0.7293363640426339, 220.468870883042, -72.78621403182316, 267.324067620932, 0.25627465645995734, 0.2165526444127335, 171.76153713746223, 150.9599049787279, 327.1884600996518]"
1689.3226226507077,37.503020348746475,0.9999837090206215,0.41734689936992586,True,False,"[0.7867278754817415, 0.8873352905205754, 220.99124578232275, -76.79072456006067, 271.9932218316079, 0.39289984922315524, 0.1489541318586764, 172.18354800287062, 141.43334140488483, 323.5521527160058]"
1672.4293964242006,37.51446728266132,0.999993155528858,0.5303579122433262,True,False,"[0.9036066711072905, 0.8067833985924251, 217.64980143714504, -71.06840738358184, 269.74309637953877, 0.4015023763649638, 0.10011674583444372, 174.8430453570587, 147.3037552545904, 317.3259991688151]"
1655.7051024599587,37.5433138708315,0.9999825776118958,0.16424709060823683,True,False,"[0.8415059387574179, 0.8957835502044165, 214.47728125831486, -67.79360358469336, 266.5335083705272, 0.37400325427881403, 0.19625502227315605, 172.86599722572277, 140.9132660370533, 320.029002654507]"
1639.148051435359,37.5840001490143,0.9999751787074986,0.9648040743372451,True,False,"[0.8766234304496034, 0.8956584955135662, 209.63264601915807, -66.00494693087582, 265.74509155750144, 0.48177148821662896, 0.40421061000995107, 179.00256714904975, 128.95381930978658, 331.9946783867967]"
1622.7565709210055,37.49051626363547,1.0,0.3622236094919875,True,False,"[0.7081608674748383, 0.7875223850786112, 211.70144642927858, -53.89316880133909, 270.1964688631508, 0.27515710447336017, 0.47045113812097616, 189.61288394382962, 125.27183988642558, 337.185948700828]"
1606.5290052117955,37.46721605980781,1.0,0.5367486301485123,True,False,"[0.6066627980835351, 0.7320867404666057, 211.65787153059898, -41.74162040986957, 274.5036578771473, 0.33268382530240276, 0.4956028926888211, 182.65772475989303, 117.13977952439353, 325.2783835206277]"
1590.4637151596776,37.47150162007679,0.9999973054685534,0.5377493519492144,True,False,"[0.5664911154501973, 0.5914778776923412, 210.53907693920806, -45.938675132918156, 269.68060644561774, 0.44605702381445356, 0.4883052389565454, 184.36881919691282, 128.64557929604626, 315.4739659779412]"
1574.5590780080809,37.43772376043299,1.0,0.10982486944083936,True,False,"[0.419324013485012, 0.5819957602095995, 213.58012179615292, -60.168605070440556, 255.10993967962753, 0.3582797015889132, 0.2862850143132984, 195.94979663791455, 134.33481096002853, 307.63070803877633]"
1558.813487228,37.48024755736468,0.9999727207794458,0.0014533961941750606,True,False,"[0.631843403917603, 0.5633934135603831, 211.58363686681054, -63.777215277965254, 253.330524188922, 0.29709518750724007, 0.4585021010402694, 197.45843688924023, 120.14003191869827, 311.8118356762315]"
1543.22535235572,37.512009701923894,0.9999794185485262,0.28240240542071404,True,False,"[0.7386649465830558, 0.5079618891830815, 204.89600696808816, -59.88410765991701, 259.5044377414758, 0.16888618247485435, 0.6554218309394798, 204.86177154694323, 106.46180433147738, 317.19353298799024]"
1527.7930988321627,37.475993792268085,1.0,0.681396057630989,True,False,"[0.6387478545891037, 0.6001096477803645, 207.84946888011413, -64.33926480688669, 264.39767689287214, 0.3883129886974809, 0.705762853315905, 201.83665949645697, 96.46323592187203, 314.6380057564206]"
1512.515167843841,37.48151882917511,0.9999963471263407,0.0835507605896757,True,False,"[0.7114303085100949, 0.6275268778188053, 199.04980546110298, -63.2738195575539, 260.14972839863754, 0.4753503504156576, 0.7094404860722554, 201.6718391421402, 85.48141609285886, 316.21306449186585]"
1497.3900161654026,37.51448186751356,0.9999779865798712,0.20012495791678386,True,False,"[0.8521454155070705, 0.6990751988941446, 196.39603774263372, -76.27049686854292, 262.9247396660281, 0.48652413747780404, 0.6180590183875101, 194.15853829154673, 75.79553170775652, 315.48025473005737]"
1482.4161160037486,37.48172717397744,1.0,0.1419168194044368,True,False,"[0.6942612143274629, 0.698340582126562, 202.7647218671365, -71.26138699811952, 264.9859969861108, 0.41964797841297097, 0.5349805469783204, 199.23715555752963, 87.57200069784594, 320.67116145791675]"
1467.5919548437112,37.52419940827697,0.9999710603348633,0.6853251518419713,True,False,"[0.8099183500883136, 0.8403128973233753, 212.18805519499645, -64.56250700837873, 265.1532058495659, 0.49454621459215936, 0.5528657135912762, 195.29377269500398, 87.17383777674895, 323.93487629074093]"
1452.916035295274,37.529906672661895,0.9999960718630417,0.6531368748226588,True,False,"[0.8586135951062117, 0.7162177253282612, 215.4135763398106, -88.57047901123298, 266.3898546649719, 0.5326024781293764, 0.6382157952978205, 194.40524922568207, 90.35039209585455, 326.79967109255733]"
1438.3868749423214,37.516759987913325,1.0,0.450542817023022,True,False,"[0.7995586731603621, 0.7126640328912005, 212.9735136078493, -78.71974078919753, 270.1868583567606, 0.6293664237129533, 0.5784101501199547, 184.2219015155834, 81.72880802817632, 326.99366115279076]"
1424.003006192898,37.503174752073846,1.0,0.016608895087398823,True,False,"[0.7917943469068028, 0.7171599628117329, 213.4826363198312, -70.30316421815454, 273.5068111864915, 0.6096730814284228, 0.5406923856348356, 184.68655908737074, 102.51717429803256, 326.00291345220325]"
1409.762976130969,37.481467262610536,1.0,0.4676639444485051,True,False,"[0.7314260388994296, 0.7286316806232979, 219.9007216631639, -71.76479020751572, 273.6860945894941, 0.7362739991693853, 0.40420453876792006, 172.8352457501467, 91.96114479588834, 326.8330688449535]"
1395.6653463696593,37.43556530918942,1.0,0.15128994774071347,True,False,"[0.5351860980282398, 0.7917934659026359, 221.72101641606463, -77.28891051223043, 273.9202464710949, 0.6827072814881867, 0.5718490849713067, 169.42745722572099, 99.27561711208874, 319.020953895331]"
1381.7086929059628,37.5059138638609,0.9999490871236507,0.3279820517910874,True,False,"[0.34611359912779105, 0.6354181215600712, 221.98405882736708, -64.08741799323757, 267.61786398114253, 0.7548086684421819, 0.6341111611419922, 173.4278561899494, 76.18894957412705, 313.2672010958382]"
1367.8916059769033,37.512345479206445,0.9999952981652952,0.18968587945971427,True,False,"[0.3602483687178958, 0.5885309178709947, 219.18140115330482, -80.05859919605689, 274.9609989983203, 0.7786162159548277, 0.6347372041800692, 166.124407146464, 43.76497813092279, 315.18328236447604]"
1354.2126899171342,37.503666333798606,1.0,0.7732239896740143,True,False,"[0.2638417799397763, 0.6137316869887524, 216.61048955814312, -90.72245661545546, 273.2801380425387, 0.6946430258618588, 0.5816221678880816, 170.1438805148518, 25.350444627783546, 309.3048346867814]"
1340.6705630179629,37.554444172599865,0.9999621257610857,0.612314172052343,True,False,"[0.1048929547253026, 0.5573099468353833, 226.12335627887884, -95.08147353724341, 286.5048266649983, 0.7978252918169313, 0.6514344691489877, 170.0269198746775, 35.79723899862793, 310.20201672145845]"
1327.2638573877832,37.54714411900029,1.0,0.6040750684507301,True,False,"[0.09622224858084805, 0.5328333717785284, 223.78691362172685, -93.12274758801266, 277.75562174343906, 0.7983116485032973, 0.48856020490952057, 170.41794396870506, 21.877541153160337, 305.42541118268304]"
1313.9912188139053,37.52937765341939,1.0,0.06333795016819554,True,False,"[0.10410604079073663, 0.5019483480570076, 232.25904690340508, -89.69908369827962, 272.7038174020232, 0.6863574212872541, 0.4693857855891975, 169.03446148613727, 11.269581446829786, 304.23340271556714]"
1300.8513066257663,37.51177504833996,1.0,0.9937473043142169,True,False,"[0.3298442031284985, 0.4355160915168981, 227.4741332403622, -94.37877049046777, 286.0682368144637, 0.6959683833629733, 0.41358154341177716, 171.91281763249714, 8.505410437975815, 299.5651933290908]"
1287.8427935595087,37.51074396255605,1.0,0.9351532324520536,True,False,"[0.31936287200518826, 0.551100812876407, 222.05228550062816, -86.85984416518394, 285.9654449463546, 0.6150538848171399, 0.42091572736142546, 182.61401784729395, -0.5798956638836934, 307.2432953952908]"
1274.9643656239136,37.512054976714,0.9999989717253915,0.029070103071783926,True,False,"[0.32875438110427313, 0.5775208789783939, 234.40426159477238, -88.6884444935395, 280.24719885342137, 0.7067422106914963, 0.43632974469486363, 175.48670912505645, 10.737522825813073, 312.9822435734644]"
1262.2147219676744,37.53704741666856,0.999980199729816,0.6542971294104941,True,False,"[0.2620527444456922, 0.6934633256052753, 235.1325639577231, -73.61359763449963, 285.39855506728225, 0.8697467662261786, 0.455471956109121, 182.35785430312666, 0.8241200180265995, 306.23120242031524]"
1249.5925747479978,37.56324942589655,0.9999790317779956,0.031215412390439123,True,False,"[0.15554805092377055, 0.7096085893109292, 235.95471502359496, -89.66950154581737, 287.92578625411386, 0.8968500827487327, 0.3908803553058325, 182.30930102501748, 4.684757466664891, 295.76061925567774]"
1237.0966490005178,37.52994163659986,1.0,0.8043270449611093,True,False,"[0.24081984781961185, 0.7598943894097728, 238.91502979468154, -72.83956061909929, 289.6409723178811, 0.8200277817446037, 0.37810610926343413, 183.27845956820806, -3.9218975175603017, 294.87752022196577]"
1224.7256825105126,37.53002866390729,0.9999999289413902,0.5893162976985908,True,False,"[0.2085521267716815, 0.717323630171602, 240.7285917375919, -49.644289231605235, 293.7446905651957, 0.7756262511010287, 0.30613528935508494, 162.0425121162667, -14.239444278304493, 303.72643262758953]"
1212.4784256854075,37.53345215156851,0.9999971764587678,0.2967726548145688,True,False,"[0.18066836845665007, 0.5732287285819037, 242.5154099864391, -65.12523679281358, 291.13163886542293, 0.8374028230149169, 0.34331437154891964, 166.129553922428, -1.7040108859607166, 300.43984344570094]"
1200.3536414285534,37.53380468328549,0.9999997063101631,0.7341907897721935,True,False,"[0.149755002769618, 0.5947189996044795, 240.6799965221006, -62.43990799929274, 285.324959903437, 0.862947132075924, 0.29546005751427074, 164.35874187600658, -20.00960343352408, 294.022420197279]"
1188.350105014268,37.50370651461414,1.0,0.2154569551223514,True,False,"[0.26511264953772407, 0.6205295688744208, 231.52209946819735, -63.25335224161791, 284.1201763496389, 0.8323462306092448, 0.3583538106323004, 157.9546559790015, -36.420060433361456, 286.09913832693144]"
1176.4666039641252,37.50092906854388,1.0,0.696429423339067,True,False,"[0.23146892418635456, 0.48235532683561166, 232.62257620475103, -53.136821508733696, 285.8088174332264, 0.7577497454803696, 0.30790983535526556, 163.83059614100543, -48.709780969106106, 281.9566032883121]"
1164.701937924484,37.50540754654249,0.9999961548364928,0.19283461604383245,True,False,"[0.20823542006390033, 0.5473829021201007, 233.96351228587582, -51.759930090807494, 285.96361230422985, 0.6655404105088972, 0.5201309850861798, 166.30302328735547, -44.66601961566861, 284.69153241864063]"
1153.0549185452392,37.52857541361996,0.9999799076054791,0.5186713597932544,True,False,"[0.12003459784106507, 0.658442432797977, 234.25232850391416, -52.514169095786066, 281.0669980177064, 0.7662338797432174, 0.5481595873131213, 162.8628574767077, -22.667163792553335, 281.770499644568]"
1141.5243693597868,37.577027257544955,0.9999575560391226,0.8287838537044107,True,False,"[0.23129155406796256, 0.5412476543078576, 237.3152188057975, -68.20247499732021, 281.4032789987765, 0.8862985915854188, 0.7956601431225769, 155.71355952774235, -38.047667216150856, 276.51774406112173]"
1130.109125666189,37.55874779411023,1.0,0.8760026669472416,True,False,"[0.35201874454670024, 0.5720241565883306, 235.2693512850423, -82.96363083834504, 281.55946883086, 0.8843788622941525, 0.7837693852047889, 156.01748149503112, -61.764942195643386, 272.45796386490184]"
1118.808034409527,37.55102524175434,1.0,0.2029658504544809,True,False,"[0.3995014652394501, 0.6159617814727698, 245.25391864419458, -84.67114588812414, 281.6365899946933, 0.8678227408927724, 0.8138198799479897, 159.38373050584147, -53.070799968546105, 272.77733938716045]"
1107.6199540654318,37.54489215667277,1.0,0.6003840794890594,True,False,"[0.2695396005791454, 0.5795479758386206, 246.73801691768742, -95.64232988401893, 284.4098453457015, 0.8717667573045058, 0.7533754228644195, 160.466385061137, -64.56963504167491, 274.39533445910433]"
1096.5437545247776,37.504172200105415,1.0,0.015408642775093018,True,False,"[0.31983517880478934, 0.3827394648115461, 253.92160882343308, -84.79976235193898, 291.24313526228775, 0.788070911949746, 0.5457776481972083, 159.2816503973208, -60.98238010484551, 278.3555987091499]"
1085.5783169795297,37.52591012673825,0.9999799759182262,0.670431432219627,True,False,"[0.2506598087457558, 0.16212155693560465, 246.82405191657764, -89.06249342703859, 291.9600569533532, 0.8790369063826045, 0.5584194721661229, 157.2414439978593, -72.75577344790311, 280.8656650871169]"
1074.7225338097344,37.55270498063627,0.9999750684301902,0.24960965284150183,True,False,"[0.21853730017646533, 0.1629833351676163, 255.8528711629908, -95.78922517651027, 293.2184499314061, 0.8858388606330616, 0.7057201603710005, 162.70106441116056, -91.49902073199068, 278.2662797570029]"
1063.975308471637,37.46153119105478,1.0,0.11479940019434942,True,False,"[0.3445622644874554, 0.20956292481394173, 255.58958428588636, -105.02748578537955, 290.0543677325132, 0.6947584626669588, 0.6300517220564265, 165.7324027874569, -105.86229874198595, 276.1367920033922]"
1053.3355553869205,37.442484514894836,1.0,0.9165344964328,True,False,"[0.401647302845142, 0.15327277491293437, 259.0020336466375, -118.41725589728526, 285.3291232456658, 0.5953559687916513, 0.5476756897945183, 166.1730872407501, -105.62548284245362, 274.3721801783748]"
1042.8021998330514,37.45964460269239,0.9999835443897126,0.7186185525213986,True,False,"[0.5081350398520301, 0.12071128989506086, 266.554270742628, -112.45881257187807, 282.80570083031205, 0.6891349345927631, 0.4651592298450471, 173.22028360050405, -94.830542055418, 276.10998028064]"
1032.374177834721,37.4654929842763,0.9999943350336109,0.5257129740047185,True,False,"[0.47766134335695687, 0.09768978066291782, 268.5301873350309, -111.47967679571094, 281.8423144360259, 0.7128076788264167, 0.3521968057633631, 170.10868774769583, -114.61140688556858, 283.5907885626047]"
1022.0504360563738,37.50922741018568,0.9999572100469186,0.892430482862937,True,False,"[0.5860639524173864, 0.1206360996677628, 272.3774444729823, -112.59894376931605, 279.69953192517266, 0.84470522508116, 0.23846481376884632, 174.94646411538014, -109.03132027368191, 283.9463961463642]"
1011.82993169581,37.51775286325758,0.9999915742587878,0.7300608247010856,True,False,"[0.6199567888588208, 0.20205758970603174, 264.2649985591391, -123.91453442563011, 278.3900044666867, 0.8608137700467074, 0.21172423719775654, 173.62399139573165, -115.57022621371486, 274.5189561439209]"
1001.711632378852,37.42057156723817,1.0,0.26011918711196547,True,False,"[0.5964828877500025, 0.3241697014164764, 257.8723622745556, -135.74508497714936, 276.4239832217566, 0.7413137569355727, 0.17574405941468335, 182.34241705243664, -125.04851096124186, 271.7599261929001]"
991.6945160550634,37.41208288586649,1.0,0.5391408920777092,True,False,"[0.6350361580320746, 0.10713834423190235, 264.9177040263715, -149.47337809796164, 279.4233533578632, 0.7413686779635541, 0.3154010365241458, 188.62508493095206, -131.486102020817, 263.2561797575527]"
981.7775708945128,37.42262624377072,0.9999892610081915,0.002859980113811833,True,False,"[0.6612743931060161, 0.095615008588117, 268.0534567407688, -150.72583811782232, 276.0164861050516, 0.7884567521374005, 0.42217411562744783, 185.9483087850681, -109.0798485765909, 261.34612441858746]"
971.9597951855676,37.44559892629897,0.9999763648546374,0.8037526841795464,True,False,"[0.6553953383496821, 0.17644675684384475, 269.74128032065266, -147.12364902050967, 276.7522278985884, 0.7538988672791759, 0.40395133192214777, 195.3296760789861, -94.57604945541907, 263.2996561288763]"
962.2401972337119,37.418792386077854,1.0,0.5793237609516841,True,False,"[0.6706611682614454, 0.1705818609025353, 268.5774680073739, -145.29780266417768, 277.21588335750835, 0.7056331133040925, 0.35016503643417973, 193.1706797418121, -94.34657994099821, 270.0721007585448]"
952.6177952613748,37.44473707888434,0.9999727652164017,0.892090949597134,True,False,"[0.9000447540825075, 0.19145187034569705, 265.86616872071903, -147.56680101744055, 272.24752650765095, 0.7827378640344524, 0.4217362788865769, 173.1619146502889, -96.16840941117744, 270.83600094679406]"
943.091617308761,37.431291487256296,1.0,0.856908537831053,True,False,"[0.8696007879292459, 0.1901024422342781, 267.23652068033243, -150.46738216965556, 270.4957085845806, 0.6690533156276155, 0.4504180013841683, 169.5518585989331, -106.07299679168695, 270.61867843754845]"
933.6607011356733,37.43461963212795,0.9999964353871424,0.8943632745199612,True,False,"[0.7845226358333299, 0.20015618528515508, 265.26310836776577, -151.06704880730442, 273.25065274826545, 0.8172891715289151, 0.4269068420273907, 174.93123191011443, -94.98356852258043, 282.50630573536836]"
924.3240941243166,37.513201045265156,0.9999149886133749,0.5997487659686157,True,False,"[0.8005792201004838, 0.36921735000961237, 260.7664420173453, -154.3217381290554, 268.71923134138245, 0.6557148814239602, 0.40390578825580664, 179.71323130799138, -108.46310336703367, 277.4117624155112]"
915.0808531830735,37.41647970265275,1.0,0.8956611712760754,True,False,"[0.5910157721538047, 0.464794047676485, 265.2035570220292, -147.35324134122956, 279.4094529354852, 0.5701619735383591, 0.26612588388144376, 176.7323780328405, -97.68224433920966, 282.6180179835453]"
905.9300446512427,37.44333511891382,0.9999703564106608,0.014052537809647547,True,False,"[0.5204338798872485, 0.49431254920565904, 255.50584286032912, -148.45369379477873, 278.0637725987289, 0.6801240009537513, 0.38413927856805796, 170.2446733178816, -95.05375521108255, 277.46382204844696]"
896.8707442047303,37.44239180130221,1.0,0.04254261481178334,True,False,"[0.6038962212285061, 0.5319260426016466, 250.26484295828692, -148.50364407461356, 279.49156429206454, 0.7839670666013396, 0.38646236502085196, 163.81776596930035, -87.02669237506966, 274.4683609645674]"
887.902036762683,37.456608134051116,0.9999839889781181,0.23344191378821155,True,False,"[0.4256876497272116, 0.5923510886658605, 253.04730287351362, -139.37051752616622, 281.3121017911898, 0.7595543064830563, 0.4291523477500315, 162.19164599927197, -88.05847044953616, 276.86637980416526]"
879.0230163950562,37.42655870300936,1.0,0.2776827516255729,True,False,"[0.5018234451617007, 0.6477951940232305, 255.58287964585932, -142.71492078161262, 282.1591213393726, 0.7678975195678651, 0.33621085893155234, 167.585041527797, -99.46711507386469, 268.82651902898016]"
870.2327862311056,37.400029628598986,1.0,0.7779106436041122,True,False,"[0.46600955736837446, 0.7354074991603574, 258.30900402094727, -153.00402226445686, 283.86238267196285, 0.6753953452259112, 0.434668018786498, 171.44256191030524, -101.391983570028, 265.97890508472943]"
861.5304583687945,37.384718814769435,1.0,0.443946032666345,True,False,"[0.5985840841674924, 0.8444974156416939, 258.3754164699911, -148.42248038017797, 296.31097015957795, 0.8211757698391953, 0.3794069198967209, 170.95284525515822, -114.83552128662063, 260.5645339674645]"
852.9151537851066,37.39413528692849,0.9999889597222691,0.4448716261682598,True,False,"[0.628104207567369, 0.637782220637962, 255.24973151987186, -165.09888204972455, 299.1370839907369, 0.6468819937661303, 0.3843479983284522, 169.6033844752612, -113.61665906952852, 269.5047449274545]"
844.3860022472555,37.39425492580446,0.9999998583125879,0.8799664351177185,True,False,"[0.5880376522060298, 0.7721663282718287, 255.9640265721015, -169.4371337658182, 308.1146894843185, 0.7608717293815295, 0.15680305596989852, 171.61283827089497, -111.45138608049585, 272.7255194406817]"
835.942142224783,37.32484497858086,1.0,0.9578501957452107,True,True,"[0.6104759893799123, 0.8786003869368663, 254.44215709714817, -172.39442154515243, 313.29588196851023, 0.6302462392716347, 0.16248085044658114, 158.92611369571478, -126.93756488960288, 267.38577599453936]"
827.5827208025352,37.38657428420123,0.9999254128899324,0.23826965648957033,True,False,"[0.6626739394029219, 0.767961156138711, 258.70620214838203, -191.3333201790054, 316.17994574156086, 0.645180636451774, 0.3407650146389181, 161.52668344548903, -116.90522633185434, 265.8850799388513]"
819.3068935945098,37.47815889617637,0.9998882232114988,0.9198784704470668,True,False,"[0.8508663133970645, 0.7354882867196721, 264.7941302110839, -201.94015589790735, 321.3960004849611, 0.6832342264466248, 0.3792187852341993, 170.96195894448408, -131.05665172126177, 271.806763859634]"
811.1138246585647,37.43077195725946,1.0,0.2639686220093481,True,False,"[0.7370788311030705, 0.6302219726344963, 257.34204452725214, -196.7882636758345, 335.03082775278267, 0.6763420214019966, 0.3254420167079328, 170.76499459981488, -135.7228228433205, 278.3516550953772]"
803.002686411979,37.41128001101167,1.0,0.011268691264128106,True,False,"[0.5699457002308657, 0.4567495570854716, 264.76557271600603, -183.663152147487, 337.0604396807537, 0.5653260916058738, 0.27397060198374773, 173.68288096614694, -123.94588815138741, 282.68859318343993]"
794.9726595478592,37.434469884523374,0.9999708297700498,0.712419495510247,True,False,"[0.6002825014768222, 0.5004513913299928, 253.78764756114134, -175.74290417426764, 332.6957966917375, 0.6788890731419213, 0.28520366287976956, 175.4857317108002, -104.28290277319724, 277.6099268245278]"
787.0229329523805,37.45664779910748,0.9999718208946942,0.3517134124790955,True,False,"[0.5267586810560022, 0.4837064022330348, 254.0169096054748, -169.11749227860517, 333.10093149205863, 0.6561776331430821, 0.36661451566191033, 179.90169732166675, -113.20248661698675, 282.1388154717379]"
779.1527036228567,37.52884673291582,0.9999073408993169,0.452261188169906,True,False,"[0.4946425543653759, 0.5208169191105012, 265.8931101276064, -158.42253921451032, 334.9917106945483, 0.6633592877100243, 0.49104152764458514, 181.81867365050445, -108.9884733453006, 277.6603012559181]"
771.3611765866282,37.487346055176076,1.0,0.27756448210522267,True,False,"[0.4225138521912505, 0.4835243259209599, 264.35576244023207, -175.03446699944752, 328.77583324360756, 0.6488752766480057, 0.35461606764567766, 186.342953389201, -101.79621482340964, 284.0393538545617]"
763.6475648207619,37.50486568133847,0.9999770582320915,0.43506467286343653,True,False,"[0.3391730925622627, 0.5736410682192195, 263.935641426023, -161.6391215885674, 332.36247721206144, 0.5653716666397259, 0.5261413147989891, 174.58323942259258, -101.86296946458455, 281.8290425143097]"
756.0110891725543,37.413493471556464,1.0,0.8439405384291299,True,False,"[0.5485498838371239, 0.7144124489105984, 258.3448557111739, -182.2166577233785, 331.37645651769867, 0.5235261892212411, 0.4748906126528987, 173.57662644265523, -102.9640625720969, 286.9472064034148]"
748.4509782808287,37.43954351706854,0.9999651953261687,0.44814524363593866,True,False,"[0.5459200913765525, 0.6989440724142857, 272.1224710126354, -180.83098862886604, 334.9793041617594, 0.5785452593632057, 0.3201502525991482, 173.3402256398576, -115.33964927936793, 285.94331330463433]"
740.9664684980204,37.46445220970658,0.999966384074003,0.6636861121988415,True,False,"[0.7059819972469681, 0.7472137528352584, 265.1031460174642, -164.749628279469, 333.06735815491754, 0.6441140428621255, 0.31888791686151957, 180.24408380726715, -116.5440163570679, 284.98794400509405]"
733.5568038130402,37.496643506281615,0.9999561171131137,0.7447813788795277,True,False,"[0.7945480278049117, 0.8298339527703568, 265.1899473267149, -171.2222954693081, 333.518271711228, 0.5579957968899593, 0.30997630050826913, 174.99679129894088, -107.0277255217871, 278.9377186270182]"
726.2212357749098,37.47077180946673,1.0,0.33669030266838773,True,False,"[0.736521813011854, 0.8527845127494222, 273.0336016025866, -179.8395457454096, 346.8398927924169, 0.4018680053478757, 0.24549159498297898, 170.64040195592344, -120.55629298759553, 279.6017865274504]"
718.9590234171607,37.45762635568826,1.0,0.9146195634060739,True,False,"[0.71022472363048, 0.8745434129069196, 271.98262143543593, -187.97156708122847, 352.6476194913212, 0.4529682386815887, 0.44395304632028953, 178.9550470415319, -120.15838136978782, 280.19146659715403]"
711.769433182989,37.42553270416973,1.0,0.5344056936350442,True,False,"[0.6874792213751091, 0.8348995714667338, 256.5070562947384, -201.163146668867, 354.03697278485424, 0.5552719568815077, 0.42292039335591874, 179.2062553113546, -130.81077455764824, 282.47654771143635]"
704.6517388511592,37.395254805849646,1.0,0.7495919369380177,True,False,"[0.5606373793527164, 0.8013725878559109, 247.92496289510916, -202.71006320863515, 352.5631505310896, 0.5909869017052913, 0.4349290684054212, 176.73573529824563, -110.09817081664008, 287.57472418717]"
697.6052214626476,37.51917873570426,0.999822373858951,0.09772667921860845,True,False,"[0.6418216834012029, 0.6121642478206687, 255.60899327384294, -199.55865604461985, 355.7102937144051, 0.8379873255385362, 0.5398500323629851, 178.28559179098448, -110.75886599178999, 281.9270072033957]"
690.6291692480211,37.42229156761082,1.0,0.6792498481376419,True,False,"[0.7196040187343113, 0.4842079274962846, 247.9792621233044, -196.38431693031296, 360.4131329047045, 0.7424871486348059, 0.29910017272430695, 182.48310535399415, -115.26719357638903, 271.9000376731867]"
683.7228775555409,37.476234011424765,0.9999211079258263,0.180208336077603,True,False,"[0.8156074169994916, 0.5933546818111234, 250.87011620700895, -213.67964254778167, 358.33334029637666, 0.7129222472361529, 0.2880310953941354, 186.17287518389836, -106.52013784564764, 267.81026745695215]"
676.8856487799854,37.42945451374902,1.0,0.05585816655124065,True,False,"[0.6980663230545899, 0.6188185889154355, 243.5152941174492, -210.65117200462166, 362.95804783298445, 0.6729520048041712, 0.36617858368735784, 182.99018137084295, -109.80081595727631, 268.0396002644503]"
670.1167922921856,37.41948534241837,1.0,0.3161347921386124,True,False,"[0.5908715427553821, 0.529887442250932, 243.35197323728937, -218.54081741809458, 362.5158238367916, 0.7163157179211125, 0.38311811107548993, 181.38586182796072, -119.23338267460032, 271.13468782210646]"
663.4156243692637,37.420760506724555,0.9999980778820489,0.8084532541502677,True,False,"[0.6451150932949291, 0.5483842793908204, 247.37865186694398, -207.1671300217979, 362.84608375386426, 0.7297842687311367, 0.41491876735191296, 192.13832848002434, -125.41828035677477, 275.2157910599397]"
656.7814681255711,37.42459355454871,0.9999941639086589,0.8658158748948849,True,False,"[0.6851817959236353, 0.5119114280675606, 240.86656622847008, -215.66883372970833, 364.41467347078714, 0.7955989299190847, 0.3405491796665425, 195.23111423550836, -142.35136250122213, 274.6458778725793]"
650.2136534443154,37.408787658693726,1.0,0.3848586424631807,True,False,"[0.7779293041498876, 0.4898198297239003, 237.90839118118862, -215.48542564213446, 362.18695409364193, 0.8034592855775233, 0.1946043693924237, 192.084069962342, -162.79209873246523, 273.31857642670076]"
643.7115169098722,37.4756005000778,0.9998962122435414,0.7176799879229563,True,False,"[0.8533840008012169, 0.7055384580842569, 236.54427847335, -206.98785550556542, 360.4296714098334, 0.7684020022680637, 0.32403552245402056, 193.21932355808687, -164.44737940735575, 267.31042203674787]"
637.2744017407734,37.44579396551503,1.0,0.7483759417204161,True,False,"[0.7339092265671732, 0.747316858131063, 238.38637894112935, -192.66387640196578, 358.5737964904695, 0.8116392768827732, 0.40867692590930216, 193.53088135788713, -155.02201787171677, 274.9217442306735]"
630.9016577233657,37.41468509490694,1.0,0.4422573359195682,True,False,"[0.6276784701156382, 0.742399712133587, 239.46089989884322, -187.48431974234762, 354.88319960408046, 0.7128799783790009, 0.372920175860556, 194.98216039550377, -153.90007993413076, 277.8822233992736]"
624.592641146132,37.43023447992219,0.9999751050677839,0.2981825541670977,True,False,"[0.6369082115289135, 0.6298168970975763, 236.29315573521265, -178.09108325357192, 347.34809109252666, 0.7813474898975543, 0.39297962878947057, 194.05877649502526, -161.0096338510959, 279.89464380116516]"
618.3467147346706,37.44754090494279,0.9999720121698354,0.5899318001340856,True,False,"[0.6798614470298302, 0.7344974712991571, 237.82080300791887, -162.9216089029108, 349.35515582540694, 0.8061701607117827, 0.4228268205590438, 191.74690789976282, -158.80724503638086, 281.3045681031982]"
612.1632475873239,37.422635143772446,1.0,0.6924876482053152,True,False,"[0.5917388125598951, 0.7414707683991048, 242.49302016809025, -162.32983239047388, 354.47500144187313, 0.6935961444980946, 0.31949500253259383, 180.49118184340244, -161.70724303320083, 285.01467828072674]"
606.0416151114506,37.46724688598489,0.9999263910279959,0.26164235242148004,True,False,"[0.5275406630253647, 0.6536631291872843, 246.48495758844516, -156.35739888996315, 363.9208276531916, 0.7247997280621901, 0.25641512562763524, 175.58327573128298, -134.79427369468385, 292.7435778469002]"
599.9811989603361,37.473879248425284,0.999988945777311,0.49714779941268106,True,False,"[0.6001820684961852, 0.5769277261083494, 249.65485293551305, -160.21656719142396, 366.4845494641105, 0.6704797246165818, 0.13340461066515363, 179.73149786015586, -118.01657996925823, 294.0774984357613]"
593.9813869707327,37.49060749673123,0.9999718374798993,0.35854768505739376,True,False,"[0.7755078287549525, 0.6186040261493451, 246.67787555703597, -158.5407983074992, 369.8656524340593, 0.7585122623875894, 0.23190400794768146, 174.3736689247031, -122.84988539093658, 289.8467704648307]"
588.0415731010254,37.52750890453199,0.9999372489094738,0.47458184552375604,True,False,"[0.8572395959416468, 0.6752812194765897, 248.95131879239486, -155.49882807746107, 363.81876940890743, 0.5444043175129558, 0.3004580476201632, 174.03078959957767, -110.79128962855422, 287.3139737000104]"
582.1611573700152,37.53454749217122,0.9999879096277715,0.9377139938550887,True,False,"[0.8755912878926647, 0.7059761975686147, 249.96918844292026, -159.92144848565096, 359.6682087113942, 0.5797796411925256, 0.26912097500980814, 178.9071613562027, -109.46106889770124, 286.07380798376147]"
576.3395457963151,37.493788215317444,1.0,0.4424008223781316,True,False,"[0.6969055389480909, 0.6267605979821891, 257.9865895091552, -171.51546600254972, 362.3827045454328, 0.5025040031554968, 0.4085800713580061, 176.71064800650743, -117.63616059562166, 277.266622841305]"
570.5761503383519,37.5190804968707,0.9999556733645926,0.025190699652257953,True,False,"[0.7799339105664537, 0.6249743850930342, 255.87458528296884, -160.91076462978748, 366.7087297764369, 0.25836753913268795, 0.5259253592443007, 175.32668052477982, -112.94157995858929, 274.218680826182]"
564.8703888349684,37.512726720258414,1.0,0.8996214504461333,True,False,"[0.7066876739612667, 0.6434663127821835, 259.19324640684425, -164.82103186817858, 367.672123016137, 0.24020276884668168, 0.5306013205219685, 174.05765265597535, -88.42892706664803, 267.40904864717356]"
559.2216849466187,37.514298632882394,0.9999971891104064,0.6318878101879433,True,False,"[0.7510852670609782, 0.550819475346876, 261.52844477001116, -182.34729158419873, 369.6184751065319, 0.2831759375181485, 0.4693320870036518, 171.63959148126744, -96.44196635504721, 272.06689216283877]"
553.6294680971524,37.514812967671446,0.9999990709769263,0.7870662328344646,True,False,"[0.7229709823044058, 0.48548764134628986, 258.7691054207087, -194.79396992109312, 364.3973896128843, 0.24828177174825067, 0.37898073747705796, 166.96021911709832, -69.63353675626327, 274.8200948938791]"
548.0931734161809,37.5343790097606,0.9999643022504124,0.9809402275570862,True,False,"[0.8172032491479277, 0.4629366828579876, 259.52463971020325, -191.54045913166357, 367.81688703406684, 0.1505250546843974, 0.37324214092405916, 160.77842568128344, -50.93783725529346, 273.78882966174865]"
542.6122416820191,37.53253539162696,1.0,0.9023515298747181,True,False,"[0.8133465678198804, 0.42306971912232005, 256.95637642857804, -196.7806090266236, 370.9465278098359, 0.13703400307166558, 0.3911152071391448, 159.82984320495257, -50.298192375402834, 265.3710671394728]"
537.1861192651988,37.50798314955304,1.0,0.4143746338933356,True,False,"[0.7827270483853339, 0.5194557404778353, 256.94173867352, -191.65696984359263, 362.78845170629137, 0.26579053652769025, 0.3461804242870889, 160.33308284209025, -53.06055530723086, 264.5405082156831]"
531.8142580725469,37.5122804534433,0.999991919572552,0.5205929426822997,True,False,"[0.8244921576611167, 0.5051160814950227, 255.8445976452146, -186.51365444314845, 359.67938593347725, 0.3184654111886316, 0.33489889742142076, 156.72707203039243, -56.62627042727297, 267.8461504416651]"
526.4961154918213,37.4935196774533,1.0,0.8532530017331491,True,False,"[0.7647554229134008, 0.6157679628364905, 259.9771558375425, -179.04041948713157, 356.9283743988165, 0.288447749369213, 0.368021903765141, 148.35207206424477, -64.03342924164167, 261.3891763130398]"
521.2311543369032,37.48425275834475,1.0,0.5310591622963199,True,False,"[0.7838299325126964, 0.5682376301096543, 259.27226537331796, -191.37165520676874, 349.6641962436206, 0.3600025739270652, 0.43635221730277174, 138.97733479532346, -69.84061027372394, 257.25050484431387]"
516.0188427935341,37.41645309279316,1.0,0.8890527625818769,True,False,"[0.5638730161205998, 0.6628518931726632, 261.7016737786168, -189.68267727356965, 349.23235985475463, 0.45259670541066915, 0.38790526185842433, 133.41919706113347, -62.973026439373804, 251.8465776578311]"
510.85865436559874,37.41531045588817,1.0,0.6399926473909172,True,False,"[0.6898605834104766, 0.7231099961035955, 261.57403036573334, -203.15532621667768, 352.1164249314229, 0.7217671296231025, 0.37043559671472165, 141.31554640510248, -63.403187128055635, 249.5739229285863]"
505.75006782194276,37.38964030781313,1.0,0.5817793176929511,True,False,"[0.6268030976198382, 0.7265958989825342, 260.89963521452466, -208.4367069873024, 352.7026039716663, 0.5298591285550612, 0.4739672959058454, 135.67171978119424, -63.091727036235035, 249.0126757425384]"
500.69256714372335,37.39365653612171,0.999991978686195,0.8957439842124983,True,False,"[0.6886493994053046, 0.8315772730231247, 264.2707746920438, -196.29521108214632, 347.9303947689085, 0.6674309131670242, 0.46898638579752666, 139.10960576840418, -60.8402222593339, 243.14382011087832]"
495.68564147228614,37.439544187895635,0.9999074301855927,0.07551026784210435,True,False,"[0.7798908680143553, 0.7625375844305772, 263.92414467494416, -180.67554289828394, 349.19262721226636, 0.768392866533158, 0.3923321307293571, 135.3743797289831, -80.28835896322309, 243.53619373725587]"
490.72878505756324,37.45474847890339,0.9999690173962986,0.4214872711065567,True,False,"[0.7397596682234753, 0.9035752703242703, 266.6868445719229, -176.99179731481507, 350.5639804635526, 0.7774325007890279, 0.47040937146046063, 135.66628990294532, -78.36149119491228, 242.6737452852361]"
485.8214972069876,37.46860297702581,0.999971482734595,0.5773815998895461,True,False,"[0.7879778596590589, 0.8565551663853689, 268.7754216097486, -156.7423415139525, 352.81897559727884, 0.7291639783306727, 0.35113755045392125, 127.52577536166052, -69.08442037553527, 243.2365653148677]"
480.9632822349177,37.41634787836397,1.0,0.8611404762311707,True,False,"[0.7025571532626887, 0.8585583680612197, 260.6705255754117, -169.29180842141497, 359.92422210568054, 0.803896067279408, 0.25009688375842487, 121.56354330667533, -71.37075621356394, 239.38370198984032]"
476.15364941256854,37.36873882737941,1.0,0.6884130917483893,True,False,"[0.5808970154999894, 0.8222581398429297, 257.34641968119615, -163.96662203260635, 370.10184965593226, 0.6495330215211824, 0.35350015933073536, 117.93371329052735, -60.44638021303411, 227.67976546213964]"
471.3921129184429,37.38801468061444,0.9999591095001286,0.31303439901608154,True,False,"[0.6899846037404085, 0.9086505208243054, 252.94677200790724, -169.65031816599247, 372.02251253283697, 0.612610742858342, 0.46333179615359543, 122.9455386254326, -51.26583917528251, 226.62856693796613]"
466.67819178925845,37.37938162383862,1.0,0.4683550861423378,True,False,"[0.618275529641877, 0.8481964354679528, 248.61901454604256, -169.5222238716227, 374.9904808741503, 0.4095283104418861, 0.42211220699342655, 132.79672016849338, -42.589463721620035, 224.99553081946337]"
462.01140987136586,37.45106162016685,0.9998448643592085,0.7920893377680012,True,False,"[0.7345088612672475, 0.7825296057232058, 251.27233797355444, -142.43784181411132, 379.491977021139, 0.3611817011031804, 0.45939470196982746, 127.68119176214005, -49.216227539837064, 227.03654129995164]"
457.3912957726522,37.46577946246149,0.9999678227250073,0.9986734234770649,True,False,"[0.779521200994997, 0.8452343394305665, 250.60830875797714, -137.75965226596043, 386.34745897622105, 0.4103454563405362, 0.38028980551264524, 120.71622593758525, -52.2400761571866, 228.1624265687456]"
452.8173828149257,37.492646199292565,0.9999406693717322,0.07267955849161345,True,False,"[0.8722929241127557, 0.8002379199808374, 250.51093184365573, -132.56568666625842, 387.619408196118, 0.37105922499125643, 0.2626386868711609, 117.12811851458375, -58.83068622118658, 229.81533647659603]"
448.28920898677643,37.476566777965544,1.0,0.824205644146623,True,False,"[0.780416562520734, 0.8335443827341487, 253.95300980335804, -128.4319074806025, 378.5800818120078, 0.2883261153321349, 0.30329736681845304, 117.73859990103753, -61.398250522168595, 238.72662848051857]"
443.80631689690864,37.511157876233995,0.99992206115835,0.5456726876840868,True,False,"[0.8800151601640477, 0.8296415788430682, 255.76550910457993, -130.0552511792619, 380.15974477474464, 0.2256536177062567, 0.163322263370052, 114.39503280365048, -44.6790692582905, 236.65162264790465]"
439.36825372793953,37.48627736566366,1.0,0.46923898968169364,True,False,"[0.8616323274360975, 0.7068981930289191, 260.0152074167122, -115.62667917023346, 377.82797945431764, 0.2703097352246415, 0.2021249889320587, 112.33550984089831, -36.81848189583698, 236.05401534558317]"
434.97457119066013,37.4871742506802,0.999997938076956,0.4526211595341816,True,False,"[0.8746622312568252, 0.7070191724378528, 266.11727641489875, -114.10420590335973, 372.8367854651154, 0.22986577018690244, 0.1742335457555732, 108.59859653059438, -56.79076394647991, 239.94975064921454]"
430.6248254787535,37.473997369867426,1.0,0.5811502773787731,True,False,"[0.8593916536719084, 0.5383086451487801, 271.4376939144315, -136.45507159631984, 376.3093774883386, 0.29720780861513874, 0.13735483775852156, 118.73900095369015, -33.447435114610954, 238.51249100308738]"
426.318577223966,37.49350331009271,0.9999542466713085,0.36919273600987,True,False,"[0.8855758931533796, 0.45169899132257263, 269.117643855908, -131.51107940217076, 376.35904939624584, 0.36299675186690916, 0.21467495366771358, 118.01167386592947, -32.003801732446696, 240.39899392077177]"
422.05539145172634,37.49846456702036,0.9999882450790383,0.9208586757452646,True,False,"[0.8945803804868108, 0.5068417800340695, 272.2644716160111, -139.12768166754873, 377.55003611956147, 0.49120974831760206, 0.323269775566309, 118.08839424113697, -32.33213280633176, 235.73392548504256]"
417.83483753720907,37.504906790763386,0.9999845820082457,0.11619530105850095,True,False,"[0.8982766937076394, 0.5862517151691753, 275.38868011737105, -142.99106552713127, 371.4285150730624, 0.6054083322587425, 0.37174147514354694, 111.27764423707677, -32.822053618354765, 241.5252633870397]"
413.656489161837,37.52474179431461,0.9999520507267984,0.5264007119428614,True,False,"[0.8821458256201523, 0.6445556519287188, 276.6686202620554, -128.03370058727748, 368.97900689968606, 0.6015263581494669, 0.5722538968399631, 114.4934148252156, -21.704370447228147, 246.26782363217168]"
409.5199242702186,37.51667149353379,1.0,0.5814319928366906,True,False,"[0.7144222407832086, 0.6514114205090534, 273.270129351707, -117.28158737788543, 368.2219660392981, 0.5383376611296954, 0.5650906578219239, 114.9157653712661, -7.889988379977243, 246.44627934987506]"
405.42472502751644,37.49120551587132,1.0,0.13437181800911935,True,False,"[0.7196538786752686, 0.6390527057591086, 280.2809606369579, -116.46374752070025, 371.89692612538323, 0.3557935164709499, 0.5629639941247023, 114.49196122954042, 11.069824486487185, 251.62369324725282]"
401.37047777724126,37.51849488423732,0.9999320118389633,0.7838839163598573,True,False,"[0.8704688039640492, 0.7067068975898717, 282.69152608811845, -112.77988177070203, 370.62421352542844, 0.2644275204950761, 0.6397933137165307, 113.7113892910322, 11.209437889256607, 250.0835168994861]"
397.35677299946883,37.58295159552322,0.9998377994586545,0.9743490000794442,True,False,"[0.8263773073725773, 0.6951523245015898, 274.27184388487797, -123.35105025889601, 376.88594120915076, 0.13789035664815302, 0.7488164380287411, 113.69214128330596, 6.58474456088575, 246.9114906980783]"
393.38320526947416,37.59635022361722,0.9999659405898916,0.8366904266731443,True,False,"[0.877733468324183, 0.6141467934028977, 274.1415657129048, -120.08229036276364, 375.4760556358113, 0.11657000255271324, 0.6853028373973999, 119.95986309436651, 11.381092278149342, 251.353058582803]"
389.4493732167794,37.5805303092284,1.0,0.2669840884103304,True,False,"[0.898206558525786, 0.6945578335542553, 275.9943719096299, -131.91024663476207, 374.30603212083383, 0.12350303004089183, 0.5492723515497413, 122.98829306677479, 22.687180567483743, 256.03033133637166]"
385.5548794846116,37.535174257968265,1.0,0.9138381395648556,True,False,"[0.855538589811974, 0.7597885941859984, 277.2080134809527, -136.87522167370466, 372.52079766932957, 0.15554671055722477, 0.4449666769295666, 123.40375219360327, 25.80596579976581, 247.5162743476694]"
381.6993306897655,37.50387811621189,1.0,0.19277747206234253,True,False,"[0.7958093302519244, 0.6815397518398957, 264.57734992752296, -146.23954880495486, 369.25783239213433, 0.188154895771886, 0.41329241883870693, 121.04157069947358, 28.101523250907384, 250.06557136048343]"
377.88233738286783,37.50890658788061,0.9999866931112822,0.5144579990405661,True,False,"[0.7449766686983162, 0.6749372974559061, 265.03617783849415, -143.1953589885152, 366.97562529903126, 0.12831911342886343, 0.2773936303500214, 114.26535632982048, 39.066825836092065, 250.1902938693431]"
374.10351400903915,37.46301200868451,1.0,0.6042424682591823,True,False,"[0.6685465530023538, 0.7062553309831882, 275.46048254471765, -141.50052180786997, 372.96356272058244, 0.21495907824288932, 0.29967751022708466, 114.48077732429833, 54.672546134369185, 245.09439687864216]"
370.36247886894876,37.48150641267488,0.9999500652920169,0.148054046773613,True,False,"[0.5756040631325748, 0.5987991443082598, 270.2563836203609, -133.71239907633947, 378.88683001336557, 0.21535622942433402, 0.3987213003886473, 113.0039949976097, 59.7926706496159, 246.59474587486076]"
366.6588540802593,37.44320508432053,1.0,0.6082031886460031,True,False,"[0.5237573189753671, 0.615706082370726, 277.28636054008825, -115.28210715589738, 381.4606095652441, 0.28704756144364396, 0.2079657849772073, 108.83994164919055, 61.248454689770554, 239.92048361199238]"
362.9922655394567,37.45900696114708,0.999956468678851,0.44560147674759987,True,False,"[0.675781555392258, 0.5466334351693923, 275.0549916660969, -95.73720249919185, 384.28932865142536, 0.2984962228437621, 0.12297629827261947, 120.23434156746072, 54.53321807643563, 244.8334125659219]"
359.3623428840621,37.46653956406781,0.9999790391950495,0.5846189889649502,True,False,"[0.7663880345569357, 0.5735809624718697, 278.90919249702756, -102.11283833839529, 395.78471873741574, 0.2771206178329032, 0.12201741713569626, 123.09056586573345, 59.468999036248576, 241.2001085932852]"
355.7687194552215,37.49327480669245,0.9999248550065245,0.050864814264467206,True,False,"[0.852938851883324, 0.663912698797121, 280.16058844369377, -80.28371675757136, 387.72867665324884, 0.25461509443036145, 0.16613869408346402, 122.43063155779946, 46.53407440601252, 240.13064287347547]"
352.2110322606693,37.4894498324279,1.0,0.8934056460208213,True,False,"[0.7945916491899068, 0.6641978680193795, 276.2315454186707, -74.33510189487805, 380.7236220040314, 0.35426985233785385, 0.24062826569261506, 125.31070415727578, 27.253932157758506, 238.19118499517373]"
348.6889219380626,37.440068496398204,1.0,0.49870315386833464,True,False,"[0.4545512382071024, 0.8011759778952825, 271.75508140181705, -74.3344543871579, 376.7619872029279, 0.2844772518948683, 0.23725624927985636, 119.21879698131048, 2.4322707341074334, 237.04954161536708]"
345.20203271868195,37.44073660111943,0.9999980645998245,0.5667627958872807,True,False,"[0.537205034302379, 0.8499232485401248, 270.38884531216667, -69.66442058237557, 377.786234587315, 0.17786954316721246, 0.22402232682158071, 122.17487969542303, 6.802325256050738, 243.14227169277143]"
341.75001239149515,37.441342398391484,0.9999982273687984,0.4494570586756931,True,False,"[0.6625099087504926, 0.8974612039337003, 274.1906293602557, -64.74107876047924, 391.9410504147862, 0.2478769805564306, 0.12779340166991005, 119.90607763575204, 12.438708565792588, 243.1930159260365]"
338.33251226758017,37.506908179494864,0.9998062278199437,0.8919000171832944,True,False,"[0.7733144789652493, 0.8562944763503957, 272.5751652232095, -74.98968054881877, 394.4016996088305, 0.16224996324809354, 0.13614149438095854, 121.33789901653128, 11.291694199144738, 243.81372576697677]"
334.9491871449044,37.471090115112936,1.0,0.7062621019509755,True,False,"[0.6808423443725957, 0.8016401823127042, 270.5872118293871, -78.46381688058747, 395.5125486675571, 0.24964648831920405, 0.3353519260673747, 117.65529879576393, -13.677739049079632, 235.76574008591132]"
331.5996952734553,37.40986992745735,1.0,0.812567733709243,True,False,"[0.6216258886869813, 0.9201123589150274, 273.79905028730474, -89.13198057352596, 394.6860819704201, 0.32910267102630186, 0.4343217859055447, 109.88369809482478, -13.377675170109422, 240.20772237342388]"
328.28369832072076,37.48134375489043,0.9997823040018945,0.42249125706921276,True,False,"[0.7033135560187573, 0.6774190016368757, 280.19348527468765, -79.11629686848332, 394.38654391944226, 0.33463074486861366, 0.5881162117673164, 98.54771179320723, -24.05603679757701, 239.74302790931145]"
325.0008613375135,37.47086853428713,1.0,0.7059031545323416,True,False,"[0.7534648028695958, 0.6905754205266557, 275.02925927418045, -82.61370828933282, 394.60347225184137, 0.4964389704173938, 0.6987642920171319, 99.79045887351019, -25.547465462791497, 240.02453486959075]"
321.7508527241384,37.44324475237372,1.0,0.13384744409923088,True,False,"[0.6894545056424926, 0.7678227923502882, 280.01906611018046, -80.76895949559746, 391.9405984769595, 0.4712982738903384, 0.7787359041838877, 100.816926715898, -25.132113989746426, 240.10467577953094]"
318.533344196897,37.45540318370323,0.9999618306858291,0.1294440941160787,True,False,"[0.7670976216840462, 0.8168917975018158, 280.8502782073862, -70.14586051202517, 388.8399377641995, 0.3563005970006912, 0.7484211116417377, 92.27718266635088, -37.02356828120932, 236.22738865748323]"
315.34801075492805,37.50870591322288,0.9998309860118929,0.8054995585007269,True,False,"[0.7824329309002236, 0.7633137240101664, 277.228288771009, -64.58625625506384, 385.93003457003704, 0.27350937843970935, 0.8292967599258979, 94.42930649773415, -33.53285382409251, 236.23023404852373]"
312.19453064737877,37.52648963660629,0.9999430380255422,0.23550491604131651,True,False,"[0.8550292122552144, 0.7728987264578653, 283.9264876614551, -63.96385048813723, 391.7800003273887, 0.24246116295210748, 0.7250484813232576, 103.57217247062182, -54.95779524100627, 231.9250301890894]"
309.072585340905,37.476915891897065,1.0,0.8353440897036968,True,False,"[0.8518415853354909, 0.6313027214605238, 283.83875891559114, -66.77081494354422, 387.29374089068375, 0.3093314503109647, 0.6597411071674194, 108.68216781076622, -57.07680460933011, 225.08884400042552]"
305.98185948749597,37.54292775434159,0.9997842854395383,0.584343016893322,True,False,"[0.852754963913353, 0.6163761628425658, 283.7953457464766, -82.2798117991795, 382.85923703757476, 0.2330900264646128, 0.827970763432558, 105.63949634614181, -56.915913017159994, 222.22878398765494]"
302.922040892621,37.4194334957886,1.0,0.6190938252947561,True,False,"[0.7630847208282018, 0.49646111210569877, 283.09029993564553, -78.96529301472759, 377.3312989347153, 0.3540375492998329, 0.6931042208799637, 95.9340233907296, -43.23990944135363, 212.40364357132384]"
299.8928204836948,37.474075038843495,0.9998178130262441,0.6704183012843985,True,False,"[0.8694893247476352, 0.40726602865159106, 288.1257674895856, -74.31950807253546, 375.92074498355447, 0.26863619051839743, 0.7849394670548027, 103.2563481535217, -44.15791512823105, 214.62851934506526]"
296.89389227885783,37.52868000695171,0.9998160960924399,0.06783341740759541,True,False,"[0.8434391591603357, 0.4314358691992891, 282.81910554541935, -84.58664618383261, 371.9271046468694, 0.21492592540573296, 0.8102404317596388, 97.57772120381543, -43.984383928018666, 217.29483325077632]"
293.92495335606924,37.44073499236855,1.0,0.9409020641466992,True,False,"[0.7918848333921279, 0.4499130073647686, 296.1647881937518, -80.79851530291666, 368.457189932991, 0.29082975121519383, 0.561438826409516, 90.37861878425417, -39.13739036349597, 208.20373569842988]"
290.9857038225085,37.4345780685546,1.0,0.8664421488361266,True,False,"[0.8260396641270488, 0.5151357231919943, 285.13980638279725, -68.08555879406248, 362.5062589974481, 0.3106656634756868, 0.5635227980516737, 89.03322735343737, -31.56679055242626, 206.08429739408533]"
288.07584678428344,37.447236533154985,0.9999560595356041,0.9473453448423969,True,False,"[0.7942753157390852, 0.5030466707936232, 286.6112176355585, -86.07539223066067, 359.86151073200205, 0.18927692244387107, 0.5703827758850808, 85.66109381971228, -31.592993417578157, 191.82291053076906]"
285.1950883164406,37.46093937366958,0.9999519539014194,0.04135018634895893,True,False,"[0.7134497336881823, 0.6260886884418704, 284.0685166430936, -88.55137408752601, 363.5932212185874, 0.1933300017362842, 0.6373135905002058, 90.69404200639076, -25.546182576172143, 199.1033969352729]"
282.3431374332762,37.451125351023094,1.0,0.8169589556325004,True,False,"[0.7127322418830903, 0.6303742465996095, 292.56848470689266, -87.74200893454666, 358.84668579120955, 0.1958447507581779, 0.6353856973248275, 92.73585992254728, -32.87736949217291, 193.21093235714432]"
279.5197060589434,37.47258698020892,0.9999232225677628,0.3891842997219903,True,False,"[0.7906645217028232, 0.6647328736894541, 288.86596553625674, -93.42639002873273, 373.14975852958145, 0.1671147084590071, 0.617242285646627, 94.15494378018487, -34.9519918679265, 190.60854431780996]"
276.724508998354,37.46724654780634,1.0,0.7463346333885561,True,False,"[0.8424062350045874, 0.7074886377175084, 283.40969388619055, -91.92444214930033, 369.8438928968302, 0.20649578160590332, 0.6563097816185886, 92.66908578683557, -32.15655177489047, 195.23741861120683]"
273.95726390837046,37.583198995393126,0.9995768394276163,0.04139933717066513,True,False,"[0.8687953234030757, 0.7146359905187734, 277.3358455710714, -81.64109635785837, 368.2762004355844, 0.1259489178365258, 0.7154913548828957, 98.67130042245515, -38.383868936336505, 196.55622502174424]"
271.2176912692868,37.52238548023841,1.0,0.9216298789127231,True,False,"[0.8871499377724507, 0.81201852521563, 275.29078168251834, -110.50477550894973, 368.6160847473543, 0.2608206831736546, 0.8578271075012941, 99.30850281245837, -42.205624897462975, 196.59822384139468]"
268.5055143565939,37.48059163651439,1.0,0.9217334439178342,True,False,"[0.7563079922783233, 0.8676443554605697, 274.3494472579323, -122.02799305363756, 368.44226781426846, 0.2323663184965251, 0.7849629974941813, 103.82646507650833, -43.50394783938955, 202.46355089686963]"
265.82045921302796,37.47215934065653,1.0,0.4646328930403276,True,False,"[0.8201317240506778, 0.8442619087403721, 272.2919131503578, -121.46833496445812, 356.9459328046696, 0.21911662326834422, 0.6616230064583747, 108.1432388912506, -55.52389511763806, 199.46236593971435]"
263.16225462089767,37.68077438572478,0.9992075900849335,0.39194051362489735,True,False,"[0.8617328673871556, 0.864423101818914, 279.116083471554, -119.33084812700743, 359.34791616649824, 0.1778832650120818, 0.8624019194640966, 115.22473794553547, -72.92556019298414, 204.93934982959928]"
260.5306320746887,37.45605325884558,1.0,0.15179947597923082,True,False,"[0.6961794838716957, 0.7908614355184813, 271.89383658304115, -104.95183710220547, 366.9841514931563, 0.27602469157523396, 0.8070038778811465, 109.9137605072553, -84.19894959017739, 205.39181292249262]"
257.9253257539418,37.39057320095034,1.0,0.11251614014723488,True,False,"[0.6192629052290873, 0.8052419486865219, 267.3572085803111, -118.7555028759104, 359.152305573393, 0.2745661654714068, 0.643518203564202, 103.73796823609388, -85.37210051601451, 194.15489041696398]"
255.3460724964024,37.43470506062373,0.9998271833759861,0.1845632590263374,True,False,"[0.6701507215167429, 0.7209893531779021, 269.02499034203004, -119.65944041281514, 362.0346332951538, 0.2661500713681325, 0.7611089142039225, 103.35236136737699, -84.18576187730346, 192.68159000937243]"
252.79261177143837,37.380676926670326,1.0,0.39171388039878985,True,False,"[0.6780708540909849, 0.6020427249109794, 267.51643075325916, -111.61774272679548, 357.2297566532093, 0.31857329685376823, 0.738130787008838, 97.30406369922517, -62.49173389849193, 192.49113082185414]"
250.264685653724,37.3184441434978,1.0,0.877404915390181,True,True,"[0.5920318087721871, 0.3735242136531811, 272.72738504433954, -122.50380723256424, 359.8425661971474, 0.44275879678338687, 0.6274836620177546, 95.00619459789584, -66.45061218900055, 193.18387118418934]"
247.76203879718676,37.40009382010474,0.9996705055193058,0.8303808536586779,True,False,"[0.5503023449419655, 0.33569794862093827, 260.06275602251907, -115.23647622106412, 365.1844136187388, 0.25563989117861263, 0.5861769937602506, 95.10676105739812, -69.48562332128846, 195.53612123945013]"
245.28441840921488,37.48330739866557,0.9996608041169072,0.2890641168363475,True,False,"[0.7349585868849681, 0.27545700332902484, 259.49198134630984, -119.65111821418941, 369.22250710403097, 0.15134087377176741, 0.6057901456854895, 94.68301970566795, -67.13240093302315, 183.15409397081834]"
242.83157422512272,37.41468607571531,1.0,0.004491424331985461,True,False,"[0.8762664659060725, 0.4179091162773618, 253.11466288497974, -119.96996816287736, 364.32457546432966, 0.2377828202823441, 0.664397540238371, 100.1640800610808, -68.57119951791566, 180.38786872781182]"
240.40325848287148,37.375705361595024,1.0,0.15076075352816165,True,False,"[0.8021661732864276, 0.4996275753895953, 249.90902415389888, -128.23425476703403, 360.5824667469911, 0.41560919780228545, 0.5002585797089409, 99.1754548828336, -82.96989292421203, 185.6346897800147]"
237.99922589804277,37.372323557190924,1.0,0.20482897129129451,True,False,"[0.7846108474183963, 0.44533810208550373, 244.88925600704647, -112.30454651486174, 360.9784740496998, 0.3923119960586807, 0.4971175851873929, 105.57614330183986, -84.68727606391273, 185.26999787786744]"
235.61923363906234,37.448376486828266,0.9996772731341117,0.00982020930125671,True,False,"[0.8890695955763693, 0.3684388597662285, 244.5321612742482, -101.57049531415478, 352.9672276227729, 0.17131138272859794, 0.3032753884054583, 91.05710028701124, -70.31313891888476, 189.4049242399388]"
233.26304130267172,37.44133798445918,1.0,0.9606869707821817,True,False,"[0.8937812659455687, 0.31614257219138536, 246.16043746817343, -103.83323987663164, 345.4277234994067, 0.18102954412083175, 0.30251617143407816, 89.2912770249501, -74.48797139433181, 186.56588859286276]"
230.930410889645,37.463203423437925,0.9999053203786697,0.8554388353999652,True,False,"[0.8972380710840506, 0.230961453130526, 247.20960683463653, -116.56096357094894, 340.58685419628466, 0.1742053149531472, 0.32642838289824416, 87.98173245671326, -78.58809416868017, 187.36517914237356]"
228.62110678074856,37.44087198378688,1.0,0.7859645321327077,True,False,"[0.8868973156720604, 0.31864977521138715, 241.93575564656896, -138.72381510142654, 341.64660140920193, 0.21163150721781224, 0.3307005917487989, 90.64373957906678, -90.19329226394566, 180.3450985283824]"
226.33489571294106,37.38261146478553,1.0,0.5881508113246424,True,False,"[0.8658006153243174, 0.19335511517550366, 244.1377985314886, -132.669237117928, 328.6775996046563, 0.23901103851264324, 0.2907046143836479, 89.67717142442983, -75.25173618773368, 184.98171137984434]"
224.07154675581165,37.3599159400505,1.0,0.12364350372353228,True,False,"[0.864956459334268, 0.22191281251376976, 241.79819009141465, -152.71108313700603, 322.5929953420886, 0.26246563297135334, 0.2867121240948047, 92.36567453786988, -67.82137716622991, 179.18021833930072]"
221.83083128825353,37.40561672533031,0.9997940048379097,0.5437951712651053,True,False,"[0.8252373597060011, 0.39147467387233814, 241.85214889418404, -154.62429132165576, 333.91457297827856, 0.18109786888515306, 0.28420242260486334, 95.01116469357132, -83.19688095992618, 174.06748411923843]"
219.612522975371,37.34960948822324,1.0,0.596191009764661,True,False,"[0.8554654389292508, 0.43005399317899784, 238.4547205070646, -143.97244705412572, 327.70390013619533, 0.22006385640379802, 0.21579034384705797, 99.46947514774158, -78.42398713667755, 170.0068850232139]"
217.4163977456173,37.368378902092175,0.9999136743874366,0.5584204169612732,True,False,"[0.8974152722502055, 0.41568162773376466, 235.10100399350276, -126.8158944150802, 330.36102439784287, 0.26709744743042396, 0.230392175539806, 96.14138398011369, -84.11304845201278, 174.86801669819866]"
215.24223376816113,37.284750281745886,1.0,0.1496549467260998,True,True,"[0.8692326582497893, 0.5357354748150837, 238.3664720191879, -117.47919756691314, 339.54542415060496, 0.3269274325845858, 0.1415032688489869, 92.9162923510318, -83.89511005079592, 173.42882605184403]"
213.08981143047953,37.35639161614154,0.9996638539765685,0.8404372920637504,True,False,"[0.901461057365061, 0.5034403409770503, 235.30564110841271, -129.44318559503026, 335.4591342089818, 0.23481030516337992, 0.141993008289706, 92.79977836139768, -88.64532383906105, 181.93103287987284]"
210.95891331617474,37.35968659801541,0.9999843810527371,0.25089734351640625,True,False,"[0.893665100762088, 0.6520711035536316, 233.68817420113328, -116.03385033697592, 335.3567314692139, 0.29443747615479793, 0.17720977370579322, 92.74654352621914, -92.17740972564948, 186.64832007880727]"
208.84932418301298,37.36829309768579,0.9999587917156385,0.030196213991037335,True,False,"[0.8448442857436216, 0.6851837612174548, 232.84465344848593, -114.78884273705924, 328.7003902140386, 0.4380032522392695, 0.29988198609496597, 99.15445678608133, -86.40360357983859, 194.71701634876055]"
206.76083094118286,37.3567981258519,1.0,0.7763442499550609,True,False,"[0.7952838456176202, 0.7356431171557175, 231.63299715169066, -111.70026681096878, 327.99768216604, 0.516209313618584, 0.40209703509725553, 99.7820105833058, -77.84717235813676, 193.59401558279754]"
204.69322263177102,37.31729067208045,1.0,0.5718043195893442,True,False,"[0.7152198126039138, 0.6503245278933477, 221.54838804161577, -99.0948827844048, 323.69644254405705, 0.5990459853368064, 0.46881936970044935, 100.83013635793984, -77.32166741526771, 191.0166907088024]"
202.6462904054533,37.39789732193583,0.9996023089277428,0.3059984434680456,True,False,"[0.8782542526151726, 0.5464785430653883, 220.08284761874046, -108.92445709544818, 323.6575989585529, 0.4838549051880228, 0.4702600324911748, 107.19114699771455, -92.89676631844796, 193.59410846363613]"
200.61982750139876,37.368334276462086,1.0,0.3567751419095587,True,False,"[0.8557008138730049, 0.5306462866112163, 214.97168307408944, -117.49729519403549, 318.7289388755589, 0.41046608510443006, 0.5622714473654197, 107.0638148887693, -97.75287065224626, 196.1010782674678]"
198.61362922638477,37.38474635293033,0.9999173702305336,0.1432144036045777,True,False,"[0.8185709106517922, 0.6081212336311004, 215.6396537510197, -132.8618767946643, 327.5614185580655, 0.486422778216541, 0.5900639473537964, 113.34658086043933, -100.2557210059363, 199.0111012715225]"
196.62749293412094,37.37747384487021,1.0,0.8107916665034959,True,False,"[0.7135405128722898, 0.5181473400079308, 219.72596936452558, -144.51477528262038, 333.46951910123977, 0.2923891149170441, 0.6265491711806591, 115.26971149273122, -106.72485086412814, 191.8439651195321]"
194.66121800477973,37.347322520834034,1.0,0.6519727705788796,True,False,"[0.8026501779812258, 0.4973250469320053, 218.6274590045423, -162.15714723342504, 337.09750117070985, 0.36434750795732923, 0.5711199750517274, 112.60801542461115, -89.86288716427467, 184.71197847835597]"
192.71460582473193,37.371437039352585,0.9998748771026219,0.724635693372081,True,False,"[0.7773354086679899, 0.28776226070389954, 216.50566557380046, -170.8602256180548, 337.1480043259487, 0.2688981348963373, 0.31376517692885786, 112.25954400025844, -83.62447784179678, 185.8548338828626]"
190.7874597664846,37.389029232901464,0.9999077959184428,0.42249228935273686,True,False,"[0.6928322223204504, 0.33597953987252777, 215.9310029695502, -159.22776498924395, 337.18294305433545, 0.24382585123218256, 0.3701685966585351, 113.84599416476277, -68.08380612474397, 190.23584605381265]"
188.87958516881974,37.38055424833426,1.0,0.16322700389118616,True,False,"[0.6505029107268335, 0.4357520026040978, 223.6691336688357, -135.05674533119813, 339.9128946704936, 0.331105536137635, 0.19399465897608606, 119.30421276700606, -83.24128503493023, 198.94938626356267]"
186.99078931713154,37.36247696469489,1.0,0.4276510585240394,True,False,"[0.7750765408784329, 0.4661532096121075, 216.085341447359, -133.53607090394487, 335.5006039092908, 0.2321818063992056, 0.12489662009914675, 122.44997037610631, -76.22155742516885, 192.7580876384817]"
185.1208814239602,37.38524142776331,0.9998770367596104,0.8338014227712417,True,False,"[0.8359873970250737, 0.3402644952896765, 210.70760280796128, -139.15098372978002, 334.13924856965775, 0.31093427795326134, 0.1813738851850171, 119.2723513349727, -81.21201920588538, 195.74583321234485]"
183.2696726097206,37.392480092194866,0.9999605034407691,0.6407092602804201,True,False,"[0.772446356593902, 0.2541257872662411, 220.29358016096714, -134.75556306973544, 336.10036949571116, 0.3593216426870426, 0.2106645194995173, 116.60607013898596, -91.34676259361507, 201.0178195978395]"
181.4369758836234,37.409410998952694,0.9999066887179926,0.021479021030307077,True,False,"[0.6784512561619388, 0.2241302914467252, 217.63260589955956, -118.1820285477735, 343.20878016266386, 0.3322188370699353, 0.23806776522269577, 120.36145598749403, -87.56241911000328, 202.3327056590852]"
179.62260612478718,37.41282980324404,0.9999809669181969,0.2818275952014043,True,False,"[0.742361344220616, 0.16681745604233628, 202.50006686065055, -104.36313709941125, 342.4479910093621, 0.25120334713703985, 0.18742462260179943, 122.53780589528115, -63.1418400298645, 201.74903514981366]"
177.82638006353932,37.44177903377906,0.9998372183347669,0.9232310963514415,True,False,"[0.7062428921540305, 0.12673042749369956, 203.523898958664, -101.26864997877249, 343.8973969973639, 0.13289383748092992, 0.2819893490992734, 117.79868503461712, -53.86650632817759, 197.961244183903]"
176.04811626290393,37.37847636901128,1.0,0.9949097296711481,True,False,"[0.5512453826207443, 0.13513779802046594, 193.8756967359576, -97.11591960547432, 350.8310596725785, 0.22875668450508563, 0.3859331138281963, 120.2107581559882, -56.149271728861564, 186.26434152928817]"
174.28763510027488,37.37280529985512,1.0,0.5481909834071481,True,False,"[0.5218238494801435, 0.10061966666718353, 187.33671631193627, -103.59245497647622, 358.49241454679736, 0.34819403247267816, 0.1692574863290078, 121.29671553037376, -65.2329661634624, 187.63225274075563]"
172.54475874927212,37.31318195376501,1.0,0.8809931701043128,True,False,"[0.5694211199750769, 0.08993415381334592, 191.53769277887, -107.16228465964329, 360.6288264665421, 0.3767050236393248, 0.35908635734988015, 121.35571018081528, -91.19763760705587, 191.2443322134596]"
170.8193111617794,37.30695956777467,1.0,0.7692857052993891,True,False,"[0.5692847925763926, 0.07647703594314069, 195.67795244902825, -85.38776665169465, 370.3473944889956, 0.4869536967932059, 0.5022140444568588, 119.81276554453365, -85.03798290459152, 188.65358793516705]"
169.11111805016162,37.31399573529629,0.99995839409479,0.9946153562675323,True,False,"[0.49053529252987765, 0.09772977232875124, 188.76594851008434, -81.63217186549454, 370.55832446783813, 0.5812273853608151, 0.4712979658850344, 122.17681114727476, -92.60003362316777, 190.53927808451877]"
167.42000686966,37.33675603448492,0.9998640619327189,0.3688344374940906,True,False,"[0.27571424600954797, 0.09499165596019017, 189.8146195294695, -95.18176228182948, 371.58980659027765, 0.6164270550657738, 0.5543130714053791, 128.54492284703676, -86.23475744737992, 185.9885955607166]"
165.7458068009634,37.33508059961463,1.0,0.08335110372792387,True,False,"[0.507855826279809, 0.24948338237393036, 181.6500318021947, -84.03741921634486, 364.2018481133162, 0.6560497545061174, 0.6219734309690144, 140.79953506225735, -88.95154849174288, 183.71058248732336]"
164.08834873295376,37.30313395685234,1.0,0.9739561833860576,True,False,"[0.4887177836411911, 0.15912870775696183, 174.9005865128434, -83.98095431505406, 358.89878934558794, 0.6015813122177047, 0.6825326146611445, 140.50679857116435, -82.89192137785307, 179.07985444491422]"
162.44746524562422,37.343471502321414,0.999751719500899,0.23985122978584517,True,False,"[0.35509239956324645, 0.19665712488997836, 170.50455132279072, -74.82533032138707, 355.1721780950202, 0.681493052048601, 0.6769943781169986, 133.7708334524739, -71.619402291815, 181.93931611879768]"
160.82299059316796,37.31298406327047,1.0,0.9037408063074533,True,False,"[0.32329615355588615, 0.0896697838747574, 170.6469651160319, -61.08067129157974, 349.131047371352, 0.6878859554428729, 0.565625393335431, 139.4700849191996, -96.42030226514194, 177.51074906430253]"
159.21476068723626,37.31910155825264,0.9999615778246232,0.4087372667113186,True,False,"[0.37223119462223486, 0.10828873665368859, 160.9457877207399, -50.044196315917944, 350.4126054721085, 0.6211938020521011, 0.5593144394933477, 143.58295812191554, -85.91149640245835, 177.68969716120816]"
157.6226130803639,37.35176397584156,0.9997928023584569,0.6769622976537961,True,False,"[0.3178836064153221, 0.1977840577942092, 159.4538852071618, -55.57396301959776, 348.80678907362596, 0.6436680971174683, 0.5675803775387054, 148.287508036486, -85.96100188057947, 181.50703328135296]"
156.04638694956026,37.357155073945,0.9999654525485405,0.17802430414281156,True,False,"[0.2902640147717593, 0.12456388887292631, 158.1044133376106, -57.767008463502144, 337.233094219106, 0.7725216611104289, 0.6112767421119638, 148.60186962022732, -84.21064472582722, 178.3330735999251]"
154.48592308006465,37.33438833381296,1.0,0.09758950950496847,True,False,"[0.1736370740268231, 0.20491008289466073, 156.61860162086145, -55.83580998832864, 336.2340062042882, 0.6096670458089705, 0.6392979241710629, 154.79811792241034, -87.50167162066, 176.14431566697104]"
152.941063849264,37.34612396871566,0.9999232698899608,0.8686329953426261,True,False,"[0.14543857661308335, 0.2368722861726933, 159.1545971258859, -61.16581939640867, 350.2585566021902, 0.580250659151633, 0.6364671836810445, 151.4841406659909, -91.45389165212606, 179.67946797570363]"
151.41165321077136,37.32803788211322,1.0,0.19662235818784923,True,False,"[0.25823427492787837, 0.15555645998911774, 156.78937547067153, -55.28111126196254, 350.1513691575763, 0.5646559075228283, 0.5369626625046087, 151.8060632151997, -88.54308162132125, 170.46112723138535]"
149.89753667866364,37.2915326076351,1.0,0.018075039980898655,True,False,"[0.23415771128737564, 0.10609788339841403, 147.41715068667688, -66.66586613580364, 349.3358440109184, 0.6829887870168521, 0.6688316049914065, 148.27682329104513, -90.21706431537388, 166.20264145258378]"
148.39856131187702,37.29896066877268,0.9999499464471222,0.4615063633037173,True,False,"[0.34486509697808565, 0.19115463278988187, 147.06366772470096, -69.95434308052333, 343.90503019970646, 0.7087638457465903, 0.7196440771259958, 138.86468080777507, -92.71017422113427, 173.38981624373997]"
146.91457569875826,37.354296533039225,0.9996234175942524,0.8808820933637725,True,False,"[0.3662918168005025, 0.2575050554623129, 146.35947745305194, -57.730645409498656, 342.06973144042803, 0.7873873055232831, 0.5720629705693148, 137.4449665533938, -115.57125624914613, 171.77570681631437]"
145.44542994177067,37.31004746524633,1.0,0.8830843859019356,True,False,"[0.537321077961087, 0.33119136346748707, 148.37803983173293, -73.98788684966961, 333.9316441560815, 0.6863016944332008, 0.548390876734545, 145.32169838451162, -100.09932512198164, 174.34140794267054]"
143.99097564235296,37.4346188527539,0.9991352408228329,0.41623711129411045,True,False,"[0.4401640798904637, 0.42672087026195243, 148.78780429067407, -60.37181858162874, 336.3636474799626, 0.8668569912398022, 0.6572153276662358, 143.27161671269695, -91.60588883286606, 171.59447948247447]"
142.55106588592943,37.36927264519907,1.0,0.8277056630230845,True,False,"[0.2994221017000602, 0.47126592882292045, 141.42903484466777, -57.04945438875611, 332.16446222430386, 0.8147518167486206, 0.5263955860727514, 145.3543213332791, -98.17642136547813, 171.00019969880864]"
141.12555522707012,37.40723316395534,0.9997310521558869,0.9860469194723971,True,False,"[0.4375464291818859, 0.37515532568572435, 138.45523712845346, -38.32226888260213, 331.49003179482975, 0.8519940668627256, 0.48406202275009036, 151.46052031222428, -87.37125394637216, 175.35331424731163]"
139.71429967479943,37.36029063834848,1.0,0.6692863327534051,True,False,"[0.32770365347883906, 0.3371803290400339, 140.09928785458655, -52.35641698992438, 338.1618570784181, 0.7625415416198627, 0.5133277135749765, 148.33794771022556, -91.04998529329575, 171.00797223988815]"
138.31715667805145,37.3532871405192,1.0,0.993479458971539,True,False,"[0.24741250633191347, 0.3595071279246909, 139.95237170907083, -67.07493836795484, 335.2661495427919, 0.6335294130353368, 0.33760401292575515, 145.40788834218563, -102.18442700417972, 174.17425949489106]"
136.93398511127094,37.38140367673914,0.9997946919471987,0.6742082602387172,True,False,"[0.33563725896045804, 0.29968653531099654, 141.34118600069772, -55.939087239328714, 341.6802123245965, 0.6104374944907669, 0.43059951721682665, 144.54071385787591, -96.16161259434296, 173.25945419182278]"
135.56464526015824,37.365424910131615,1.0,0.45575350114179514,True,False,"[0.30492836688697916, 0.4068872355026827, 138.49204171905245, -53.69584681010272, 339.64347748440167, 0.5991281546667092, 0.4897688370955186, 144.02479033535806, -99.93900811254383, 165.8664985456656]"
134.20899880755667,37.351884434025685,1.0,0.5087624318131023,True,False,"[0.31963260377857905, 0.5714719458284587, 137.62672537096475, -65.20171626707561, 336.53979987581744, 0.6377313138118816, 0.5154230889794437, 152.03898528680284, -97.14161692655269, 175.57373844143203]"
132.8669088194811,37.3540445228699,0.9999837425939638,0.4025785505499545,True,False,"[0.26518643260328806, 0.5645008700096052, 138.33846181994537, -79.37125046561155, 336.7546246506128, 0.5727127932126227, 0.47250148382760865, 157.91164337773586, -83.82068811972206, 167.12188738465196]"
131.5382397312863,37.371665830206986,0.9998660455916026,0.23208422092931336,True,False,"[0.23222072707851368, 0.45565910111933355, 134.63311844484085, -63.64039800168722, 338.97503669491175, 0.624485678703522, 0.5317734519383939, 153.71726099902511, -90.83976555599692, 175.87825620831018]"
130.22285733397342,37.24171476131786,1.0,0.4064657372273811,True,True,"[0.40860926322882013, 0.38246371938807655, 125.61420699475147, -89.87026623161978, 343.7896814745072, 0.5312867534632397, 0.6932373725436278, 146.6942902628351, -100.06934693384802, 174.26820013294443]"
128.9206287606337,37.27325996384502,0.9997553429284779,0.9158810354065255,True,False,"[0.4701030104302718, 0.3617763717618557, 129.0588481753999, -89.80845336278603, 347.5133201769208, 0.5972896914549023, 0.7522279253753279, 145.50080749628964, -71.47629024204528, 175.12152626829712]"
127.63142247302736,37.29160292948167,0.9998562920695009,0.08256144787541775,True,False,"[0.46256626848891097, 0.36391901136262444, 129.72441798417137, -95.99628860706962, 356.60831903550473, 0.6228764906549485, 0.734848071129925, 138.5022861062478, -61.08196822924536, 173.1619299514932]"
126.35510824829709,37.240326398580706,1.0,0.46163233934498626,True,True,"[0.5441050303899005, 0.382959911992465, 126.53800723604802, -87.55658423411349, 348.261036990937, 0.5701321310001886, 0.6045115108062002, 135.5335720876944, -72.64405757051219, 174.48018454321672]"
125.09155716581411,37.28541495448799,0.9996396205152025,0.5525343736955207,True,False,"[0.6015362560985829, 0.3084243729785809, 123.03308074108523, -65.99608944799593, 342.768180836136, 0.4529001844617512, 0.5908316610978549, 141.79624865312158, -87.45859349036786, 181.870447588407]"
123.84064159415597,37.35550730945199,0.9994341718350528,0.7592907556825264,True,False,"[0.7492138885569174, 0.2875699639643943, 124.20775903397735, -69.23434374435062, 341.24581952174304, 0.2612032764324122, 0.5892769705009973, 133.3618803325843, -84.81581975291647, 179.78199794866995]"
122.60223517821441,37.380041910339244,0.9997999045764618,0.09976501381120495,True,False,"[0.7034150297154228, 0.2946254281908841, 123.78813776325565, -68.25235926945025, 330.9472467617222, 0.18496184161158222, 0.5218436185389038, 133.90458277765194, -85.45433175809826, 181.96798995057375]"
121.37621282643227,37.368183933435525,1.0,0.06855173716126406,True,False,"[0.7219853672197108, 0.3913359825038983, 132.3384340435673, -85.03241341363841, 327.92238901764233, 0.2409742016159231, 0.27136271226377373, 137.5261037905288, -104.12519683462875, 181.96122369353088]"
120.16245069816794,37.38679666549856,0.9998451155872184,0.9735109626859615,True,False,"[0.7405227244849046, 0.3278032055027559, 123.01629945393675, -77.10167776036265, 329.66740553956805, 0.20341236089626238, 0.48202626598445664, 144.97056864503028, -89.6908568863394, 187.12634833112463]"
118.96082619118626,37.36079382036117,1.0,0.10973154706381938,True,False,"[0.7745862204892962, 0.42941142573792923, 125.2415414860997, -102.78461692045698, 330.0578837593331, 0.2961192549056817, 0.6156789632780459, 143.31749489734707, -81.25178434207632, 180.33735412904855]"
117.7712179292744,37.307346405105065,1.0,0.5266191463003204,True,False,"[0.55797122350003, 0.4533860341484274, 115.66545184265571, -98.66528014102866, 337.77044968109874, 0.3539142377125071, 0.7400303146819237, 144.9693067622579, -71.68628390869839, 186.88655600819834]"
116.59350574998166,37.191275279304385,1.0,0.24175319127538475,True,True,"[0.5088972102965374, 0.6118920905967767, 116.97273419204028, -97.24503889667163, 345.4559199611183, 0.43586269295811975, 0.8189986557610529, 139.2605255047233, -75.99555890062408, 187.21720288898928]"
115.42757069248184,37.225789771461194,0.9997010304184605,0.3630331814030774,True,False,"[0.5657648580087538, 0.5945222588880779, 115.11270674227133, -98.00605573945694, 346.0889203331821, 0.4024777816417622, 0.8305074762113347, 140.96687703423626, -70.08047483758236, 177.01939410208004]"
114.27329498555702,37.25636961659603,0.9997324330773982,0.47291641082657054,True,False,"[0.41904238974079805, 0.4357896711837471, 112.55180833020808, -87.20673123047118, 344.2403649197318, 0.39102388910144803, 0.7764996856262882, 136.87264136591727, -63.82193509005992, 173.16529223981155]"
113.13056203570144,37.32450391265324,0.9993979188153593,0.8811552186157431,True,False,"[0.43736992847290873, 0.6487559605717866, 114.73643500563112, -98.73791190469558, 335.81735259373244, 0.26572307678545826, 0.793255380784753, 139.13446471386357, -72.56697457940594, 179.3528799938989]"
111.99925641534443,37.42653072075242,0.9990894551060763,0.9482922487947614,True,False,"[0.552358085553931, 0.608265237582386, 118.56588583123786, -94.72847928921757, 332.8732855244821, 0.1701008506285719, 0.6869547713184032, 135.93981817113286, -90.56741962595227, 182.69259116668633]"
110.87926385119098,37.35983870785032,1.0,0.477798840977275,True,False,"[0.5687350859374747, 0.6443827559337003, 116.35582935023582, -94.56134944274423, 328.66268846039344, 0.3326753114715607, 0.4541663089641038, 137.63087558031214, -95.00223027028524, 181.2172923694253]"
109.77047121267907,37.15315589830202,1.0,0.1755158970396581,True,True,"[0.48517187043427595, 0.8980104628893135, 117.75713080746965, -97.18784936314239, 331.7301095593838, 0.531440871556758, 0.4073327655366533, 138.22519263664748, -77.06188102217622, 179.41635453687988]"
108.67276650055227,37.209293339888944,0.9994835601748175,0.8003082469431627,True,False,"[0.5143569780181253, 0.7831756411425187, 117.70118558047929, -82.18821434472095, 332.6926720261648, 0.5397263788385852, 0.3328789661123235, 131.58924400403941, -78.18201596024788, 172.84356674666134]"
107.58603883554674,37.291245936742165,0.9992385499793897,0.6738389628568132,True,False,"[0.5718067566873829, 0.7595277657866497, 118.74773917593642, -79.20608641267889, 337.1202399194788, 0.43685052186912965, 0.593857231404727, 148.58008170110145, -72.47725906151848, 174.87284951160927]"
106.51017844719128,37.328630331959246,0.9996490679511848,0.5686215269144483,True,False,"[0.5958912627343662, 0.7300352598943103, 120.3033327107709, -73.02650174829219, 333.4512085758543, 0.4169618663054298, 0.5514061841785209, 152.27505222316788, -65.94201547200059, 178.1712874580907]"
105.44507666271936,37.32517778263415,1.0,0.2246821186948501,True,False,"[0.596795686972224, 0.6596567975558809, 119.16219169685569, -87.17857941503063, 331.02866957018966, 0.34221512285918193, 0.37108510795906446, 154.15550084910836, -68.19831723666013, 174.34265396288544]"
104.39062589609216,37.297466318382156,1.0,0.9617442807567287,True,False,"[0.5706341711168111, 0.7324875393814143, 116.73593893197533, -72.65214287897683, 331.77781657638826, 0.3369774636531197, 0.4156516726812324, 150.35852951919316, -72.61838697373082, 176.55656153130818]"
103.34671963713124,37.30185800264579,0.9999575062375584,0.3644262777816154,True,False,"[0.5575472435050864, 0.7105197304418878, 114.96583620542648, -57.38181717150525, 334.3215956330558, 0.34640118315365453, 0.4443064515082345, 146.29292393619062, -73.1678970843989, 174.61783375274874]"
102.31325244075992,37.352741739227355,0.9995027908468388,0.029065418022722778,True,False,"[0.5624723970725275, 0.7718847172038512, 120.4152075158755, -54.92405215653326, 327.37987136948504, 0.2898601379401357, 0.6875406147085804, 142.53478517527083, -66.06791725047793, 174.95463264846322]"
101.29011991635232,37.34626430540495,1.0,0.22967783988267165,True,False,"[0.5710469120825004, 0.8523623095470894, 122.18909040563264, -51.32259393821795, 329.8161303568039, 0.19293477206987258, 0.7675284691826502, 141.3948859025903, -65.59673219846033, 176.85255841429318]"
100.2772187171888,37.428941198905974,0.999175856480029,0.16841133191868962,True,False,"[0.40318392860006513, 0.9183404187313308, 126.2173962045224, -50.156280435586105, 328.7896199363215, 0.13564070394629427, 0.7626442752633379, 131.03104494411426, -47.11146093691539, 178.82880672841173]"
99.27444653001692,37.31199959173661,1.0,0.9946463076687206,True,False,"[0.6494131647123741, 0.9213280511345006, 129.439201125268, -54.48997564499385, 335.7066471125135, 0.22261541428169965, 0.6323675673598096, 130.88394410817483, -64.35368119040241, 192.5428736610585]"
98.28170206471674,37.39312982054123,0.9991748540129604,0.9668879441349887,True,False,"[0.7572269149058002, 0.8384807005417665, 128.26802353674995, -38.44477971602933, 334.888077057368, 0.2856645872798315, 0.6036363418932688, 127.94731070857713, -66.46733822963739, 186.76088602560662]"
97.29888504406956,37.47697950073523,0.9991385969039426,0.960538707422169,True,False,"[0.8732949473413918, 0.8686695441333844, 134.22504035164684, -50.270833256219355, 341.8138134474364, 0.35282129196967826, 0.6590762493981879, 123.47361152507959, -78.2473397567339, 185.86010720002966]"
96.32589619362886,37.38648289072905,1.0,0.41496374323518537,True,False,"[0.8256725060141072, 0.8101535269189004, 129.24103207301127, -55.523702268663605, 341.2700480610548, 0.49274988915632173, 0.6090725034768356, 126.62998674887271, -84.46266172744653, 178.29965226955323]"
95.36263723169257,37.448325513946706,0.9993517107234976,0.08473630386266673,True,False,"[0.8632843719188183, 0.8853165178419725, 134.91476896216116, -43.61288874274407, 339.9966256616274, 0.4716172399889299, 0.5736858778938461, 128.03547155845806, -90.4822295082517, 179.939040387216]"
94.40901085937564,37.323087588622705,1.0,0.11535475380775329,True,False,"[0.8029804305467436, 0.7045901605371265, 135.87818068273873, -42.37993302581242, 336.6734416131866, 0.44822734634432515, 0.7469896305688202, 130.14006619599627, -87.80433855916479, 180.8181784250359]"
93.46492075078189,37.43406802758914,0.9988133026279155,0.6740518330100739,True,False,"[0.8511498473707525, 0.8704199428422182, 139.37895702493154, -48.0443614100508, 337.81276296638424, 0.3546440320201362, 0.7152705723724461, 123.99659861983933, -88.08799709349664, 185.45901923430142]"
92.53027154327407,37.40748456659252,1.0,0.5329156933689919,True,False,"[0.8731392097731695, 0.7550184668674436, 132.4558818663923, -54.04726403751917, 337.6867175727747, 0.36584830577594774, 0.7322001792602603, 125.34987395979131, -89.9357634731021, 187.3650796674801]"
91.60496882784133,37.33976537470316,1.0,0.7716945602119193,True,False,"[0.6583491894809265, 0.7656648485142459, 133.26849494840883, -47.521869401369, 336.7328055191375, 0.31855083764637054, 0.7699648092369271, 124.65617012020749, -87.42372995665528, 180.0187543384303]"
90.68891913956291,37.380970117178855,0.9995457506435849,0.5524789441420734,True,False,"[0.6153291746853279, 0.8532258884417279, 125.00224061305474, -52.16216846116049, 338.6452954629995, 0.18493882856468757, 0.7814534464321395, 122.01563366633698, -69.79093446198475, 174.98439304116832]"
89.78202994816728,37.3857585485062,0.9999466674607449,0.4904054433324746,True,False,"[0.6610712083496764, 0.7840197128189885, 118.27048833432946, -47.834182280099796, 340.29885536893335, 0.22697514701899452, 0.7525396567318575, 127.7861798998643, -77.97146076419344, 179.80660377091647]"
88.8842096486856,37.41481823216979,0.9996731147868763,0.4345436711525188,True,False,"[0.5523037911147881, 0.7394499365573716, 113.4575545057063, -45.874988650638564, 341.35667357355794, 0.20951047800860528, 0.7571544166276379, 128.20286134318724, -83.72295762158052, 180.9695704505465]"
87.99536755219874,37.5484578137813,0.9984824411023996,0.7594219690444618,True,False,"[0.5131845124230542, 0.7414805127234351, 115.651467360377, -49.97510241459119, 344.668868161326, 0.18879267170455188, 0.8519731276391732, 119.39150081142965, -85.45130511114235, 181.86828033090333]"
87.11541387667675,37.579187279058395,0.9996473179116612,0.40964021057918065,True,False,"[0.46443267633606744, 0.6659944340213997, 121.1692732233619, -35.564528136651745, 343.53968018472716, 0.17275897233604556, 0.8874028612523117, 122.45392349468473, -59.24822270406752, 192.22223924694615]"
86.24425973790999,37.40621525198187,1.0,0.8245485863580603,True,False,"[0.40908383020593486, 0.6169543421875319, 118.27077853826364, -37.12740517514881, 330.2386622960625, 0.23061926801090493, 0.8470366743728538, 120.21032897672586, -51.293242790819825, 189.66740448537638]"
85.38181714053088,37.57146529333418,0.9980664474530031,0.8548658537158205,True,False,"[0.32209985740047326, 0.644897659345431, 120.61410323323506, -44.86881395417283, 331.55946390109483, 0.12280227441569126, 0.7746063998916507, 116.16343772411673, -54.3785105941648, 197.3194399778021]"
84.52799896912558,37.48188314991677,1.0,0.43964710262089557,True,False,"[0.2198744323408673, 0.513492774695683, 116.74924213124781, -54.58044911417678, 321.89697469870845, 0.13382615139531753, 0.7775600590954974, 115.53557766796312, -62.00184327360064, 200.81498605969992]"
83.68271897943433,37.61559811337941,0.9984033956864601,0.23433692236177095,True,False,"[0.3389148482637772, 0.5917250062728832, 116.8598464539942, -47.38896746307064, 325.01660122887785, 0.13677966747492476, 0.8533072072087255, 119.13966366693506, -72.43755247599215, 195.78206945898486]"
82.84589178963998,37.480689653659574,1.0,0.5857062918550382,True,False,"[0.4550649135176454, 0.6217798466925861, 114.39667542164538, -50.51079777721058, 322.2418019753659, 0.24420486875276853, 0.8728858719743008, 118.83817158190843, -90.01017467669246, 202.99026367702098]"
82.01743287174358,37.50894193950594,0.9996555924828638,0.4515978623979511,True,False,"[0.47138071380852103, 0.668960763692516, 127.13056306612083, -47.93538351290235, 323.75990032843913, 0.2030301504212093, 0.8524802021728887, 121.76882984066107, -85.09333018792091, 201.23039711696774]"
81.19725854302614,37.586666737514435,0.9990432237387125,0.3633919100505444,True,False,"[0.47653833985974847, 0.6547712398178053, 125.47533235516933, -55.58779282349727, 324.14740129338423, 0.12958457929929013, 0.7902194369347251, 125.53333088435627, -86.15853140527388, 205.0309297493943]"
80.38528595759587,37.53973851634425,1.0,0.9560192628409812,True,False,"[0.6394347129412187, 0.640426356819986, 126.22770749467642, -66.77146292193144, 322.7929851247219, 0.13662055315324367, 0.7740441367295633, 122.66634852195278, -82.52412772528848, 208.1536282896213]"
79.58143309801991,37.41576579178255,1.0,0.9580964902119291,True,False,"[0.5757734236497416, 0.5221906721471992, 120.03861872143482, -71.28582573190221, 332.4106353124473, 0.24897775989439708, 0.7837137563081032, 113.3106700477375, -92.81600937484022, 208.4029282174092]"
78.78561876703971,37.49040510991887,0.9990530762485282,0.46674941143448667,True,False,"[0.520609092158071, 0.6308705483841319, 116.89967326142566, -82.46323934854368, 327.05835748102623, 0.20509642167718284, 0.7221015987775191, 118.60337158363022, -109.64698122562258, 205.7988479034793]"
77.99776257936931,37.24546743914962,1.0,0.947567036352821,True,False,"[0.4526932869962353, 0.5024401482038685, 113.3408604667464, -87.88158260260712, 323.2028816733416, 0.33235606749768165, 0.7307854111881988, 119.27574038151202, -109.63144626777185, 201.63696302997528]"
77.21778495357562,37.29714471582309,0.9993309832923123,0.8882332284230032,True,False,"[0.41543373011647455, 0.36858078212045625, 106.56860195009267, -92.20946071067902, 317.68383031511047, 0.31861064728915917, 0.7632090156202208, 118.9020200015967, -101.78166757369696, 203.80249915564193]"
76.44560710403987,37.23199699389201,1.0,0.638013319403577,True,False,"[0.5269222091724292, 0.48359178338598585, 101.19426048450518, -99.81056074372748, 322.024150804388, 0.3672441969699725, 0.6970566713562246, 124.51228973489033, -106.25203811404435, 200.67389581596004]"
75.68115103299947,37.370958833203034,0.998165536092268,0.6758261105294251,True,False,"[0.4873341965661424, 0.4750364198097316, 96.60035423057043, -88.3949150947479, 322.5874222562772, 0.30599423314733065, 0.5416987798211882, 124.51180248683505, -115.74669196616355, 197.77186398891237]"
74.92433952266947,37.19663395261503,1.0,0.019490107146355684,True,False,"[0.4862378381372775, 0.35688087702304083, 103.21315530421342, -89.76194619207438, 317.53473809108357, 0.4117766822183647, 0.6089981497777255, 135.89102886162033, -104.87707827190269, 185.6362922942848]"
74.17509612744277,37.22305667791004,0.999643842461035,0.3839973990109168,True,False,"[0.447449347531244, 0.3409421449236846, 106.00017178785733, -78.66267322913005, 312.8783394805299, 0.3680008251679024, 0.6785956006536936, 143.18614588649035, -108.60872732961532, 179.7835192447928]"
73.43334516616834,37.158083647701375,1.0,0.3774599546335087,True,False,"[0.4437591450095349, 0.3833886884528279, 106.07187198705002, -81.5234294013196, 311.63695415704154, 0.3717802185063945, 0.5753529687703494, 141.4689932183078, -116.04254303399442, 180.85405556095023]"
72.69901171450665,37.25634401486263,0.9986493077397055,0.04056483312703185,True,False,"[0.394557307169231, 0.30744242255691245, 101.58295897255027, -76.89194928015147, 310.0390390367977, 0.2695255300472674, 0.5876097628728045, 143.8451095746565, -122.17260961624682, 186.7495374809185]"
71.97202159736159,37.21694505900808,1.0,0.8512948756999933,True,False,"[0.507166415376141, 0.19746609605182297, 102.69359465180077, -76.0306851907407, 311.31679283063744, 0.4553681625373637, 0.5832317426652373, 147.62339633645016, -120.68225869942428, 189.08697462926693]"
71.25230138138797,37.15184537091743,1.0,0.5326657123238574,True,True,"[0.4080676763061467, 0.2918085896834293, 106.85329670209485, -78.17853721139335, 310.6897231764481, 0.4890612688902564, 0.7670816063919296, 152.3176274362343, -124.3479075372503, 178.7311472631082]"
70.53977836757409,37.16197722279641,0.9998563771461538,0.8842766838536318,True,False,"[0.4543075999369014, 0.37240310544217514, 110.52956310957578, -87.00608641327861, 308.7219008161285, 0.5081368580535999, 0.6976068634652696, 158.64224780572886, -125.39368181441408, 178.23846196592217]"
69.83438058389835,37.15583465031592,1.0,0.017170107332395657,True,False,"[0.38017760748412077, 0.22501609098804937, 105.73491513456933, -89.56036355297529, 307.4281487866501, 0.45932003291475326, 0.8416041661905179, 157.06063424729993, -113.26793671574602, 177.57677275208513]"
69.13603677805936,37.2533041745518,0.9985911710636138,0.2226162909852195,True,False,"[0.4903127269689994, 0.21300298539786552, 101.09786716184229, -71.31621563160866, 307.189769938912, 0.36227195298319087, 0.851026124192158, 160.16231846861396, -107.73214925147545, 179.36922065651748]"
68.44467641027877,37.39191846888783,0.9979768473556759,0.44567077629798346,True,False,"[0.4744382069965805, 0.2808913143140024, 99.4136380728636, -61.42099694981152, 312.8949795309813, 0.2634011779698108, 0.8312730410493578, 162.52309783898872, -120.48738460205064, 177.99224353416602]"
67.76022964617599,37.21553000839912,1.0,0.3312154554545541,True,False,"[0.6336736339925222, 0.25618770536771396, 94.64487407408906, -33.16352799887507, 309.16282815123884, 0.3957993215053702, 0.8189773866813186, 161.9385334750403, -113.46178540373454, 175.5852234465785]"
67.08262734971423,37.25511339662552,0.9994101049165998,0.6637673239844528,True,False,"[0.736414325616985, 0.15429925306716435, 91.70498746991598, -28.99908161379829, 320.00299982430545, 0.40609058690488986, 0.6710069973222352, 166.69273738697885, -100.6389842200048, 167.21222532256954]"
66.41180107621709,37.23100181189984,1.0,0.695528550505493,True,False,"[0.6671999774771594, 0.21720233272953005, 95.7822442821298, -13.434941441907629, 322.71563631859937, 0.55107761633552, 0.5903125574152066, 166.791562244316, -108.5623812259254, 167.88078168525735]"
65.74768306545492,36.76838619275024,1.0,0.9158550076386994,True,True,"[0.6917300733983895, 0.20872724944276397, 99.54527217444786, -0.6902220974639999, 321.1130442548442, 0.4628319717393453, 0.4997629470136347, 161.78575375132192, -107.5139834776456, 157.76997548944578]"
65.09020623480038,37.22726411631077,0.9929749154589523,0.6178269807070221,True,False,"[0.6585684463611812, 0.14193787308757166, 104.77509063581891, 7.698156772738049, 321.3489479561327, 0.5617891402259483, 0.6074978380210304, 161.33233682364656, -97.64816024855315, 162.18077676832112]"
64.43930417245237,37.176617902104105,1.0,0.8520147350472177,True,False,"[0.6813380570899535, 0.17720213689511505, 108.97829608576399, 10.407745883601201, 312.7933648968019, 0.6097341611792235, 0.7014009369500018, 152.73364063530622, -99.06033199957979, 154.92215572659666]"
63.79491113072784,36.82069351301389,1.0,0.781785417774817,True,False,"[0.7443987903272153, 0.1554997291376145, 116.90692466850584, 12.872866807072441, 301.9332230019061, 0.37708172342994295, 0.761789690657143, 155.52250802722352, -99.24133844552546, 153.09042014823396]"
63.15696201942056,37.26947665816824,0.9929193487035105,0.5587564194863286,True,False,"[0.7826026700305047, 0.1619438517099073, 108.69680838718509, 31.37419695086897, 289.59685423802887, 0.3061720331457965, 0.7823131299425039, 155.6342247170825, -90.74592702527649, 157.3433800142619]"
62.525392399226355,37.180012651911596,1.0,0.7443247540586724,True,False,"[0.7089093391394253, 0.12604856588335178, 100.91841435320516, 20.829736078918472, 296.99561441088605, 0.47838702470008854, 0.7027913259985697, 153.92063174395795, -88.86684633606914, 155.28642007965482]"
61.900138475234094,37.32041351217714,0.9977343870854841,0.9483319839857364,True,False,"[0.6634773666472197, 0.14251455865910184, 96.56952615001998, 28.848096958822136, 291.34984214322895, 0.29339319723749835, 0.8691094769874339, 146.33112677572498, -94.85033329137693, 153.54057388135985]"
61.28113709048175,37.17973851200753,1.0,0.34341626585926066,True,False,"[0.7216221871131887, 0.1988486339916273, 98.26346743918702, 16.388104188503608, 282.9130145692859, 0.4173381237118159, 0.7108193240254644, 138.74685053465177, -83.47525362795048, 154.0520543931248]"
60.668325719576934,37.18512740321216,0.9999111784969757,0.8012588678533585,True,False,"[0.812277215458317, 0.09234487150444028, 95.89737325417235, 16.18443432680417, 293.611315395215, 0.5068514213513499, 0.61864399662509, 143.0344243810927, -74.71845420485248, 150.59560035912975]"
60.061642462381165,37.19590698419214,0.9998205408100458,0.5218186095111025,True,False,"[0.8225281179592275, 0.2244389904906987, 104.80820407968707, 8.137634622236671, 282.1013885261009, 0.6086816310742569, 0.5141955880220945, 142.8827470021734, -92.08806778274803, 152.55780970469124]"
59.46102603775735,37.15407242252539,1.0,0.9939257770967016,True,False,"[0.8327553048533614, 0.20042162720510326, 114.42807559585643, -8.760571468165715, 282.9356972023421, 0.7731259333292378, 0.42361903742568263, 148.2452805893666, -99.55408963127817, 152.4101136764813]"
58.86641577737978,37.19777559577185,0.9992578628443979,0.7609500302750964,True,False,"[0.8423205022668905, 0.2502601091766826, 120.09972476518618, -20.26508439278675, 283.8554739414687, 0.7388187492893362, 0.5556171954391849, 153.78741355957564, -113.69689982843897, 163.206996818132]"
58.27775161960598,37.28263808336503,0.9985448867194505,0.8058199022709525,True,False,"[0.7735174310972158, 0.24224331908888433, 119.37569146046619, -14.426138255902217, 286.1767002665529, 0.8245566088474744, 0.723732700222898, 148.31392266542474, -106.73850675441544, 162.29596038169254]"
57.69497410340992,37.21730478697924,1.0,0.9531477944564875,True,False,"[0.7950600347328964, 0.3083600328134955, 104.53907573971458, 1.9684023135206488, 285.63307181315184, 0.7766179855857555, 0.6087419641772966, 142.88615932823106, -93.85752278881009, 164.0823680700584]"
57.11802436237582,37.26040987333788,0.9992456177198358,0.4215997570293174,True,False,"[0.855383731714373, 0.2439031924183237, 98.30920176806644, 4.646984736660908, 285.66912213337235, 0.7558572444573076, 0.6340385044059604, 148.07477393721692, -80.11945001231291, 161.2953936429338]"
56.54684411875206,37.19166154213905,1.0,0.2597340982666081,True,False,"[0.7558397850036525, 0.08688357331217103, 99.34134000087083, -5.330842658519911, 276.60303662666547, 0.7262374183231712, 0.6514521694123143, 141.0988645059915, -69.81718208353968, 155.99588213408765]"
55.98137567756454,37.222420579395866,0.9994506996633034,0.6653776931797745,True,False,"[0.6062437360810623, 0.213292109623481, 99.00143550833339, -5.540751093238778, 277.11095772978945, 0.6371066348828349, 0.5106774305176611, 141.49666043147215, -60.5893713453195, 165.2923097043325]"
55.421561920788896,37.21957996854902,1.0,0.20413913913897386,True,False,"[0.677746092399567, 0.19143156162392413, 98.2489436911385, -4.13046585392421, 277.6770383615734, 0.5806194192126916, 0.4086270664735895, 135.72129783075792, -61.615466412349676, 170.6068442311108]"
54.86734630158101,37.23063514249952,0.9997985311661358,0.37311149296616675,True,False,"[0.6038781908393931, 0.14085547890956587, 94.66902497198978, 0.46119256349778937, 276.360020430771, 0.7145971782247621, 0.41577839952812506, 137.10366402002074, -56.9939581234903, 168.27074556538858]"
54.3186728385652,37.32936592933641,0.9981840293876615,0.3634469119855218,True,False,"[0.5384699169562023, 0.27723600526218084, 89.0136856094397, -17.129236389061308, 275.89390801429954, 0.7476377422629339, 0.4366852188186783, 144.4397386437294, -59.392032367487545, 163.64994649058076]"
53.77548611017955,37.43194625807982,0.998094251508878,0.9707429426006572,True,False,"[0.47873683891548585, 0.38258698816713427, 91.53332107607388, -12.41611805827751, 286.8345897605819, 0.7103006770192679, 0.4110119503627291, 153.54802003785036, -63.430770741695305, 163.16240835197965]"
53.237731249077754,37.32373739881944,1.0,0.17869560447382704,True,False,"[0.517801009049527, 0.35060624023627873, 93.05159697641386, -1.7853048807373835, 293.7192654255513, 0.7035592401698857, 0.23422186035589931, 154.20749758344792, -61.66913047268437, 161.14238881918251]"
52.705353936586974,37.35776818026296,0.9993545286242669,0.322073703609821,True,False,"[0.43617198997224155, 0.322881606309436, 90.80575628891569, 3.4331874755805227, 292.0781731364524, 0.7999091447066482, 0.3247399192931247, 152.70928714142627, -50.6615973947243, 161.94935379907716]"
52.1783003972211,37.324635991398026,1.0,0.7199317620896415,True,False,"[0.427355830360992, 0.4891864002334599, 87.18929448921003, 0.7418660798931951, 283.98942426637734, 0.8124282839616486, 0.36199514676835126, 152.53775365240085, -57.66488959289475, 162.97336140466874]"
51.65651739324889,37.27288994776847,1.0,0.5513673882088185,True,False,"[0.5518199322691155, 0.5944301212004106, 87.99724082403007, -12.799479306579176, 285.5745392850006, 0.8298542696438937, 0.29036484733816686, 152.5883723827316, -66.24630071081465, 162.57152071348352]"
51.1399522193164,37.25336868701946,1.0,0.6050669115419107,True,False,"[0.44682318503667545, 0.6492272416933522, 84.57683687813964, -18.75954251084678, 290.6685286656784, 0.7078787754236515, 0.28065664653699296, 156.8256194364778, -67.02826715294967, 165.1195822766643]"
50.62855269712323,37.229005622347785,1.0,0.21378910913895222,True,False,"[0.5929511063784084, 0.5345968275277929, 79.52114591491824, -26.594778262221574, 295.64133905004377, 0.7246178490896645, 0.2593449380184457, 151.24028690144632, -79.64010597087548, 165.40625136822828]"
50.122267170152,37.228529056424264,1.0,0.04388629811725586,True,False,"[0.47381517297485415, 0.5869802665953187, 80.8573373035702, -28.160764942639815, 295.50668733671137, 0.640065332980463, 0.27941205506475425, 152.75640970466168, -89.25025150238923, 171.37918045797417]"
49.62104449845048,37.27793300789317,0.9990048704894472,0.025542797504266357,True,False,"[0.43292838586037047, 0.6078959675503255, 88.21494451469076, -43.335162013748025, 304.92115084225543, 0.637137999805803, 0.24819975135413203, 152.3126640955751, -61.30661825898808, 172.9005818700435]"
49.124834053465975,37.25949671428614,1.0,0.5390494359326421,True,False,"[0.4646182879735513, 0.7381819306800401, 85.13942007046337, -45.990786094608, 299.71987337654093, 0.7251840920366373, 0.2784764694713652, 154.425707342162, -61.55776683079807, 182.42054091335248]"
48.633585712931314,37.32722448993038,0.9986083559902628,0.11406557315662269,True,False,"[0.5246836732043985, 0.6448140344012732, 93.75613686434916, -44.06663796778118, 297.5894904762628, 0.8581581830666649, 0.36270489621047697, 143.84061910266445, -57.64591197979328, 184.8176711325947]"
48.147249855802,37.25833425984338,1.0,0.3381887596980707,True,False,"[0.453714673434954, 0.7735534692508192, 97.49575900313054, -57.36927179608567, 300.0595131524288, 0.7437229738932136, 0.5372630006437903, 149.72430032025832, -59.03404459860561, 176.9336580719984]"
47.66577735724398,37.26130201930032,0.9999377400887115,0.19460339114157443,True,False,"[0.65003253380603, 0.7626157240067132, 103.46848501343791, -60.04809164448363, 294.9297754979616, 0.776399453270646, 0.4382970947680289, 158.10785609180897, -57.15237256679379, 168.9649941571146]"
47.18911958367154,37.23897010914636,1.0,0.28142403151490347,True,False,"[0.6495966160752069, 0.7700193615849676, 106.17007854973336, -34.18006336255056, 291.1295192765555, 0.6704950951045795, 0.5286509926270668, 152.7605130696795, -31.990472742887288, 169.0360127397647]"
46.71722838783482,37.18067451012624,1.0,0.46124874839807795,True,False,"[0.6164788644768147, 0.8663673851476119, 111.81758366704432, -65.40853136016342, 288.3682762175394, 0.6720154295206526, 0.42344181103736755, 146.60570087703448, -31.53495382107634, 157.21835460361075]"
46.250056103956474,37.31581904536935,0.9970822245443925,0.5027295104656634,True,False,"[0.7390976134989741, 0.8873358190241356, 113.05158387428192, -77.21124789785722, 297.1254691699385, 0.5359990423594145, 0.45611983803890127, 139.0659673146847, -33.204933571199845, 157.53016721658904]"
45.78755554291691,37.434248992968136,0.997416832629118,0.5459971003973779,True,False,"[0.8306518555904661, 0.8864662853597572, 115.40497862400062, -82.01835468730268, 286.3499969150882, 0.6095772214575376, 0.41613164064007657, 138.67117904996388, -34.040840308289944, 161.4897840813497]"
45.329679987487744,37.34462797384603,1.0,0.3646309127741123,True,False,"[0.7401782201673044, 0.8996979029895351, 114.54007007067429, -82.3014037833248, 286.43666548999016, 0.5109612120610254, 0.4013676990084694, 132.46803046094774, -43.37756227387693, 173.03827898594443]"
44.876383187612866,37.29559971080688,1.0,0.9210018489461518,True,False,"[0.7137155750013834, 0.8111237757560319, 120.92901912845487, -83.52953377511734, 295.5734593918859, 0.27115052569399944, 0.3631830007012776, 135.6033422748882, -54.751729129837784, 169.60848462701603]"
44.42761935573674,37.32339583696259,0.999374545990693,0.9462573293049293,True,False,"[0.7782829916848195, 0.793112962031515, 122.9120454881845, -88.5422102710892, 302.81882287541515, 0.41036322298955485, 0.40857412906238916, 130.16443345436, -61.27109193712293, 166.88370751149446]"
43.983343162179374,37.30036265684568,1.0,0.7577675357712401,True,False,"[0.7444036485391798, 0.7546994075097478, 123.32307437095031, -76.37627001691466, 299.7743690686652, 0.4115235241857301, 0.45794834162260145, 124.28850829872125, -66.98644156354659, 169.60188969092528]"
43.54350973055758,37.285481710980136,1.0,0.2840856316214999,True,False,"[0.7304038239400051, 0.8047801387555191, 121.35218530498865, -73.01465637693441, 301.69259300070485, 0.46694297446905014, 0.4631068225631637, 127.0919293466465, -59.72426282110003, 167.95872222375183]"
43.108074633252,37.152934145930004,1.0,0.8106448774638191,True,False,"[0.5668385435882576, 0.9027047879955905, 114.11520540600893, -56.791510629377356, 293.63748538381446, 0.29063241539575246, 0.522096181789198, 124.8267097282621, -47.370931581502, 169.83612222074075]"
42.67699388691948,37.202495995380566,0.9988393493220792,0.8746631442614337,True,False,"[0.5659662226703629, 0.8522894864095647, 115.24130995677623, -65.40324496186781, 290.0519098290752, 0.3090647396282419, 0.5018328679983047, 130.0291092718042, -56.62531444502838, 179.3707343190478]"
42.25022394805029,37.16140514473636,1.0,0.5628351763902565,True,False,"[0.5352269557899169, 0.852371897238028, 121.11152240254069, -70.02054088086874, 295.5514824368872, 0.5189561903251994, 0.48607110781558693, 127.81537465043809, -61.12830397445017, 177.8596212078055]"
41.82772170856979,37.16622994881477,0.9998846572172037,0.8309007210902704,True,False,"[0.5419732087512733, 0.8514029813375241, 128.59957816170564, -81.16797545995048, 295.5622882966843, 0.475017332257083, 0.4779732699015262, 124.8729311467194, -61.80630790386832, 178.32630190890262]"
41.409444491484095,37.25284616310073,0.9979104841703216,0.5563377694136837,True,False,"[0.40136102647127425, 0.8035618590154591, 124.02316646945843, -79.55541901018263, 302.78512407668165, 0.38681302726946587, 0.3614017763210934, 127.08142943149171, -49.132421103480155, 182.62618297424575]"
40.99535004656926,37.34893759217785,0.9976587856986073,0.5677167320352418,True,False,"[0.22919897294884703, 0.541856628901358, 131.5040113868644, -95.37564555472302, 287.87219687614794, 0.4185236905746412, 0.4033129356632549, 132.97749177205742, -45.59452693013061, 189.7139161262034]"
40.58539654610357,37.34767554619431,1.0,0.8256453863547843,True,False,"[0.18049543854565908, 0.6731637665391292, 130.97291845141248, -99.07687486436285, 281.41342212575466, 0.3575403636497286, 0.3187468567599438, 132.91394686610496, -64.25277773417704, 191.26742398093495]"
40.17954258064253,37.3248091096906,1.0,0.9831699883322733,True,False,"[0.19337388135782596, 0.7137494328428535, 132.12957342744085, -105.84713616654741, 276.9928488717987, 0.2952557272013918, 0.33060189724403083, 129.28885080818998, -74.12720396106988, 184.48598761030934]"
39.777747154836106,37.2282271106454,1.0,0.013635393219927683,True,False,"[0.3927060950480229, 0.7460464268241431, 129.14972277757732, -102.82003291898472, 279.23672949394813, 0.4759448699026223, 0.3414875152180167, 134.8813172142092, -78.22118154336381, 185.75925095176876]"
39.37996968328775,37.35600128387818,0.9967606093374186,0.78674149968959,True,False,"[0.16195846311067613, 0.7313430164468984, 130.73297097396494, -107.37342285135969, 283.14577211453303, 0.4759368410134095, 0.39655363162756596, 133.82802686920112, -92.29526199164964, 180.56066204629911]"
38.98616998645487,37.355911127830986,1.0,0.46506393083124453,True,False,"[0.18760150519573715, 0.7899883261919775, 135.80548011396928, -103.60046715420225, 283.73719788370806, 0.3760267181627882, 0.35314124270818165, 128.13062038869614, -78.72224152506286, 179.6852027609797]"
38.59630828659032,37.25815463529056,1.0,0.18127106397698933,True,False,"[0.29235384961573996, 0.7371217131948566, 119.7776037096678, -108.2703075594636, 282.2542109120195, 0.3948763962461556, 0.2834999283175813, 121.27651075333618, -81.40445915264691, 182.49534914808646]"
38.210345203724415,37.32090091925624,0.9983592193920272,0.6522066238444332,True,False,"[0.2205459855368346, 0.7185557430716571, 113.38723527923038, -110.144633737868, 282.02120611068386, 0.42196449591655144, 0.425409517750137, 122.57411280786562, -70.92465827507365, 184.34545756823465]"
37.82824175168717,37.43218134826137,0.9970625938236004,0.9947999895920215,True,False,"[0.14645856944503774, 0.7594673301008322, 117.38169896804978, -113.61397250248248, 287.3237972583661, 0.27659733147990023, 0.4087289696174005, 124.63025275341936, -77.76425729089765, 179.6189856295409]"
37.4499593341703,37.31182055185979,1.0,0.2300041026209394,True,False,"[0.17096286324990226, 0.6721482801417498, 116.78908986834071, -113.04425731138225, 291.59311737587325, 0.29638228900132435, 0.5147239332257023, 111.92668950458764, -68.16381541425608, 178.4100434504497]"
37.0754597408286,37.395580670423,0.9977433705263015,0.5513634413746396,True,False,"[0.164858931576599, 0.7675290564569961, 116.07003219313341, -102.76408085472988, 290.3623407098251, 0.14674828993268077, 0.4467918416607485, 108.8854912519672, -68.83006271429454, 171.86746837682475]"
36.70470514342031,37.36767244763013,1.0,0.9262973590243707,True,False,"[0.17380584812068295, 0.8040517770066594, 123.95826186646855, -97.42008156145594, 282.59461269211937, 0.3790349218772623, 0.5745231947348988, 128.29648438658998, -84.91810886340122, 177.62297019658268]"
36.33765809198611,37.41019851369248,0.9988303816533693,0.5071358026336379,True,False,"[0.16225084548457674, 0.7960277711154319, 125.65174603424903, -90.24006327157036, 278.6557790626386, 0.4156900925618878, 0.6841655974060865, 123.73983020719066, -85.30736578328575, 185.42404094422793]"
35.974281511066245,37.33122677834286,1.0,0.6480954026912445,True,False,"[0.22645897120913178, 0.7204063044539541, 123.36255018556474, -84.83820133627282, 269.20395929310416, 0.4332979709015784, 0.6322727757669739, 124.39363066593714, -80.62417083849749, 184.8728415613741]"
35.61453869595558,37.244056046179985,1.0,0.5101556271309061,True,False,"[0.2562331237976877, 0.7587546847962667, 126.08402737576556, -104.45772203605841, 268.6948604487238, 0.47511350322704266, 0.6149863314419237, 116.29480402913877, -98.03715681809214, 185.05372594329944]"
35.25839330899603,37.216180376495316,1.0,0.3341625664997173,True,False,"[0.2545884525501656, 0.5915771576258824, 133.77164102137408, -122.77777699838032, 267.8318673149864, 0.23666081329884353, 0.3529754529604767, 120.12215931277956, -93.67911588063505, 191.36179758401371]"
34.90580937590607,37.248202001558845,0.9990830482876877,0.32899676570526437,True,False,"[0.37077866884747485, 0.6501807186117275, 136.2021795202595, -128.34107974868604, 262.39588945418615, 0.2395373169577707, 0.23259948655766266, 114.23569181864984, -94.25208247608477, 195.96099256339687]"
34.556751282147005,37.275522505199476,0.9992097142901726,0.439720991905992,True,False,"[0.2079963023605313, 0.6243091149130228, 135.22074604048686, -131.08436482686943, 265.36671604326966, 0.36083020077533556, 0.37392022380478374, 111.34455989650571, -84.1868344065732, 199.20990724259016]"
34.21118376932554,37.311228442244506,0.9989568525086172,0.6557134630512659,True,False,"[0.17342184225526108, 0.601199148955332, 136.41131051496905, -136.88155200901588, 266.2529188614891, 0.4474323511478302, 0.218125093393055, 114.41964509904626, -103.0471119596432, 198.37152979125088]"
33.869071931632284,37.2133528388294,1.0,0.011738696639563617,True,False,"[0.28060365240107144, 0.501698578988758, 142.2277481087418, -136.69393532828605, 269.8034827026707, 0.47433723176594045, 0.32951051460889347, 112.45401822169772, -107.93602443256152, 195.79095499006482]"
33.53038121231596,37.16929059068428,1.0,0.893535437097889,True,False,"[0.32182295039361536, 0.5288908114135303, 141.05019999262387, -127.13618294032824, 269.08275841742466, 0.4177750134454419, 0.33236786397129325, 118.21314589579079, -92.70684929431403, 190.86880482077913]"
33.1950774001928,37.491724541869104,0.9903337155879214,0.947339011148562,True,False,"[0.46739124083361294, 0.420494414828871, 132.26048456466495, -128.142774195311, 266.60651205860694, 0.17526625759418607, 0.40150611066770137, 121.44993256544463, -99.58905533798385, 195.97993469575704]"
32.86312662619087,37.45322814656933,1.0,0.5527544762289004,True,False,"[0.4678241903809306, 0.45040640538756793, 140.97532750138737, -117.40295357649309, 258.9211583965234, 0.17418806020718514, 0.3061549363800365, 125.03428731085947, -99.25406908302696, 193.23492278919653]"
32.53449535992896,37.28500243171561,1.0,0.12778841884867354,True,False,"[0.4385014090254724, 0.49228586498784055, 147.76174152348477, -121.8075842919957, 266.49402988927284, 0.24970177745906694, 0.2057422965556993, 127.70522778928009, -94.83027861972961, 189.91814190374194]"
32.20915040632967,37.20411800509707,1.0,0.5481994132511343,True,False,"[0.24658032360549453, 0.5539485830878315, 145.59170100455245, -128.57297992467855, 257.1035995227037, 0.39052919114414597, 0.22017864713083632, 121.23254832782908, -92.77137048793257, 182.516190117641]"
31.88705890226637,37.273173777056044,0.9978367070077976,0.7391347117842826,True,False,"[0.18003172836615094, 0.5585839165726506, 149.09957283268668, -117.51581218262044, 254.71454022722818, 0.5880361846607591, 0.18859092960703963, 116.97823263981194, -96.15924971814769, 193.00137056355553]"
31.568188313243706,37.28259105661465,0.9997017290018465,0.22760851185869968,True,False,"[0.2508575712515733, 0.5420119223305925, 151.43577690275316, -122.55920167441884, 256.86119383485544, 0.623636510529719, 0.213053910197152, 117.3517050843519, -84.9291631383498, 200.71715103286525]"
31.252506430111268,37.258025693253906,1.0,0.5671202262232217,True,False,"[0.31645397721220453, 0.38077885181733906, 149.16206227523966, -108.58702140649069, 252.9212972867857, 0.5193338160629588, 0.16053281055093338, 126.27170435367633, -77.86823382135819, 202.6202386709971]"
30.939981365810155,37.282640006897665,0.9992047659956362,0.9778572945278259,True,False,"[0.30299361261312135, 0.36242438727848714, 150.38735807480384, -110.31333429208459, 259.2800968564976, 0.5799121724540943, 0.18211837166119096, 127.16388084504644, -84.5290838867118, 197.7982703595402]"
30.63058155215205,37.35829348751883,0.9975331800239375,0.1385583212551199,True,False,"[0.14511521716495882, 0.32594973223234375, 150.1839044608384, -123.22682142852338, 254.349046221209, 0.5482682784718061, 0.25929805681253376, 120.43016444300251, -87.90162247634069, 191.36100393177173]"
30.32427573663053,37.308376041968714,1.0,0.16761571070083425,True,False,"[0.3010315516365203, 0.36544635047839086, 145.69019130268467, -119.51692404436415, 255.0561038870956, 0.6919733181876029, 0.2853605206680333, 122.90532901987507, -92.2866185489511, 193.95134455698175]"
30.021032979264223,37.30252786322394,1.0,0.08728471140854643,True,False,"[0.3574430728879645, 0.3723262359368931, 151.66277661210717, -109.13436094144369, 251.9733930878065, 0.769978260131226, 0.23922276192307532, 120.40184595509527, -80.37077437746515, 193.64581384199738]"
29.720822649471582,37.295596486893274,1.0,0.6845040260216364,True,False,"[0.32329972296460086, 0.5877196959596277, 151.25526251497823, -104.80842571445025, 263.76720642771335, 0.7837708644733099, 0.21600663625783018, 124.11919078718901, -86.12617792173208, 198.04722167570768]"
29.423614422976865,37.354317494858144,0.9980062798871715,0.32525081750092477,True,False,"[0.16983098107285688, 0.4440472775260942, 154.86567874574666, -97.26902322322148, 263.9571122314554, 0.7860200389322267, 0.28906257639517013, 121.59082416773883, -78.79375402224007, 197.21298956963727]"
29.129378278747097,37.39548101988856,0.9985878705107338,0.846689019121755,True,False,"[0.11058672326140451, 0.43818950530668077, 164.28245127449853, -76.63228910057947, 268.38675884883787, 0.7658251019732558, 0.4523731014872827, 123.94449037753202, -86.53978290151103, 198.96802770166659]"
28.838084495959627,37.378285213689324,1.0,0.8021038011209083,True,False,"[0.13189013229233648, 0.4419437870944902, 154.75913863291103, -69.79136929317535, 266.57854337793134, 0.6306130482096117, 0.35792188725138624, 130.762768518706, -77.58469482608118, 199.99275566662422]"
28.54970365100003,37.297914023688826,1.0,0.5534611317163644,True,False,"[0.19226587981038706, 0.6053314881476272, 150.94258956853332, -66.30984152251769, 265.74329565492917, 0.29500577463437383, 0.4022161964739596, 131.6612001043881, -77.01236477349337, 194.45571596155048]"
28.26420661449003,37.27270835935665,1.0,0.10416992443190609,True,False,"[0.22577768787248229, 0.6109112421323851, 146.18059317126628, -78.1048474540524, 260.8304628187622, 0.30994755049042017, 0.3952177179280677, 120.60986329725269, -77.48623149915309, 202.22434789493423]"
27.981564548345126,37.32513096946846,0.9981282842640761,0.40664696188535354,True,False,"[0.2449972023123122, 0.8238741527330229, 140.86204029180723, -95.2217184688991, 254.92428025383236, 0.3402500466592424, 0.5539682903255685, 114.40112230346925, -74.58814272692824, 214.58108455456076]"
27.701748902861674,37.35730775720655,0.9988391307814523,0.922897900260679,True,False,"[0.298224301047754, 0.895813077312852, 154.30010763673684, -85.55530986246498, 250.49373381484241, 0.2598101818481096, 0.4669976162074359, 111.60849457000172, -79.04586688748358, 209.16542639463233]"
27.424731413833058,37.29208515464954,1.0,0.8456230167439241,True,False,"[0.350875048619288, 0.8961494914641956, 157.32801554457228, -85.34819980164428, 243.03057996955332, 0.24711756522500763, 0.483145066414707, 111.36944377066423, -77.28992077050188, 209.55719110718343]"
27.150484099694726,37.25996938951151,1.0,0.8818994256135153,True,False,"[0.3641312070437269, 0.8797938917026007, 155.47018813351872, -93.957227598879, 234.5744622600501, 0.30312892876328806, 0.4424584413983669, 116.48630086571734, -77.65580841762807, 217.32751523296213]"
26.87897925869778,37.307916763202655,0.9982177658681048,0.7609262239946104,True,False,"[0.21954872139880843, 0.8050831505066905, 156.47185048391242, -106.62665910699218, 240.4084082117312, 0.33125321233404037, 0.6463185492924657, 117.23557717760298, -79.75570457460115, 217.28743182758086]"
26.6101894661108,37.47336442370616,0.9938018331926535,0.6994585007418042,True,False,"[0.13600748156205167, 0.7360675159464541, 151.66068221555082, -111.90554492918368, 236.3234687300943, 0.4068790565259271, 0.6494091007716658, 119.72207425127414, -60.39435791096206, 220.09428824811712]"
26.34408757144969,37.46341727074556,1.0,0.7555908226457476,True,False,"[0.15188825393348476, 0.6981489544838486, 155.54728953760772, -106.03940509736567, 234.8588686889708, 0.4252506255544081, 0.6929785371348586, 118.57888697126398, -53.107331836099476, 225.6712416060373]"
26.080646695735194,37.46549419162981,0.9999203686084425,0.34310923817559547,True,False,"[0.1592349112252122, 0.6223794818557891, 148.44605381005232, -114.26640490835842, 231.48795919317726, 0.41970243350819014, 0.737297069338059, 111.193634486434, -43.198379359363926, 220.1439963358937]"
25.819840228777842,37.43010330262094,1.0,0.3272747549429078,True,False,"[0.1894182610789081, 0.7680597737126649, 141.7827396329994, -107.25171299841594, 227.85961182411185, 0.4685830595831704, 0.7555745222858486, 108.11941098025517, -34.660803854504294, 221.68033425022298]"
25.561641826490064,37.45066232882723,0.999196031270962,0.03937243698435311,True,False,"[0.1752484472086693, 0.8107668523663736, 139.68799656540975, -113.38374902602851, 233.12368776717292, 0.6327653279551237, 0.7059423965709163, 109.56795117182152, -33.33943089572969, 217.7536018624194]"
25.306025408225164,37.32680407888369,1.0,0.000769278989030675,True,False,"[0.30246967337830327, 0.825744581481679, 136.2306415752792, -118.6768312661714, 241.84622424128742, 0.6264315393699088, 0.5981342188089469, 112.06459535146628, -24.538418530704448, 223.27294435900922]"
25.05296515414291,37.49789021768292,0.9931942868422872,0.294405999774487,True,False,"[0.18688181360434913, 0.7690739316318189, 136.94975983888543, -135.55712041366684, 249.10263488823202, 0.5196142114990785, 0.5768010050015411, 122.47524660841216, -20.11961218798875, 217.54970755689533]"
24.80243550260148,37.418941000546305,1.0,0.7556802328337938,True,False,"[0.23824088954545708, 0.8157546660332556, 136.59741512657016, -132.6415530766474, 255.00563425884778, 0.5359387018788393, 0.6033056832829349, 119.6791199754647, -24.967391676570713, 206.7014557361144]"
24.554411147575465,37.582349641925376,0.9933671345022439,0.12726849222188696,True,False,"[0.1690546966205973, 0.7995233563433501, 137.0121353839009, -137.2032175366112, 257.1420300391576, 0.6314803064145378, 0.6292054633340466, 122.93418271222201, -14.275082192842126, 212.18569472554245]"
24.30886703609971,37.37949142303517,1.0,0.808068984205432,True,False,"[0.3610467916096075, 0.5914419990271782, 138.57318727362633, -129.4972771836152, 258.9223576024442, 0.6948636412882148, 0.5676302523234109, 128.49248029085922, -18.902242546528985, 217.9340022958765]"
24.065778365738712,37.35212220920962,1.0,0.20548279258103674,True,False,"[0.4249899143478352, 0.5847394003934195, 140.87009525156984, -116.00855149192095, 258.58173381919613, 0.7112135892695963, 0.5048159343571754, 125.09851572800919, -32.406770352010255, 212.9015276568675]"
23.825120582081325,37.26207848288093,1.0,0.24600388434422416,True,False,"[0.4355112301012222, 0.6876519951558484, 143.3445981914664, -118.99952581276361, 250.38395757370992, 0.6355779777122831, 0.2788454338916069, 128.39893654862496, -39.51608309963848, 214.33707407736514]"
23.586869376260513,37.24580078964735,1.0,0.3297475574983868,True,False,"[0.4331906932047118, 0.7137578396949713, 140.5931564826301, -124.09877882342126, 247.8185392334639, 0.7223174951776155, 0.17150481117098726, 129.30238661369305, -36.33604559738314, 211.3779023159671]"
23.351000682497908,37.31640535534293,0.9969809459797521,0.07222963550132278,True,False,"[0.29782826126286316, 0.4908374347432659, 137.10522219508312, -114.14587266985541, 242.87557747161864, 0.7082989336994383, 0.2060499235832651, 127.96031862364701, -32.59004414073937, 210.04068471066373]"
23.11749067567293,37.33666020082691,0.9991242139980606,0.28917556794067467,True,False,"[0.3325860260357567, 0.5036453384148875, 136.12506455952146, -108.11218007794773, 241.18619230422107, 0.8146426339432867, 0.3030352751224519, 124.7928003618161, -45.52531928618116, 216.69525316060927]"
22.886315768916198,37.37093008543186,0.998503724236207,0.2718379830024744,True,False,"[0.3965262628768573, 0.47259767696599275, 137.1584854648939, -94.15874466668606, 240.21175916550933, 0.7513395023323604, 0.4702260883666672, 128.72779790957478, -58.466826343556136, 225.08348496865483]"
22.657452611227036,37.35791564016194,1.0,0.05391451283239923,True,False,"[0.3017804282715761, 0.4542684608479829, 131.81517828784223, -86.1068146195911, 239.57456176561078, 0.7898721619533541, 0.34984804240870016, 136.21807860986684, -66.20804738699884, 223.33687438250485]"
22.430878085114767,37.38951589734106,0.998592208091745,0.939449510035907,True,False,"[0.23113238472097491, 0.41999478953053254, 129.43097113604276, -93.14770511404485, 233.51115858800617, 0.8732733726978736, 0.3688129621831602, 134.28614653801986, -60.488917926904776, 220.54448199753307]"
22.20656930426362,37.31257240894498,1.0,0.8356829014488806,True,False,"[0.3029630079843865, 0.5075482150319576, 129.73361783982904, -91.63413743880854, 228.4190515368292, 0.7887364827344436, 0.2286760065601995, 144.40846012322146, -72.00113420746771, 213.03182388372426]"
21.984503611220983,37.326509578589736,0.9993662466498885,0.09094579514119983,True,False,"[0.4493260745473855, 0.33639017153558715, 131.21216004327368, -95.97356451575743, 228.87268524582984, 0.8185690686004351, 0.1994678318306384, 148.59770053281466, -66.52590442609242, 216.32726249494257]"
21.764658575108772,37.388557775584474,0.9971531905671746,0.4282030155118377,True,False,"[0.5870903887588353, 0.38881232298642115, 123.90247747939677, -80.82291675777462, 229.99997875392114, 0.8727540131907382, 0.3222723589080808, 147.71243261465, -68.92075151026411, 215.91241387530573]"
21.547011989357685,37.393008641303055,0.9997934559995999,0.49227051920063436,True,False,"[0.5946011034116068, 0.2722562279807204, 118.87822307726945, -84.83325136118789, 223.3870692228688, 0.8825629169996989, 0.4736063334365572, 156.04837311535317, -87.16454726073786, 213.08183004178014]"
21.331541869464107,37.34790814312897,1.0,0.019706965187733294,True,False,"[0.4820944393398866, 0.3503302907442946, 120.38983508493774, -87.74107435485763, 214.00488391130833, 0.826650226703908, 0.34311667827819753, 152.0472995758457, -72.11212079798213, 218.79646012295296]"
21.118226450769466,37.40469316463947,0.9973147013503355,0.44169765672974404,True,False,"[0.6474093729231628, 0.45863662515233933, 123.28694590289018, -91.38729136596746, 208.50612754631481, 0.8756880362172619, 0.41258437344466037, 153.91683265502914, -64.85524978292257, 217.9212085843359]"
20.90704418626177,37.49375646535273,0.9957490946262939,0.8229651338096119,True,False,"[0.6425963372698255, 0.3853700396393257, 122.50181860140363, -90.4870283941437, 210.64475419935104, 0.8686883572110522, 0.40409582137015226, 142.29919561448054, -52.30845140870107, 218.6163594355184]"
20.697973744399153,37.36190386328934,1.0,0.5112063876637601,True,False,"[0.4607416138037281, 0.5070183115037683, 113.93024555120542, -98.78950962993198, 210.88299926765575, 0.8614518545944727, 0.5289819351510705, 138.2953362535706, -51.882327095072604, 230.45365267795538]"
20.490994006955162,37.34950111280064,1.0,0.5894531805580913,True,False,"[0.383194663620119, 0.5809542420413583, 116.31882175742689, -96.71659930094968, 212.23689700679623, 0.8549220383096431, 0.6059838105134719, 149.05307414895987, -53.24916292803642, 230.17212904022858]"
20.28608406688561,37.38416414776576,0.9982927490010481,0.32096198295515277,True,False,"[0.5433807789452991, 0.5233498627204138, 123.81030635414086, -103.42293573668215, 209.14935034548307, 0.8640254614157665, 0.6712748197581608, 149.52098047633464, -54.0503254075423, 223.84710133790801]"
20.083223226216756,37.333660870740104,1.0,0.35854291996695953,True,False,"[0.417942199068165, 0.4738052850884512, 122.5474455431586, -103.52771525294264, 207.4693764116596, 0.8031932561814461, 0.8404545403442832, 139.4663950724752, -57.77071943703467, 228.37722353524362]"
19.882390993954587,37.219768957049965,1.0,0.11167465138305932,True,False,"[0.29505046078843833, 0.3325245121075845, 127.72634993392965, -111.30683721183665, 216.89272330218427, 0.6014189951510006, 0.8558398415080588, 142.55636096298363, -59.25818713837876, 242.65767781252868]"
19.683567084015042,37.26090997714705,0.997912062634615,0.5796776222129176,True,False,"[0.2374300856873619, 0.33651928238494666, 119.67497984829349, -113.67042248980664, 220.68802112234627, 0.6090806405819732, 0.8219337115575954, 135.85752462600317, -66.72627823517044, 248.9508634478983]"
19.48673141317489,37.22141308109445,1.0,0.6756073876842124,True,False,"[0.22959447969893462, 0.15906086557763482, 119.80218086803855, -107.86908792059984, 218.7567684631971, 0.5114239973259826, 0.803561818783854, 143.04187751511398, -69.18261298649612, 247.6556042022759]"
19.291864099043142,37.17798923073138,1.0,0.8746755835573388,True,False,"[0.3597170883714681, 0.14115992936320332, 134.6336987997797, -100.65236874922024, 209.22925274871042, 0.49652575755674405, 0.8385747163096369, 136.27323858774687, -65.87403944854313, 253.49342997676408]"
19.09894545805271,37.18009179884456,0.9998899178811679,0.09661492385179515,True,False,"[0.280524467032329, 0.12115684593114082, 140.01065066624716, -95.93023563525078, 205.12559532692075, 0.4110519535359035, 0.911656389035211, 140.3979507796457, -63.86940060412428, 253.03222541331593]"
18.907956003472183,37.22101374856556,0.9978380688775148,0.14918897399327535,True,False,"[0.32927116408790047, 0.15978932971933166, 152.8017939505719, -84.59689770157689, 208.1732533205377, 0.43764531431539533, 0.8728587406513689, 140.05854802611825, -70.21982516495291, 255.4728781969211]"
18.718876443437463,37.25307055578753,0.998288926490114,0.5672097470918421,True,False,"[0.4450751044981727, 0.1609940756573837, 152.17550771976562, -76.6094040203676, 207.5845229409107, 0.4367460640647687, 0.790425941101879, 136.09703448456736, -77.9847721150197, 259.0320762932768]"
18.531687679003088,37.19446427130094,1.0,0.07141292110300035,True,False,"[0.3699702694515495, 0.16524323822884066, 142.99549547462414, -83.39066782109236, 201.1573260135264, 0.4888770074845754, 0.8261477973408895, 137.88414150749537, -90.13757774742595, 255.5843332737324]"
18.34637080221306,37.345486222001405,0.9918020806320417,0.8090131931086962,True,False,"[0.4506082547911074, 0.25948308082890736, 143.0648198047803, -78.77577942403165, 206.22918824067202, 0.27486925435628795, 0.8467175453471071, 135.96589165135913, -76.53324957691552, 256.75236332171784]"
18.162907094190928,37.29636012523796,1.0,0.10107090887644632,True,False,"[0.40365548971466675, 0.19375964805748416, 139.97369471943514, -73.00526869900682, 212.6786089781329, 0.3860548087469872, 0.6776505121366795, 142.1551301453707, -56.89323471835171, 251.9781968134456]"
17.98127802324902,37.29527983482251,1.0,0.03743499529442884,True,False,"[0.4770452277901243, 0.1876704962781142, 139.19493779703458, -67.26011280481073, 213.15299160557683, 0.3975745569055919, 0.5468432269220395, 139.13194087354225, -51.3410825973542, 248.13072000429582]"
17.801465243016526,37.31811581648105,0.998718007734674,0.4215934853150499,True,False,"[0.43516209538339523, 0.10358304711537644, 143.97054659945042, -59.143447608805154, 215.12945800780756, 0.2572606643142914, 0.3355750578030797, 143.49809792553532, -43.17752554071893, 255.21759907383384]"
17.623450590586362,37.349617909019514,0.998214086736658,0.29250245798981167,True,False,"[0.573117984785352, 0.26429752507402554, 141.21732887948482, -69.69046583339974, 207.6725394914543, 0.277366474820936, 0.40244846973706844, 139.50077616138176, -48.72787937712159, 247.89675543810907]"
17.4472160846805,37.33326184200995,1.0,0.5722007582975511,True,False,"[0.6387611105523625, 0.27327444419779406, 144.96785898016827, -84.93514632194206, 210.79297918153392, 0.3535591042781073, 0.4356437277486923, 131.14322900288758, -36.08437229896896, 246.05976467752674]"
17.272743923833694,37.36266262184053,0.9982992990632723,0.934239941387798,True,False,"[0.5644433129578172, 0.3298650366646797, 152.16740846628932, -82.19677845179469, 209.00130873877345, 0.23160959859430852, 0.4289105641416287, 133.79258007352323, -32.254012625365476, 244.53653791552517]"
17.100016484595358,37.37462997723148,0.9993004001643205,0.8252786868142364,True,False,"[0.6948466169154538, 0.3382123043260652, 142.83155333275334, -105.17275031415485, 211.50721672894804, 0.3822088336295507, 0.2593215627088787, 123.60529584470082, -17.87784212650923, 244.56305911103223]"
16.929016319749405,37.22396108856556,1.0,4.8473436836449224e-05,True,False,"[0.5590972802549794, 0.20983790316365453, 142.35404602245424, -99.4373325977171, 202.4841463763571, 0.4655492623081534, 0.39190672231925894, 124.38606396710487, -13.26850026059936, 243.8313799992201]"
16.75972615655191,37.24867037786441,0.9985267609237474,0.4331626698079415,True,False,"[0.6409974605211489, 0.11545704399058783, 146.03638884927682, -93.18905167139657, 206.02671981689753, 0.4727741481453498, 0.38452039549910877, 123.26666436864268, -15.156937657840029, 241.18144443292766]"
16.59212889498639,37.257327182408076,0.9994783944433264,0.27222339200049095,True,False,"[0.5816550490280739, 0.18608139401679652, 149.93082224442227, -89.82022059837121, 207.6131866929845, 0.4739009228514578, 0.3580657965181202, 130.54058042525298, -24.579567792022065, 237.32828752509116]"
16.426207606036527,37.27008336111049,0.9992237266673638,0.5504811382761093,True,False,"[0.6658936003104299, 0.18264549234789879, 151.37004278475132, -111.33351749244612, 199.55915894812466, 0.38317706260901957, 0.39012898218321307, 128.74284954993988, -30.465123421170404, 236.88520859696712]"
16.261945529976163,37.301428792314816,0.9980743238331461,0.08155358345489105,True,False,"[0.6316570607317875, 0.28815928799602564, 148.91676058712665, -107.49839400325288, 200.33396537505354, 0.24271522591701253, 0.46940324544328577, 131.37716457299624, -33.928957626538015, 231.93176030475232]"
16.0993260746764,37.27581387600996,1.0,0.6628495718831194,True,False,"[0.7231817084346371, 0.20429562421289427, 143.71755596255238, -105.73443633999902, 199.67818336223394, 0.38476732771120503, 0.4704665934813949, 129.85963206287028, -34.46512500523801, 240.77126314434977]"
15.938332813929637,37.28787893818852,0.9992433024870185,0.7242855057188572,True,False,"[0.7997289168439602, 0.24874803827186462, 142.57091078433766, -105.55004069348131, 195.55736964083457, 0.3896192638152011, 0.5689715035400296, 135.5203280334011, -23.98421052473524, 245.99430459315408]"
15.77894948579034,37.26973127798179,1.0,0.5927875145806591,True,False,"[0.7150825670466667, 0.33881706405079004, 144.37290320635017, -108.00523028051805, 191.12054842869117, 0.48904531719007166, 0.5323724929604141, 135.3867866061879, -16.602535534489867, 252.02108868617748]"
15.621159990932437,37.30768950088866,0.9975730264287332,0.47007121341572344,True,False,"[0.8624854510630623, 0.25989696337227713, 145.08936998125304, -109.37129559940733, 180.8507274487701, 0.4628075444636146, 0.615385007261335, 141.29510879246527, -0.25976952766981753, 255.94655853916967]"
15.464948391023112,37.33926227498297,0.997960512624767,0.638181199184267,True,False,"[0.8528392791936649, 0.34755590325458435, 145.3982697532528, -114.36387255306242, 185.26991696017518, 0.5072523963641018, 0.5467821001358311, 138.10117705769744, -3.207013918999961, 253.13929097247444]"
15.31029890711288,37.275972103202385,1.0,0.5731523983715616,True,False,"[0.8186110349982949, 0.2509354776132614, 143.95016960035883, -100.90951261429879, 185.9741711872239, 0.6785588230212345, 0.6684474199232763, 138.75671131203353, 1.1124092987591419, 261.43803601544715]"
15.15719591804175,37.33035153704789,0.9964187306007471,0.49902315284156396,True,False,"[0.8021047118264782, 0.2973303556738883, 152.1725228007507, -84.19902700669735, 185.72770843715216, 0.7386328361753136, 0.8338119389535961, 135.36313995734037, -1.2985953263727041, 266.8072050362727]"
15.005623958861333,37.365212664776635,0.9976794924085103,0.06841475905557037,True,False,"[0.8085560187144005, 0.23077890440491938, 158.83518805722426, -75.42663812271577, 188.10604841433494, 0.777616919860237, 0.8257645999609916, 126.77952598518893, 15.778478186493265, 264.9161295287225]"
14.85556771927272,37.35880782410434,1.0,0.817662774793614,True,False,"[0.8683533004350805, 0.20306710566971423, 158.49095480773119, -70.76938542173458, 188.9764602763754, 0.8522255223104218, 0.6644953081599353, 126.71222591277802, 12.469172101414536, 256.21985796561455]"
14.707012042079993,37.32097589334815,1.0,0.8446941850868609,True,False,"[0.839413207264476, 0.32097414832585724, 151.76155731648393, -55.5960726584393, 198.27488781260297, 0.6855384814294396, 0.6132885189643172, 121.41516446493068, 5.804089332500499, 244.4854555202315]"
14.559941921659194,37.294324235870874,1.0,0.7560189318120519,True,False,"[0.8108255262597768, 0.31129058614852295, 157.6622104153746, -64.04661690045745, 198.26370651169808, 0.5661322082882617, 0.7245260539017224, 123.5638365241163, 14.870952243667613, 250.00461059432246]"
14.4143425024426,37.3157087968559,0.998517538613423,0.7169480187596742,True,False,"[0.7161937293125706, 0.28028578075365446, 154.32522571534108, -58.64746694181422, 200.4068609840461, 0.4702996590958264, 0.6062986038671445, 123.58762196438342, 14.676126373146719, 257.1814684876764]"
14.270199077418175,37.29586699521619,1.0,0.6916300963770903,True,False,"[0.5372181472065611, 0.2909234104746196, 152.13345560246975, -59.44650075288164, 205.6199663036815, 0.4388646873487627, 0.734172610563937, 132.71235874872357, 12.82228283255651, 261.2712158825063]"
14.127497086643993,37.25389299311294,1.0,0.08672507310619626,True,False,"[0.5145684691126456, 0.39653491504423927, 144.90355700226976, -57.654044705327294, 199.58705058710734, 0.4515023158586049, 0.7725816514074139, 126.89557690224453, 6.812338619038853, 255.9515926850288]"
13.986222115777553,37.267199180001526,0.9990490742119496,0.8831318724982108,True,False,"[0.4657790017489576, 0.3460883010978411, 148.51635645949224, -52.56743872245935, 194.3548669274466, 0.47482587631992174, 0.5795373914264048, 127.11364052346111, -0.07874544178735299, 258.99674834095157]"
13.846359894619777,37.299467174205496,0.9976722817792169,0.4913282434986097,True,False,"[0.3397786741740877, 0.37435866359523107, 144.90031533988937, -48.1610719023193, 192.19178031640405, 0.506002891749971, 0.5974955943858512, 119.5823553198508, -13.030564016962657, 252.24921198967604]"
13.70789629567358,37.27571417778299,1.0,0.9219086131633288,True,False,"[0.45819658206418606, 0.3709571554749619, 144.83456088491891, -53.99873253632955, 192.8345223003256, 0.558235269388091, 0.6544949505656376, 125.57311354849251, 0.14637264258086446, 257.93184287971104]"
13.570817332716844,37.26373488379527,1.0,0.047071620853956775,True,False,"[0.4565913562613014, 0.313732117097083, 148.36698260618235, -76.13007327037441, 192.0307554038785, 0.4927501678563003, 0.6082360927505012, 126.9253422034123, -9.518027236382562, 261.0850765214404]"
13.435109159389675,37.25691212582576,1.0,0.07325081724111548,True,False,"[0.5494039676004225, 0.4665209365422189, 148.70001238399294, -72.73299517159332, 191.3834653104974, 0.6163580139331385, 0.7355713326179083, 138.7961622014168, -8.267234455542637, 258.162073630172]"
13.300758067795778,37.22163810015023,1.0,0.05742130135832857,True,False,"[0.7442507911328512, 0.5280907833113275, 149.0241975140249, -83.51056012142799, 182.27171185221465, 0.5097169638038995, 0.8105947529700341, 129.9086559182271, 0.5322704980243227, 255.30708058665877]"
13.16775048711782,37.19920898849402,1.0,0.5288773661408626,True,False,"[0.8237498585237529, 0.6319870554528779, 150.43719985099165, -78.80814740020486, 186.10077985150969, 0.47264655033149694, 0.916428619598624, 127.02292841537027, -12.154711892345308, 260.33914347604525]"
13.036072982246642,37.23129591640649,0.9975416315151,0.21945262506737562,True,False,"[0.7209730766194868, 0.5904310773805699, 149.19441285535345, -71.41992798492394, 190.70515531567318, 0.4494012839068472, 0.8349655688859517, 119.70516288252716, -8.228199921356383, 261.00866340250076]"
12.905712252424175,37.361483564193634,0.9899631103429367,0.7671686349576181,True,False,"[0.7876711972269345, 0.7008056852014383, 146.23741533789996, -88.26249630449544, 201.01636509473312, 0.402143692999627, 0.6410583570446203, 111.8438203243989, 16.57599106507164, 270.0906122412531]"
12.776655129899932,37.2730170927227,1.0,0.048904751419844184,True,False,"[0.6885740549232884, 0.6398335582849315, 150.936834394539, -93.97552791720148, 196.25322741988285, 0.40803583134359905, 0.7640555831624132, 104.76882217227252, -4.75431390689079, 268.5311328677506]"
12.648888578600934,37.270452300993774,1.0,0.46986045767202156,True,False,"[0.6656851503580322, 0.6530995182130156, 141.80855896442128, -84.78489178389584, 197.4719956102676, 0.3263007665867796, 0.8433615054807237, 104.34152460236916, 14.30922772033017, 269.32138065244726]"
12.522399692814924,37.372681563709,0.9918695207540623,0.2356283300279941,True,False,"[0.4942921251650219, 0.48456557334712586, 138.54792005323205, -86.66606861256338, 199.43908292738053, 0.2417950208020443, 0.8893351563865972, 102.73115982337127, 0.9607263290270662, 268.00942725392986]"
12.397175695886775,37.284106975088804,1.0,0.9498144329941995,True,False,"[0.4494475597514608, 0.5017075517074285, 137.84440133507167, -105.9232813258759, 195.09720688608417, 0.25212416578509994, 0.8490632406587293, 98.55703454489154, 19.82484564121333, 265.9022968644696]"
12.273203938927907,37.29312440957788,0.9992655444596157,0.4116137573590304,True,False,"[0.43807210292395016, 0.5080248910626541, 142.59672540512423, -95.79544510280435, 195.82462575830962, 0.23616729581462081, 0.7872467816507301, 93.61338002024632, 20.809933168239255, 262.09652393623963]"
12.150471899538628,37.33111511817123,0.9968781971388733,0.2979231221133265,True,False,"[0.4905695103090608, 0.5631009950189041, 139.2947762896267, -94.0456986965008, 192.27578533863672, 0.26310528364493146, 0.6579874196756524, 91.99084064236511, -0.804469546135671, 265.99778370656395]"
12.028967180543242,37.2163940513117,1.0,0.30220915410642446,True,False,"[0.46764720090979006, 0.5988452834772333, 131.22844731871044, -115.7727251700265, 192.54794543526233, 0.2742266855681416, 0.7765974993286395, 102.99993471911928, 12.610608722263041, 260.1504762722489]"
11.90867750873781,37.32605603780558,0.9908336910440425,0.7693227109765383,True,False,"[0.5412219272295398, 0.6740422452683904, 127.06429906131767, -103.03185308596798, 192.5644163952766, 0.23658714504761955, 0.7039736645775199, 106.19710739617369, 28.519382628761402, 264.3833614114794]"
11.789590733650432,37.276372260279935,1.0,0.5808421074488674,True,False,"[0.5852920357815676, 0.726966498995135, 125.15707739321809, -109.07203217821959, 190.6469683658088, 0.1902631232999833, 0.5668350018790691, 98.99829678438675, 33.74907374638181, 267.110666611965]"
11.671694826313928,37.349665517689616,0.9937401025074231,0.83144523854772,True,False,"[0.6351201630834741, 0.44401151558402013, 125.68091630908046, -97.25803665192643, 187.19776786481958, 0.15599051685765553, 0.6412167330969386, 90.94191746301371, 24.56414605407643, 272.47738039746446]"
11.554977878050789,37.23338475902735,1.0,0.5071484255433526,True,False,"[0.6681718602660004, 0.44700981459136807, 137.16127229964934, -82.07823020233693, 186.86923615720644, 0.40369354044822225, 0.7223645951982751, 87.05802715108717, 41.84866303408726, 273.76076899051475]"
11.43942809927028,37.322797579072834,0.9922142703448519,0.5312095663899612,True,False,"[0.8358403959688963, 0.356615331769355, 135.3551420521962, -67.34261965389845, 188.26554352841538, 0.46364245898908346, 0.5720173716633928, 78.63999502483713, 39.85570257811586, 271.395751497584]"
11.325033818277577,37.270606814330854,1.0,0.8474371385396988,True,False,"[0.678349453605863, 0.4049223768609565, 133.1739470049186, -67.31622451961178, 186.33238975796846, 0.4924421578491012, 0.5810202146464688, 85.11917691814813, 46.013278169903636, 269.83577822685396]"
11.2117834800948,37.33001076033132,0.9947156621206551,0.8670154088800526,True,False,"[0.7743130510865532, 0.6074677563638866, 130.05875773398603, -71.80028535405275, 180.16714160460515, 0.4433992710501703, 0.6668653208715877, 87.43799067316661, 45.04216108208345, 279.97655973655776]"
11.099665645293852,37.20468972617729,1.0,0.18911016818446225,True,False,"[0.8122804124569918, 0.4086989430211744, 130.54668471586785, -67.11314150958877, 177.81750128309957, 0.44931678832463845, 0.7831716192227913, 72.35640742400413, 44.94606018195566, 278.85824245443223]"
10.988668988840914,37.20071889004102,1.0,0.8069710231181226,True,False,"[0.7864985984710627, 0.436589427029297, 131.54048954921623, -61.18759216861032, 180.8165744228397, 0.5708259212812758, 0.7942953940203434, 73.67654512114198, 58.561138224081276, 273.40952029265117]"
10.878782298952505,37.24568188975785,0.9958754382361289,0.5078069934813457,True,False,"[0.7578563884457333, 0.37767039456020407, 128.31818371251018, -68.92977562327246, 181.275545470013, 0.6578495841913443, 0.895593661689965, 75.69518038710075, 42.484135725291104, 277.548518244439]"
10.76999447596298,37.29508637661026,0.9954232711023385,0.6159727330033687,True,False,"[0.7325959350725013, 0.41479982696317785, 127.42030312079777, -88.41962764848934, 193.45351758405025, 0.7660205316339496, 0.7604304823875183, 79.27133984579945, 27.827835916194974, 276.5285732602569]"
10.662294531203349,37.390657853511286,0.9910765524189028,0.6289958206830798,True,False,"[0.826762463847913, 0.4676916908351967, 125.4091017381993, -86.2918237184679, 195.8859857208196, 0.7711248645725947, 0.8433701133586593, 85.82356382058106, 37.06108444000842, 279.8126745564861]"
10.555671585891316,37.43020734466346,0.9962602576068829,0.5755910631706002,True,False,"[0.8270031106188023, 0.42011269268704643, 124.27462328781452, -94.35161224059698, 191.15554106631075, 0.728561655454098, 0.904781228713525, 81.22243570504713, 40.375036637882516, 272.41801082346586]"
10.450114870032403,37.28489614756721,1.0,0.7844152835433723,True,False,"[0.8470274050382838, 0.3687118362854425, 123.90571850580677, -83.75040942736976, 190.1877143933615, 0.6725830721276489, 0.8284710073311915, 79.33891488952563, 28.58253586024139, 275.7605008924182]"
10.345613721332079,37.18163417106467,1.0,0.6611746004581796,True,False,"[0.8206712092489491, 0.4798468067645881, 127.09265446952631, -88.43022813226898, 189.4238173789631, 0.6028347955010231, 0.9144078544796684, 76.50554951722913, 43.62204967136539, 271.8931089717509]"
10.242157584118758,37.15850343155476,1.0,0.24273788950462105,True,False,"[0.6809262680349571, 0.5031407479276996, 127.46494907141344, -109.8673150798054, 188.70230586313346, 0.4160828874403339, 0.7774170771096984, 75.67729917880936, 47.4753598134627, 272.19161371907745]"
10.13973600827757,37.289068951161234,0.9872059297406423,0.17355663364872276,True,False,"[0.6428918032222664, 0.5189695564537278, 124.73049687957581, -107.07692741918281, 191.87710684493052, 0.3646789369959015, 0.6444087720838059, 71.24973547801255, 45.472891441766706, 265.49276441433574]"
10.038338648194793,37.40655156570378,0.9883648260764547,0.4196234264461478,True,False,"[0.6279425318973794, 0.6742125580837106, 123.62277574371691, -92.0321834658773, 194.23672947748517, 0.3164957773763053, 0.6735279203444161, 64.87918969615627, 54.77508164344195, 259.77743311491054]"
9.937955261712846,37.396749426287286,1.0,0.09910352452044546,True,False,"[0.5229665847459823, 0.6523440259733386, 125.46486227796521, -85.54163024688027, 194.38602385273134, 0.17671772018570814, 0.495895883044255, 67.82741397880116, 47.70390458102746, 260.5100489420003]"
9.838575709095718,37.28512713819752,1.0,0.32392249196862066,True,False,"[0.6325825780483045, 0.6567490423583617, 139.0357481349726, -89.07526670219778, 193.38902719628234, 0.2993042868804881, 0.35292955769348666, 61.57518964967098, 58.07077232113883, 257.9160464135684]"
9.74018995200476,37.2310634230331,1.0,0.2449188683218484,True,False,"[0.5735707244154148, 0.6807335566464768, 138.16633168378095, -89.45057770420243, 185.58470833821056, 0.3096795712583965, 0.37465297317295515, 70.86947155362853, 65.45359943840836, 257.005432643436]"
9.642788052484713,37.21514545897728,1.0,0.4942768695749814,True,False,"[0.5389553499706643, 0.6639580749825457, 137.60552144596647, -82.83603662230354, 189.79670704007387, 0.32888772519465753, 0.34463291141168384, 77.03841961857371, 64.54336516663886, 249.01112959764285]"
9.546360171959865,37.26130269383904,0.9951766089764087,0.11098226830761027,True,False,"[0.5525072059522488, 0.5615240386458965, 136.12344345402312, -81.8141714196658, 190.93834282766932, 0.30339408586316563, 0.32084745536838827, 87.05756318630846, 75.2840455911498, 247.92754542695275]"
9.450896570240266,37.230335499332575,1.0,0.5118569139389699,True,False,"[0.6671221983606724, 0.5070848150249412, 140.98896748021943, -63.522961970003266, 195.15118156300917, 0.3586744993889944, 0.13403555692025587, 79.41599982066552, 82.58551312059073, 247.05577986529315]"
9.356387604537863,37.22729843107543,1.0,0.9302322325057674,True,False,"[0.6903660336327726, 0.6019838461704327, 140.3461670852436, -82.86410602215187, 193.9097933647537, 0.3988844923184349, 0.18600824240258845, 81.77805984558, 67.36441884705263, 240.23269341026676]"
9.262823728492485,37.24983090511381,0.9975703855553982,0.885293028988666,True,False,"[0.7157918209744447, 0.517263579155697, 150.33658661400924, -77.72881411945117, 183.47950570117462, 0.26955126275659, 0.14338848572141294, 89.69269352353257, 54.05403901938524, 236.08578351326005]"
9.17019549120756,37.27710345869578,0.9970303753162294,0.7087079495342179,True,False,"[0.7305525888009967, 0.6233659843444745, 156.92821451158352, -79.42989274276816, 189.73811749802204, 0.26789781738283314, 0.2560563051139879, 85.42429709913219, 59.02156992130956, 235.24384356636352]"
9.078493536295484,37.29968246412295,0.9975160029996305,0.8477993349684387,True,False,"[0.7378570068343653, 0.5785655585393106, 157.52452781730767, -80.26088359486212, 185.09971088402145, 0.22508370251661974, 0.3271000269017678, 89.25212737765904, 71.55872380705121, 235.82123023499668]"
8.98770860093253,37.30824140409333,0.9990481593996381,0.8053501065922846,True,False,"[0.7266883317166135, 0.5926436518964712, 154.51385817338468, -85.92981328794691, 185.55881893053999, 0.2573569120435021, 0.4557881131073961, 82.91632115149389, 64.47373908868218, 238.63487779104668]"
8.897831514923205,37.36066792498696,0.9941252681953109,0.08855783533968531,True,False,"[0.6338899655920478, 0.5883906014348284, 152.25156307699007, -92.27943024629211, 183.21027275138678, 0.34066632622852705, 0.5241796445436943, 76.66993228776064, 65.36476735413692, 240.66943825949835]"
8.808853199773973,37.35774907586793,1.0,0.8113094864770776,True,False,"[0.6738599494288335, 0.6429368288924733, 161.0098009425431, -123.68831115374347, 185.36284062712969, 0.21509786035166248, 0.6813105581268617, 69.87583488501235, 67.25085022713674, 235.15935604293955]"
8.720764667776233,37.37447971078816,0.9980833565519227,0.09782257854927157,True,False,"[0.7476464840315649, 0.5610147183650083, 154.2869968173338, -106.62193721964911, 187.25296043513765, 0.18865516336885318, 0.546312983797746, 73.11162432285606, 65.60017381956119, 237.3011040284896]"
8.63355702109847,37.41158064640704,0.995711925829109,0.5540436947317912,True,False,"[0.7824035770802803, 0.7537003661721464, 150.84034291944496, -105.32034230809506, 194.38082011522465, 0.17768600306924712, 0.6210868091089031, 72.89969732161089, 63.84752864969968, 240.86203439925615]"
8.547221450887486,37.437741981255286,0.996943879539117,0.10658870919689956,True,False,"[0.8608282663924424, 0.6243287711512955, 154.22777996710036, -88.37181433425302, 189.5604528650797, 0.1715097180501136, 0.48090545977894017, 75.29680069803452, 66.88693452327259, 242.91877245357753]"
8.46174923637861,37.34590644274312,1.0,0.3907981140717537,True,False,"[0.8197084863902309, 0.7094974761862323, 159.2959573946343, -102.99178871779114, 186.4152758394877, 0.19269784660479927, 0.3390564343323369, 73.85848253124166, 60.13047536935176, 239.85789729277766]"
8.377131744014823,37.30873145469641,1.0,0.5051979825952627,True,False,"[0.7171703557586268, 0.5727901499422889, 160.56088021699694, -87.73680590614472, 197.2342920504084, 0.3092763603890085, 0.34598656128682875, 71.49847550905346, 58.34259798044709, 237.29687273886492]"
8.293360426574676,37.30950847021423,0.9999063131132362,0.5635025139879198,True,False,"[0.702284942375567, 0.6275736341751837, 153.24261419260574, -82.62867024905479, 193.92014580968174, 0.24601523582763968, 0.344189973515993, 67.78111556361232, 58.56967005766283, 240.40071821867085]"
8.210426822308929,37.203764383196386,1.0,0.3411892003836746,True,False,"[0.6476209081125476, 0.7166908265897302, 148.88996451518238, -91.26665173817858, 191.3375585738735, 0.27622116482191095, 0.17007026755459126, 58.973120978858375, 67.44129162014657, 236.26450470085965]"
8.12832255408584,37.1951721004676,1.0,0.31716261558384184,True,False,"[0.591329519147486, 0.6922627662613766, 146.5461228512437, -72.613333352522, 188.43455691586567, 0.4323755341669486, 0.2066745440644137, 53.35472568902494, 48.022452882594195, 242.41900266235643]"
8.047039328544981,37.14143613653882,1.0,0.5436080152774135,True,False,"[0.6243809182266689, 0.7102232714225621, 145.7732331985418, -74.79576801307645, 180.68607144596837, 0.45132315830374653, 0.1503294204107109, 52.97301622860109, 56.257237590570156, 236.00402184664412]"
7.966568935259532,37.16253469881215,0.9973551162982331,0.6065364163112051,True,False,"[0.7312272014135763, 0.6467615475655798, 154.05071231914013, -94.20491769801285, 184.87519869125506, 0.6298122083411141, 0.1373723341902936, 52.788258406664276, 51.20146391964104, 240.07204145612874]"
7.886903245906936,37.19423192600406,0.9959890952953764,0.44057898032684306,True,False,"[0.6481742280470851, 0.6255706652247875, 154.46529326129772, -88.73025052107354, 188.75175636738567, 0.5760730607910175, 0.2570155748213164, 48.30197777402395, 46.46762835824146, 238.49636476940023]"
7.808034213447867,37.08281955445686,1.0,0.4121683732099496,True,False,"[0.6702504081907503, 0.7297063657040611, 156.07866765378745, -105.61486523852349, 185.71433325438508, 0.5382034590202563, 0.11121710870409585, 46.71484075050643, 44.80872035186142, 233.2945647758088]"
7.729953871313388,37.196147148335896,0.9854461097700556,0.2759000377388462,True,False,"[0.6721086627088908, 0.6026833440748681, 154.15008992170158, -89.82779003238437, 187.40822029728514, 0.5499677361900965, 0.34037514110574524, 50.867313700278864, 45.56792860238534, 238.42725399203627]"
7.652654332600254,37.25624252306936,0.9921778734931681,0.4018435886548958,True,False,"[0.7766319385601651, 0.5901124321357876, 158.21301912831905, -94.84183000690963, 191.78684943819565, 0.5800439284342963, 0.3015004791958985, 49.365447291041875, 41.91223914834921, 233.9755081853689]"
7.576127789274252,37.27406553831004,0.9976502419654284,0.9471814578663456,True,False,"[0.7772329504762563, 0.5473719478711818, 165.04830230682708, -96.83022609303366, 194.1920761382718, 0.6240910438254005, 0.3515118439057795, 52.070108005314054, 43.10325949933629, 238.448339921578]"
7.500366511381509,37.2726063517771,1.0,0.3216031266708571,True,False,"[0.8477274718081381, 0.506204414384211, 160.0288594893041, -106.83408602075846, 190.07672504289266, 0.5148408422628665, 0.16995349011922337, 60.321709630986994, 47.87135515253269, 236.23229766826495]"
7.425362846267694,37.3525308664905,0.9892940031293845,0.7481488496313579,True,False,"[0.8221334414285283, 0.6030256219712491, 162.60760390277812, -112.93190623840329, 192.93372389792233, 0.29558319975496483, 0.36935299809985056, 53.87769025011103, 41.722058554478146, 236.21378595938674]"
7.351109217805017,37.33658331842993,1.0,0.14366407556986216,True,False,"[0.7530396411442862, 0.7266227562903365, 159.32926342291316, -112.6962452485578, 201.1406146192887, 0.3258966372114495, 0.4360272799970082, 47.52712113825097, 40.779500465218845, 242.38369476911546]"
7.277598125626967,37.34827963944298,0.9983941230513752,0.9221821360372301,True,False,"[0.7366725865447683, 0.7401084157787646, 159.04599815544879, -113.38015750571158, 200.30090844558737, 0.22933168787453417, 0.39126537412361395, 48.52797776281887, 32.69124488646423, 245.64423205356977]"
7.204822144370697,37.263915004395386,1.0,0.35699245619652353,True,False,"[0.6372650919482203, 0.5753939193477389, 163.32627642241692, -126.39771964476054, 199.13163129791982, 0.4210571397521726, 0.30985128903147957, 48.73923730202872, 6.102652472379912, 247.85492091181825]"
7.13277392292699,37.15856282560283,1.0,0.7693964203591751,True,False,"[0.551888678068887, 0.4911108290190533, 162.42034455749447, -125.51915382822791, 198.13353294673487, 0.42618130437049684, 0.15157274748148494, 50.480522186115536, 1.7478031626539474, 239.76166780234675]"
7.06144618369772,37.17849569146817,0.99718120639692,0.9102393708265109,True,False,"[0.6907414034193079, 0.7047593449321425, 165.16576376762518, -114.88071652022151, 204.08195621140914, 0.5119702179754159, 0.13295087561088426, 46.06069711930828, -5.7932048908040565, 243.00109610027337]"
6.990831721860743,37.23034155982948,0.992611166536277,0.606895932336849,True,False,"[0.7311449056115176, 0.7623350113381525, 167.9091676620667, -115.26522394451646, 207.46516874311456, 0.5977767755679315, 0.19864874954154887, 46.365693270733004, 1.1530367696372936, 242.55546426276965]"
6.920923404642135,37.264821317949426,0.995030430162559,0.12201630450080991,True,False,"[0.7644784432595803, 0.842264490596493, 174.0277311949139, -106.3446543500861, 205.2618568128901, 0.5727455874026951, 0.19853217299714798, 38.35797048937278, -1.9250430118100028, 231.2483264791089]"
6.851714170595714,37.25059070704821,1.0,0.8073462565949816,True,False,"[0.7856754479835703, 0.6709078179179285, 171.77246079183226, -107.81689126946097, 203.17427967260974, 0.5605400301598578, 0.24046185963260125, 44.714700934834056, -2.035869434884239, 225.17551496619473]"
6.783197028889757,37.325567780877876,0.9890075104707887,0.27738138178737115,True,False,"[0.8685368682507792, 0.6696605069255005, 177.88012685918747, -114.15028825666796, 203.18367516294634, 0.4068779446315652, 0.2222259952744235, 44.520429714229756, -8.821674586140508, 220.5493686932213]"
6.7153650586008595,37.30162344169108,1.0,0.04786402668218592,True,False,"[0.7977771771734661, 0.6839810169647398, 178.18664199532122, -115.82086797456334, 202.0799617104448, 0.36806945398771285, 0.3768467911174508, 47.9077983802376, 0.45567967073496085, 218.9472606610656]"
6.648211408014851,37.31889798994983,0.9974049975631057,0.8893824058376302,True,False,"[0.7960061909704266, 0.5649666816861277, 175.96694416606096, -106.30450089451422, 204.1896403695956, 0.30943908469066417, 0.3217825214389422, 51.60775831509963, 2.4894917279079642, 220.2209062765051]"
6.5817292939347025,37.340264026735596,0.9967589985212431,0.09907487932864012,True,False,"[0.7805149604951498, 0.447876607108656, 173.2096061953463, -107.7511642626765, 203.14065129780454, 0.3972584523461893, 0.2583373543244737, 47.504885359848906, 3.5246523571647383, 227.712910229572]"
6.515912000995355,37.43154269315508,0.9860890848109852,0.3787515762463911,True,False,"[0.8599915985543225, 0.4198213417865504, 172.68680908566944, -107.41979496387435, 197.98267621827452, 0.5419220959645317, 0.32256174785081937, 54.67405335781754, -2.781453718149514, 231.41603362961573]"
6.450752880985402,37.27771620012774,1.0,0.12191060372897,True,False,"[0.8173656746310861, 0.4377559741038017, 174.60982235582813, -102.22851638475444, 203.9921764172335, 0.6135303612656101, 0.18684604951824482, 58.39371906175383, -11.91597907551836, 231.46052709637897]"
6.386245352175547,37.408843210887,0.9796766373880322,0.589991434113699,True,False,"[0.840308316896214, 0.18486099469739725, 168.7893612296545, -112.77924271096384, 209.40685686229878, 0.5487177619726008, 0.21824170814661678, 57.96166768315685, -14.880800528259234, 236.0158850714339]"
6.3223828986537915,37.38432552993628,1.0,0.5863744349254351,True,False,"[0.8640595988429847, 0.17317452662106303, 162.45398334510864, -116.22766945535746, 208.26891048625492, 0.49814049986941417, 0.12838161971976408, 64.8974347379606, -27.11050433768026, 244.53216289622955]"
6.259159069667254,37.405772497792796,0.9965793702313742,0.3944246496584838,True,False,"[0.8369157984728617, 0.14332587363915258, 161.47713725715488, -119.14581613441662, 204.98601769703916, 0.5799045417184938, 0.1772395104362311, 67.80194747516812, -21.506374423198174, 247.0252952114396]"
6.196567478970581,37.45773941573598,0.9916486638424852,0.6271826414050156,True,False,"[0.834668834382733, 0.1397142987968793, 165.33592327806036, -117.79740271049926, 211.84404095451467, 0.5843771793151546, 0.088362907244085, 66.18628379708105, -15.499038219149085, 245.4154143545485]"
6.134601804180876,37.38672217446192,1.0,0.8713536484967682,True,False,"[0.8528746585745637, 0.17926215542948312, 163.45553351067824, -121.82753568261023, 214.48396843000603, 0.49688690525669615, 0.2495841145872988, 60.02784468245263, 3.8541282722581194, 239.4974868347392]"
6.073255786139067,37.2697555662697,1.0,0.9731429225739959,True,False,"[0.7977882339392979, 0.36930993000688883, 157.2330570378196, -133.99310093529556, 206.59636913797831, 0.5772941599352367, 0.5269157480851923, 59.46766180311627, 3.2376078039862977, 232.6306419277829]"
6.012523228277677,37.29766852237083,0.9953682900391855,0.4704698601582843,True,False,"[0.8438443551829015, 0.3727047208677244, 163.10818416723197, -135.7274497263525, 218.05568968041345, 0.6943898394420207, 0.5506472191480408, 65.92040132961706, 19.75408738360074, 236.84434519520443]"
5.952397995994899,37.368954733856704,0.9880953782154877,0.28225544214640785,True,False,"[0.7991898548674801, 0.3221805759203849, 162.95618274250376, -142.27841897079122, 226.80403541938193, 0.8341633672982134, 0.6528782152204557, 58.507577564006475, 31.089937054457813, 236.90948816215754]"
5.89287401603495,37.296378260622035,1.0,0.34830931443500124,True,False,"[0.8594729430322231, 0.29983798290961594, 160.00831995358556, -138.3912711891726, 220.15725998919498, 0.7582084523561998, 0.5960820936856414, 58.724103740123596, 21.649228967909337, 235.3042634225792]"
5.8339452758746,37.193371655331205,1.0,0.2786348294053296,True,False,"[0.8053184500596541, 0.18505361290114605, 162.77532396949547, -139.11668816982925, 218.45099558756823, 0.7582650781962132, 0.4804402521973225, 61.376544971725046, 17.7419967142491, 234.7575246924132]"
5.775605823115854,37.26775871106017,0.987203061804899,0.9074482117882194,True,False,"[0.8526874118061935, 0.15854049895001637, 159.0074074498153, -140.2633564914868, 221.7945836066311, 0.5352965234274676, 0.4670961466641786, 58.96816113915463, 19.692791138309552, 227.4276769907052]"
5.717849764884695,37.22340640054833,1.0,0.47220980975928506,True,False,"[0.7627169408260908, 0.12478445857232248, 163.744137656864, -113.7823758571577, 225.78481761863415, 0.7110690912296397, 0.5443415206973097, 50.77599110406003, 25.053524613782535, 218.70311011663233]"
5.660671267235848,37.2235200405833,0.9999799248377206,0.5876544071577409,True,False,"[0.8001754676102866, 0.12305275519256428, 165.8303292942023, -99.82171286559631, 221.4775940339886, 0.6408448782866704, 0.540063054515975, 60.673516446105765, 31.06046072430376, 215.6749001472145]"
5.6040645545634895,37.28886705353345,0.9884070758469281,0.8286778666919655,True,False,"[0.8635136667200323, 0.1562859659144422, 170.63055286628224, -104.8479204600357, 229.5697059581108, 0.3594008609580741, 0.5330842832296994, 67.19340581030079, 34.179767184384914, 212.073352184701]"
5.5480239090178545,37.263901730680345,1.0,0.6695866121061511,True,False,"[0.8645706787947075, 0.12933360566811034, 173.10122731459674, -113.81992508802816, 222.1050385266696, 0.36754491207213086, 0.4954716234502628, 56.95987729540171, 15.839926464720023, 207.10172435342065]"
5.4925436699276755,37.296552735119604,0.9940730288646251,0.32741296920422314,True,False,"[0.8304748710426786, 0.14828039000597898, 176.0554180738917, -106.15199517915731, 215.2139440252225, 0.3622106643269121, 0.29651351920936786, 67.51818711061844, 16.478799639706622, 206.85983208580964]"
5.437618233228399,37.32841554094457,0.9941574356066815,0.37199354294607556,True,False,"[0.8366735310150539, 0.16513294569346437, 182.35503697206215, -98.0946809635039, 214.68186814788172, 0.49623348663053457, 0.23102467161891083, 71.43766477476312, 14.41963750097659, 205.29349131585465]"
5.383242050896115,37.35150859152124,0.9957193845667119,0.6543381320548326,True,False,"[0.7823804432943082, 0.3466690168427457, 182.63052589128074, -94.44101583788162, 209.77548502638493, 0.5369911141182666, 0.24453382155858527, 69.71943162356976, 40.30839777768198, 200.05671858747613]"
5.329409630387154,37.35085817099512,1.0,0.05712622649924204,True,False,"[0.8035265614122432, 0.42626163661593897, 177.9175939260081, -95.44097686809245, 216.5418929430704, 0.6180408626611349, 0.2944382721999139, 63.272597000219996, 15.659839147922195, 195.1329780461692]"
5.276115534083282,37.29429855193206,1.0,0.07642514497101827,True,False,"[0.8723326496996424, 0.6432441355168399, 181.2237406201643, -96.27415634327106, 218.94481312164504, 0.5917282837663339, 0.30933515942453055, 63.73950197869428, 8.09695910176385, 196.81335178514126]"
5.2233543787424495,37.3006255251808,0.99878944784298,0.39287901264456826,True,False,"[0.8789352511764263, 0.5720263190185473, 184.11081813017321, -95.21959354505596, 217.18297144499843, 0.5771506553333333, 0.2554351294664769, 68.4051955396634, 13.10482994763834, 199.71308979794213]"
5.171120834955025,37.22939544715694,1.0,0.5511620289173375,True,False,"[0.7658750576937378, 0.790821767730227, 187.98294163421522, -90.77698050202532, 207.00350742547073, 0.7022225082815834, 0.2867018503959685, 63.32716452911706, 9.864781480223316, 195.9126603534565]"
5.119409626605475,37.233859596499016,0.9991283753687392,0.9182896110820467,True,False,"[0.7671873282586466, 0.6993090891333551, 187.61797441685738, -81.21555990816617, 209.5904449125617, 0.6574273373247737, 0.2536049098540169, 58.81530919949139, 18.09495720228338, 202.65831854471298]"
5.068215530339421,37.23262948147354,1.0,0.14938961779611315,True,False,"[0.758094236654711, 0.6773978196660057, 191.89242561518236, -77.76668445012754, 203.01413356232513, 0.6721570294225298, 0.2433686198094917, 61.99652810794262, 11.387052493009655, 204.64730734198525]"
5.0175333750360265,37.261735765886876,0.9942158778610888,0.32636567468224065,True,False,"[0.7107519731617464, 0.6833919017883835, 197.22716417931673, -91.67560309668886, 201.87415464321137, 0.8225736007627434, 0.3104481846056672, 70.57145284923205, 15.972698639697828, 208.5670363832451]"
4.967358041285666,37.35296597678051,0.9818016839001332,0.6757323569113493,True,False,"[0.5667107854198723, 0.6092272895906308, 195.90043024643316, -105.38734211868298, 202.2622599695709, 0.8523756686464353, 0.41623858812161324, 68.55787768123656, 17.815458705078523, 212.23053698959063]"
4.91768446087281,37.43607541905365,0.9832418889768568,0.3464020162418415,True,False,"[0.506503899848318, 0.5826811094776052, 197.93174008385992, -98.1799738291525, 201.4681429734247, 0.8579307251989183, 0.5326552519768424, 71.70863005166338, 24.53526189632674, 212.8175278294112]"
4.868507616264082,37.366493369532265,1.0,0.33338403712754683,True,False,"[0.5793667444648571, 0.4750731100095904, 186.82285515698774, -99.58003702955271, 206.8234243467056, 0.7920302485587322, 0.6735860587779663, 68.23558308907283, 18.276260625234308, 223.66529720381817]"
4.819822540101441,37.42966718248621,0.9869784409792434,0.42421458082737884,True,False,"[0.6292608425644918, 0.4039913258639358, 182.9571187826886, -90.1943864315728, 206.42706665126107, 0.8478391446695239, 0.6174487751402162, 68.92161297815736, 23.4716379032456, 221.7363116670451]"
4.771624314700427,37.29186170368548,1.0,0.22591336714032384,True,False,"[0.751181695577372, 0.5281507222394609, 174.70893429068235, -88.0454853501917, 209.6357605723748, 0.8138153572057896, 0.6979176128059379, 80.03471978414647, 17.365859170453874, 221.6907741207288]"
4.7239080715534225,37.317647964416786,0.9945562003181166,0.3420535503910608,True,False,"[0.6748227488120812, 0.49582051582687975, 173.2702552390338, -88.51208693205625, 210.76003753797863, 0.7566680261516632, 0.8154347516523479, 82.0396946016919, 14.956618618023196, 226.13784408304642]"
4.6766689908378885,37.32040746903382,0.9994101163351421,0.13516222046332127,True,False,"[0.6297074488349622, 0.4629588503681097, 175.06370575696147, -89.07114026908384, 207.20919715323313, 0.7249129855402554, 0.8645508115676812, 83.97802974375335, 10.263137475105648, 234.5948375719621]"
4.629902300929509,37.32684614641122,0.9986102941296894,0.6448617428398382,True,False,"[0.8047051857809262, 0.5623139000128277, 171.47630097695227, -79.50738362077482, 201.5341317206331, 0.7079473245013611, 0.8809272087739048, 80.58278067680538, 6.502076461857424, 238.37670536203214]"
4.583603277920214,37.21185129856699,1.0,0.017192715629236854,True,False,"[0.6853557276099962, 0.5723445509069783, 188.77211504884318, -74.44219212401207, 199.34942644263188, 0.6354326114949846, 0.7723506323634414, 82.05394938298926, 9.623236285646529, 242.927659456554]"
4.537767245141012,37.20558524609996,1.0,0.8153642299447085,True,False,"[0.6286032689909343, 0.5277088113828373, 184.68535041479666, -79.43879659420811, 206.76110693435095, 0.6291646601078416, 0.7340357350850704, 76.00237061701013, -2.739818775483146, 247.20056141814166]"
4.492389572689602,37.22291932601994,0.996148891261136,0.11566728055326558,True,False,"[0.660521049834159, 0.49919322120347936, 187.71199765739453, -76.62376231152885, 208.92631305926443, 0.5566467360156635, 0.6963960115514979, 74.51092838627784, -0.10896254547620199, 237.63867729846822]"
4.447465676962706,37.3060580803832,0.9814801277309477,0.7781491632439509,True,False,"[0.580382414293843, 0.46612753193739953, 185.09562337987643, -79.02749052504346, 205.62938001586897, 0.4249857342246451, 0.585131170016453, 80.39022794852424, -3.690255303916601, 238.8441243570435]"
4.402991020193078,37.470261701021876,0.9633931902070666,0.10583719330436347,True,False,"[0.7101480633591362, 0.44601185805253246, 187.8548702022318, -92.03178683657455, 199.10410368741768, 0.13805377437807637, 0.7576081450707837, 81.46453719629342, -9.721564162968775, 240.33374688694235]"
4.358961109991148,37.47504801311933,0.9989025629827682,0.9441462386118676,True,False,"[0.7024526462201756, 0.4655154842967088, 195.76919428975035, -90.3357078814325, 205.34254190969568, 0.14434404721804814, 0.7409290261609195, 77.48921329605975, -20.571608147498097, 237.52369611684625]"
4.315371498891236,37.36399155881208,1.0,0.24956132268938058,True,False,"[0.7088241936258078, 0.44046141045160936, 190.93997264681516, -113.70969758885431, 203.25917781519908, 0.20187606780516562, 0.7395630749492714, 77.57719462869524, -26.48732443355539, 231.5482320063123]"
4.272217783902323,37.32711101651225,1.0,0.12352300628062873,True,False,"[0.803895010914003, 0.41469939157586955, 187.22086483443562, -126.4810231096872, 206.21357806500924, 0.23684494517671617, 0.7217167958201071, 84.91572597829071, -23.860405164117633, 226.52663139229247]"
4.2294956060633,37.259608030354634,1.0,0.6747569040567845,True,False,"[0.8257042017656007, 0.19108257416848384, 181.3130572589768, -130.47578049835283, 209.33199962923536, 0.3782208767273397, 0.585933790037204, 87.71703770097487, -14.594370514844535, 225.69657309567395]"
4.187200650002667,37.260515386575804,0.9997833259035904,0.895452476595392,True,False,"[0.762506509757972, 0.14473619169087093, 186.79098083749, -120.63640863120989, 211.6460442484425, 0.3676826719962096, 0.5744180841111945, 90.9989253839676, -28.520020624097498, 226.57230008947892]"
4.14532864350264,37.262666245869696,0.9994812711912046,0.9485209492521319,True,False,"[0.6288966252344179, 0.25909422858988645, 196.52057697191304, -134.28861753087892, 207.4122333920355, 0.3412279155881156, 0.5846658034235656, 99.61862506044974, -22.930674347534598, 228.1441001628977]"
4.103875357067613,37.23539508868605,1.0,0.2419691749092353,True,False,"[0.7695146567492638, 0.151484391419136, 188.55549381696338, -129.21414161324722, 202.17381925432275, 0.39943227451397595, 0.6410350353994684, 105.6713289649981, -24.24859473753254, 228.5385637762147]"
4.062836603496937,37.29226747078059,0.9860993234264651,0.38184366666018443,True,False,"[0.6722387020619385, 0.27480269116850653, 184.94340380169552, -111.76465593756492, 204.32525413103784, 0.3740431214892571, 0.4764224658539039, 106.79819023157043, -27.026928127113866, 226.56617463238516]"
4.022208237461967,37.264029189576505,1.0,0.8170113107518022,True,False,"[0.6899833208192812, 0.39953601339151434, 184.94266099598073, -126.3121681674097, 202.89177075110547, 0.4981337514216511, 0.5354540579950632, 101.8619174627346, -22.825835963798355, 228.3729405240655]"
3.981986155087348,37.224379933963476,1.0,0.5267102285026993,True,False,"[0.8246710625844282, 0.3277627484078147, 180.90475982299702, -126.79768757202125, 198.49273499277047, 0.5009618669198986, 0.7315238311112855, 99.56614729678587, -8.279514666382788, 231.42342571802797]"
3.9421662935364745,37.25929465387692,0.9911823709155562,0.25479313220191613,True,False,"[0.7480532651852347, 0.3404995139464839, 183.71783865046268, -133.45286322765338, 202.5268300315239, 0.7694673690389162, 0.6899801964843806, 102.0319114377333, -15.058992868000068, 230.98624643906925]"
3.9027446306011098,37.36594056237008,0.9730440999645183,0.4130773910090043,True,False,"[0.7541159276832864, 0.30815973925766865, 183.14613849037164, -134.6160773642211, 199.38079198512963, 0.8513239710921381, 0.8037081649294167, 105.09381797338, -13.534894943111079, 237.41974411555552]"
3.8637171842950986,37.28388452797009,1.0,0.34756537262675846,True,False,"[0.6464668420463235, 0.2759272340532232, 175.91679753848442, -142.6113658892934, 202.68010361626688, 0.7767951566159395, 0.8277464707244911, 101.08869646248753, -3.997622289214233, 226.4831091018091]"
3.8250800124521476,37.45053139764362,0.9573685061783439,0.015426226658803222,True,False,"[0.7820388315820064, 0.1956278095352484, 175.46851815975884, -132.59764581960513, 205.38487439108405, 0.8222680288763405, 0.8966148113548722, 97.35438535017586, 4.946173921087512, 226.36991979437678]"
3.786829212327626,37.392279024572204,1.0,0.6628194249365074,True,False,"[0.790678051973065, 0.18760765363249862, 172.36307122649131, -129.89890911089495, 213.24107152852272, 0.803172057501345, 0.8728533756050664, 95.93972051355078, 5.0521573267342275, 227.52552745911237]"
3.74896092020435,37.35947220362585,1.0,0.8438812091017451,True,False,"[0.8029239084255114, 0.15333624558600437, 156.63746846895518, -134.53874127837332, 209.8618771660091, 0.8116928350125022, 0.8674917263462165, 103.02026436320838, 17.76180833347055, 232.04665234610906]"
3.7114713110023065,37.36668017180988,0.9980598062358939,0.3287989233645082,True,False,"[0.8715688575031374, 0.4817630513472597, 157.5457861917378, -112.67703003831525, 213.7100069601225, 0.7309974516416107, 0.828615388625444, 101.48447115549558, 4.363099867192091, 237.66491249398092]"
3.6743565978922836,37.34248857541562,1.0,0.3560355911574338,True,False,"[0.8729643663410418, 0.29185609197874884, 159.32925221581573, -111.63345915660749, 211.69561759899605, 0.6855957522784183, 0.9033911717682965, 104.4232272647544, 21.911595299512395, 237.888181931114]"
3.637613031913361,37.2010007275869,1.0,0.18969530499780718,True,False,"[0.8016127424257282, 0.21168553229163975, 160.27929089544318, -115.48729816842292, 206.4708421031586, 0.6138779298788835, 0.854038181635375, 106.52019875789783, 26.176712554455122, 235.55064571419734]"
3.6012369015942274,37.22449399613723,0.993497566410416,0.9205345402127019,True,False,"[0.7856319315925042, 0.40077387251793783, 161.7762469815228, -112.62807945565987, 202.2898348743281, 0.6534967423901044, 0.8870041208714091, 104.57078976138759, 34.174073607583175, 224.04428164413034]"
3.565224532578285,37.31751700538348,0.9742456815096099,0.52489171489167,True,False,"[0.8644531053650565, 0.4716264788277151, 166.71568370696977, -109.08376943044176, 204.69851300135733, 0.6871052834050745, 0.7505205277346669, 105.47172635063592, 33.32421324865419, 230.57912689637388]"
3.529572287252502,37.28954070688456,1.0,0.4958702829121715,True,False,"[0.8530359577626316, 0.42554580316274676, 157.2313253728887, -124.8708711141655, 198.23088322687693, 0.7251657834504167, 0.7659410126567855, 96.83921698843724, 22.86708749145678, 223.68960406199452]"
3.494276564379977,37.23433694607812,1.0,0.21147756360983339,True,False,"[0.8247234044609146, 0.48278467262162594, 156.88944163991553, -108.1539410547163, 199.98253004823323, 0.7820242670518631, 0.6781695511775429, 102.36057992617296, 17.9198999850715, 221.20423706205113]"
3.459333798736177,37.330851517710414,0.9724858470204989,0.12610977110514843,True,False,"[0.8057631982829792, 0.35885223319874676, 162.0405643178039, -102.49446133543074, 199.87290285663173, 0.8341131462566352, 0.740561633415784, 94.96201107069814, 1.0754347030680869, 229.7107355056167]"
3.4247404607488154,37.32903506919863,1.0,0.9688428821979684,True,False,"[0.505075774702088, 0.24622406174927458, 163.42984297080366, -109.29639358717311, 193.94443450875644, 0.8479071541903872, 0.6347230888535951, 89.18577062330868, 8.224066059037924, 231.4526329906247]"
3.3904930561413273,37.23736803455465,1.0,0.9391198660815226,True,False,"[0.503513134514463, 0.3453187734454482, 162.66546368230672, -111.29381088348092, 195.81603675250759, 0.6814135816399525, 0.6688435095591347, 91.53902360966192, 13.399505839580657, 233.60202510395902]"
3.356588125579914,37.32727002950476,0.9735717601096221,0.8875143770101327,True,False,"[0.4322105936288497, 0.4115698960054908, 157.95144216531455, -116.275097271057, 206.03090843132662, 0.7048562576627881, 0.5746545770200004, 87.16201978721426, 21.725842262523944, 227.3532420185489]"
3.3230222443241146,37.36228394075893,0.989518550231848,0.3061780528018989,True,False,"[0.4902965969954903, 0.578780163354032, 154.69820203019069, -98.3913415628833, 207.1113723123889, 0.7320053712130923, 0.52342776917578, 86.28447157593185, 16.35283890787212, 224.40806823193438]"
3.2897920218808734,37.23294518436349,1.0,0.7064520580243512,True,False,"[0.5635203921036227, 0.7312082212008022, 154.05689368649504, -92.25175097104008, 203.653222449165, 0.7241460524685068, 0.5867688424946287, 85.1527879740458, 14.019658406389908, 223.7114817107074]"
3.2568941016620645,37.40296144035341,0.9491371596361391,0.5850316579584742,True,False,"[0.6456852443732208, 0.6702660223013425, 150.1989415044325, -88.3454724691423, 207.10558785373274, 0.8117729213096274, 0.5764893564057245, 88.91903467470723, 22.976446795754104, 221.63752212215337]"
3.224325160645444,37.41750707511396,0.9954989419331453,0.10738279955338337,True,False,"[0.6929725575696204, 0.5831330796134643, 155.44068828687938, -93.6470756259968, 208.7453036580373, 0.8518100716388285, 0.478156862466867, 90.1944621829963, 25.01486834299471, 223.14464993403345]"
3.1920819090389894,37.264551728462926,1.0,0.32681983386500424,True,False,"[0.5583507877067015, 0.5961451151846878, 160.38498289492395, -99.63485401277467, 215.71798062819002, 0.7732942777256432, 0.32704578808899604, 96.79747743408018, 33.14714421704633, 222.65785231237936]"
3.1601610899485992,37.2606134018532,1.0,0.8464894721293248,True,False,"[0.6022454607060784, 0.5794648042462422, 170.35112496460982, -96.21263124417744, 210.2326625761065, 0.7504130068207477, 0.3066495587055984, 107.50941847080374, 47.098569834545586, 223.65121539894542]"
3.1285594790491134,37.28899995507995,0.9909676765660321,0.4948085706162969,True,False,"[0.4615921875512101, 0.5869508878034926, 168.4494933593644, -98.09913320487216, 208.23742997901869, 0.7259533925311584, 0.3855526412264383, 101.00567603976225, 54.7519933506028, 226.97946772436578]"
3.0972738842586223,37.33894467247401,0.9840039382098728,0.13684735723768593,True,False,"[0.5232353690197165, 0.6406841673681665, 167.14387880558124, -86.13486447499002, 212.91513688557978, 0.8310358060532586, 0.4687408184122255, 105.97597043479529, 55.82657517036899, 226.83206913596823]"
3.066301145416036,37.28166871835403,1.0,0.7183644207878374,True,False,"[0.5192242702364543, 0.7511360541403131, 167.34758836677472, -75.70993985976958, 207.39383540941563, 0.8279861471729484, 0.42649466267077524, 107.69578761187081, 51.66947156154417, 227.99791894811943]"
3.0356381339618754,37.322021984116965,0.986794790082061,0.5646512360828887,True,False,"[0.3615655452674079, 0.6784015423928941, 165.99748611407094, -63.83563638016528, 222.16968459566638, 0.7336943229460364, 0.3082425311821561, 108.55711155986154, 32.471178341581, 228.4301233727858]"
3.0052817526222566,37.37214874815126,0.9834587780223957,0.34074295580080394,True,False,"[0.2880876123242876, 0.5938118417536288, 169.10355016913556, -67.36914970888454, 220.72384366147983, 0.8210195110306663, 0.33076122304222505, 109.00213696770662, 42.40302218620462, 238.713363850708]"
2.975228935096034,37.32757860680683,1.0,0.9075671604453237,True,False,"[0.3704675418725283, 0.6682292414157376, 166.07657114607127, -76.78444201532432, 216.24645310236934, 0.7941855223507146, 0.3737476318435199, 106.43890398659481, 52.18369943176731, 232.8494730449509]"
2.9454766457450736,37.26601350189717,1.0,0.8335309722435211,True,False,"[0.4637095023810448, 0.8541217049156529, 164.46226713013382, -80.86043212178693, 226.22470009396716, 0.83921167332287, 0.3985058528127382, 115.32434789280569, 50.36225695100046, 233.87696816896127]"
2.916021879287623,37.350309630225794,0.9715059162385171,0.21533466285631409,True,False,"[0.46559401832523006, 0.7006038528740514, 166.71825752336915, -93.53518207943229, 224.04704466288317, 0.8830988448372876, 0.33296022682489296, 116.22191223615259, 39.554951287614685, 235.0634086663269]"
2.8868616604947466,37.26563497412941,1.0,0.8781376676639046,True,False,"[0.4568898687740403, 0.786001360812951, 160.73535468266417, -87.9539702631734, 223.9964007515316, 0.772220897562985, 0.24077865665976195, 117.70413821685176, 49.64671988602119, 235.18973337203187]"
2.857993043889799,37.32049440689068,0.9809879629528365,0.626653505288119,True,False,"[0.4959413504791492, 0.752908153436986, 157.51292828905204, -76.34589784611194, 231.346628344858, 0.8794545764944266, 0.2454121064533691, 127.11545436566595, 56.57445850949335, 228.7616581570414]"
2.829413113450901,37.31380789787359,1.0,0.7565123462531052,True,False,"[0.34650010483797355, 0.834008304597949, 157.97135382205167, -81.53358230593628, 230.00518985519284, 0.7659389376506135, 0.20927821213727463, 129.9043655724921, 57.76762756224979, 234.58900409652625]"
2.801118982316392,37.25752561014315,1.0,0.8572638842449944,True,False,"[0.3989755232374225, 0.8724665429795531, 155.63519588714274, -87.86844232351244, 230.847499189281, 0.7836302685419732, 0.18232037360943676, 123.43608367405636, 46.05844177229067, 232.4323501619486]"
2.773107792493228,37.303473979981305,0.9835672460069229,0.27876657681919303,True,False,"[0.4407340509557935, 0.7935901187830942, 151.33543607290662, -70.16300607974793, 234.91639814705826, 0.8671841340990921, 0.2719255196472367, 120.64155983965937, 37.93441927398523, 224.97380786189052]"
2.7453767145682955,37.35478114023265,0.9814849801824246,0.2514001748801099,True,False,"[0.439374867481695, 0.5848421919570604, 147.9236396322615, -68.58299710678835, 232.67253611862463, 0.8629267732273755, 0.2650782135327066, 123.78914242744, 38.20652828049746, 227.9314129133783]"
2.7179229474226125,37.35454528404722,1.0,0.842367805488003,True,False,"[0.17465599339203913, 0.5379874610062539, 149.4971117474306, -70.4563353410921, 219.84992098843833, 0.7139727524461211, 0.29546379580660687, 119.05684108431582, 64.87989229172388, 224.79569558953068]"
2.6907437179483864,37.32835754642896,1.0,0.9136749080972213,True,False,"[0.22545267519854686, 0.5414075211538529, 153.07309863447594, -66.99315805421425, 224.11993984637945, 0.5798302217506982, 0.15906062967784948, 115.07468575068452, 57.951819936491006, 234.95121479962893]"
2.6638362807689027,37.33572303665621,0.9972388254892582,0.44886371932326363,True,False,"[0.27834998352447643, 0.5857674649171084, 147.4957086834584, -75.63013021534691, 230.50949020820448, 0.5422748074547759, 0.19185482281700725, 122.69343280667401, 43.34788754776039, 240.46416256808234]"
2.6371979179612137,37.335800954378236,0.9999704547882282,0.5796472040019491,True,False,"[0.2562894921986847, 0.43455198058286326, 145.95603794857792, -65.04936715961124, 223.26968138137244, 0.5360902158044467, 0.1812877799172422, 116.75911865460935, 52.76597268989469, 241.7098119162255]"
2.6108259387816015,37.375264797927066,0.9849982019361089,0.370194481870072,True,False,"[0.1454720870013262, 0.4966805990187573, 157.8398980316339, -52.03006774383782, 215.37269863452917, 0.6347088455570861, 0.19345740917758317, 122.41013750153469, 48.48902365169691, 242.33811327823256]"
2.5847176793937856,37.36802918619253,1.0,0.16293663941209813,True,False,"[0.14871404984818865, 0.596060774312061, 158.6417070162115, -64.04128127527167, 220.44408220593374, 0.6487215460555217, 0.1286510898105765, 130.86408213549947, 57.45899760809199, 240.83848733312252]"
2.5588705025998477,37.36580419660625,1.0,0.7572931306509083,True,False,"[0.11574365729164279, 0.48563879356480366, 159.6307607833987, -69.21988230188597, 220.19623847279948, 0.5748592548842671, 0.10037937749134335, 126.87229856236588, 56.8435752861602, 242.73266139392615]"
2.5332817975738493,37.355464234708535,1.0,0.16517201217945587,True,False,"[0.17024382543034233, 0.3734722373235595, 153.91501282300413, -63.829303077315345, 224.99681567180176, 0.6877191747064908, 0.11450479319660543, 132.09588109371518, 58.85087267243389, 237.24240096974302]"
2.507948979598111,37.40497461916652,0.9804522009143166,0.7929841717328064,True,False,"[0.1438800667027096, 0.4033941071017504, 155.20313305177638, -53.44010342037981, 226.92582055331255, 0.8633953802563881, 0.13037982633656206, 130.5585752515136, 56.40397281141415, 241.48100347900063]"
2.48286948980213,37.39215407355857,1.0,0.8872406172833989,True,False,"[0.2610010740826249, 0.6430124859263318, 149.2207229680675, -38.93102657581113, 226.41825321990467, 0.8390502275177034, 0.2753630340837727, 131.5816399891287, 37.047538310825004, 247.05143813908614]"
2.4580407949041088,37.45127215097933,0.9762360244080606,0.402970860301083,True,False,"[0.10945657662305569, 0.6358651238405569, 148.00264609835605, -43.46230035461951, 223.03358660115978, 0.8394764744456765, 0.27608985551976756, 129.61770225018805, 53.21650050133062, 245.91711665173446]"
2.4334603869550677,37.46091793371049,0.9960440322039162,0.27727200344278824,True,False,"[0.1059529011425984, 0.5678033295664576, 144.1350659538779, -43.357468302543566, 229.54045124130556, 0.8098712194674237, 0.39671695677487673, 132.74313888550807, 52.647461897421415, 251.28894583832172]"
2.409125783085517,37.43835763285945,1.0,0.048370481688054134,True,False,"[0.21624912792023104, 0.3842977688237763, 139.01553680812643, -48.45080355526523, 226.0360732218602, 0.8880965628068124, 0.36587823761640725, 132.40883698131697, 48.48447085273246, 250.0397172776716]"
2.3850345252546616,37.392165598297,1.0,0.15567735480038258,True,False,"[0.19318826409652612, 0.31386823735753483, 135.30748276344886, -54.68043360776822, 220.75628712210911, 0.8376146088126444, 0.26995517974564753, 122.45493218419787, 41.738105016318414, 246.89726658483994]"
2.361184180002115,37.38573443005244,1.0,0.8191603231989613,True,False,"[0.16638903640816732, 0.3506111338936208, 134.07951158648902, -51.252902531824496, 220.45713280726682, 0.7024951377642052, 0.4160935203582501, 123.19420719805132, 43.818960277538416, 248.38341318410414]"
2.337572338202094,37.38435043882339,1.0,0.4841619665677285,True,False,"[0.23424802252090382, 0.261278617359091, 134.99101714872913, -58.15644688433238, 222.74267924050181, 0.601043305083723, 0.3060293318824787, 119.37390216390378, 62.76428148373536, 249.9368169117753]"
2.314196614820073,37.37249219931797,1.0,0.4210648968006282,True,False,"[0.2529885219365553, 0.26850851984330365, 128.856654469782, -46.69360690542764, 219.7508929372449, 0.645299677941579, 0.35719377283969905, 115.31435791581676, 81.21989863259749, 254.40891035525212]"
2.291054648671872,37.4401510446622,0.9709000543707953,0.34282332035736696,True,False,"[0.24952781918641076, 0.31324299135883216, 127.36969305053526, -38.25855494314668, 214.40453634283975, 0.5249288970834614, 0.2937627672200454, 120.63517801760212, 108.82114032549893, 261.369026430037]"
2.2681441021851536,37.3603492015546,1.0,0.6789630145906177,True,False,"[0.30527700038000416, 0.24895352919574718, 128.35041214638645, -45.37912399035838, 214.76062015002233, 0.6299076988339646, 0.39089508387886507, 119.80017991420243, 114.65211262222294, 261.56031197880867]"
2.245462661163302,37.33744947310709,1.0,0.8504837740450171,True,False,"[0.21455985074028894, 0.13536681690602337, 131.99954172069772, -46.4931986872336, 213.5600594096993, 0.6568788615995178, 0.4836125335752917, 115.34735013347847, 122.34493669750584, 267.47845583846697]"
2.223008034551669,37.29872727448884,1.0,0.7663958116076135,True,False,"[0.19884934281318012, 0.09687429979900941, 133.45376924466777, -58.36918030804903, 211.69882704011619, 0.6560910953637527, 0.5343929948032193, 120.801739402005, 118.92156096482523, 259.74653800348386]"
2.2007779542061523,37.33359662750836,0.9842807543181404,0.6505286321158825,True,False,"[0.2904626411962922, 0.18779424910664477, 137.60429052505026, -52.92647996599242, 206.8419228302986, 0.7304740969156974, 0.4932921044178704, 119.11938702544398, 109.30146171501057, 252.0072895459218]"
2.178770174664091,37.33330947285632,1.0,0.14433813883323288,True,False,"[0.34552674561198454, 0.21997793563250528, 137.50197001756752, -60.50816573394664, 211.5075280020917, 0.6902703009305448, 0.41538972394768897, 123.75636630155464, 117.64098395580082, 246.998844960958]"
2.15698247291745,37.23189460753661,1.0,0.07080933413280499,True,False,"[0.38693521477729775, 0.13464892846954896, 128.66686313739814, -52.80957150084712, 203.94699785651537, 0.5409653839217659, 0.5352797438522361, 123.67881537743128, 107.21955104848097, 245.69477612808774]"
2.135412648188275,37.183540077415806,1.0,0.721544040780476,True,False,"[0.5434630015325199, 0.27576539677448886, 119.42702245017135, -44.49621120625536, 207.81966965433892, 0.5966032306956542, 0.4443938847371343, 121.41914213844828, 104.62288830047946, 246.48059982540894]"
2.1140585217063923,37.312800083443584,0.9406886556791075,0.13294525270361934,True,False,"[0.4920230740191106, 0.13681751702435888, 125.14686696307564, -34.92256262787108, 218.89582155786286, 0.7095973831924268, 0.31983627519720176, 126.461884444608, 90.80038039179792, 246.94281582967466]"
2.0929179364893282,37.29608274424957,1.0,0.24029057723946223,True,False,"[0.4122010005660624, 0.33903880298052996, 122.16823465129433, -31.980890538061054, 213.8794998986059, 0.6874296848978948, 0.10530900037724261, 123.87414026796523, 87.56185942433513, 251.10892981837608]"
2.071988757124435,37.391912838928704,0.9548029482973325,0.605065132217104,True,False,"[0.4026881679978945, 0.24365696021925087, 119.61696760015933, -36.50636114518285, 216.00486417214069, 0.6873017877384928, 0.2805741188684022, 115.44149048235256, 101.02589177722444, 239.34233776441647]"
2.0512688695531907,37.35597234255812,1.0,0.43735707375908994,True,False,"[0.29513902813701337, 0.19256730834548136, 127.18584497107666, -44.25489883402235, 221.07573044806352, 0.6615681568705505, 0.1507411037657608, 115.75966492310049, 110.71075306650228, 245.78978788307904]"
2.030756180857659,37.3294038660299,1.0,0.8466806107898466,True,False,"[0.32093025690628363, 0.3542038390139258, 125.85358241431967, -44.37999581001948, 220.65448376711134, 0.6781424950561723, 0.15941055388054504, 118.66063603583332, 85.46852281735185, 240.18716810342127]"
2.0104486190490825,37.348889524286975,0.9903546238284872,0.8303851435782158,True,False,"[0.31275666861492546, 0.4069450776397955, 120.05917805739351, -44.76304390021414, 212.9219877742855, 0.6370333045942173, 0.2662318735583047, 108.17433746232561, 90.42532522962756, 240.4337339852174]"
1.9903441328585916,37.39279342430429,0.9781830617848869,0.6553642543612184,True,False,"[0.1471803253151858, 0.36219878076340317, 118.51449758437293, -51.66137365046421, 218.31311965940142, 0.53519698219806, 0.2631469190588369, 105.75293523238005, 87.08547712221302, 244.8164394747012]"
1.9704406915300057,37.3930975642393,0.9998456606862921,0.9891571717556826,True,False,"[0.13496603486749578, 0.2541786868883783, 117.6475369735511, -55.92179944521002, 223.56059241765698, 0.5775657368158108, 0.3522661192456852, 92.1121328134241, 81.27140361898746, 243.63991094543184]"
1.9507362846147056,37.371328063886786,1.0,0.9750348488042869,True,False,"[0.3116508193339286, 0.2935258746580576, 122.1184837498941, -46.57409578454783, 227.95773493168645, 0.7274794446734726, 0.40234666593685064, 93.65205905606318, 68.04280237986255, 244.97894548838707]"
1.9312289217685585,37.415430675712415,0.977422227348441,0.8180595215938385,True,False,"[0.41390704465625794, 0.4756896267460199, 122.44883336140002, -47.34059577821871, 240.12305852723838, 0.7799834443762936, 0.5177488801859397, 91.23795107886248, 68.30277704692898, 241.54017624453348]"
1.911916632550873,37.36389305058334,1.0,0.8049755828380166,True,False,"[0.28605032556750276, 0.39870822045292553, 123.41007753398662, -61.77587747563492, 243.7259179585562, 0.6783360496462455, 0.598621993186393, 99.5958843611727, 43.983881508645226, 244.95911023567425]"
1.8927974662253642,37.330358468645095,1.0,0.36092979887026144,True,False,"[0.3408213884607457, 0.37927134716143446, 127.63763569356445, -70.18789421013297, 244.42906409893322, 0.5390902278406435, 0.5878058753457838, 103.96905530916526, 42.47777464607933, 248.57318391347044]"
1.8738694915631104,37.333383673441716,0.998386886517775,0.8441847771388107,True,False,"[0.21525266356601888, 0.3392459427722406, 129.10268554679251, -89.98568299389899, 242.21205272156797, 0.4276510715782115, 0.5637475822115754, 91.71951608835695, 30.22891099846686, 240.96571437229227]"
1.8551307966474793,37.31335813583488,1.0,0.30328843142475104,True,False,"[0.13770748404661323, 0.3973259742043332, 130.0116345639825, -82.07591069169673, 239.14579978039933, 0.20876764643467674, 0.6218936583880993, 91.46813642022664, 54.329975451104914, 239.12132683518388]"
1.8365794886810045,37.2967077569698,1.0,0.547114452830017,True,False,"[0.1994673258283703, 0.44007043969023246, 136.32451974787867, -90.06937795615303, 231.8782613993837, 0.21484043275524103, 0.710433776669805, 90.40285166020085, 46.485483282767085, 240.04946594014217]"
1.8182136937941944,37.28218817362394,1.0,0.49756936688325704,True,False,"[0.2413054757768563, 0.4490883590232568, 134.39953671043358, -86.84513278754811, 230.9379899215771, 0.23820019151922409, 0.7341283644731516, 82.83932109367254, 35.45337046307128, 237.26809844833934]"
1.8000315568562524,37.36665404825822,0.9541592781473177,0.4022653891136888,True,False,"[0.3289732562249934, 0.48760781796593733, 136.39095670885925, -84.28916218690678, 233.06065092230426, 0.17333800679112682, 0.7495749902197559, 79.55562797248946, 37.302742890295775, 231.3868343486204]"
1.7820312412876897,37.22384575535325,1.0,0.957482216068366,True,False,"[0.5172635742301868, 0.6206683010223182, 133.1762527550015, -89.76346179382695, 228.53602480641845, 0.34719948881014906, 0.7656833057757865, 75.58087099146347, 47.162544274020014, 230.52725464768432]"
1.764210928874813,37.167084806891765,1.0,0.7811276116594705,True,False,"[0.43175556721496616, 0.5567495309103335, 139.00072513687584, -86.07687490005712, 231.51165523646276, 0.3358616045845156, 0.8591698874487229, 71.64720216153873, 61.49334429599172, 232.41953104088248]"
1.7465688195860647,37.12463000475576,1.0,0.2886183484514482,True,False,"[0.25247693381377956, 0.6334621635321309, 140.152154914458, -102.43795083463907, 230.8629051812343, 0.5120093274083883, 0.8797554340012367, 74.60966603007597, 55.878406964436095, 230.66782955855393]"
1.729103131390204,37.18684698677474,0.9646574378309829,0.4305881361325734,True,False,"[0.21095518753002812, 0.6220746540426055, 136.29776979449568, -104.35627424385288, 229.07887092135763, 0.5505653670422559, 0.8684323517726359, 75.65382982568005, 48.50853079830131, 233.1342444918186]"
1.711812100076302,37.32487995757631,0.9225298135207544,0.4340058171103416,True,False,"[0.23708124452772825, 0.6209663487222478, 141.9453979482497, -96.87914738020456, 231.37920221698516, 0.49507849692825034, 0.7472164610275593, 81.29799992816069, 48.63794494018912, 229.38832027041403]"
1.694693979075539,37.14683875331526,1.0,0.6689337291618566,True,False,"[0.2583516700326495, 0.6313947453737079, 137.9243048495303, -112.72950945644997, 229.69796975843067, 0.5705226686249782, 0.9060049300856607, 77.37149467648496, 46.00782478925506, 233.90620032476545]"
1.6777470392847837,37.293957980917206,0.9160461226046415,0.42047619248439616,True,False,"[0.21876418202363906, 0.722580275039375, 135.13199565249428, -112.53503638102433, 232.02871433009994, 0.48373767566157644, 0.861587345984694, 75.4074873963188, 50.41197057094806, 235.63665435640425]"
1.660969568891936,37.09372917505825,1.0,0.010472053026922445,True,False,"[0.3209772574698015, 0.5258981759506891, 131.78637529350527, -121.93785338279288, 237.0392459471131, 0.4801481829144244, 0.8430921711260252, 71.19815441793426, 55.35590019781996, 231.861509568186]"
1.6443598732030165,37.26149500104209,0.9030069707645034,0.5869189376061476,True,False,"[0.4169244726412418, 0.49121744459453853, 135.6534223741114, -123.94179407822124, 247.68955269266738, 0.6008387577827278, 0.7002672607749514, 64.63366588378823, 59.56775698551233, 240.03335950195412]"
1.6279162744709863,37.26483331857118,0.997951432129713,0.916124809540165,True,False,"[0.4988101398538521, 0.5535275003432136, 131.13078707278552, -110.90765492741254, 252.13657284573108, 0.6418744199786259, 0.7133718170323868, 70.07253332275496, 69.48684541734065, 237.07340242909427]"
1.6116371117262764,37.46374509317141,0.8838904180381845,0.4402860971646081,True,False,"[0.3396926509523854, 0.6613162468334133, 128.9283462806065, -107.08409186676478, 251.50632045827476, 0.7935014779885082, 0.64344291505695, 73.98666909117765, 64.86198783586465, 240.4140868998197]"
1.5955207406090137,37.391207382898784,1.0,0.3649739287107362,True,False,"[0.2907841502578241, 0.7948419595362124, 126.06240084196754, -117.98268755997832, 255.1605591676556, 0.7517372915111088, 0.4710858533549924, 70.22060111509708, 63.897184321143705, 236.49388417233794]"
1.5795655332029235,37.46519769821861,0.9542379700791283,0.8538465587863645,True,False,"[0.28911433608356685, 0.7629494250839423, 127.52208537405201, -125.50946571588747, 252.3182807758899, 0.8159350955636449, 0.45529450787570214, 62.8564800268779, 56.615724020748544, 238.37801725799068]"
1.5637698778708942,37.122864248844316,1.0,0.6698995640355502,True,False,"[0.5339554667147763, 0.8308653754291666, 123.75978019906687, -114.2466145080909, 253.85530674694323, 0.5421630567009115, 0.3887413279790807, 67.46290255013331, 58.29607138976163, 234.58976209921678]"
1.5481321790921851,37.05327495432043,1.0,0.09528193087512926,True,False,"[0.4760884418790743, 0.820364002898527, 128.23896212059913, -90.17265055705725, 256.4134621389152, 0.46623251873160526, 0.6495456796948029, 61.14582270164006, 62.25273063663467, 240.44759923636207]"
1.5326508573012634,37.16390940812149,0.9303587321551418,0.8244024337157878,True,False,"[0.43697688826697684, 0.8908570666205867, 124.9412803276095, -92.74024260741001, 253.9128318704641, 0.3622281580165489, 0.5171455394870176, 63.186961256856925, 46.04976800785212, 239.47608778407]"
1.5173243487282508,37.157209771337605,1.0,0.181473433522906,True,False,"[0.39005347950664276, 0.7831415821808384, 120.55187888902528, -102.98607257460637, 249.16466283037178, 0.43787226184502354, 0.5067047840496879, 66.51935609906975, 33.535926114287804, 231.23492908834714]"
1.5021511052409684,37.29805377864473,0.9104998502918397,0.04204739009542935,True,False,"[0.3967510186499477, 0.5581775042860795, 120.35138949355269, -105.07282064988279, 259.6374611491124, 0.5464776936102941, 0.42958634076157753, 74.11071366102853, 36.64116415472314, 232.13744275889124]"
1.4871295941885587,37.2337207040376,1.0,0.8954257114832683,True,False,"[0.4479651817811426, 0.64835420697574, 114.0161543482462, -106.28486535798497, 260.9368463912197, 0.6135979149914668, 0.4600861517142855, 75.85176924307548, 25.226583574858665, 224.99929989405453]"
1.4722582982466732,37.152643151244135,1.0,0.133448869280842,True,False,"[0.6423309227803866, 0.7549766448493427, 119.54897065857168, -115.22150146216578, 256.1164050664189, 0.6862669063601361, 0.4959508490516745, 78.15106395917256, 28.276786171811498, 222.06326272652746]"
1.4575357152642066,37.09970500823016,1.0,0.5520925416355379,True,False,"[0.5639869941990974, 0.815269399842072, 122.41209910012037, -118.72484078351336, 250.04011834944316, 0.6606557029294305, 0.5098121649967708, 76.15503925940256, 29.657952455644924, 222.01899942629575]"
1.4429603581115644,37.20498695272162,0.9296357233339028,0.9560240634471238,False,False,"[0.678043124697765, 0.8878561343602924, 116.0557344250008, -112.75818402513893, 259.0217593211188, 0.6881793433990562, 0.502073564611648, 73.85618254564747, 25.24472051342708, 226.42254351982183]"
1.4285307545304489,37.438008093292765,0.7891341855342021,0.5460971079991374,True,False,"[0.8577833662317078, 0.7590306509235752, 128.05396665122905, -109.66204085429239, 250.60163326877597, 0.5600616727843577, 0.46338575193782056, 76.4437436316486, 27.620935715875255, 227.81142027174735]"
1.4142454469851444,37.45713078067146,0.9865695274702301,0.6913475483467477,True,False,"[0.8331081105988529, 0.8325207219991919, 129.44378669519077, -112.37054928541465, 249.40448831797383, 0.5274084011400705, 0.656101732891128, 68.28994428027418, 25.55682099999977, 227.0216468160681]"
1.400102992515293,37.411614205496214,1.0,0.4290089679305835,True,False,"[0.8016098303629486, 0.8586642598310353, 133.98902664336777, -118.3096789457498, 256.2634868549733, 0.5368144603562619, 0.6531837330607008, 68.42351645947339, 36.28247189796145, 230.98610880039902]"
1.38610196259014,37.380139101005426,1.0,0.5504448512814295,True,False,"[0.793192905864202, 0.864128777288305, 143.4911176637922, -101.01194899962718, 255.75722596043795, 0.4898884164326113, 0.6986766618110976, 65.89830981641353, 20.06495410247108, 232.01364041501208]"
1.3722409429642386,37.22294954191993,1.0,0.9351577415059333,True,False,"[0.71042210155428, 0.8622243301401128, 140.00912765197907, -99.9355597542066, 261.4344952097505, 0.6203133871359915, 0.6341852519224583, 65.88183176496732, 20.692134312817224, 229.66876107520443]"
1.3585185335345962,37.27346101706668,0.9635014437978718,0.6822978210867202,True,False,"[0.7226167470374724, 0.8626804232573455, 132.1993016558199, -132.04571365576493, 270.1968472042468, 0.5878367279279224, 0.34163184353074855, 62.93013481657438, 18.261167205520334, 221.49484000578326]"
1.3449333481992503,37.21182825226195,1.0,0.027462298034761856,True,False,"[0.6635089078208469, 0.8006146424305092, 133.64964847495975, -137.21626105102965, 269.8745664674107, 0.5583737881816374, 0.35679940404372934, 70.86237220939682, 23.475284979232587, 229.57172230241792]"
1.3314840147172577,37.3703930717198,0.8877289763129605,0.7586030147532522,True,False,"[0.8217752603847461, 0.7000884507745996, 133.99723991270747, -134.34324825434223, 263.7168912529818, 0.5923868060690948, 0.3536566243928572, 69.35075048129863, 31.8957184437196, 228.02038425690924]"
1.3181691745700852,37.41147939379391,0.9693115197435944,0.22509754262150727,True,False,"[0.8077921430476698, 0.6366680439941748, 129.9004289563184, -133.46012284241758, 266.624099100543, 0.48028243169251406, 0.3849737175536856, 75.57195228643245, 31.83324418954675, 228.26861221129636]"
1.3049874828243844,37.44253202403577,0.9764855298108746,0.46334025053469363,True,False,"[0.7492860820620043, 0.5865936073691256, 131.66095472461944, -132.80633669978118, 270.1623905760675, 0.5536021274946407, 0.4355103427114575, 74.11556443253099, 26.278166932081454, 227.39411917566966]"
1.2919376079961404,37.45772707989932,0.9883074483276051,0.9846341158856855,True,False,"[0.854696394527484, 0.46638113781073376, 130.53293416884054, -130.6253126968409, 273.0716154516591, 0.6055991362638841, 0.2503093636023677, 65.32028602351976, 12.099898057854759, 221.1541813713865]"
1.279018231916179,37.27567598364169,1.0,0.25799764293204464,True,False,"[0.7999729256371857, 0.538015472721078, 129.07809977385264, -114.71781035806661, 270.61443138314627, 0.4613897956015322, 0.10027265045375786, 72.26198268572884, 10.685104688729917, 216.85210112658478]"
1.266228049597017,37.33980337717979,0.9506166244143196,0.05363706270519941,True,False,"[0.6589507951093472, 0.46480431698850305, 123.3502436939609, -108.62738013475271, 276.47833929880744, 0.24630972610468077, 0.16309890355802503, 65.98590979976446, 27.708679426920035, 223.5850953840896]"
1.253565769101047,37.32476579852958,1.0,0.26993444230119334,True,False,"[0.6913586794143763, 0.5647213589829332, 121.08884935716603, -108.11186535285974, 273.734851378117, 0.3010696105958975, 0.23043633858871004, 69.43250266112703, 26.584712502709067, 219.22832988597514]"
1.2410301114100364,37.322646955527816,1.0,0.5226971261736217,True,False,"[0.6529468175337892, 0.4343305444601682, 127.2877147624627, -98.43916432302458, 277.5790394194943, 0.3507954433431526, 0.2120215857397325, 66.04281757932235, 21.94027974396345, 206.28326626971787]"
1.228619810295936,37.24352870309798,1.0,0.3207301479423008,True,False,"[0.5721387842239497, 0.49155343399191875, 124.66902422729024, -95.5297663439605, 269.0398900125136, 0.33783743526687443, 0.16961301401933004, 65.22337913522115, 12.0642206381311, 198.31451852114483]"
1.2163336121929766,37.23314480756948,1.0,0.17253854950081426,True,False,"[0.5236023621420951, 0.671641067621065, 121.72377866595592, -93.41560574743907, 265.9798903933252, 0.14683344334135645, 0.10963023659373589, 72.41542709450208, 27.11936440940713, 197.51489639982867]"
1.2041702760710469,37.25602804060511,0.9811761047775767,0.3374192540673564,True,False,"[0.5252609707323059, 0.5624453073146828, 115.49876277626736, -95.73261817078519, 260.3023158111421, 0.19561205052953176, 0.150633582458423, 78.20835475170921, 29.235560554179166, 201.13813799536013]"
1.1921285733103364,37.20975169868038,1.0,0.6284400090772222,True,False,"[0.5227513832760576, 0.5691651977756048, 116.63352447584037, -97.76057631994286, 257.30707933637945, 0.2384785233026118, 0.12726156191126234, 74.40600108844154, 38.20011188372804, 199.14603806617598]"
1.180207287577233,37.15130636848332,1.0,0.7152432090135555,True,False,"[0.4889066889729766, 0.7575168705717537, 120.63240554193929, -103.91718044861173, 266.0640050276274, 0.2043526132852094, 0.10630017741841721, 71.67086910780466, 28.631783343442137, 197.94941368836407]"
1.1684052147014605,37.1865524625269,0.9702844676280568,0.21619662168463727,True,False,"[0.4387122068518753, 0.7846358162271946, 121.25921774378284, -117.54165895612503, 263.95724668074627, 0.2566083421290426, 0.2862150776034905, 67.34098853668442, 28.47186232089338, 202.04355746503816]"
1.156721162554446,37.170557339075145,1.0,0.31875962525533297,True,False,"[0.5178644981818329, 0.7609809591737536, 121.99676656631463, -122.53910495250831, 264.7132105752953, 0.34727359733665986, 0.3505199345532897, 64.75309419979634, 8.864800583577662, 207.76581053117897]"
1.1451539509289015,37.222434255709146,0.9557095216072194,0.2889064593821935,True,False,"[0.3661437940996896, 0.8552209358690435, 124.49355184677577, -117.07988840397987, 263.71399002555114, 0.29180039160821875, 0.3509672421718979, 65.3129743800029, -0.6803208342833411, 201.5689879235621]"
1.1337024114196124,37.21298079130213,1.0,0.8358517794439021,True,False,"[0.3055076024907286, 0.6679457199829087, 120.00792990114788, -100.05336051122895, 261.1534618866342, 0.3481165689971289, 0.3316117329129431, 63.436897309943085, -12.243649725852018, 199.6340406909418]"
1.1223653873054162,37.262179474056076,0.9571120418657796,0.2858660523114668,True,False,"[0.2076202118978464, 0.5129483177960666, 118.36135869927737, -102.09548022249682, 257.1692293520281, 0.16222131656285912, 0.17192949892836729, 64.6584446144752, -25.92003492838856, 202.36284016300155]"
1.111141733432362,37.21409433543479,1.0,0.3843583360052053,True,False,"[0.24960234027909728, 0.5255684584046119, 114.28691217299313, -96.45488002015374, 250.93084402195709, 0.17892738917437753, 0.09223932022873281, 53.24088705844729, -20.66203781360232, 211.20288777796043]"
1.1000303160980385,37.287877738640084,0.9351260251392957,0.6583771026178159,True,False,"[0.23253334359455308, 0.7058630344225332, 118.54004820201557, -100.67826529627912, 256.7761689744474, 0.31450298849225583, 0.25992222152896877, 55.14901544708186, -3.5125908264644643, 212.65815449247847]"
1.089030012937058,37.27508723187189,1.0,0.9167895062233821,True,False,"[0.26575334337853795, 0.6706457200035445, 121.55733197325911, -90.41899809000519, 257.1398876201123, 0.27069958695756347, 0.2873295229423206, 61.19539080190727, -10.509322713329809, 216.907945274862]"
1.0781397128076875,37.48243300680454,0.8250443848486737,0.09740284289277812,True,False,"[0.1508118516537382, 0.8175177969004803, 122.34991372406495, -94.52669275066702, 262.7416144313182, 0.19185134123721834, 0.3098280108171754, 65.18865980884657, -1.731145518163359, 220.34229544945035]"
1.0673583156796107,37.383098212073314,1.0,0.528707498714445,True,False,"[0.23806456309213045, 0.7815537618807068, 121.12290255729779, -93.34692625476058, 262.7737443824852, 0.17512582340834593, 0.27289791097771754, 58.077319306256484, 4.112699375447208, 220.6853396579681]"
1.0566847325228146,37.27959320118701,1.0,0.7392466668648439,True,False,"[0.30629688930768384, 0.7720610443410855, 122.63226374261913, -92.34576527117089, 265.7781576646219, 0.3231439861527481, 0.33526979334921087, 61.741854285991515, -10.015111215113166, 217.92493501639268]"
1.0461178851975865,37.43415066746843,0.8626520695071768,0.449630013556094,True,False,"[0.1997645994361593, 0.8475992780550845, 121.46921302937619, -98.00042347061527, 263.92259581374674, 0.47267482738189986, 0.48771575265223044, 68.11716537687063, -5.348202657794695, 219.2545225237878]"
1.0356567063456106,37.282874340380744,1.0,0.5161850408219029,True,False,"[0.29561000034144647, 0.7530608276887019, 121.40125584808146, -105.25955497920664, 266.24312348806814, 0.3571668202299275, 0.4122041667641463, 83.07429910984058, 9.74219079700509, 219.36876331737966]"
1.0253001392821544,37.409654342074056,0.8836876649087618,0.3182527148171854,True,False,"[0.2320495825092142, 0.7701498012390129, 115.96877832825318, -117.97910276175541, 274.76210089983607, 0.44588679057529945, 0.6217780983574854, 83.11765120290261, 7.637050655893336, 225.19237581064598]"
1.0150471378893329,37.245934859226644,1.0,0.48259962201296025,True,False,"[0.40958522994792923, 0.8506306988940551, 115.60346124768704, -121.0577536756712, 277.64399589308766, 0.6050999645891009, 0.7572632950094362, 81.79287987923921, 11.445290920277877, 230.44452155733134]"
1.0048966665104395,37.11386157519916,1.0,0.7965512282067216,True,False,"[0.42328684016852286, 0.8463245707212792, 115.05881247943432, -121.71100220413531, 271.85582445197883, 0.5581852074375325, 0.6223359441361419, 76.76579813638233, 4.305980680717992, 218.51184885846527]"
0.9948476998453352,37.28137121175921,0.8450350558607015,0.1696401384208036,True,False,"[0.33901045462700574, 0.7998697068478262, 119.52696642179568, -116.03529607704314, 272.2825878149686, 0.5692956667486524, 0.6828746861332244, 70.02432384314166, -13.088725931478516, 217.89913896581413]"
0.9848992228468818,37.25395953187496,1.0,0.6841775405495547,True,False,"[0.40132913537449616, 0.8831419864130661, 116.14978915519522, -102.28758244449591, 265.7735258902193, 0.6770745900355744, 0.8375802635697146, 62.26229626193656, -9.07047937118113, 212.85537173243796]"
0.975050230618413,37.39908894529933,0.8617043813094868,0.6285997508502328,True,False,"[0.3932356083864292, 0.8909069498257085, 124.74431635634787, -107.62280484283724, 266.27973071873504, 0.8047171744647369, 0.8310212002834112, 63.347927980166766, -3.8342801281540098, 219.07202820248466]"
0.9652997283122289,37.94008261663244,0.5709571414851434,0.8288739616903793,False,False,"[0.1398609829731885, 0.9058808765454148, 132.03182040710817, -107.40622566962513, 269.5836489725982, 0.7843924996192112, 0.8635072148524079, 65.20540685802231, -18.57366414809237, 216.60746063172]"
0.9556467310291066,37.35512504680372,1.0,0.5352895764864,True,False,"[0.26511415316348175, 0.8530652941935397, 131.45646941101268, -123.11376495036411, 263.5732076750586, 0.6166974424220739, 0.8614203416090864, 60.772579472146184, -6.053530465320513, 215.88244100635234]"
0.9460902637188155,37.35988137586293,0.9949852636893668,0.13759840471579476,True,False,"[0.24673753756764613, 0.7786673887605259, 128.56851856875747, -131.2199367858831, 263.9835259194176, 0.609826351425117, 0.8646030882672631, 64.08619538422597, -12.1049352610092, 214.75232932697403]"
0.9366293610816274,37.446253424665976,0.9119083161292769,0.13126728931208986,True,False,"[0.27136979716094184, 0.8388975982025797, 131.44205122990945, -122.81356446632981, 261.66430842172076, 0.7258663814295585, 0.8686881940058863, 74.60928469220063, -4.3702402138035366, 212.2357829800315]"
0.9272630674708111,37.409154442743684,1.0,0.4987252538506626,True,False,"[0.2793482336648892, 0.7977294207927512, 130.51705947962776, -118.91919995779354, 264.5764122731655, 0.7525717387856331, 0.8153192682993319, 78.41439114442298, -1.7152667724244162, 206.02488667374837]"
0.917990436796103,37.2997518547618,1.0,0.3029796975108542,True,False,"[0.3114365330536201, 0.8159737957557777, 140.44211726987055, -112.1050193163323, 269.5976261756005, 0.6378782022721292, 0.69757735625176, 74.18435964042905, 4.615120006132365, 201.9537767793117]"
0.908810532428142,37.32481316144393,0.9728008031480925,0.9287833797707008,True,False,"[0.2716651445208797, 0.808261143926828, 136.18426980792552, -97.05213170106647, 268.142712206119, 0.6030207454780677, 0.7885409736140097, 70.89663236210063, 6.8141137082169045, 209.91363275609822]"
0.8997224271038606,37.48579224570368,0.8361720957475733,0.6921532488013129,True,False,"[0.18342233661289786, 0.8437671806563672, 130.8522417054415, -94.76882747770216, 259.9207353874912, 0.44583293216258113, 0.7968625529295259, 64.68809994897703, 28.949808386392263, 203.57347838577573]"
0.890725202832822,37.32901527657569,1.0,0.8090486885781789,True,False,"[0.21766074182418826, 0.7734924008056286, 133.84059132498797, -90.23802221144524, 259.5406708097445, 0.6602409164910602, 0.825498441363119, 66.9784443002753, 14.652517028906555, 202.2453192874455]"
0.8818179508044938,37.446719574501444,0.8750457259961296,0.16654589261518637,True,False,"[0.2030923012995864, 0.8234088654888732, 139.57358180802296, -86.51792159770149, 262.1196163569151, 0.7349319781665926, 0.8227401152322182, 62.257349354292785, 12.057009847409702, 206.01520123110515]"
0.8729997712964488,37.367080152517794,1.0,0.4033788531755975,True,False,"[0.3555461852745243, 0.6974462964019534, 140.9288279998249, -85.64498032892955, 259.0050726514972, 0.6383491722252731, 0.7069654785438415, 66.08310738647296, 12.554390512636994, 206.3163210229163]"
0.8642697735834843,37.0891247378768,1.0,0.12158404323137395,True,False,"[0.48383177828436064, 0.9020597295185551, 143.5771008079368, -77.48155576470198, 258.70988125755855, 0.48649488270617697, 0.6134799794993231, 69.7314463549853, 12.612155108565524, 205.6106219362882]"
0.8556270758476495,37.24782929231624,0.8307026879655692,0.6509465752172142,True,False,"[0.5502878323219879, 0.741046734219894, 148.6305667878403, -78.13187427403302, 260.28278131156304, 0.36859221409706944, 0.5548304642801902, 72.55662499570293, 12.491674655811114, 201.09714436196165]"
0.847070805089173,37.31105809974328,0.9280737623659888,0.0446531046323293,True,False,"[0.5635738849719029, 0.6666247913864964, 151.2738246915112, -68.59476225837564, 261.9806049654721, 0.40918561370849416, 0.537731922435485, 64.33718101974226, 16.560555393752047, 207.29552237280737]"
0.8386000970382812,37.385873604492545,0.9146491242278146,0.19903680837966065,True,False,"[0.7145607507798996, 0.6182029630738487, 143.05244239658072, -80.7288468745729, 260.6731587460219, 0.1910218371517721, 0.49880222540668656, 68.15590369780314, 17.103316772321566, 215.38849917195472]"
0.8302140960678984,37.326988858932594,1.0,0.04109168028988508,True,False,"[0.6966889169553346, 0.496943718986767, 139.09636474540642, -90.39923065905782, 252.99841882005762, 0.43053835538702795, 0.6019431544193864, 69.65842705415582, 8.523265564821191, 212.51735249915134]"
0.8219119551072195,37.11083846169611,1.0,0.29702136645706334,True,False,"[0.5864287664303216, 0.5053984889243432, 142.77123167845892, -94.218490440676, 254.1292122834819, 0.5562859997526526, 0.7109295733045604, 66.58696072163802, 11.177535972965451, 203.07391932558332]"
0.8136928355561472,37.127499112771815,0.9797328399990813,0.9908462721941778,False,False,"[0.5896865756759249, 0.49878493195968976, 150.56176892396857, -90.71141207621784, 256.64422131864745, 0.5475197231768525, 0.718480657631784, 68.56417831416, 19.526307937676318, 199.54939819067945]"
0.8055559072005858,37.17039880039508,0.9287302578151541,0.7031283323854394,True,False,"[0.5266147707523425, 0.41475254428585656, 153.49344192027826, -103.1854521385054, 252.41792570115365, 0.47739916222166545, 0.7349536608675417, 77.15508337878546, -0.37930389390611197, 204.66994145241335]"
0.79750034812858,37.17944716900167,0.9887182103248389,0.47341841774281834,True,False,"[0.5089233803293846, 0.4192704407912879, 145.42999557507673, -104.45223247071424, 246.7156770379384, 0.4344065615755519, 0.6753047755467912, 81.20309342599256, -14.759714761592928, 209.41088210230993]"
0.7895253446472942,37.13852907901699,1.0,0.9714685807751112,True,False,"[0.48085657227329853, 0.4034478857910881, 151.01907741111143, -110.50237863793006, 247.45818058285343, 0.48618754951673343, 0.811608973495372, 77.87088010902731, -11.985403593554933, 208.93509140790107]"
0.7816300912008213,37.180337951147166,0.9479160524927527,0.2259588879417671,True,False,"[0.39442779637362213, 0.5014987676827818, 151.32672460453395, -117.4294762532306, 246.93341974782572, 0.542079332428184, 0.7563897284240773, 79.73445994818522, -25.186855116767557, 206.06373726669125]"
0.773813790288813,37.20968242806711,0.9627881469546259,0.22105189201343467,True,False,"[0.3582115599585921, 0.37318477945604833, 152.4877309936607, -122.89950687257355, 253.4436060009522, 0.5084199208267813, 0.7076273798369406, 79.17077616589697, -29.90761194987359, 209.26967733469397]"
0.7660756523859249,37.267512345288026,0.9272903757491403,0.37369798299503376,True,False,"[0.1915895831513549, 0.37507269170678875, 150.7311773333422, -130.99099858485678, 250.61462324968483, 0.3936501477765847, 0.7649970945442213, 79.39574680941229, -38.94175675839011, 222.0702500848868]"
0.7584148958620657,37.269144455589576,0.9978503119898152,0.12814543029374825,True,False,"[0.23484878627635536, 0.44093039821924634, 152.40601666529207, -124.60543859016555, 247.26625887786935, 0.28154925359992333, 0.6976586449456839, 86.97980064946853, -21.18038665132765, 223.0734089603417]"
0.750830746903445,37.32955670023863,0.9226913155769471,0.9675130753212587,False,False,"[0.2551362324806087, 0.38136092874221195, 148.47437629770621, -114.47731422163537, 252.56949023164984, 0.1960455862672194, 0.7149800504015665, 90.85710904630155, -38.33276356000942, 217.1027315524875]"
0.7433224394344106,37.35722321601693,0.888257729184845,0.08573290309298875,True,False,"[0.1815303834355267, 0.31186921040898796, 157.7883447198013, -119.20931248429298, 249.80525851019624, 0.22552600405893114, 0.7696342181941586, 76.35144830575628, -16.123979292033702, 225.10716676255487]"
0.7358892150400664,37.29967501888124,1.0,0.42432573154651676,True,False,"[0.13661671107572088, 0.31430403319581235, 162.16346699122306, -111.82381672476596, 244.43109477488673, 0.45461777396339675, 0.6942646838209015, 75.94321267563134, -36.49250424716229, 225.03032848514462]"
0.7285303228896658,37.24490605690629,1.0,0.4680247921044116,True,False,"[0.2550735745373727, 0.3564766586474267, 160.46744186898636, -112.45166830079806, 240.28870467028372, 0.3573698447328705, 0.7578725681830086, 69.4038514367369, -26.384482818816508, 223.0786202237545]"
0.7212450196607691,37.27337534391417,0.961296465289972,0.0958212508029942,True,False,"[0.15931842463085444, 0.2956122587797937, 155.10299818842063, -118.082550966136, 227.01943900911922, 0.30138586337042383, 0.7818110027388628, 68.87898730469423, -9.29515227255251, 217.22189683139618]"
0.7140325694641615,37.242242658764766,1.0,0.04407105919007959,True,False,"[0.18516411187771578, 0.3020539524165633, 156.62511134216953, -129.36385370032116, 221.95960523216655, 0.3133802498920374, 0.7035208113126376, 63.616943112372105, -18.20069309564606, 216.41624835545667]"
0.7068922437695199,37.34387121963571,0.8660885632638741,0.6742576513102978,True,False,"[0.26721924796877405, 0.35613387029411714, 156.1826192934792, -127.07408288186585, 222.15626165741898, 0.3094862304495266, 0.9077034429350574, 63.702405642128134, -28.969701760215315, 217.41962015865394]"
0.6998233213318247,37.145455038791795,1.0,0.02172804978572329,True,False,"[0.21007369419864516, 0.26206823847559146, 156.4036345929517, -131.50614276918319, 227.8469554226375, 0.4122407243466466, 0.822970029111812, 65.53631390882121, -28.272495057902248, 209.1627293579893]"
0.6928250881185064,37.185671072123235,0.9436061206881313,0.4652317114641119,True,False,"[0.2838456216018535, 0.19467935866043182, 156.3861143929691, -130.63965766667005, 233.12792874262152, 0.3371271387232435, 0.7863829225141884, 55.879837111504386, -32.01642765380926, 202.92432202596058]"
0.6858968372373213,37.17973845297743,1.0,0.09256075642255357,True,False,"[0.3267839979864253, 0.21838603671798526, 163.0818375457215, -135.1253999080628, 233.95307697750798, 0.30410401271909904, 0.5497053928601396, 53.30031444481515, -41.20408153509298, 205.40153566974067]"
0.6790378688649481,37.273918397932185,0.8704924786533625,0.10973250282374092,True,False,"[0.23435353204414167, 0.2546361459526267, 174.22711843158748, -130.00583788234067, 238.8346668875592, 0.26887539756218737, 0.6286379516700207, 53.58969578444997, -49.5312122122472, 207.20764493740438]"
0.6722474901762986,37.21650610077257,1.0,0.31169557023608496,True,False,"[0.23745264843231134, 0.1742473620913526, 175.11622707712033, -120.80826587735396, 237.65148877559147, 0.4088919665301358, 0.6781695263345688, 60.142528177184275, -58.30615045995227, 208.37475806826845]"
0.6655250152745356,37.24261223277044,0.9615330201045562,0.15372154563517804,True,False,"[0.4532084351714537, 0.13631742757498444, 176.3182342305491, -103.37303481628604, 246.9739106651107, 0.34516222003958896, 0.6752872334311822, 63.20650436645641, -55.486708373124976, 208.09698072718766]"
0.6588697651217902,37.22466035800865,1.0,0.5763513279391477,True,False,"[0.4695184219091254, 0.21284813881666548, 173.88682494620468, -83.22986603065436, 242.18160936463818, 0.39871237907445795, 0.5339906693940413, 64.44853537026174, -52.01745142038092, 207.12063415014654]"
0.6522810674705722,37.210755484346606,1.0,0.3167965177754394,True,False,"[0.5030079617066869, 0.1320607480428749, 167.6795679272116, -88.97419762865326, 244.43658285710987, 0.520551552590439, 0.4468146957736737, 64.69063374812536, -30.721810966650697, 208.35309714052923]"
0.6457582567958665,37.2244382199849,0.9790342675714737,0.7720808202001624,True,False,"[0.48813570271635864, 0.19082863826074198, 166.33870743388522, -83.75426505268291, 235.16591431968288, 0.5610401514397538, 0.38272395637401424, 70.18096825751368, -14.94584378714095, 220.2756109349241]"
0.6393006742279078,37.25841122231558,0.9482464112727108,0.36433089670176655,True,False,"[0.5301018153065413, 0.19183331152365074, 157.15136703471984, -64.0907415876029, 235.29887779782075, 0.618134390810598, 0.5265873365445481, 65.53627789197176, -25.589935799591935, 224.74910177158398]"
0.6329076674856288,37.3167144263267,0.9119960641922673,0.6859486239155241,True,False,"[0.433771106302728, 0.1658760674378716, 151.05492712286198, -67.16765192891889, 235.10948579438156, 0.7024964311338567, 0.4075681816027366, 75.21642909511885, -37.35235397463057, 219.4066612886858]"
0.6265785908107725,37.391397191772484,0.8876379104470179,0.601959398981114,True,False,"[0.5230116180041602, 0.19646260774445407, 150.78594690771882, -58.51879696905081, 232.28479002399544, 0.7983375604151107, 0.3217377899831976, 78.25380450302282, -50.29487001062985, 209.50909760479195]"
0.6203128049026647,37.39952584917191,0.9869813588594213,0.39797454515386677,True,False,"[0.5444124555725327, 0.156943340437871, 150.95033003819597, -60.35674781517054, 222.28328726659745, 0.8093254129132992, 0.3002446663531893, 67.88384926128418, -50.45698910376255, 209.12442418251206]"
0.614109676853638,37.28434301793269,1.0,0.8215958523993923,True,False,"[0.5430013893730352, 0.11124152137861418, 150.62748644894086, -51.97160087758643, 220.8709542887351, 0.7760438729085084, 0.335759764088851, 78.01523602596839, -41.90359212185114, 206.61898536167985]"
0.6079685800851017,37.14376107416378,1.0,0.9138278168625463,True,False,"[0.592588551257574, 0.19633188039712063, 147.3967367469952, -50.45020359702258, 218.71166403084234, 0.6131262240118023, 0.38392350375756856, 75.42863101075471, -29.868316699555496, 198.7157315060823]"
0.6018888942842506,37.19115873135241,0.9242726420988143,0.4313727754064589,True,False,"[0.6032795139470781, 0.36690560495130387, 154.91716502879376, -45.22732422516591, 216.66206434722326, 0.5107563995657703, 0.5263212321632046, 72.89002302195564, -32.80784416994444, 209.53088800894338]"
0.5958700053414081,37.223640640719715,0.9469473939149023,0.05054832427118372,True,False,"[0.670681962893895, 0.25509838217633773, 156.65476887720428, -46.38213620423847, 224.73479814910723, 0.5680502618692245, 0.41769375457726904, 66.5872209561554, -18.131685943888137, 212.75887505345705]"
0.5899113052879941,37.29730747535422,0.8826047373760431,0.4975372438418296,True,False,"[0.6397270497743189, 0.19002742104628034, 152.07220900861438, -45.864226913592304, 226.38439977105384, 0.7975031238086853, 0.4375435406200039, 67.72055669800272, -23.962782604450066, 211.5189919371862]"
0.5840121922351141,37.240306304437965,1.0,0.3581195263304717,True,False,"[0.7257059221682335, 0.09498388623277171, 145.2168460617452, -35.53849399084169, 228.75812904474324, 0.7286636961486549, 0.5152553056503918, 73.24245747761981, -26.40600886816796, 211.97509840732226]"
0.578172070312763,37.257033203454895,0.9714838257786775,0.4518849804793974,True,False,"[0.7517172442612983, 0.1510954368930593, 143.73588047921243, -36.32439960892724, 230.22381569910434, 0.7333421226854664, 0.5380069524553278, 74.82209389620056, -24.784994267301983, 211.85148778049896]"
0.5723903496096353,37.22637492527911,1.0,0.9586255506624718,True,False,"[0.7438564391141788, 0.14651697833477215, 140.8755214554834, -24.87619068758737, 229.75775292314586, 0.7522730701062663, 0.4212487940231542, 68.07243380406453, -12.044820640604648, 208.69761982342263]"
0.566666446113539,37.215183688045975,1.0,0.21252656754894683,True,False,"[0.6545447156921841, 0.1207788491134534, 151.2219608574465, -25.187348794249488, 237.0882602389351, 0.6476663578087726, 0.3249138687321767, 74.1837793832836, 2.6524271916281084, 219.10052191062664]"
0.5609997816524036,37.20951898170005,1.0,0.5864619058456517,True,False,"[0.7175892707406686, 0.12610741368795536, 148.9126721795331, -19.891404230541426, 233.98922623754868, 0.6785751870720254, 0.2923258127617206, 74.12070189696888, 5.679441409410723, 223.51501022938805]"
0.5553897838358796,37.34760782815745,0.7798652634927428,0.6783143027887277,True,False,"[0.7012437152874729, 0.11331335373569403, 145.75019477301507, -34.02368326466187, 227.8900499662403, 0.8599482776759075, 0.42853590341324266, 73.11601497708226, -4.916956353115767, 222.60158727848457]"
0.5498358859975208,37.32732167133819,1.0,0.9970090356287746,True,False,"[0.5054538548615366, 0.1800770584958325, 145.04182442032968, -22.196055031118348, 226.30862377714, 0.7801847630831823, 0.6461515133769122, 79.86544985311632, -9.923284014745029, 223.04411981205755]"
0.5443375271375456,37.27190976958042,1.0,0.10991993656325894,True,False,"[0.7132625875048882, 0.3083035633050422, 153.949890156845, -30.550094842117748, 230.21968522190733, 0.6753776894453295, 0.6405172629692721, 83.01082429226068, -13.656988068647536, 218.62508560547303]"
0.5388941518661701,37.25065382870186,1.0,0.17434729569680585,True,False,"[0.7010375134192415, 0.2937983008525751, 158.08344675098868, -33.65193848340304, 230.7764773705737, 0.6235974785346916, 0.5792315618421244, 75.49820627942378, -17.802667831498027, 215.30055967110252]"
0.5335052103475083,37.23206810067136,1.0,0.3380173726378439,True,False,"[0.5480916755461229, 0.3278569575390811, 154.30033498182513, -25.39639843884219, 226.06213272077576, 0.4683520371045793, 0.6635547491875887, 80.36999745432081, -7.622396336864329, 215.58715851802936]"
0.5281701582440332,37.24397888127643,0.9777013447066754,0.7445198820748822,True,False,"[0.7541273850743676, 0.3833422665837457, 154.70060297402065, -23.02794566189242, 226.48909806014862, 0.5231238200757782, 0.6815876865419757, 75.88443692275895, -7.054539045520222, 210.40406806592173]"
0.5228884566615929,37.28766028709149,0.9198555158968925,0.28472359334061126,True,False,"[0.7665112277137763, 0.48459628669316523, 158.7102814919373, -24.06711293224306, 221.613285232863, 0.5171882789031655, 0.6400972466297629, 71.87629694476455, -18.336352631630973, 212.5659118350442]"
0.5176595720949769,37.24228527132252,1.0,0.9560083013148765,True,False,"[0.8009672247095618, 0.3916596778598546, 151.9468124005942, -27.476383603367523, 217.46977738045342, 0.6864174758826012, 0.7377636123491899, 62.4781370350279, -28.477854212447518, 214.42617117901634]"
0.5124829763740272,37.321519632679255,0.8567503004610056,0.6828078768250524,True,False,"[0.8154492228161696, 0.5540456719250277, 160.54014255773876, -25.623160491275872, 216.78514071548278, 0.8054196366613802, 0.7545547684033164, 64.90448438276032, -17.539859541631902, 218.76137781351107]"
0.5073581466102869,37.37115667037282,0.9067991326063717,0.5059422542056498,True,False,"[0.8732643972399973, 0.5231242077401004, 159.51358402339002, -43.71392331436085, 214.08091340471586, 0.8172510815640129, 0.7337365433575899, 60.802674490055196, 0.017595768753089658, 224.9092799178757]"
0.502284565144184,37.27416136595877,1.0,0.7566433852074617,True,False,"[0.7022805664413114, 0.5853399125808502, 159.81316568422926, -48.030275110791784, 209.50097694603448, 0.7570550778210602, 0.789112234142973, 60.921986386624255, -10.582889677941878, 225.2744353886565]"
0.4972617194927421,37.34688408932435,0.8639448234879489,0.6020267551654133,True,False,"[0.732186735361257, 0.7208472959004392, 157.6730094036982, -53.40929775296158, 208.95065713578185, 0.5083509133108777, 0.5961816762659259, 64.69689170225688, -22.661485987720592, 224.51072555371476]"
0.4922891022978147,37.28949308970705,1.0,0.6225254817931631,True,False,"[0.7581894937377291, 0.8465910115687398, 155.7438043765144, -54.91308494059856, 207.41013083162528, 0.6599479708830585, 0.4696381776161678, 63.95500898866034, -27.735180019298046, 232.27006102702668]"
0.48736621127483654,37.27305427461608,1.0,0.5728085111447855,True,False,"[0.761903066643365, 0.7984362978163553, 152.08959123369004, -54.68212001295013, 206.28367496513522, 0.6186452644247353, 0.46578198205171506, 65.79905162130747, -17.380036599215146, 228.86421132465793]"
0.48249254916208817,37.331407333214486,0.886086370815443,0.8838486354943076,True,False,"[0.6879698163949252, 0.6001345874617889, 151.48261147467198, -55.50217668433023, 200.38987822060196, 0.4862228131081334, 0.4442358224158967, 71.95170356185811, -40.13924828470469, 229.30479884063828]"
0.4776676236704673,37.213946819190305,1.0,0.46445060226435864,True,False,"[0.6436906566689162, 0.6493323954623644, 148.420719780954, -54.732373798445174, 200.39433734436483, 0.551700484877552, 0.39865938281468455, 76.3580707360523, -43.981416959092485, 232.05908009430908]"
0.4728909474337626,37.17400798309593,1.0,0.4748085461099417,True,False,"[0.5228491405708301, 0.6370508413453291, 150.37799599176898, -50.43157605330915, 197.13688060789033, 0.5928577108226983, 0.40226884780864136, 69.51924274781987, -41.578537158841314, 226.09033253922752]"
0.46816203795942496,37.155679707607895,1.0,0.727756310127292,True,False,"[0.5770159381460193, 0.6396653380661995, 149.95578962554652, -55.96673016201056, 191.32656345066925, 0.6427199334993919, 0.4632971313140987, 77.92471701497665, -45.97435123675308, 228.66877330527808]"
0.4634804175798307,37.22175148902558,0.867139241965381,0.6575553795347467,True,False,"[0.7211374268154502, 0.6000713784902234, 147.16607284596094, -45.57803903022923, 198.7144788471124, 0.7520621078764697, 0.3231172605095073, 78.96552522314909, -38.71742364061646, 221.09001577905326]"
0.4588456134040324,37.257113330828574,0.9258278474668808,0.6207104800866596,True,False,"[0.7668697250020454, 0.7150039769050416, 141.37038851826355, -53.06194732951254, 199.0305419439929, 0.8125378589369667, 0.4168106473570621, 82.64987354956475, -24.344853363341713, 218.70070500526325]"
0.45425715726999205,37.32834221099624,0.8548724612566022,0.5811710178081926,True,False,"[0.7831311803169719, 0.8688277819102441, 134.92418484938293, -45.22985103820646, 203.22554929280682, 0.7860531623977809, 0.37951550771519277, 89.11250339011113, -38.2089857044194, 217.84306739056592]"
0.4497145856972921,37.24735189095827,1.0,0.016493377649447916,True,False,"[0.7217402117778121, 0.7013811967514856, 136.18202402642154, -51.77138821665429, 205.7922992898586, 0.8125892365336264, 0.3839966797307694, 87.90159890891054, -39.780674048072626, 213.27526279172085]"
0.4452174398403192,37.277338526065996,0.9348653354186569,0.028668283712607656,True,False,"[0.6972455996207173, 0.7300551411005795, 135.5620026301277, -39.78070357811711, 208.5556849771836, 0.8349965108401777, 0.4296387478732814, 94.24886575820037, -18.651177699561387, 212.85749976571623]"
0.440765265441916,37.251842058483426,1.0,0.7532750085761827,True,False,"[0.6740470696769284, 0.7691527698645559, 135.28154694570782, -48.15213548910115, 212.630427222235, 0.7384832245186559, 0.4507851649724022, 97.55644578561652, -17.874187576377306, 229.18279127250145]"
0.43635761278749685,37.24808507649155,1.0,0.6502429645849724,True,False,"[0.5864174750412471, 0.6920033102205734, 143.1766599893576, -43.07255654565181, 208.02573761216587, 0.7246665317297133, 0.5378147383848315, 90.87280222740365, -39.16035822011841, 220.70528626596519]"
0.4319940366596219,37.3200792328355,0.8464912279415113,0.941320550920465,False,False,"[0.5615974593766114, 0.5280858916324338, 142.87021162706426, -46.37741613271017, 208.70439705106898, 0.7515097232725731, 0.41468961650954034, 100.96875541333976, -36.42370969553067, 215.99496330959545]"
0.42767409629302566,37.203167003660866,1.0,0.04589412599498133,True,False,"[0.5691840706885681, 0.7229634230527501, 143.1355733525079, -47.00199907793741, 208.65999099417212, 0.7171562818515825, 0.4778154457571382, 86.1452937394373, -44.34120803702238, 210.93234638086344]"
0.4233973553300954,37.19170627188605,1.0,0.12240170006498541,True,False,"[0.535993139758466, 0.6432362013559441, 137.47744891646533, -39.069680335742305, 216.64453667074557, 0.5927870973928606, 0.3763580084282669, 92.87481215325448, -49.20834892712934, 208.31492500659772]"
0.41916338177679446,37.18230415746868,1.0,0.7009006914003044,True,False,"[0.5191017521614262, 0.6211775446578657, 149.71096799629703, -30.628250334618883, 221.3410610640706, 0.5692537313871874, 0.43925814996312357, 95.43931168962226, -45.228078151497904, 203.78360214967543]"
0.4149717479590265,37.225947097305756,0.9001706971065819,0.6715195639901048,True,False,"[0.6027095903246924, 0.43771316558254314, 149.13806728223034, -14.28773788887883, 225.72700959066373, 0.41102748944378215, 0.6879975629060342, 97.96498002953622, -44.69146304908478, 194.96533915254037]"
0.4108220304794363,37.24617847433524,0.9519468401148118,0.15693419736035263,True,False,"[0.6006818501733965, 0.5324060846966638, 141.19118590116406, -37.263998336207365, 229.13681417800657, 0.39030871517592974, 0.6504432741544688, 96.02599368936136, -53.044945682015296, 184.82155948663654]"
0.4067138101746419,37.349994360692044,0.7747186285021183,0.8399769351145908,False,False,"[0.7305011107667188, 0.5660303890423501, 151.45228645793551, -51.08260294370146, 233.80041184455877, 0.4945854656268223, 0.5948387461183029, 97.15933218989072, -44.70108636265949, 192.11473874107443]"
0.4026466720728955,37.30432759291067,0.8655265457906927,0.8826961122879804,False,False,"[0.6239411013354261, 0.6330810976633809, 143.7440645307324, -39.80915405247827, 230.5258073724472, 0.42806910675799226, 0.6976454624153617, 95.45350172962509, -39.43023854355462, 193.79052855301174]"
0.3986202053521665,37.23899740225056,1.0,0.05842453222284405,True,False,"[0.5533122287778487, 0.48024647805505866, 137.74995825536396, -54.13029218926708, 236.69456341963723, 0.366665394811056, 0.6390030505247895, 104.1674909887006, -40.31229681414317, 183.42972004655277]"
0.39463400329864484,37.28224281368589,0.8962072458641988,0.6269525082397606,True,False,"[0.6797037759456839, 0.4274111551083653, 142.08936551513457, -68.91281542195844, 234.60943559555452, 0.4423812839650347, 0.5238961830284916, 103.37064337522774, -51.317021099024664, 184.55028844640725]"
0.3906876632656584,37.25733893902906,1.0,0.07105642985462335,True,False,"[0.6412857421106314, 0.38009929019988786, 141.8968503588469, -68.70158796777207, 236.90818175726852, 0.315261058802359, 0.6161560272042534, 110.0967527790616, -45.41254462847301, 177.73235989997076]"
0.3867807866330018,37.218181446082426,1.0,0.41810337105982076,True,False,"[0.4452246508892657, 0.4120119814202879, 136.94614322011896, -73.70191866290817, 234.77543432881637, 0.3146114870431489, 0.6341857521953922, 116.95748277686575, -33.60987019848534, 177.90464171610063]"
0.3829129787666718,37.26727516188824,0.8796676120917917,0.009325796591722835,True,False,"[0.17442705130096975, 0.285675157794949, 141.93260191479317, -83.89035856065264, 241.0606780622587, 0.3234928493820654, 0.6317435437307095, 115.78481741245838, -22.715236033534474, 177.5865713350223]"
0.3790838489790051,37.27494588092939,0.9799684639182836,0.6788614044921115,True,False,"[0.16573163286961579, 0.3134360281719282, 136.98070594170107, -93.44361374570877, 233.79335837827648, 0.16744831920564826, 0.6259204381949398, 124.1619833709226, -25.302568839673565, 179.1181309434808]"
0.37529301048921504,37.30276621280395,0.9285513182649415,0.7561590232729487,True,False,"[0.21582715950832135, 0.3841264904314315, 138.0457679829436, -101.57166742502062, 241.12038845601688, 0.11603795688690291, 0.5381273147482258, 124.19309577220673, -24.63062656035547, 184.0212631165398]"
0.3715400803843229,37.309449855871804,0.9821718135557809,0.06419211337523856,True,False,"[0.29056493716233234, 0.37626848485723835, 124.2178235534067, -93.35177687763516, 236.39104445080918, 0.12957140873025474, 0.6503719887183325, 122.8489157158329, -20.580539714744777, 185.3546678433039]"
0.36782467958047965,37.36388698055305,0.8624332905654105,0.6729099156936783,True,False,"[0.23470572895242292, 0.23319184300374815, 129.45318412513424, -92.37753158364724, 238.09560463548905, 0.1708944594663561, 0.8210387662930436, 121.7335782693153, -21.765179438085895, 189.2321751637213]"
0.36414643278467484,37.296704327197546,1.0,0.6202723538497266,True,False,"[0.40704458954094414, 0.2918920210501359, 132.27473492287427, -84.07530476929807, 244.76022232485641, 0.2901517466630377, 0.8791425960034641, 111.87046965747737, -17.622310695055745, 190.90827399422324]"
0.3605049684568281,37.264111432525645,1.0,0.08253521765031846,True,False,"[0.40784570464492187, 0.5350848546535977, 123.57330824301994, -69.55887028927617, 242.55081635351624, 0.2606988517057244, 0.6806405542319814, 111.09144418953063, -21.670862460580913, 187.16325939577183]"
0.35689991877225985,37.2138817360327,1.0,0.22083873121937592,True,False,"[0.4322821951883066, 0.4280781203454243, 115.48174004802162, -67.86212791818619, 241.51446633610857, 0.3165036171313047, 0.7076664161259805, 115.26806465183978, -23.402739940635367, 180.91240157127723]"
0.3533309195845373,37.21760519917621,0.989517156805287,0.9008452177568232,True,False,"[0.2297182272594793, 0.38848095741297406, 102.91644023304433, -70.83941793668036, 241.80030332771176, 0.2198845837279601, 0.6193206828770788, 113.51007612746294, -17.24371747526119, 184.5216536576089]"
0.3497976103886919,37.19866946561527,1.0,0.3276506720334047,True,False,"[0.287172749806647, 0.32619797394289946, 94.6441711448727, -83.98821320512111, 239.29184724718954, 0.3678798717226823, 0.8203114098622383, 115.45597835577745, -7.3410875581031245, 187.33058364380446]"
0.346299634284805,37.164442928022574,1.0,0.3469977297115888,True,False,"[0.4078870971891757, 0.43323206597070896, 96.99010316625535, -54.9472086636445, 238.48120092261243, 0.4579445219010968, 0.7853376782901226, 113.81266041905282, -7.727175396503272, 191.39079038723523]"
0.3428366379419569,37.196538304055224,0.9106313650531768,0.6072744136693285,True,False,"[0.41307327940190813, 0.47700875649372376, 108.58674387912089, -66.40409827952774, 237.40988090487926, 0.3644603905290533, 0.7058188598243748, 122.7462656665858, -6.639567899148097, 198.14911977393226]"
0.33940827156253733,37.189800801593066,1.0,0.6836594019507216,True,False,"[0.4626458465047203, 0.521312772734566, 109.10903282196934, -64.36354641888806, 250.41098531346074, 0.5056116877043841, 0.7552158227223802, 125.89546835442304, 21.35180382347189, 204.1348758150825]"
0.336014188846912,37.23136011754357,0.8836597246220117,0.2776704353341425,True,False,"[0.505894078176986, 0.4180284823276546, 105.82386954473621, -54.69512369592179, 254.6048017164805, 0.47552234197780835, 0.6362645029906545, 133.14924264884445, 11.534031908861385, 205.22047218784957]"
0.33265404695844286,37.33154116737168,0.7399616897374658,0.5085850307692559,True,False,"[0.5535743927383876, 0.4562077764832796, 105.41423595484953, -54.367306887597174, 251.56323871139833, 0.7226695355101217, 0.6162699351431262, 134.11235364959296, 25.820504030248486, 204.83897371146912]"
0.32932750648885845,37.237496240590346,1.0,0.395018536145612,True,False,"[0.5115370765676603, 0.4129093631934547, 101.69973960499269, -45.921969077729045, 249.00275448969023, 0.5422770735928941, 0.6498299607449561, 141.79914011036934, 34.66104242250884, 207.40705166621672]"
0.32603423142396987,37.27327358959444,0.8960716105706248,0.7188294922587745,True,False,"[0.4618647338067612, 0.40260076223653674, 106.69225173453965, -52.423041582035765, 245.9918443528039, 0.5758604953970209, 0.7282212797765629, 147.4835182869204, 24.547971011866824, 214.33377235326088]"
0.32277388910973015,37.27360292044712,0.998980205926182,0.9254333536135796,True,False,"[0.5563787069829348, 0.46644909069569007, 108.36949628907612, -61.714405649623004, 246.76291599062384, 0.4292999587067211, 0.6529818191656066, 145.31937798965893, 22.937445444360513, 212.95540252704197]"
0.31954615021863286,37.296131464388495,0.9319261636419242,0.40114825572607715,True,False,"[0.48481758020846083, 0.5276814671998435, 103.46742522360107, -64.06507054615965, 249.50948856254217, 0.3247094671152441, 0.710873180815671, 147.7520763254366, 13.884357954155153, 216.62090454047328]"
0.3163506887164465,37.28098826960143,1.0,0.5437578814454515,True,False,"[0.541375924795472, 0.49321307043475465, 104.7285748040542, -64.55269844606681, 246.12521026934357, 0.37410652977864495, 0.7038475798403822, 141.96673149444618, 9.0621438578445, 217.69197635673376]"
0.313187181829282,37.31017033825637,0.9110315741215019,0.561481445896353,True,False,"[0.5850648145624197, 0.7083020832421759, 100.57581030948582, -73.46501945058722, 244.09864752941564, 0.2785169938147286, 0.5123903835145203, 144.4782490874286, 11.715637532713412, 222.17760969841785]"
0.3100553100109892,37.31619482114105,0.9807572035238449,0.07767016292937767,True,False,"[0.5261741333828875, 0.7335192004077289, 101.29864543687553, -80.52478954681018, 248.8836402799455, 0.20409710134557307, 0.5026637516846952, 163.10004829954642, 22.70653066434413, 231.52600139830326]"
0.3069547569108793,37.31587266380872,1.0,0.4972315654121824,True,False,"[0.6766700867948403, 0.8926902300339894, 104.64492837426212, -88.29714788222381, 251.85518515730953, 0.19740697026598253, 0.4482191795879109, 166.19121502500013, 20.36407711792746, 234.65698232903173]"
0.3038852093417705,37.371763000929576,0.8320029926582143,0.9371299999856827,False,False,"[0.7351172816091497, 0.8030278373680731, 117.86678735951199, -98.29608974174641, 254.34020004805475, 0.2411869083690668, 0.4121086391200184, 167.24758910449603, 28.164050173124195, 230.82023204820186]"
0.3008463572483528,37.482506310676854,0.5747139269942334,0.9725017676296125,False,False,"[0.8322025768838317, 0.7320110282196185, 100.5944902295844, -94.7870525829825, 244.5200276111103, 0.3148054255687869, 0.45663120512410543, 171.84346821918797, 7.399092428298923, 233.1088153431737]"
0.29783789367586927,37.45822134721959,0.620059315098733,0.872957458869832,False,False,"[0.8553815744332299, 0.7141670469776022, 111.6051667716007, -73.71568553463167, 252.27225096193138, 0.3725424351142107, 0.41253883320898554, 161.73069140222265, 10.06009339899395, 228.0154680877951]"
0.2948595147391106,37.266643851895715,1.0,0.1488878650211729,True,False,"[0.43571175729469214, 0.8561192075625756, 99.53798380482822, -95.14716662020896, 252.49382334477002, 0.16273337924020226, 0.5378243327085089, 165.8766564332157, 23.313010693108122, 230.0487040976297]"
0.2919109195917195,37.27727407210187,0.9642391124805291,0.4439114627578984,True,False,"[0.4895609526795228, 0.8032270505635783, 106.95527834352808, -87.36538697425827, 254.18018923277646, 0.1299296561059417, 0.3381361165502542, 168.5375351089862, 23.902728600889876, 225.8899470573284]"
0.2889918103958023,37.33312337162159,0.8242712240968993,0.18483538986883807,True,False,"[0.4147730807652653, 0.6102581441212409, 110.50016671556932, -84.06869701301082, 258.1786702875832, 0.25347698016325393, 0.2343225444330676, 164.92486459703497, 31.05567429834339, 225.97704739559921]"
0.2861018922918443,37.37853339212475,0.8532354456412355,0.4900204716514668,True,False,"[0.46503256220828065, 0.6506408011905562, 112.60695044763597, -61.49680775811014, 253.37906161424462, 0.1612759230894943, 0.4543988517527385, 155.0702672566406, 21.2878266086408, 233.07752165954457]"
0.28324087336892584,37.40354887961095,0.9154689998918104,0.30909270707460357,True,False,"[0.36257257022220113, 0.45668363076904506, 101.19425279887182, -52.78707620778166, 244.88465791408473, 0.1523290467283567, 0.6193228400972289, 155.61987371710129, 16.42016140672525, 238.3254706660936]"
0.28040846463523655,37.41569734287896,0.9576009167279569,0.9762139957082365,False,False,"[0.3866806873034487, 0.7241538164557559, 102.71421434874514, -55.326290672262104, 248.3025990844073, 0.10158161299378901, 0.5128306430194642, 151.9715539589468, -4.6299204243361345, 232.37550860441746]"
0.2776043799888842,37.38092526040437,1.0,0.5537676526420663,True,False,"[0.45856370922284523, 0.43520106495362454, 100.92046181604427, -38.133582389281, 244.59965342411832, 0.19762944660296194, 0.645900206472625, 157.0928490307318, 15.142176013130385, 236.0590912175869]"
0.2748283361889954,37.37083604273362,1.0,0.7815333519695618,True,False,"[0.3544838161256072, 0.38035584173075965, 103.9363011633185, -27.73516375493854, 249.1882173398127, 0.21053094609004344, 0.6751589720800276, 163.40619361312315, 33.845020030166594, 240.85966191318664]"
0.2720800528271054,37.36606038070268,1.0,0.18306867837256158,True,False,"[0.3383451798581108, 0.39617622529651114, 111.31218573631989, -31.645300146191644, 248.6085753996729, 0.20662975150330246, 0.5913957542004802, 159.89234036965078, 24.665166935329786, 235.44522760627072]"
0.26935925229883434,37.36111926778509,1.0,0.6118995831677702,True,False,"[0.2609688471138181, 0.42819091266297316, 118.19302032511611, -23.887402255226363, 246.63880824921344, 0.35661376215566165, 0.6094889667152017, 165.08996924960726, 5.896628658429968, 246.10038224133783]"
0.266665659775846,37.39036893871397,0.8961148618962707,0.8968464614043637,False,False,"[0.22593434838843013, 0.3683723724870183, 113.36477226249063, -24.35609990546314, 246.65211346554287, 0.42703314913391405, 0.5984650297536351, 168.2287747359986, 6.706621630281873, 253.0021149443349]"
0.26399900317808755,37.38469145277832,0.9145812976251477,0.45296066992022155,True,False,"[0.1889905825614179, 0.40113659081165987, 113.31319139726463, -14.342906235347241, 257.78874700783757, 0.4273673350271762, 0.7052290020291891, 172.5726956269838, 0.771587532064169, 240.54101892449074]"
0.26135901314630666,37.391274406639255,0.975127156623244,0.47436576692039323,True,False,"[0.19973548870700764, 0.501782818460987, 115.50183046485584, -11.332363043801186, 247.97071206316943, 0.42100946199582484, 0.7220438693417456, 179.91281431997166, -3.0003391180819694, 242.74801498017342]"
0.2587454230148436,37.409127012534746,0.933329667836393,0.795265510157198,True,False,"[0.22964613339037132, 0.4523365353034872, 124.41343084101871, -13.279813169421162, 246.88750330614448, 0.5289864719431823, 0.61894775869842, 185.50731628465775, -16.2452794574289, 240.8789978146173]"
0.25615796878469516,37.414490146408326,0.9792808313241657,0.008325295961332801,True,False,"[0.19829977772402732, 0.4059077003447814, 122.8928567011297, 0.0305444391381684, 250.827230576898, 0.5924922819854177, 0.6187628092599007, 179.37614538002236, -18.586241371805123, 249.41464298813804]"
0.25359638909684823,37.446420642877484,0.8816935868470306,0.1132210158056377,True,False,"[0.12055733631282992, 0.4469860603382817, 120.85892484574482, -2.63177122783315, 249.3107576088928, 0.4540315060990753, 0.6567791798110042, 181.63845571521048, -20.348594782859543, 248.29347669863182]"
0.25106042520587973,37.41132342683224,1.0,0.5485301950344335,True,False,"[0.23855653778063074, 0.49755537050154736, 115.45880651869538, 15.048146139106779, 244.74389040410588, 0.4813005725188733, 0.6316062109695657, 177.17583557357997, -10.876632653077966, 248.57796489270166]"
0.24854982095382094,37.38240964350797,1.0,0.7160682208069684,True,False,"[0.28215235920868964, 0.6263227044397577, 123.16734464636134, 22.07916300762645, 246.95207151930143, 0.3412366236331561, 0.3587922628784233, 181.49345677281477, -3.319543536292981, 258.94203635873754]"
0.24606432274428272,37.40727395328442,0.9038896374576704,0.807273755806576,True,False,"[0.24526839560836833, 0.670960039807655, 121.2214296738939, 21.856466014713646, 253.3904939413952, 0.2897994403604607, 0.3458229883290432, 181.6940584585176, 3.5937213107986947, 263.7808146116512]"
0.2436036795168399,37.35538822021751,1.0,0.20794386925736552,True,False,"[0.40354513014163496, 0.7489896641263307, 118.94528568013847, 34.29260979813825, 245.8152355907784, 0.25501384916862047, 0.26913203596713203, 183.02474839460825, 5.73644231970937, 264.5304349762358]"
0.2411676427216715,37.39465061329867,0.8497600636061078,0.2993311446975554,True,False,"[0.25635757186149644, 0.7075731420617646, 123.20445186078642, 40.228486981434344, 244.87074816115447, 0.3280887227905767, 0.3880191179909127, 185.40083326945793, 11.655978083484953, 262.18847061306644]"
0.23875596629445478,37.43759133433037,0.835393900096951,0.6744765293455686,True,False,"[0.22382618068046542, 0.8176183082729267, 127.5239167488224, 39.88623205884697, 245.03332824587793, 0.2408688010119979, 0.2385140080927528, 188.1075511848506, 10.988304410961485, 261.4178658311079]"
0.23636840663151024,37.45862806320142,0.9148458031646806,0.3097707858515589,True,False,"[0.1835842604996359, 0.8031470822575816, 127.39451711552357, 57.41504171884237, 250.20952385382714, 0.32145025925685383, 0.22056895839826157, 189.31942597476407, 6.45139893172907, 259.3165569302378]"
0.23400472256519514,37.4447444997499,1.0,0.9860870050127404,True,False,"[0.23215429825177014, 0.8735901015474599, 122.03703291255209, 51.4355362022353, 248.30284593359806, 0.29768730207702576, 0.11925830324740068, 187.01659091629156, 1.2122017002194116, 255.2890430057608]"
0.23166467533954319,37.415587344806575,1.0,0.34793399684703386,True,False,"[0.21833368868515893, 0.7696563380237761, 117.41559446739913, 61.591404208844864, 242.92934788018388, 0.2876871503739347, 0.21067096288208687, 195.2658582591005, -15.54027477308386, 257.55162058065963]"
0.22934802858614775,37.35921422197521,1.0,0.9350419139784788,True,False,"[0.31745164773282875, 0.7545638216401842, 120.78413637520286, 52.845073997351506, 242.2655843934852, 0.2961644665895136, 0.13375753692357942, 190.0445634518246, -7.353663055627999, 253.5822315519586]"
0.22705454830028626,37.417183475461904,0.7746764586055461,0.4821971514982333,True,False,"[0.2071577076229521, 0.7133024051387851, 124.15708269393117, 58.45481667533566, 249.77405257376932, 0.3440014373914288, 0.10748638883842855, 200.00512985079268, -15.735410802917633, 258.7935973185123]"
0.2247840028172834,37.42402852822342,0.9700072920274421,0.29680992556732944,True,False,"[0.20365223498748786, 0.6811522972931348, 123.80157983755547, 58.10444916847937, 250.49694943817687, 0.38159566214291535, 0.1509868992686948, 203.61503603795956, -16.411554857066285, 258.0035036589087]"
0.22253616278911056,37.3829026815407,1.0,0.1511486169248114,True,False,"[0.30617244795990056, 0.5874348253660435, 124.12161454843033, 61.96339860252038, 244.49379079690394, 0.2819750873739089, 0.16091151086395725, 206.49927744874446, -12.57827027594119, 254.7504691391866]"
0.22031080116121946,37.35932426023197,1.0,0.6313781905181487,True,False,"[0.3053782646322612, 0.47127827316801474, 126.54097027785743, 54.30752604867929, 245.6278535535023, 0.266995426002793, 0.305588664720105, 209.77835707524184, -21.44566030581104, 255.94086020115583]"
0.21810769314960726,37.40635683371602,0.8060260450711889,0.6512297500510904,True,False,"[0.2324012658693548, 0.42202789128819784, 126.93017963827229, 55.57514087019702, 256.20269567942165, 0.13145870203300108, 0.23819296776312265, 204.41973075407458, -34.39350919936328, 250.4949960028023]"
0.21592661621811118,37.409957753777455,0.9834616926753805,0.9914816379993738,False,False,"[0.1297030023511747, 0.39074355135830346, 128.800941364422, 45.11783342535865, 253.85767162784146, 0.143917386755796, 0.15300360562983534, 209.74359959649377, -27.77484239169238, 254.17630473902884]"
0.21376735005593006,37.391052132585834,1.0,0.006873845458996941,True,False,"[0.2839334155346212, 0.4607891926171269, 124.40340644159104, 41.34037496650808, 249.3081012293492, 0.21092782939727628, 0.23299561743861058, 207.59279397510377, -23.704493268995293, 255.61318694392733]"
0.21162967655537077,37.41120704259318,0.9091577200015921,0.9846578143658562,False,False,"[0.2497432779042363, 0.5273596480724767, 132.41278640144105, 44.95386687311678, 246.62547774142953, 0.1312228281033049, 0.29858674460588636, 197.76786149982263, -21.778366950100537, 253.1770565083439]"
0.20951337978981704,37.405640224770266,0.9327403138807815,0.8766941983472372,True,False,"[0.3668971224932734, 0.5309102476320793, 125.4080749686847, 26.30518623524644, 242.6367372639148, 0.1310305421826588, 0.16656092502497052, 217.5455037854617, -28.499323124654573, 248.89977593176968]"
0.20741824599191888,37.40376270481493,1.0,0.7529378516168234,True,False,"[0.3952472337577271, 0.6187815680301699, 119.93698423877034, 43.68623841745983, 243.11967611014444, 0.11415094962084615, 0.3584072649226968, 216.7878235384735, -25.214663301043657, 242.01302528547689]"
0.2053440635319997,37.39020297147198,1.0,0.56586727691508,True,False,"[0.5190097488510732, 0.646032000288774, 117.97183950752725, 48.138304856013875, 244.23267276506647, 0.10960612348375096, 0.3132331676380588, 215.56310037995783, -23.735731603117436, 240.07108629876674]"
0.20329062289667968,37.407772036804275,0.9172058107655088,0.5211735453999113,True,False,"[0.5854828164286136, 0.6384680074166581, 121.99421301791219, 40.83257975692484, 241.09283707209224, 0.09094853108003656, 0.24945187607481217, 212.7002893685552, -27.333758037593583, 242.64742741385595]"
0.2012577166677129,37.42044921037721,0.9389530964419632,0.24807673274344655,True,False,"[0.6273334995702563, 0.544530421421145, 116.76890478077033, 26.237864498409838, 243.3723681734536, 0.16278829365513053, 0.3456617957036049, 211.47848738568405, -6.001297827088557, 254.0133068042838]"
0.19924513950103576,37.42455241282002,0.9796168636542595,0.1846250791175953,True,False,"[0.6944563102711976, 0.5482900925360732, 117.67051826119089, 18.200004071619816, 239.83995971851436, 0.1964765645775384, 0.4017689621805275, 217.57055926830358, -8.134148324927391, 250.4825333638567]"
0.1972526881060254,37.428750318508996,0.9789429928843414,0.1813863564459025,True,False,"[0.6817023310078355, 0.5415659118075852, 121.46793803307412, 26.633124480728274, 244.2957908079324, 0.19883927809006324, 0.4696906642072258, 220.79169181963616, -11.634529938109873, 243.51929882406927]"
0.19528016122496514,37.43322210579903,0.977360857549255,0.22170976995957958,True,False,"[0.6819176859199408, 0.546659387932583, 122.10075390002937, 17.44153864930823, 244.59986084826858, 0.15846104250661014, 0.5279755176085413, 219.32957470637953, -17.73097129121698, 241.17768189138388]"
0.1933273596127155,37.41752325352555,1.0,0.77886104670056,True,False,"[0.6340439489031273, 0.5738873581168068, 116.79010983196808, 24.336775008843336, 240.72657337663978, 0.21204138287447644, 0.5000355396715259, 222.661635410119, -10.452490498548796, 242.98738455003112]"
0.19139408601658833,37.42143543392087,0.979767044216815,0.9463924854186677,True,False,"[0.6224953294581841, 0.5106159422234332, 115.00948654572638, 18.85207387379609, 240.68697561712176, 0.17752770270486354, 0.4560669866497117, 222.5889811821007, -0.07714129905813571, 241.91035019488265]"
0.18948014515642245,37.42671668142695,0.9725125484358813,0.29979322017634735,True,False,"[0.6351888166461476, 0.4379789588831919, 112.2510692328717, 21.163824545032668, 237.6976839206344, 0.23208782045505985, 0.4954154310219861, 225.99271917321963, 3.020282172988614, 251.6206222742831]"
0.18758534370485822,37.414729092869315,1.0,0.9147711164444938,True,False,"[0.5880804291814202, 0.5254775198544196, 119.79912966717927, 8.101510246701807, 228.95342243119387, 0.19469403360064208, 0.5233325600761218, 216.85428213798966, 3.313318804478157, 244.81811026427536]"
0.18570949026780964,37.42110313160957,0.9662597067557465,0.17996386646824092,True,False,"[0.6755264428116816, 0.4409721172995086, 124.67269495209491, 19.921161537737497, 241.07608326009145, 0.2911305519602239, 0.6027647324099006, 219.1641946171081, 10.05983852334122, 243.99289489654709]"
0.18385239536513154,37.464076117139534,0.7915704958538344,0.5199255648308728,True,False,"[0.6983939917512333, 0.5613065846041314, 130.56846088669766, 22.889293625959574, 238.79902779505213, 0.4787877619396669, 0.5448285448014092, 216.48759111317506, 17.926670024162515, 251.46965663215985]"
0.18201387141148023,37.41407918555594,1.0,0.45050311764073103,True,False,"[0.6809330737060808, 0.346985124647871, 127.08362446399732, 27.018231379531763, 242.33326417951827, 0.27856160329134494, 0.736860208203752, 226.90355884998218, 29.384598591563538, 246.10826405995013]"
0.18019373269736544,37.41220433120021,1.0,0.7253975661369458,True,False,"[0.5888946274154322, 0.2951072253800575, 125.49239669317336, 32.59346737487218, 252.64985994481876, 0.315467215133043, 0.7314043235498654, 234.93272784915186, 29.97542052818053, 248.99117945213456]"
0.1783917953703918,37.4266053158498,0.9224457422802472,0.7403760338424952,True,False,"[0.5980556917369094, 0.361994317090127, 125.31356944271913, 34.31636605830177, 256.48645925565165, 0.2681523643023678, 0.7879437929702443, 236.6872045945969, 41.2779040575648, 250.5275318917071]"
0.17660787741668788,37.44112171475192,0.9210917314367182,0.7040931825261594,True,False,"[0.7093487388687909, 0.14907365547702978, 124.28522005716232, 25.540644639761588, 254.4345317615474, 0.222583346738491, 0.8335375679423832, 242.3413831553589, 36.75554413788866, 249.28934569898755]"
0.174841798642521,37.41959501227916,1.0,0.6273173826584942,True,False,"[0.6481029772588821, 0.12789708961572974, 122.31139285883293, 3.830345072949285, 255.57649518305448, 0.22081007157955115, 0.7553021654326011, 239.67545126186937, 38.75067709232993, 240.83929963529968]"
0.17309338065609578,37.1966855573579,1.0,0.0637669148397908,True,False,"[0.6058446521018777, 0.2191779189426532, 116.48994817305119, 23.98834412526945, 257.9049057142514, 0.25866324122392775, 0.801920115414744, 242.2316234215663, 48.10653271437806, 234.46776247359864]"
0.17136244684953483,37.171359301897624,1.0,0.3009823671026193,True,False,"[0.5153204320321583, 0.1235822241308586, 120.89740778205028, 20.74415865095004, 254.93305320113106, 0.23800489057792235, 0.8174771195596758, 238.1674860091845, 52.71906622006181, 233.07882999711654]"
0.16964882238103948,37.164044892434134,1.0,0.35230701994114744,True,False,"[0.423242618774874, 0.09626623979700025, 137.34359133338546, 33.203555010070815, 256.7195551609182, 0.15247853370351874, 0.7681436028752409, 237.65781915796083, 62.769361131163635, 232.82165934239052]"
0.1679523341572291,37.16670993219255,0.984257396821757,0.7081602633652381,True,False,"[0.3081698554595395, 0.1347946821097179, 140.83613675407904, 42.26615677613498, 251.62337426951393, 0.24104410140925628, 0.7363776436409402, 234.26132210810496, 69.43829965766976, 227.52320885185057]"
0.1662728108156568,37.15984149669757,1.0,0.793613177438602,True,False,"[0.20332144508133435, 0.17158429334146255, 138.24443666823024, 31.714602628510782, 247.12638634839044, 0.17184986776037997, 0.6544925005823448, 231.63352619094704, 88.39693389066007, 227.5051387947563]"
0.16461008270750024,37.37463916391878,0.2712029976686563,0.004874425308530439,True,False,"[0.3497407974791429, 0.13903589731529448, 142.76562897235868, 26.951972985412212, 244.60078208232042, 0.24332385855986022, 0.5798105826217681, 219.74311175422753, 88.56529708572678, 227.19381084122355]"
0.16296398188042524,37.13267653658972,1.0,0.9938106516315713,True,False,"[0.2697583275167663, 0.13222491425276406, 146.94583478535122, 28.734501621434326, 244.97235231184803, 0.2186303422398709, 0.5330691972046865, 226.42149064809175, 93.44411403129082, 223.51107584596838]"
0.16133434206162098,37.14614611358995,0.9199015811892484,0.8288117235239659,True,False,"[0.25830841863530707, 0.2000637075443077, 148.65946364887535, 25.727888223834587, 252.02870823680468, 0.31565295488939293, 0.48563567410000635, 225.2407598151714, 92.00617991235798, 217.64880471689284]"
0.15972099864100478,37.1721846965955,0.8495695914466005,0.7005290325360346,True,False,"[0.24741046085348678, 0.19011281664001764, 153.35645874913075, 25.018836238901304, 249.81198965022577, 0.3875672927441685, 0.5335334941099827, 225.02489273862986, 95.09044145220253, 224.51474357584632]"
0.15812378865459473,37.15104575097855,1.0,0.6148703974392143,True,False,"[0.27868835957139043, 0.1420058426245225, 152.76737821906954, 28.852980817213165, 254.15420643411284, 0.22855593807898975, 0.5394533395097316, 225.23085172864268, 86.72935203228938, 222.57730724440702]"
0.15654255076804877,37.38229824724284,0.2282645344079919,0.4222772636576244,False,False,"[0.25882007652910466, 0.11621384829842228, 152.2478961920629, 31.619677567249685, 264.83027915829285, 0.3410979418928021, 0.5581503374905481, 220.23854174215077, 87.67889108976493, 224.02591820470212]"
0.15497712526036828,37.15623668594379,0.9670598953134507,0.2524040294286156,True,False,"[0.32540849088731544, 0.1615963516106333, 156.93889362180332, 26.182928017347585, 256.52081755770223, 0.28211826807478035, 0.5079926465031847, 220.81582461796285, 83.0510921383677, 219.781077624216]"
0.15342735400776458,37.15278976002145,1.0,0.722485248465957,True,False,"[0.3655580283104848, 0.2301057050124569, 147.3810867929982, 38.51844416115272, 253.9786262797696, 0.1642343528924508, 0.6084328195571151, 225.33919249992672, 86.26015380319744, 223.23761732555354]"
0.15189308046768693,37.4094977578932,0.1845089654084991,0.19832921186502428,False,False,"[0.4044211656073673, 0.3948307239851587, 148.77256019898903, 42.447808059976964, 256.9240520239224, 0.21052459566403983, 0.6906451014125978, 220.24715823345144, 92.03903317935413, 226.5996773225796]"
0.15037414966301005,37.16535059183829,0.9198630065125414,0.5488634003802269,True,False,"[0.17241470759382405, 0.3739208888539147, 140.7525877517146, 39.1292619405913, 250.93709020466474, 0.1311567130393906, 0.6317920789345502, 234.14118629003943, 91.26343217669776, 219.19106150296915]"
0.14887040816637995,37.166990890610336,0.9890421794451759,0.9520404049158036,True,False,"[0.23347210163808524, 0.44974350084909437, 150.56189701992355, 29.580773245160405, 254.48047445012335, 0.09742720798460697, 0.724986011184513, 226.68448387071066, 100.9464205111516, 221.9747245283954]"
0.14738170408471615,37.46991100211838,0.1280487702646022,0.6302004063950463,False,False,"[0.32449379233970044, 0.376530301577984, 153.2626603912865, 35.592868068593695, 255.43559116439388, 0.11019483043612771, 0.7929047169951424, 222.2135260564306, 105.36592308771667, 224.48846905318334]"
0.14590788704386898,37.17310289893929,0.9589757422300079,0.050669367265700704,True,False,"[0.11425167117107693, 0.40735550978539675, 152.20714188842928, 44.05468221941216, 251.03363373683436, 0.18321222605790033, 0.7071939149069498, 222.53216256601664, 93.29737333198808, 220.05816408629755]"
0.14444880817343028,37.15821649200191,1.0,0.831456398599124,True,False,"[0.14533006189593883, 0.34479217611086355, 153.48433342602863, 38.811511608936776, 248.20121526320364, 0.17335342442932894, 0.6090291646102253, 222.56440461173145, 103.68510600116592, 220.42466421535752]"
0.14300432009169597,37.40163134675409,0.18229111099718606,0.9716669963954182,False,False,"[0.1260934504919516, 0.19372187696878584, 155.06049988961615, 30.536572509303408, 257.3960174291151, 0.22288655438549299, 0.6556027003055973, 215.18287005485865, 91.58592508901266, 217.29466951737828]"
0.141574276890779,37.151472913052665,1.0,0.780382700010976,True,False,"[0.17209915904178893, 0.4102507343636011, 155.9732685102041, 53.505647420060406, 252.0026976588011, 0.3127475618215684, 0.6618650821433036, 233.81912287924558, 109.83706722356455, 223.93657802313626]"
0.1401585341218712,37.14299741725944,1.0,0.5500644497959418,True,False,"[0.24728278690988212, 0.34811940513158596, 147.26477911392618, 62.019420642941256, 248.8990572966911, 0.36453707060692975, 0.747823478361404, 239.75386741560266, 115.36472518629554, 225.70023732160203]"
0.1387569487806525,37.15417418444049,0.9226094704350135,0.10220835568361808,True,False,"[0.146827818369145, 0.3474079364575824, 141.06041994930578, 69.21502694747703, 255.07412095411655, 0.589734707995041, 0.6405212373407353, 245.20182428112207, 121.69181383094748, 226.50518268794443]"
0.13736937929284598,37.17125914590396,0.883050918142487,0.8573017148844976,True,False,"[0.17774682418542048, 0.200900443763286, 132.87276411002617, 58.68804903824456, 252.8343069517659, 0.4675909363703043, 0.683832567903666, 247.71232789804856, 126.67184867704208, 228.61328131648844]"
0.13599568549991753,37.146578445918124,1.0,0.37279968886607107,True,False,"[0.16603103309068332, 0.10845024278829143, 136.42038574912866, 60.1396258118544, 252.02424557450894, 0.6341297201980025, 0.8221991862514156, 253.59759582177367, 125.11863963579296, 233.39744289244987]"
0.13463572864491835,37.11582988455435,1.0,0.6416412577206229,True,False,"[0.1203191912540387, 0.0903280318105666, 129.6725885407212, 60.101880211147176, 245.70324305707044, 0.6706863438021322, 0.8057574793237757, 251.3852520365806, 131.91011405033177, 230.44281130858613]"
0.13328937135846916,37.10024587691118,1.0,0.21959660445960516,True,False,"[0.19295269939453108, 0.15788292012740018, 132.9346024623414, 68.91725971215776, 246.74533899880507, 0.7294770606694235, 0.7717760909286087, 252.01403615944696, 139.4425695483003, 222.10615006996343]"
0.13195647764488447,37.05743946157692,1.0,0.6371383001609824,True,False,"[0.2648425966285472, 0.0905403506654079, 130.55808942562655, 62.24380399551517, 252.02722460032518, 0.7631325758430109, 0.8923770101774768, 244.07954888832754, 129.51434255467174, 219.82699913580512]"
0.13063691286843562,37.10068047937169,0.7182040715023278,0.8433319732110974,False,False,"[0.4284429214577736, 0.2182312175822359, 132.4697323668572, 66.55186950790684, 251.1845244667563, 0.7989585064533801, 0.8922771548481838, 244.32557554410474, 130.2454389997525, 219.35169511296664]"
0.12933054373975125,37.09233058580091,0.763545507244052,0.017246552766086776,True,False,"[0.2949319298796326, 0.18778923063852826, 136.79379951171117, 60.50757637909381, 258.19424060510676, 0.8836130048569473, 0.8947184169651426, 243.62951362976668, 124.52538582099228, 222.26461628649957]"
0.12803723830235375,37.12434133277823,0.7787920399641206,0.12143006496670716,True,False,"[0.17469549994631875, 0.2057084153911493, 128.57578947610483, 53.35177517756462, 255.52813392670578, 0.8572622585453639, 0.8070893740553218, 240.73539752338655, 127.40015680322948, 229.0634515172902]"
0.12675686591933022,37.142801997807055,0.8644702535214883,0.11346334939932567,True,False,"[0.1997236330947421, 0.17354850515781584, 133.29482484499042, 46.70930558954427, 269.02122953831764, 0.8727133584720602, 0.7988940653919783, 243.80354876254847, 125.51332805561088, 229.5124298457694]"
0.1254892972601369,37.14021870176732,1.0,0.5665653022927883,True,False,"[0.26001199921824436, 0.09208242717408012, 136.67269180884279, 42.17991336753673, 263.6918273784892, 0.5573439140678861, 0.7917028013577676, 241.24626209007124, 117.42121675226207, 229.4715521846451]"
0.12423440428753554,37.211784255741335,0.5621128665370981,0.3701594078922361,True,False,"[0.38584711823873025, 0.4902176136958026, 142.88182436223346, 42.8119220074034, 267.2774309109319, 0.6299916797925964, 0.7622202504461744, 238.98235504850837, 106.7505009602977, 235.50445896343567]"
0.12299206024466018,37.21834168478291,0.9480804923232888,0.195042349102459,True,False,"[0.4107135478467107, 0.4893949091949372, 141.35005894045034, 26.65801056152413, 265.46370177644565, 0.5150279823727869, 0.7199024849611525, 242.03131720776528, 109.31105118618422, 234.720126564302]"
0.12176213964221358,37.36590392624785,0.2976344093622994,0.140124902243294,True,False,"[0.4300587105753872, 0.3061587574680704, 142.562070619685, 25.357809906297813, 263.0388794118692, 0.5328971079482852, 0.7092153793941498, 229.47288829671, 111.4395511464515, 232.11758744811166]"
0.12054451824579145,37.36666648440681,0.993694020292859,0.862638258474866,True,False,"[0.4390996438125113, 0.2902126610127896, 143.4127728970699, 31.60135411647282, 261.0996463206285, 0.5717099820891816, 0.647000371610519, 220.09440547749122, 117.3147279378806, 233.10634488971593]"
0.11933907306333354,37.40447516558616,0.7284638438899171,0.06614558895160594,True,False,"[0.46613978161102576, 0.32273010861151374, 147.65217116439328, 32.417939233019354, 264.2005421232296, 0.7143865469339981, 0.6386591318317831, 214.35547032832608, 104.63769821980762, 232.76847919961693]"
0.1181456823327002,37.43413672281878,0.7779763354467563,0.5930988916760287,True,False,"[0.5402490365718527, 0.2787087091496453, 152.87701566759003, 12.529481040380563, 265.6021551448757, 0.8341515868231065, 0.5229153632353616, 211.7002437790607, 100.12501094283327, 233.2863518170448]"
0.1169642255093732,37.460731039714624,0.7966248799933784,0.4834709301999581,True,False,"[0.49612483827709714, 0.3121702800830016, 151.85931450721884, 9.296697593396871, 265.7069762226261, 0.8924041505946321, 0.5054007226726562, 210.7872752223793, 104.64050054628015, 228.6396926638233]"
0.11579458325427947,37.42112489366708,1.0,0.5349007009333079,True,False,"[0.6157976254646517, 0.35815851913434493, 144.53253199960386, 34.42317131687187, 270.59301090089986, 0.7979056973223995, 0.5061316387058036, 212.54209396006763, 120.58431737020467, 238.6389963007473]"
0.11463663742173667,37.46226145984046,0.6984839359356007,0.02685549928871378,True,False,"[0.5305757690447714, 0.45918544221014, 146.86549618560989, 44.50579670747062, 273.24506137041107, 0.8201649856160598, 0.3832664347098914, 213.051936061485, 121.72090596093331, 238.3907173715422]"
0.11349027104751931,37.45733293143829,1.0,0.4609069394534562,True,False,"[0.5012263248427101, 0.33230181157141037, 149.24734885830483, 42.344272529302835, 273.4998822646388, 0.804496916669671, 0.3264815708712, 210.68433214462914, 114.95897714080336, 237.9097667565851]"
0.11235536833704411,37.425247364044196,1.0,0.09133424100673204,True,False,"[0.47153836581834196, 0.21483559938546026, 147.67664169767826, 37.16780717858735, 271.35439937839453, 0.8190804833818595, 0.40169318423926353, 223.0522355813856, 123.38413479574109, 231.63889599541588]"
0.11123181465367367,37.42917929882621,0.9652684669136982,0.43210909895374483,True,False,"[0.3570921258018971, 0.2452895330714363, 150.92861977367545, 38.54703852914088, 266.24536774156854, 0.6861139538203554, 0.31714677095693533, 219.79568059032368, 114.84405911026036, 232.9975512669226]"
0.11011949650713693,37.440715318757654,0.9005414321068063,0.34411061293910183,True,False,"[0.33994299045967463, 0.3400924247717767, 149.85955902832086, 40.30322624729888, 274.3389293510873, 0.5815483222723523, 0.2077987716793631, 223.60781012077678, 117.45323236271237, 227.92565333080427]"
0.10901830154206556,37.440869826996924,0.9985837350340446,0.193268100753342,True,False,"[0.21670446811769023, 0.27162074830314553, 149.49797095520103, 20.68454030860675, 281.4467047927964, 0.6155479287179692, 0.21969707874236566, 225.9377026631616, 117.46439182117834, 227.52358978042378]"
0.1079281185266449,37.46197577529782,0.8223776156168707,0.579495796680687,True,False,"[0.26209318454176445, 0.2245469460277938, 150.99522988339677, 15.948196753623264, 282.0130019889093, 0.5536087647230192, 0.17707989941620977, 225.2520568620652, 105.20723916079426, 237.82955444277084]"
0.10684883734137844,37.42053573080462,1.0,0.7202950104500841,True,False,"[0.33488556433351224, 0.08920098460114909, 138.27164922454443, 35.56514325742836, 284.05833505780475, 0.5201954572288119, 0.1739899843406362, 228.87766473614255, 99.97085096593572, 236.44274385729025]"
0.10578034896796466,37.235732016730964,1.0,0.5392576651689569,True,False,"[0.2877681879815437, 0.1882735314993766, 146.25373119181106, 41.00845388115616, 281.25434617144975, 0.5882542349333612, 0.16827065636248364, 239.399914343708, 87.72014836043373, 237.45747784831647]"
0.10472254547828501,37.24284078515189,0.9343707889432247,0.754922718755776,True,False,"[0.2744918494998332, 0.4528942328136231, 149.55567513845455, 38.24496666862791, 279.12041150700986, 0.6420390101234962, 0.21573930907636024, 238.37607999178425, 82.6358252287665, 236.82172953675064]"
0.10367532002350216,37.4418668698822,0.14665014046654373,0.40077208314390067,False,False,"[0.27024503263735916, 0.6024435341223038, 152.52068515566236, 33.15391709380829, 279.13138453664305, 0.5321180100241056, 0.17001620258006556, 235.56334573552547, 75.08771753586511, 238.36347445919776]"
0.10263856682326714,37.248888038215746,0.942784129543651,0.4983852268060338,True,False,"[0.26587097897014345, 0.5346412995401515, 154.2465867436082, 25.975023190493104, 273.492714254136, 0.7458351283208363, 0.3569055468339684, 242.2858065362613, 75.94381907876057, 241.92763770652016]"
0.10161218115503447,37.26950408717307,0.8163684103761392,0.7968825972683834,True,False,"[0.10380898864359722, 0.38293948886912454, 156.24954664038037, 27.401211777027694, 276.4997504415036, 0.8573393148231682, 0.48174542199920395, 244.71679549031344, 70.09176525122332, 240.7582206460278]"
0.10059605934348412,37.48046614286178,0.1228095528501261,0.13479352989059556,False,False,"[0.3316224232832289, 0.3657561113369442, 151.96304748683244, 24.920727322461637, 276.6924208438388, 0.8539252345160615, 0.5692701645887653, 242.10389216872943, 52.372114298019824, 244.14294873106607]"
0.09959009875004927,37.473682058797365,0.12871129013313792,0.785764981872748,False,False,"[0.14670941914355842, 0.36777571081384447, 147.6514045693222, 28.03931406136303, 270.9526477002379, 0.6303696447836635, 0.45368548137856274, 240.64948403227643, 77.1754955319902, 245.4643714241545]"
0.09859419776254878,37.23981297103389,1.0,0.056652538786447604,True,False,"[0.2940214980364261, 0.30157827245256574, 161.2923828358301, 52.57006683785721, 271.0837243502572, 0.9107937887456979, 0.6935488444951297, 251.94387114038554, 64.28240783982265, 244.0687523335344]"
0.0976082557849233,37.2431874088885,0.9660195237657326,0.8870116517694959,True,False,"[0.3023632207066423, 0.32249866120994747, 163.0073949941292, 35.422614184879386, 269.4848226145589, 0.7558140223171653, 0.7093114297273352, 249.558760175416, 65.04108583256428, 243.43102244187637]"
0.09663217322707407,37.50064934867997,0.06964460129379099,0.2587019967421321,False,False,"[0.2935639572253189, 0.37747409999164866, 161.90388668904095, 36.95946900714502, 270.3347459103385, 0.8667898111870842, 0.720928896469622, 246.5330436322179, 73.4878702938252, 253.6948870937917]"
0.09566585149480333,37.24618598819485,0.9691418384976974,0.8119353897932913,True,False,"[0.3246445169596892, 0.3271574614550035, 167.67771615588455, 29.31210195073111, 265.43519076271184, 0.7637357294249663, 0.68398352787311, 254.14431373546796, 57.50525742226979, 239.35421738159417]"
0.0947091929798553,37.23446065154397,1.0,0.0026210225029820178,True,False,"[0.38481367717758663, 0.27147416255177614, 172.9198894112394, 15.666954414049549, 263.4372747786856, 0.5699567671686315, 0.6056712497471528, 246.89769570795295, 64.23034688674909, 231.576092849234]"
0.09376210105005675,37.220073205955366,1.0,0.36578522562103066,True,False,"[0.34960948384213436, 0.31193466475331966, 173.13258278468535, 22.663211458702598, 263.9941452869111, 0.7018579783169132, 0.5865702284930006, 241.7387071290935, 80.05257186160333, 237.5540192322571]"
0.09282448003955618,37.27537653377973,0.5511303826677297,0.7418461531704157,False,False,"[0.4784575810656454, 0.485307681487152, 179.6777200200866, 31.78242601849962, 265.6661108020058, 0.7344718498666157, 0.5453345003047066, 242.3742815466587, 67.66338637196947, 236.52699855226072]"
0.09189623523916061,37.476001495434865,0.061730919955806825,0.37558332520808,False,False,"[0.1493079733614891, 0.41147414603284077, 175.61357031593565, 17.70218194917214, 250.93615556393237, 0.7776957291081905, 0.5322214664859664, 236.66274223358096, 68.39860026581778, 247.96649552331198]"
0.090977272886769,37.232906149584494,0.8684401676815321,0.5945418530061155,True,False,"[0.24516742392053686, 0.3684476260733177, 167.2647388699865, 22.320434078167565, 264.51683002671973, 0.7635152065059118, 0.44945278305625924, 246.17676295088944, 81.9022567437167, 243.58939591881105]"
0.09006750015790131,37.47233681236325,0.07006394648827625,0.40753609561211945,False,False,"[0.13721852625821052, 0.33365518156634333, 158.5842869073384, 28.784811037700138, 266.88900481758884, 0.8036525046473567, 0.46523467760194614, 235.66450457828708, 77.98229227597415, 236.01976048091495]"
0.0891668251563223,37.47305921526326,0.06765725937666711,0.1901800044128571,False,False,"[0.24178892646445, 0.28964382820199197, 165.65091015041742, 12.237989934844673, 266.95671709542717, 0.7543329250347854, 0.34061448865890276, 247.2619925455908, 89.2674661717068, 250.4935130215224]"
0.08827515690475907,37.274313144836924,0.6255854391159222,0.15803819632646543,True,False,"[0.2980219634799365, 0.45104449592434015, 161.09835728376467, 21.766248778508565, 260.0703926766418, 0.6484538276308063, 0.3742061890612621, 253.01926350644007, 89.46520907224263, 244.5262338620327]"
0.08739240533571148,37.28680622066164,0.8667941199004608,0.039570683049485966,True,False,"[0.337116845478269, 0.40750835464085594, 164.23335165860541, 36.42759373540856, 266.66907674397874, 0.6618671102176507, 0.36215475501162375, 259.1514600503155, 93.79844209847077, 247.4210650860386]"
0.08651848128235436,37.26544693862934,1.0,0.5318437055547315,True,False,"[0.35280931328528253, 0.5665511081709776, 167.66931487221194, 46.68016629458795, 264.5692387542252, 0.7419174824275891, 0.429637122441733, 255.83583103226457, 101.76792004345695, 245.3142245175338]"
0.0856532964695308,37.258094775060286,1.0,0.589699018691054,True,False,"[0.3487568730224132, 0.4917330470329957, 176.3928106714585, 42.968560634287506, 257.00975539941055, 0.7458434420535464, 0.44553623429278766, 248.5201408232393, 94.88573869278515, 240.5309811025991]"
0.0847967635048355,37.2097865093794,1.0,0.6426271170597224,True,False,"[0.3108642137893827, 0.5201752911488281, 175.86326009464605, 51.54290587884807, 265.18684312511874, 0.7313803846798279, 0.40142908602512917, 248.9947534064323, 101.49273456537956, 243.56466729832928]"
0.08394879586978715,37.199907908569536,1.0,0.4425197871259302,True,False,"[0.2552693081620822, 0.6435203664111533, 173.62166816696117, 46.65943831919724, 266.09323535899205, 0.7141940033744449, 0.3106587592832197, 251.48842757326446, 115.2053859378616, 239.86519729114397]"
0.08310930791108928,37.16266029664944,1.0,0.2632820416738153,True,False,"[0.4319427126939245, 0.6598577695950267, 172.43669816647792, 44.02804858993335, 269.2534894415664, 0.7820146829897971, 0.33228123683391386, 245.2549792531548, 118.08610973748479, 237.50287318258248]"
0.08227821483197839,37.40900226854772,0.05008608201026901,0.08948638552138366,False,False,"[0.6132670920270542, 0.851571208808232, 163.66332083630658, 52.94581045359067, 270.1476027340862, 0.8333855725031492, 0.5027154804586503, 241.66259982907147, 101.05830387489797, 244.93051452479452]"
0.08145543268365861,37.436356159727886,0.034732867054711535,0.9174951469239193,False,False,"[0.38291035043796157, 0.7076330463668635, 177.13904218343478, 20.6218823416203, 263.9975721523024, 0.7717983209564981, 0.33062851871998167, 243.61018542197453, 99.44873597502303, 247.20491217678776]"
0.08064087835682203,37.43213582819932,0.035377683681824666,0.38941585832035897,False,False,"[0.25459848165905513, 0.6809113178443874, 164.55369138078157, 44.64194195795759, 270.90723144336573, 0.7236214940822654, 0.3414307870960564, 236.2514159249189, 139.46549063060883, 239.6632379482347]"
0.07983446957325381,37.43332123976666,0.03369935054892979,0.04853129834639591,False,False,"[0.34765129157674596, 0.6163422684419431, 172.399964390613, 59.61690839214573, 267.22906627348846, 0.7939173957927417, 0.3425540927324352, 240.39073997934716, 127.72086392086052, 240.92546898971622]"
0.07903612487752128,37.22369627253432,0.46197054022881984,0.906127831300161,False,False,"[0.3953399666350095, 0.5992634936578246, 162.74393744819096, 48.756177835129904, 274.6612667350727, 0.8031412755111038, 0.5703389801402325, 243.664163145268, 115.17375651680051, 236.1372616912418]"
0.07824576362874607,37.23297688676525,0.4071135162041113,0.8610798208593335,False,False,"[0.32759422152484324, 0.5753149352369957, 169.11390341940415, 41.3914612854441, 274.37745436294097, 0.8923181791972002, 0.35375489425197953, 243.74537014633788, 115.32911581879013, 242.83454784897913]"
0.0774633059924586,37.24084531344116,0.36446789584722156,0.9563119251572947,False,False,"[0.4192430181858238, 0.5415922066261647, 171.0070890892927, 53.297319530556585, 271.03632026556033, 0.8201623953149785, 0.3548861208745948, 247.26902232041263, 114.60023384484879, 246.00759031109325]"
0.07668867293253401,37.12608501766414,1.0,0.023995631702417586,True,False,"[0.4371314911418891, 0.7601845761607086, 166.3632384430584, 35.21743108196405, 274.3364090800103, 0.6740460745594332, 0.39231338423440615, 240.48850825662714, 125.46867345035145, 232.98476665896234]"
0.07592178620320866,37.15966427407849,0.642564876583023,0.7072861382611365,False,False,"[0.33054599671540286, 0.7240035055952663, 167.34353894076403, 25.907414989676653, 279.34046362207727, 0.6656333208116588, 0.26639969200650954, 244.51205952720795, 117.30743206346267, 225.99159482148764]"
0.07516256834117657,37.09075903350091,1.0,0.8056313227856774,True,False,"[0.46430314138938017, 0.8819298546539742, 168.00554753164673, 40.18332105760605, 270.92403766979345, 0.64485827501698, 0.5129642297059078, 240.04985499317402, 121.85711491464436, 233.57978945934224]"
0.07441094265776481,37.20169005789569,0.22519487758935905,0.7520960231046565,False,False,"[0.5664026609414803, 0.6602828710814399, 169.65374671173998, 43.801672907854936, 262.79319701682846, 0.5407263265983125, 0.3521031741898234, 244.96152418384906, 127.08163463226762, 235.25067218675585]"
0.07366683323118715,37.18279085628736,0.28670601188089545,0.8097843232722807,False,False,"[0.5572823870462268, 0.7746603829406701, 163.83209111248465, 33.335472492083596, 266.17135751691853, 0.5291526272700037, 0.5525009110288983, 237.90381283244224, 115.88156110419757, 233.0559767953453]"
0.07293016489887529,37.37618500634147,0.019966710940137574,0.8196235632464032,False,False,"[0.4591602313160085, 0.8176451969645794, 171.8188295280635, 35.546576168306295, 273.43414491352877, 0.6375780639003192, 0.46766336160546224, 235.63236959729684, 122.36689226031558, 248.01460127289835]"
0.07220086324988653,37.3540103083104,0.0260927978748077,0.2507502337967624,False,False,"[0.49289194898741995, 0.8013034360439315, 169.36809172295506, 38.33845056347999, 259.41156053086905, 0.5779386292631634, 0.40418089907416005, 232.10781717279784, 120.17422788557116, 240.08651381281558]"
0.07147885461738766,37.09297331659226,0.9694967507716894,0.8690144912385583,True,False,"[0.4576202124005329, 0.8751450960806275, 172.33273992737432, 53.51956231446036, 272.8932480386845, 0.6224573381519666, 0.5915212480278477, 239.20288905518356, 127.02407921243156, 235.33938525884193]"
0.07076406607121379,37.146138647088506,0.4717509575209569,0.6791177401160863,False,False,"[0.30775717069790004, 0.9025154366613267, 169.06123570095923, 57.975837982450265, 264.99244863674136, 0.6730999983186746, 0.5301097615141724, 244.13099266276762, 124.74354272063344, 236.6471502537274]"
0.07005642541050165,37.05738218168792,1.0,0.15935944321218365,True,False,"[0.5437498306721209, 0.8700810341904391, 172.23523476203894, 61.21602815522741, 268.1486787673851, 0.6728765517495224, 0.6328493775045065, 238.6037228382199, 139.47522856843986, 232.2638774883823]"
0.06935586115639664,37.08722000691666,0.6503702497203473,0.3342983371746927,True,False,"[0.5555866092203036, 0.9123166338806539, 170.03095630625208, 43.88614600047197, 265.46657697263737, 0.7891096590406279, 0.707080231450291, 241.90473927060145, 132.71662419712396, 229.17757967296134]"
0.06866230254483267,37.18222530412241,0.25065940133197706,0.5840260592648547,False,False,"[0.6980955193198304, 0.8747876787398514, 168.63204685856113, 48.27733272271882, 273.58623496451156, 0.6807603422819271, 0.573129036898314, 246.44026248138974, 117.48248639577855, 226.94316268628688]"
0.06797567951938435,37.05404181578877,1.0,0.11391519487236268,True,False,"[0.558255842626009, 0.8815066419330853, 164.3068975823644, 41.70137561064548, 260.6722449836329, 0.722730952890639, 0.5490225779079453, 244.44480602651743, 152.32738899739417, 223.3683408935552]"
0.06729592272419051,37.15848700474387,0.2118178684913722,0.5432683862863948,False,False,"[0.7232012933967026, 0.9035627043049409, 168.21477356257515, 49.73228980453026, 262.9922782855918, 0.7706973826045512, 0.4918543865725667, 251.08195137870638, 167.5104340616482, 225.23221406174963]"
0.0666229634969486,37.098598297305855,0.5123303518530747,0.4014849196252721,True,False,"[0.7258376255086045, 0.8634542918974573, 170.5950268501116, 54.4257917621441, 256.5612746617446, 0.8422516712249359, 0.6150661827706364, 249.85312844120435, 153.65905398148448, 220.1589405888138]"
0.06595673386197912,37.29798965924159,0.048651968777255944,0.5571909557399142,False,False,"[0.8429954934127831, 0.9103422521606965, 172.22555353159038, 53.723045774316674, 247.3932885712006, 0.7765066630979977, 0.6967338757572994, 251.73805946647266, 136.8413430320158, 214.77131452025407]"
0.06529716652335932,37.09306891227146,1.0,0.45332053813907236,True,False,"[0.7044244610687957, 0.8395497972817865, 172.3209083872329, 55.40718946099441, 262.1176502852773, 0.8615692725103085, 0.5285769924629357, 244.40561187393422, 153.3446735814817, 227.8830380192905]"
0.06464419485812573,37.14831789417458,0.42542666470391216,0.7968974331848047,False,False,"[0.7245777635327494, 0.8197563253164909, 172.21414353406172, 67.65237516125363, 258.02383687498354, 0.7968512586011663, 0.5509403980250582, 248.33247269935313, 153.44847557301745, 217.10425818132325]"
0.06399775290954447,37.09262280079444,1.0,0.7648515059697402,True,False,"[0.6026115374349883, 0.641310991343478, 173.88728490424697, 60.395785315603874, 266.3007006861751, 0.8898896802694158, 0.31386282829510015, 240.4511815823491, 156.01746232556906, 230.99933335987959]"
0.06335777538044902,37.064849784836255,1.0,0.8247433087266343,True,False,"[0.6424346024055186, 0.8412900688051351, 180.27961520967125, 44.84682646017067, 257.02896772685955, 0.7847427098995392, 0.20610230490377002, 238.24412433683398, 147.45725221018245, 229.90568338181617]"
0.06272419762664454,37.04336962721859,1.0,0.7195014592700469,True,False,"[0.681627602292423, 0.7047545360910364, 183.27752848937135, 49.32301938134003, 248.6188544968981, 0.6801493960925248, 0.3210089566027481, 235.87222831296134, 161.37225730457348, 232.69743200888908]"
0.062096955650378094,37.43995128303525,0.0016841553452871393,0.8563831578864225,False,False,"[0.8769845737001636, 0.6947136141408395, 175.01021453375492, 74.02302693316554, 248.91149668736952, 0.6012457004661494, 0.3809491241243684, 229.61782205136504, 148.03148524326414, 237.47633713370817]"
0.061475986093874314,37.38788044529874,0.0036831382307249082,0.4501633290964584,False,False,"[0.7576167704411653, 0.6006025767346416, 189.58116895802183, 45.55641031778369, 245.3519786325699, 0.6792259499291118, 0.2689469136467564, 238.51085054043222, 159.0753006841609, 240.79728995398568]"
0.06086122623293557,37.142212891822865,0.19709368058342142,0.35005335122968395,False,False,"[0.6311054253423087, 0.5703018329708158, 179.20435155023748, 59.15398046572147, 246.12821987089487, 0.7709463208792048, 0.2784101365102535, 232.6330597515224, 145.44476907793603, 231.67540047013378]"
0.06025261397060622,37.06018143573102,0.7565232136019471,0.9357010717680265,False,False,"[0.7444057269487182, 0.6756389505530386, 184.52196095679756, 48.89216250579313, 248.26526759691185, 0.5766282121629087, 0.12301116569111517, 235.18850615153767, 167.857917089335, 233.99187926324748]"
0.05965008783090015,37.062928415979066,0.7204407970074819,0.009552453305812336,True,False,"[0.560137548641666, 0.5961318129479445, 184.18342158666673, 45.684661805531405, 252.28872401870223, 0.8372565433775886, 0.33793308415607654, 235.08495226683874, 173.5521291016762, 234.34724985429946]"
0.05905358695259115,37.42662382868947,0.0021149262512587842,0.9620944771637795,False,False,"[0.5114224345634775, 0.6046827451044284, 182.6026794289083, 31.80859456043969, 249.87056652662042, 0.8251428973040493, 0.3785667525238199, 236.04322381517642, 156.43005014242345, 243.78391876498398]"
0.05846305108306524,37.00559955996579,1.0,0.9902156452590901,True,False,"[0.5464628371338474, 0.7982226726436983, 196.5312620379872, 29.802712399733238, 253.61466195465098, 0.7128270196199352, 0.41521016804403577, 236.40895766911316, 173.53811937848047, 235.82251503034595]"
0.057878420572234586,37.33360461529894,0.0034577436922962708,0.49713287079954427,False,False,"[0.5488567740506125, 0.8507684959388707, 196.19309938276018, 12.620542822506899, 251.71656826653043, 0.6757374632277359, 0.38052592597113616, 230.0741576895462, 157.32756782519627, 236.66287420296746]"
0.05729963636651224,37.086294729724344,0.24455828764217946,0.18663458439518543,True,False,"[0.5341962801587126, 0.6411071158238855, 197.41820569585383, 14.756843476948138, 261.4960039576563, 0.6334500782461836, 0.24733256382982255, 240.0576753829151, 175.0230293820961, 235.9452435230916]"
0.05672664000284711,37.3421478627274,0.010995361048087791,0.7171274274922391,False,False,"[0.5275441877700242, 0.7953614508488316, 194.02519256677115, 16.906661900367926, 260.86256470221974, 0.6665206765718079, 0.29364324911772144, 235.54726577185318, 176.24248570562457, 237.4786367177573]"
0.05615937360281864,37.09695017893041,0.8271775639875355,0.3668929250219214,True,False,"[0.32413796600665473, 0.5923076475068665, 193.19146669415295, 7.698597129438824, 263.5987272761223, 0.5832943148258116, 0.282967645922164, 241.97035913087183, 179.88593506365663, 239.52053570332387]"
0.05559777986679045,37.412966223503666,0.003400037655338815,0.6373986177115133,False,False,"[0.3481253361973368, 0.6893627801104779, 185.95345561545903, -4.548140213530623, 256.9606606905561, 0.7046874052251877, 0.3924101351853137, 243.38914775362161, 173.98803194763707, 250.0282364588884]"
0.05504180206812255,37.413317966674555,0.003189876519087863,0.5019737049490016,False,False,"[0.3405482890894011, 0.5331982095942043, 200.27095288586904, -3.2201744448529297, 265.349366499725, 0.6065167653893299, 0.28464389533438184, 232.58205115036782, 181.64103964193868, 244.4476685782038]"
0.054491384047441326,37.12785313128704,0.5671585954049576,0.7116228155618279,False,False,"[0.2622072874995569, 0.5741461422005368, 195.33122527052902, -1.5467934177602256, 267.555610024217, 0.5208430241088317, 0.3428225954945006, 245.28120822253715, 177.82977096554302, 239.8881924279731]"
0.05394647020696691,37.39346633993219,0.004101146762035544,0.3116421823830874,False,False,"[0.40226207029882466, 0.6248481117273982, 191.95310813055931, 0.7919389667705117, 264.01692920486704, 0.6763793135450853, 0.257610170478491, 239.28867058821072, 177.5662141207628, 241.23138562097276]"
0.05340700550489724,37.1809540542407,0.20744273948405,0.9996923413631644,False,False,"[0.22718930177060268, 0.5181849010332686, 196.77168073250144, -0.963187045072516, 258.5151061628913, 0.42170950265983576, 0.3365469835571396, 252.615694271293, 169.01668972652988, 243.60275187230036]"
0.05287293544984827,37.430847318746196,0.001808810012266816,0.8815119422791512,False,False,"[0.3421216472946315, 0.5742712072147881, 187.79688151627374, 15.512096040123721, 269.5371899245305, 0.6927411958701691, 0.37158342366685326, 238.1250592725677, 169.75529047700496, 243.936733227168]"
0.05234420609534979,37.406343215446135,0.0027101783447612557,0.5831882995427549,False,False,"[0.3033618828160376, 0.6406110564911898, 186.2054905031052, 24.641359614325438, 253.01749223644975, 0.7657934763579227, 0.27904031166140525, 235.67576836793273, 174.93167517707488, 242.27539663002761]"
0.05182076403439629,37.11085877139399,0.7646033635511233,0.917606494015884,False,False,"[0.47836690561039086, 0.6495130264365544, 192.0435642654627, -5.601324855229247, 253.52371219767855, 0.6909161660682269, 0.35094715708939406, 245.14156240070326, 175.53977871016085, 242.6424075814867]"
0.051302556394052325,37.10650850269017,0.8300139125740709,0.11697323529807002,True,False,"[0.23174677962199383, 0.724950877463128, 196.24022009047602, 20.073606098518518, 261.881114934169, 0.559180707112389, 0.3812275226230164, 254.02449774866994, 180.37942770687667, 241.855081959931]"
0.0507895308301118,37.11423024725621,0.8589589228212047,0.21544371415753938,True,False,"[0.2567683783202298, 0.7515612093387809, 197.20723336646057, 13.059350292238648, 264.4390801204831, 0.5142269396342039, 0.2916708271793469, 260.924781582089, 186.05982666978497, 235.88607678298337]"
0.05028163552181068,37.147175154275516,0.5193342656495169,0.2873836303429027,True,False,"[0.24358970688545212, 0.8276190076004993, 192.89154448103636, 14.192313083734533, 271.2278552356272, 0.6841770682540353, 0.225465683317363, 262.77533712725193, 180.03629935810056, 239.31359278198914]"
0.049778819166592575,37.12901180105007,1.0,0.5295296428385629,True,False,"[0.22901640004382018, 0.8164497231046199, 196.4012857974959, 13.433084703173472, 269.8503275034776, 0.6726928658847906, 0.20198310082674786, 271.45146267010387, 188.98775311356982, 241.15972922855886]"
0.04928103097492665,37.19243018330909,0.27613315932008586,0.5557997935408489,False,False,"[0.17716737953622194, 0.7188305091191622, 195.82208765793305, 20.398121149617495, 273.60026213195124, 0.673109423398387, 0.3329728175978419, 269.2470556943193, 189.8177230875542, 251.7967985870939]"
0.048788220665177386,37.090509267252834,1.0,0.444784789738331,True,False,"[0.3692020648778967, 0.8072863857907804, 199.14387526925518, 4.479892520441755, 273.96789948490823, 0.5401857952153354, 0.18990680908262922, 276.3688639370588, 190.96086375982264, 238.5246927323226]"
0.04830033845852561,37.15739259051925,0.2503893455783842,0.8520662640084113,False,False,"[0.19600104167043453, 0.5928219934054179, 195.8813877175983, 3.9700826020775715, 272.2290568100363, 0.35052629478193686, 0.32666487712317593, 275.0441256809639, 169.92646700791516, 229.22600845786968]"
0.047817335073940356,37.16593583097872,0.20651349232491611,0.9712711295513222,False,False,"[0.355973624127975, 0.8240269930930041, 189.37086664911547, 4.538383739089684, 290.88721430811967, 0.5263339499289138, 0.17419146443117392, 266.90623375588893, 176.0874442120499, 241.73662873369383]"
0.047339161723200955,37.09513402377907,0.9069262953091287,0.7121195103434581,True,False,"[0.3238406746284793, 0.8422552341079654, 193.66724459414198, 1.8380879613973473, 273.68361195262753, 0.5639751581911876, 0.34970887097802783, 273.0947306882001, 194.2081825944726, 245.8423646587892]"
0.04686577010596894,37.072506467401155,1.0,0.7249598244766325,True,False,"[0.32334034911852705, 0.7068526175393499, 196.916628532706, 11.415832565893638, 279.7887231253809, 0.5940656569182312, 0.33316901878580235, 256.2642816023861, 189.82793466925673, 254.71849560537544]"
0.046397112404909256,37.33038320336854,0.0038563498933653945,0.7890544034446416,False,False,"[0.420957823061982, 0.918898894485316, 200.44083504464595, -6.653878897760396, 287.63369357016916, 0.5083128328126102, 0.41712729971713347, 249.85341377762703, 189.68823524956628, 254.24460847028735]"
0.045933141280860165,37.429878717454855,0.0004178992452187989,0.6563143370781976,False,False,"[0.2796962334096198, 0.802855293181959, 188.1388247498911, 22.443547286294372, 284.8628504315208, 0.5772940590582487, 0.3020271884070704, 250.57799792841985, 187.70631815166445, 260.418365700976]"
0.045473809868051565,37.16887854925411,0.12011716825543495,0.2497044805117642,False,False,"[0.24981062749119293, 0.873222009650574, 198.56557060165235, 20.568921139211614, 279.95586663938354, 0.5336947424088325, 0.20326044072221192, 261.651719823027, 182.85782728083507, 252.4568653971416]"
0.04501907176937105,37.434510677458796,0.00032194493611640814,0.5021798947262752,False,False,"[0.266190134247669, 0.7292145678561913, 194.60401740803277, -4.955078366342718, 268.8503418283111, 0.5581650216372136, 0.347618260067593, 254.9055361946999, 184.66572725546268, 259.2432050153953]"
0.044568881051677334,37.431834356467185,0.0003151995986986479,0.7604399689384088,False,False,"[0.3858921433906516, 0.5624839802232546, 193.73553523414543, 5.938826858393288, 288.2014031637515, 0.5658979938944622, 0.31537438153568664, 246.34940662238853, 188.66706908367624, 260.10891952667043]"
0.04412319224116056,37.10012815637077,0.5347195192850811,0.5604488420436966,False,False,"[0.33883655023066384, 0.6431211155837285, 201.01589811287917, 11.016526469804084, 282.15293466738046, 0.686279353669071, 0.2997423294161506, 254.04492039223072, 183.01248043702046, 247.53091825300822]"
0.04368196031874896,37.44531659190405,0.00019653946725638058,0.9392645928849408,False,False,"[0.2378454288350887, 0.6905971352526119, 203.9608432606073, 12.429635800253966, 283.2859283006737, 0.6771659245204689, 0.2919508201550314, 251.49979904987947, 187.70742042214775, 252.30727804045375]"
0.043245140715561466,37.11945530982244,0.3376841310521942,0.4137448626258222,False,False,"[0.2702661023142646, 0.7921985059039587, 196.43329238807155, 9.788191908546457, 273.2666452946719, 0.7817917241903999, 0.25527719862816745, 260.9854920589642, 176.79851331597862, 246.9237972956712]"
0.04281268930840585,37.39541165779305,0.0005301886528426373,0.5462708855986519,False,False,"[0.35135322607204456, 0.5951489546350898, 199.3535337985986, 7.0245697366303315, 283.766755239699, 0.404174853038613, 0.397998776783588, 251.3166048784597, 185.10373244702262, 261.97663755624995]"
0.04238456241532179,37.04265076815249,1.0,0.2601955421163322,True,False,"[0.5166038330405955, 0.7672482847895997, 200.19991495054336, 17.508141878170917, 280.36634048416516, 0.6941977170252306, 0.23401306915476894, 261.58923199737796, 192.77798006086215, 253.343472239198]"
0.04196071679116857,37.0669326879658,0.5606366882476362,0.5184373561597608,True,False,"[0.48915172373675286, 0.7050356616562599, 204.31005067645137, 39.72052066649219, 286.5215175591915, 0.7497395950417841, 0.2564638736631235, 269.3987505356053, 194.07862870529652, 246.77678843957995]"
0.04154110962325688,37.13861143167453,0.17808587783213622,0.30431497894557635,False,False,"[0.35162286901064066, 0.633427999628625, 201.70808114115073, 42.75527867050481, 285.7991303346093, 0.686546764502652, 0.24129491165137032, 271.841908698094, 173.3890162161376, 242.97529735516034]"
0.041125698527024315,37.138552271695296,0.17526081293378631,0.5474968298377488,False,False,"[0.41764064926226946, 0.5934224761412674, 211.12697231912858, 39.90626634805896, 283.8733162494646, 0.6461617377685068, 0.525367128947225, 260.40100895249986, 195.28456483822313, 255.01758398963437]"
0.04071444154175407,37.16107422793705,0.09903920467284051,0.2755920292772913,False,False,"[0.7005401068353083, 0.664202420363893, 200.66589464219462, 32.556631672961004, 281.72157211914987, 0.7412154944609051, 0.12565837289188986, 269.9782046145595, 191.82782114994623, 247.84955787489173]"
0.04030729712633653,37.12687513609025,0.22601896107343503,0.13292673658176823,True,False,"[0.462290585100675, 0.6168817624007448, 196.28735691944763, 32.08201216982123, 285.8201545934375, 0.712753812326095, 0.17979284518386712, 267.74422317635793, 186.89655384356962, 238.45364784239703]"
0.039904224155073165,37.12490332278521,1.0,0.7590862044809915,True,False,"[0.39682741989027126, 0.7165635173309018, 197.56682730685156, 26.441683166418777, 284.68875139086805, 0.7409273725524558, 0.2860116524987638, 267.08529224576966, 188.9249445434994, 245.44119394214044]"
0.03950518191352243,37.06570531253997,1.0,0.1506326426126643,True,False,"[0.4793022323799792, 0.7530811819788177, 195.4881331432997, 33.80868262321433, 288.5245941596067, 0.8374875918231659, 0.3847483132390524, 271.5741681912458, 194.7320246477755, 242.27520529846916]"
0.039110130094387206,37.05756608154828,1.0,0.9696358333985033,True,False,"[0.4961405108034402, 0.8841734323213719, 205.39284625570176, 40.598241779572575, 296.01441901139003, 0.806499786914694, 0.4128023920146754, 264.57193796472404, 182.88451742228906, 247.03498089866287]"
0.038719028793443334,37.18745146725962,0.034924661062299224,0.4607641221811779,False,False,"[0.5628173703805173, 0.7060782214629998, 204.38861931302188, 42.8479775066826, 294.85831968149853, 0.6956677122108491, 0.45286726113256104, 276.96373742751956, 183.32167861767144, 245.63120279956783]"
0.0383318385055089,37.15914071839659,0.07065994125312552,0.6349527249417721,False,False,"[0.44961552423194673, 0.7489364983489024, 208.76574523481457, 36.69720140580834, 300.91825157101573, 0.8071606271752637, 0.41709536508474715, 271.7789614389734, 182.76962084770065, 249.44969238487806]"
0.037948520120453806,37.15204894415145,0.08292952830681133,0.4425221799616875,False,False,"[0.5420127617079706, 0.8241382052197234, 196.31630560808065, 51.34980301913644, 298.22340867374805, 0.691753381182781, 0.4865609004942684, 269.5832580051389, 176.65402995687688, 245.3038933203519]"
0.03756903491924927,37.10864008600544,0.25679664803356156,0.39914142105606243,False,False,"[0.5496995005444034, 0.7018138979480382, 200.53186023291542, 43.48284101922363, 290.3041670309967, 0.8786647786061322, 0.420995451479439, 260.34519956427, 187.29431446647774, 240.8752160785214]"
0.037193344570056776,37.12768349264657,0.15179658288201978,0.8617224949804455,False,False,"[0.5823174107816533, 0.8157879302428078, 207.11969751848528, 31.048094253118684, 297.09000522715166, 0.7141271168091446, 0.4903275669443556, 260.8614458451097, 175.7980628413031, 240.95586127322412]"
0.03682141112435621,37.20416066164112,0.018662632886404087,0.008190233911284928,True,False,"[0.6350050889973531, 0.7545462128728999, 209.42302309536288, 38.03871319754057, 294.325201811318, 0.7742731987882785, 0.4313297481879265, 262.580632954297, 170.44185609671564, 247.8950860135155]"
0.03645319701311265,37.18594474755445,1.0,0.6601600270265718,True,False,"[0.76188709184415, 0.7848528653307592, 210.49853028900088, 35.234357350811464, 292.7583318583076, 0.36689093728086486, 0.357206738507259, 264.7565240046711, 172.02954687073154, 244.3893942096333]"
0.03608866504298152,37.19139399133064,0.8598511449816697,0.2861440072920032,True,False,"[0.734090568922167, 0.8214345434677545, 206.3532744016474, 29.238713891124135, 292.59569074110976, 0.2718556169656801, 0.2907091048192771, 263.0458496969805, 167.73695009879359, 246.50418941314243]"
0.0357277783925517,37.13858118554169,1.0,0.6828435150762538,True,False,"[0.7473760596995096, 0.7534112948834106, 199.64320041626408, 55.67541563924803, 291.3204578276306, 0.1923647397199149, 0.4072460108463911, 262.24074709215313, 182.07758201559528, 248.55604981135912]"
0.03537050060862618,37.15154249455806,0.6931949290052388,0.8228869236957765,False,False,"[0.7590515825114216, 0.7012542077440352, 186.994721357436, 51.053058219054456, 303.4127023004708, 0.17240512297336158, 0.30259616175563003, 264.7532917463435, 186.90190841162837, 251.43170496583093]"
0.035016795602539924,37.1808878556101,0.2987398275720588,0.9645152613430898,False,False,"[0.857660777417306, 0.7711609298118235, 211.4098160957519, 53.0993486218575, 286.8757167477465, 0.33251099872481416, 0.49604770903536977, 267.9901732510195, 185.66228815088397, 245.32087158889888]"
0.03466662764651453,37.16825328034808,0.42488923177818094,0.3420088505202715,True,False,"[0.6426222716170896, 0.4040786316097743, 203.79560763727622, 50.43584497481957, 295.78035497419177, 0.11981919591482255, 0.36499183219070225, 256.65886551630217, 169.48187436197264, 243.46332147402674]"
0.03431996137004938,37.14720472750288,1.0,0.4126884659932182,True,False,"[0.7445131976226329, 0.37107849570174717, 213.75243379872998, 39.40636758137214, 295.9517640117043, 0.12156346490676803, 0.4356569920093685, 254.97552987552749, 168.2356853324631, 233.9720577626074]"
0.03397676175634889,37.14726477018495,0.9982343914659112,0.3938449478766728,True,False,"[0.8474745481673249, 0.21200393208469723, 217.2161303198751, 31.30349100195947, 291.1151429299971, 0.19746832747658039, 0.38368100996106086, 261.2180393167857, 177.39167346927246, 228.7232501540638]"
0.033636994138785396,37.09936161774129,1.0,0.05838243460191417,True,False,"[0.7161383710365523, 0.2599302783146863, 219.33768253584208, 51.71937599638228, 294.8757997560427, 0.2294714108620763, 0.39080315302108626, 266.6140386492579, 174.60049911748814, 219.7879816647455]"
0.033300624197397544,37.11697979587481,0.5891558665117254,0.9543051071359002,False,False,"[0.7837689070450196, 0.41728518882277804, 220.89212387445855, 61.15118740195045, 286.8577568288801, 0.23280544219927818, 0.4018480570499438, 261.2562808961519, 167.69518619443218, 226.02668065913184]"
0.03296761795542357,37.17896314063869,0.08940875394175565,0.7143070749229355,False,False,"[0.6971707310631711, 0.2769442717010496, 228.0754299474732, 53.206110007030105, 290.98657330358554, 0.1134734158698128, 0.21393414289654417, 258.4219593296347, 161.60523160269744, 223.85244339065488]"
0.03263794177586934,37.11782704817656,0.5679250771605273,0.8579190987409714,False,False,"[0.8541381445590241, 0.35156709819547893, 219.4164390284119, 56.07799253199347, 299.5621008639331, 0.3913073200975924, 0.25850756505761996, 262.8185163731515, 170.6050212380746, 222.4206529263957]"
0.03231156235811065,37.09716964613353,1.0,0.5828863034974952,True,False,"[0.6421067490305281, 0.31002844061748014, 217.91953818991544, 59.30664425221603, 297.5303216848235, 0.15221523239285994, 0.47657835526503356, 269.7976181669861, 178.19277671448538, 219.31660551218116]"
0.03198844673452954,37.13649656189754,0.2924650860847769,0.3735759938363862,False,False,"[0.6885992840261478, 0.30753943829425034, 216.09438567487197, 50.30875670979483, 299.6682359581021, 0.2508875198673985, 0.5259925007112619, 271.199858023722, 169.45946733107178, 219.56338050266768]"
0.031668562267184244,37.16393982708185,0.12143139589391914,0.20708122289799968,False,False,"[0.6024802641430976, 0.3978269172118942, 229.31959327571155, 69.77011041357471, 299.38575317222075, 0.1151856269725706, 0.4280190024303769, 265.8618947349893, 170.26390167115198, 216.89778667056405]"
0.0313518766445124,37.113977284322665,0.5850273278673894,0.9732107605755642,False,False,"[0.6829263801043928, 0.22004239272929849, 224.28789933912336, 51.080201852850394, 295.9357495685603, 0.26787057026665007, 0.40261494304685397, 258.87450089677844, 168.5955321423484, 223.62766334740772]"
0.031038357878067278,37.12016983589446,0.47662526843226277,0.8460066311956934,False,False,"[0.523831955643228, 0.21421342818340078, 211.63405566777615, 80.12534651301209, 304.59265558546696, 0.2839456095654885, 0.25634960347153374, 262.7549302747302, 178.53132483519053, 220.38662410351571]"
0.030727974299286604,37.13327033448139,0.30886603231529636,0.9874342743081106,False,False,"[0.5168868558154989, 0.2917658369700096, 222.460034970418, 62.54404271111212, 301.1992705946478, 0.13321519420618338, 0.47057610323696863, 269.80597496724187, 177.55808571595762, 220.2741010336329]"
0.03042069455629374,37.09296608938504,1.0,0.11044027789045185,True,False,"[0.5759532577586952, 0.24318081648747764, 217.68303863040592, 39.285147583530495, 302.067054779245, 0.12685033949522054, 0.7347984938774013, 264.24580718659445, 180.9699360320603, 220.96666413101124]"
0.0301164876107308,37.104264466084096,0.6871821687579096,0.4146581662944724,True,False,"[0.5805075696592483, 0.3059987759348361, 217.0652466483453, 33.3579448400845, 300.5324991255384, 0.17846827112192, 0.6821997440975616, 267.47685766569543, 182.27083892937233, 231.13126170602197]"
0.029815322734623492,37.13272923201395,0.3849266073472866,0.2094663270634266,True,False,"[0.5948515718599612, 0.240780976531217, 215.13718938861362, 33.03429338260302, 301.64004747662796, 0.2283849040135092, 0.6514625548809428, 272.38538507825274, 183.50282776292454, 239.63977942154463]"
0.029517169507277258,37.17606443300929,0.2303546078271886,0.22451160242836465,True,False,"[0.6868000032076689, 0.2120366849707418, 208.18574749062626, 40.81903571530355, 296.77938924894806, 0.2677231944037972, 0.5059496420883316, 267.5382813957844, 158.85381128781884, 237.76750476781567]"
0.029221997812204484,37.242903755351016,0.1015407832765872,0.13812908010187508,False,False,"[0.6985739215751618, 0.20777860196826628, 206.7522927638354, 35.9863697854574, 294.78984491075244, 0.2939702903417493, 0.5084043428581738, 270.4551003020632, 143.9310761377031, 233.2804745037153]"
0.02892977783408244,37.26411201497813,0.04766808441173001,0.7281590319131604,False,False,"[0.4449541490690655, 0.2443394831644664, 204.62464589756286, 38.14307416044704, 293.15214555302265, 0.32940995076381285, 0.4906162813857851, 265.93495011372124, 143.46270870284374, 240.61566759514562]"
0.028640480055741616,37.19414521330552,0.5318990413865998,0.1754548474670765,True,False,"[0.6353200186349304, 0.11226421677060827, 215.46210304460584, 48.58671109959762, 300.8311994772144, 0.4019980486648425, 0.4210638721888505, 265.21566983361873, 156.4061662117975, 240.80071716419738]"
0.0283540752551842,37.184473940757364,1.0,0.1044158989085423,True,False,"[0.595068501085, 0.09143247359550374, 207.6652847995081, 72.32510350325013, 303.20587525484154, 0.2639160892991832, 0.32069288239884286, 261.5256466182577, 152.17884949364398, 242.56766777665518]"
0.028070534502632357,37.224711094123286,0.23848943848551155,0.3773687492670066,False,False,"[0.6062996256861897, 0.10623024099146254, 209.20494617583802, 68.47663888163191, 296.91525063102966, 0.36534562686949695, 0.2712587340783742, 264.5053185166434, 145.60999304899553, 251.2714659892027]"
0.027789829157606034,37.22012676132495,0.2772197030990781,0.13320503565519737,True,False,"[0.49352516463752816, 0.09283242113607797, 204.03543811662448, 71.62452254305093, 309.0852256235762, 0.3891177556608967, 0.3921792632284152, 260.3976254265096, 146.5937249194433, 246.16605496942586]"
0.027511930866029974,37.21444750574694,1.0,0.756456066572385,True,False,"[0.7126254153877118, 0.14011927445509925, 204.90940371062655, 82.87026939369406, 316.63750254523757, 0.5671324124469143, 0.42049819489788653, 269.03811123169703, 151.26590420364556, 246.27443829294765]"
0.027236811557369674,37.20294904989972,1.0,0.8885729686378671,True,False,"[0.6476564944772333, 0.3308843598214209, 200.738851036847, 82.95815821707538, 317.18384116501454, 0.40662480558500563, 0.2928490319911083, 268.09721507357483, 176.30312463842122, 253.1503442722424]"
0.026964443441795976,37.21794198360589,0.5734835209352624,0.6284960992010202,False,False,"[0.38648702583694766, 0.47345014237555594, 198.34519128502757, 65.23785791195232, 322.06661480373936, 0.4037591121665636, 0.19865420134218198, 264.86143196537404, 180.0790756815112, 253.41096333468235]"
0.026694799007378017,37.188069888965686,1.0,0.2146983522768513,True,False,"[0.7438492862957529, 0.30268337703713283, 205.74096850196244, 68.11789218045404, 311.28697757346674, 0.5880615828447323, 0.14808854017165202, 270.1478773998364, 193.1525033936309, 254.3938414510227]"
0.026427851017304237,37.14313003145154,1.0,0.1068913419292985,True,False,"[0.7715235936283276, 0.20308720172047834, 202.30599360526173, 82.0069079285047, 305.8964016165221, 0.6625826347463994, 0.12946218670280327, 265.4014180893085, 187.60771219227377, 247.15790174180327]"
0.026163572507131194,37.23189679656298,0.03361571416518475,0.6561942372741845,False,False,"[0.871117015964148, 0.16828151829994764, 205.09817243279292, 70.5229137068841, 308.8455573295971, 0.5966951025989211, 0.1756010919466075, 268.598172531067, 172.87139842191982, 244.1685893272177]"
0.025901936782059883,37.15905966326255,0.5406421332639885,0.9762585770810382,False,False,"[0.8023710251672964, 0.36133709616948406, 204.98783327006356, 76.56344811110185, 305.77812347522257, 0.6695594073271011, 0.24859330910351202, 264.51884082612435, 190.18841054162363, 247.67999757294746]"
0.025642917414239283,37.14824711364109,0.8190980503870364,0.2535198220669115,True,False,"[0.8071578965257649, 0.21230926138505513, 210.14772564587565, 74.74777114804812, 308.923665463346, 0.6062004191009256, 0.14026121338214054, 260.4505253352067, 185.59499181363395, 241.37608735172893]"
0.02538648824009689,37.11901536614691,1.0,0.5654035602267488,True,False,"[0.810609598170326, 0.35381674460102747, 211.91324054181527, 85.58778023115417, 301.27696668030165, 0.5400921655748759, 0.20738470399593417, 256.5889493096879, 179.991460550387, 239.44701528630074]"
0.02513262335769592,37.17959200222443,0.08979023322835737,0.08348414544248839,True,False,"[0.8956699679593941, 0.2824428843267217, 208.94683563798685, 84.30586291003938, 291.2951192352948, 0.6564342035183774, 0.2732593704164064, 251.84722777099836, 174.8956561753349, 244.05919334586173]"
0.024881297124118962,37.11696860672763,1.0,0.7435380560268019,True,False,"[0.8450166218293947, 0.3197439119667871, 199.25615938026445, 71.05062243999363, 291.6891601104097, 0.6022739879546205, 0.20858073999578236, 250.5347047666921, 186.47048558215732, 250.10286935703422]"
0.024632484152877773,37.161044991562335,0.16706703809085707,0.07811941021573787,True,False,"[0.6610098018393865, 0.3145487054760565, 197.67305992423528, 54.88664685819248, 299.3429306319211, 0.5744304383695786, 0.12188701553544079, 254.38102364353702, 184.24727661662777, 247.7242054681761]"
0.024386159311348996,37.45762102137783,5.227100072324183e-06,0.6769423783180749,False,False,"[0.7937289504859651, 0.28264833036782117, 198.31801994908128, 49.298634336486366, 287.31662096783, 0.44259542170277366, 0.2075624510265307, 253.71707474810947, 187.04262814317906, 259.452980426787]"
0.024142297718235506,37.47646586879228,2.117926954687987e-06,0.24698253963526362,False,False,"[0.3369820167174057, 0.3608382860340157, 191.39807537779382, 66.09716339669195, 309.9860458755856, 0.7395653960459774, 0.22275491266253805, 259.5660648283012, 184.63738910869213, 259.98029398981225]"
0.023900874741053152,37.47881541483178,1.6823027823703322e-06,0.5124243144900376,False,False,"[0.7396318535799253, 0.22532565684615774, 193.9045685190779, 44.42729774577109, 302.29758774433395, 0.5399827303068743, 0.19502428495667118, 251.33636786730145, 192.0058962486192, 255.3234426695798]"
0.02366186599364262,37.07288676166135,1.0,0.8593806053539299,True,False,"[0.6527321748580617, 0.40740494606187055, 192.96860439700495, 61.50171390647149, 294.2339886458952, 0.49924853449164913, 0.14706664652704352, 251.9500350202506, 184.11883468184016, 234.62433986706026]"
0.023425247333706194,37.02942898720186,1.0,0.8468951354404506,True,False,"[0.7505184585986362, 0.2151627776131015, 188.6544889980782, 61.71506326222449, 297.17331548447083, 0.4933850410269254, 0.1243006962656846, 253.37553633152396, 184.39434681164735, 232.6823249582009]"
0.023190994860369133,37.115557194716644,0.024383117700535115,0.3461553155042918,False,False,"[0.8827760557834243, 0.34618793648195223, 178.60335469902645, 64.11393359562311, 303.7969150279137, 0.6069557313513156, 0.20331405710841002, 251.54081226394757, 175.2128829102199, 229.1961661134287]"
0.022959084911765442,37.13414419845608,0.010452137032432902,0.2764246800003024,False,False,"[0.8685265722846263, 0.21971999622555508, 191.17420622851188, 36.6001435243874, 297.78984497730994, 0.6120526948368373, 0.16472295723041783, 254.3005764580491, 182.2305085768972, 232.47403238593597]"
0.02272949406264779,37.14110947094319,0.007347015893771136,0.5341027665491719,False,False,"[0.7550895226052395, 0.11086283027480114, 183.31428506025296, 58.79879554331015, 299.00318396709366, 0.4662406157071248, 0.17287627506241274, 252.73485126350644, 180.82245255306356, 243.57270546970904]"
0.02250219912202131,37.06287226700772,0.2262255587617229,0.9263208155438439,False,False,"[0.8456477863483973, 0.11060581320749906, 189.9992324097478, 60.87575960062948, 289.1278400911783, 0.3874052050260692, 0.19647426530867318, 247.60849446179202, 185.07385917982802, 242.75199271093436]"
0.022277177130801098,37.09493235826896,0.052845631775657514,0.06505982272200062,False,False,"[0.8280601623327916, 0.20690720827162443, 191.29808274365337, 69.08352349836754, 298.0824709578408, 0.4628721600943269, 0.2374070011047449, 249.7300522332338, 174.68576209124603, 239.0454862205178]"
0.022054405359493087,37.14397471519748,0.0055509847571786055,0.5846663442634041,False,False,"[0.8184370064726576, 0.16647558944693402, 194.62567100002218, 67.49926913901444, 303.0536996463934, 0.6097283176375881, 0.1950804861821393, 257.57510207788954, 174.3475683614047, 225.91128407805718]"
0.021833861305898157,37.17915522920997,0.001051513582820743,0.16103995773391877,False,False,"[0.7078419337085826, 0.3762329547137011, 199.58857443516084, 65.02847877120085, 297.5674854522967, 0.6380018113105486, 0.21763805401420333, 252.60406871436766, 169.59518823090906, 239.3000214593215]"
0.021615522692839177,37.09101968626682,0.0578805676385951,0.884313713085996,False,False,"[0.8255799261985604, 0.22307179290753748, 184.39729681988902, 54.15419228507981, 294.13571608093616, 0.3801999842338558, 0.14318601638137712, 254.3410859217751, 174.86405347633232, 240.00892000026636]"
0.021399367465910785,37.163088712745406,0.0019382569606884298,0.8234036854304907,False,False,"[0.8826549102055439, 0.30350638619389725, 188.713480700317, 71.09024161213668, 297.58230410768664, 0.47577167582868335, 0.2418245550731319, 256.6176132129209, 171.9175187366922, 237.15686372774718]"
0.021185373791251676,37.1157612159865,0.01699074647750735,0.30677762963263966,False,False,"[0.6844363545548937, 0.31594921861126285, 191.48084106973602, 67.4488758347961, 300.0860479027651, 0.3730238047906323, 0.2817328442326166, 256.30284762029737, 183.2616591345498, 233.67292857955562]"
0.02097352005333916,37.09209529301858,0.05039429200016189,0.47789893495575886,False,False,"[0.8097852194473305, 0.33138482656386214, 193.89372723500605, 69.82798153697541, 305.1120225271616, 0.5239304275754915, 0.18942215081414326, 252.246720455564, 182.89062631703484, 234.93387328731578]"
0.020763784852805767,37.13244225101419,0.007004526002262495,0.29408484396395973,False,False,"[0.6444536519305644, 0.2283447916993315, 187.72567433985827, 61.87263790141677, 295.73798464918514, 0.5186088849083771, 0.12700826747406951, 253.25741209745757, 172.96708768965527, 227.35055326309927]"
0.02055614700427771,37.08284553081138,0.07438002212544095,0.740209199948346,False,False,"[0.763960267205097, 0.1278760211805584, 187.85182144310514, 68.19669178259001, 297.22083412713073, 0.4840295169395314, 0.339803326904775, 253.7732052393572, 182.24000256613402, 235.89405036516735]"
0.02035058553423493,37.11392803130425,0.015730280838169342,0.8794891944365055,False,False,"[0.6376453795240584, 0.20382943814702492, 179.59335710994304, 56.557627636959076, 308.43387384543115, 0.3960385070636172, 0.23520622953274634, 248.17565934607657, 177.5170840463605, 231.82150322039047]"
0.020147079678892583,37.11889014584846,0.01179118243731792,0.6432344350546747,False,False,"[0.758388753179604, 0.2580162744828083, 193.08878847562903, 79.11499450050329, 300.455772447003, 0.5726495581550178, 0.2672718748528062, 250.44106645827827, 183.90137141305414, 237.8041773858611]"
0.019945608882103658,37.09293017291428,0.04143134398407568,0.7782753890751105,False,False,"[0.6955153484923269, 0.08138135837940919, 189.74659373258095, 62.91051657123839, 304.3331364191107, 0.3829237878136368, 0.17434268950144888, 252.16093936846542, 169.08847271227205, 235.09724305194953]"
0.01974615279328262,37.048023716307,0.38996873581107605,0.26249051150164926,True,False,"[0.7288520405306532, 0.1735393845086962, 181.4862577295616, 63.29544219009232, 292.7552027894262, 0.4312766272752884, 0.1467523167432134, 250.24915307279008, 181.32665132782054, 229.86013808597934]"
0.019548691265349794,37.09948934221113,0.07188489829478421,0.12214969465493641,False,False,"[0.6940434913982673, 0.12009632357463243, 178.44289125572325, 75.07845562292667, 286.495172751138, 0.42392464860011064, 0.19535629231974994, 247.29234448369735, 171.2693012066733, 231.26045317781717]"
0.019353204352696295,37.118437680682405,0.026295379074596937,0.827252338072345,False,False,"[0.5901686353665234, 0.3952266702138161, 188.57377219316308, 73.54361159993758, 295.3612874650148, 0.3161303531052687, 0.13755046865629858, 244.61094302834138, 170.9429635488336, 228.11807627681208]"
0.01915967230916933,37.07349917827715,0.2645725554180623,0.06784741037963027,True,False,"[0.7782185855452689, 0.11974773995385714, 186.7679140405177, 72.35547291647114, 293.2392177509332, 0.4045820878613055, 0.21417329637067706, 252.5968967685699, 173.5851474079744, 228.29999699186095]"
0.01896807558607764,37.08659137196919,0.5014644506449645,0.34382879735854077,True,False,"[0.7554050518831222, 0.17922030621571444, 190.7407514149051, 73.19554843079636, 297.8873843664964, 0.4294003548421292, 0.17262589079525625, 251.96090772790646, 176.79151520341335, 220.35735934102505]"
0.01877839483021686,37.08333217988695,1.0,0.6853421780713993,True,False,"[0.6212881933505252, 0.24942285379750978, 200.25550245761517, 69.11058560728756, 297.95883029454126, 0.413825602208724, 0.16025996556619937, 251.96248196159013, 180.1764812432955, 222.65491674426988]"
0.01859061088191469,37.064840519671634,1.0,0.6492038102494064,True,False,"[0.798611640899852, 0.296252319445048, 194.45729766094823, 67.43531889995721, 302.2238504240861, 0.5164519147304042, 0.2147320314211108, 251.86602918039887, 171.5816385792165, 218.72141714038665]"
0.018404704773095543,37.09693590966724,0.17484266325784667,0.28208172834902767,False,False,"[0.8023576660501258, 0.1907523739138333, 205.7090442746975, 74.51000560124547, 299.9845007080683, 0.555903255946649, 0.2957482646590276, 248.62300116090353, 173.51339161385602, 216.8350313778582]"
0.01822065772536459,37.15991981411863,0.005416994289630889,0.00017804281919042708,True,False,"[0.6438038911047951, 0.22973233744571223, 200.45595790515281, 77.1878982673767, 295.0982353146417, 0.401751933796267, 0.3504793300893382, 245.11195487429475, 148.5268899841129, 211.1637364255304]"
0.018038451148110944,37.16291571109311,0.8469751391031741,0.17954537235356827,True,False,"[0.623489534051408, 0.265301576703672, 196.2887260846026, 83.70178609289569, 300.5875104005627, 0.4194965990995749, 0.2815722628589161, 254.14559592615578, 147.91724106151466, 216.97554042000107]"
0.017858066636629834,37.18129443239029,0.3573087043650823,0.888569914280631,False,False,"[0.6257765175856792, 0.30906740552483003, 204.84476550160903, 61.607037549091785, 296.4634555406321, 0.3999498394210172, 0.2465268518286958, 261.1868372992282, 153.29726855354164, 219.93795750794916]"
0.017679485970263534,37.16227445306616,1.0,0.2469799657440772,True,False,"[0.5450853709763708, 0.1434413310734809, 193.24067137247937, 78.60810121866162, 302.42209756100925, 0.5016836492069368, 0.38389770025044667, 248.53854753398574, 134.98692592737228, 221.6108457924051]"
0.017502691110560898,37.18368587329693,0.2942511549361908,0.7344955759969352,False,False,"[0.5369594856070572, 0.21830421568751796, 201.15415529314262, 80.6115186641819, 301.493812079767, 0.6256856499110821, 0.48462463665615335, 253.47390574358846, 142.77767890308513, 226.21998839071898]"
0.01732766419945529,37.20743808648916,0.07379629775750858,0.7310938286184548,False,False,"[0.5340783756868839, 0.2590103435449764, 198.78344108580856, 85.71947648055246, 304.65052630446047, 0.43340677825855195, 0.47607962164504747, 247.0655196882161, 139.72394649612485, 220.56936342619682]"
0.017154387557460734,37.23026090525722,0.019002006644910224,0.44085656425538977,False,False,"[0.6837786267979155, 0.20758601937449456, 186.71804444352136, 72.04023070654154, 306.32740134963973, 0.4811741206093848, 0.36590576073651887, 251.21246657209667, 135.13605340183636, 223.71111572881523]"
0.016982843681886125,37.18605910474917,0.2464710969020139,0.9853310627250274,False,False,"[0.7030024832960167, 0.19367297306531744, 197.95078675550621, 65.74322641304744, 292.71182657777985, 0.631329388432586, 0.5774254405724554, 248.6169989187309, 122.1558625169336, 213.92100548188355]"
0.016813015245067262,37.14411041554628,1.0,0.03583119636029808,True,False,"[0.5891020290558567, 0.13330004476888743, 194.58461568499115, 69.3087832990631, 300.68924354917743, 0.5993881226178258, 0.4461295508122137, 253.47357857314003, 144.63617206609112, 221.73174817578166]"
0.01664488509261659,37.13644301993233,1.0,0.12341319894142666,True,False,"[0.5673973774526269, 0.17573411243040135, 195.51734066882975, 72.42179589904258, 298.4783404095433, 0.6364874981891375, 0.6028932555840347, 247.55072100490153, 146.15513551601, 224.4152093726702]"
0.016478436241690424,37.14028417231792,0.7920729730959705,0.8230391870983668,False,False,"[0.5388892578353712, 0.10322304528914421, 203.2797424640188, 69.48066309066834, 296.95089290990916, 0.7543692317261638, 0.7810461750331107, 243.5294959561164, 160.8417929639069, 233.34305237689563]"
0.01631365187927352,37.17111855409706,0.11936692200767451,0.8701706134530733,False,False,"[0.6103767576970367, 0.27300431808178927, 194.11142343664594, 74.11734640965395, 295.4065572238863, 0.5174024151045515, 0.5918911274182427, 246.05436802078341, 153.02283846536508, 223.26334398687854]"
0.016150515360480785,37.0893037203056,1.0,0.28942534668164854,True,False,"[0.43579223559146074, 0.34282113472105064, 191.51813729899607, 75.99137840573586, 300.82119350499613, 0.807032365263581, 0.26869876389951297, 250.01676292945132, 160.6770579478956, 226.3626956562442]"
0.015989010206875976,37.17627234463225,0.0043426303104372194,0.25779575145861244,False,False,"[0.42335887398735966, 0.4128557840381549, 202.84046851545565, 74.78174883558998, 301.778381087517, 0.7940827865627366, 0.35884214915353074, 251.46288716545382, 162.68159915599028, 228.95335089765965]"
0.015829120104807217,37.14646121918569,0.02702729073619446,0.35715007898642726,False,False,"[0.5305880794794553, 0.41101559019839873, 188.63348662037265, 71.97068084720105, 308.67911132537006, 0.8824046449733032, 0.3320660112531246, 250.84015083342888, 160.2055581048517, 222.57635709962622]"
0.015670828903759145,37.06186155749659,1.0,0.20514797370557558,True,False,"[0.3326858959545552, 0.2014554452425112, 188.6304200307692, 69.5385886566361, 299.3843467489966, 0.7807681616041631, 0.23324119584298778, 248.462963622517, 182.0625434470608, 232.44328511859592]"
0.015514120614721554,37.06143972816906,1.0,0.26442533736578844,True,False,"[0.3904667936206985, 0.3345015870372541, 188.94511297851435, 81.7387651140424, 305.57189662089894, 0.8233313307143166, 0.2494203006369169, 249.7693459594582, 177.25181232912436, 238.452518864003]"
0.01535897940857434,37.03291479706762,1.0,0.16360863245690005,True,False,"[0.3886580308293539, 0.3525319840522136, 192.5475149821176, 84.89147995301882, 302.60483966596337, 0.8270645377824802, 0.19460860104135114, 250.01330000106407, 182.62275036645622, 230.44063852550707]"
0.015205389614488595,37.10547449601154,0.00846367029253263,0.42192563360742674,False,False,"[0.5004309030148097, 0.38526936121060734, 197.9480284875256, 85.76774913186111, 299.9847908347666, 0.7308641681079313, 0.28991943882609195, 241.9994802587398, 176.16072667167856, 233.10879650123195]"
0.015053335718343708,37.10754523332744,0.0070288362323828535,0.41384159633580797,False,False,"[0.3375984437747166, 0.3736920624887995, 188.14884770822368, 79.39235161333502, 299.9819939313745, 0.704176399376623, 0.36930150648116444, 253.15829394696772, 177.21232997913856, 224.5006934670913]"
0.014902802361160272,37.092436343829824,0.0184261670585855,0.13928354365442852,False,False,"[0.328151337707172, 0.5345084951172574, 194.99125247373394, 89.24890051911365, 296.63546486505834, 0.6362069708888828, 0.34128926433876483, 247.79526769894508, 174.39858037838127, 223.9011009308453]"
0.014753774337548669,37.07527115055051,0.05664890828515444,0.07147420008410665,False,False,"[0.3041114997023, 0.29864540565285363, 195.39797784054065, 78.48999365829816, 291.6965091703787, 0.8046813778711338, 0.18598241372951302, 243.1642625152444, 169.00024128281916, 239.08946885897012]"
0.014606236594173181,37.1326085582868,0.0010858152038815815,0.05779239855701057,False,False,"[0.5409161569782487, 0.3449705161316772, 195.9495826107176, 85.15741220366934, 309.55150705174293, 0.8404035480483053, 0.23404799718766345, 241.49305814937136, 172.31493686458194, 236.40996328110032]"
0.014460174228231449,37.1504675460879,0.00029474074184409477,0.2518824035922169,False,False,"[0.24136517110047098, 0.4680398116958692, 184.57508265171867, 80.73825765401331, 297.16342298375105, 0.7171805883308944, 0.2267912834797517, 253.6839422479106, 175.96245594127177, 240.23778913903024]"
0.014315572485949134,37.14386210077828,0.00043069389093396674,0.54926934674131,False,False,"[0.5247356284745719, 0.21217470600295002, 184.9086125301388, 75.07414428355001, 309.88490129568436, 0.8535485970880875, 0.26355472497430144, 255.8043729124376, 175.38723341300175, 230.34736218904195]"
0.014172416761089643,37.08168611141349,0.032023533225438536,0.6558784738590361,False,False,"[0.34254964154468864, 0.18845488812001754, 196.38569859139358, 98.42147821728713, 299.0192098023152, 0.8749430555650315, 0.17044679593680326, 250.28470865863795, 165.74494078764644, 231.6500419443608]"
0.014030692593478746,37.09997262208486,0.008401317802929758,0.5335237971231966,False,False,"[0.3872661937013009, 0.3247557081573381, 187.99760472770663, 89.46790225836196, 301.644894358968, 0.687009651301417, 0.31392575586719146, 252.79346939819465, 179.95157884553407, 226.19384342192077]"
0.01389038566754396,37.0526892404501,0.24084384435800302,0.2872148471436696,False,False,"[0.451297710911316, 0.32275352148067193, 194.24717494299742, 86.27870751695781, 299.0074911423546, 0.8868203653281642, 0.1474421965896084, 255.80981617978068, 181.02491112565232, 236.40058448399367]"
0.01375148181086852,37.13799273591937,0.0004802477515027851,0.36240280539107617,False,False,"[0.5320504887039368, 0.5094365307768369, 198.4123173649915, 80.1920311783214, 304.61702651706685, 0.7749400752462994, 0.12281818300852565, 259.7575127400844, 175.27070201221866, 224.99684938688713]"
0.013613966992759834,37.11045811075092,0.003359830760438478,0.29308861987112456,False,False,"[0.28886103823261977, 0.360992280683025, 192.36655092112954, 94.17933949376749, 304.3456399716147, 0.7559717509968646, 0.2756251193422549, 252.41254291931511, 180.02132438322144, 230.73794548980456]"
0.013477827322832236,37.039387553043,0.6186273656779973,0.12940900991612814,True,False,"[0.34107477102162786, 0.2282961174678252, 189.0006252199846, 90.62874830926995, 298.64103639586267, 0.6939511946510983, 0.14941097372144752, 254.7039511368634, 182.29698998868315, 237.70850640129535]"
0.013343049049603914,37.091124263128435,0.02070401042291395,0.7446622308705152,False,False,"[0.4057628647399692, 0.2121651321261964, 185.5668783583335, 104.06347299799853, 298.52367669068406, 0.6971464423445151, 0.22614686102440779, 256.0173854263529, 182.4169237774801, 231.79732623734122]"
0.013209618559107874,37.11310988350905,0.003768951964211414,0.49290048815201326,False,False,"[0.3060458900986309, 0.18828088099002, 186.74648533203683, 86.95165883774507, 285.3032222914634, 0.6848899144157816, 0.23494416179415548, 264.2492636386515, 171.77799861387967, 240.7886090957538]"
0.013077522373516795,37.13139228680129,0.0008802243923462823,0.13961892207882964,False,False,"[0.3952114823089487, 0.17538281191015886, 185.36370013037862, 70.23950496986687, 299.3434525350616, 0.6525122099471756, 0.12852087552895458, 252.67597972517027, 176.41762075636368, 232.27026391491773]"
0.012946747149781626,37.14683038601228,0.00024880815937839134,0.21738912063042803,False,False,"[0.5208285580415504, 0.2008017444833026, 190.131565671554, 97.57533767087848, 299.7831339324958, 0.8098336471325978, 0.1966915180983344, 247.93923134467477, 149.78041475569734, 246.45717238965494]"
0.01281727967828381,37.152707673796755,0.0001446492028563133,0.52305425219301,False,False,"[0.4463860042911895, 0.27722719401489365, 182.00283109774577, 82.3026409429857, 297.1772241599229, 0.6888969770023338, 0.27208650167523907, 256.61212260157964, 161.9781176460352, 232.61395227309762]"
0.012689106881500972,37.0930164271477,0.01460529623429343,0.6178514258675782,False,False,"[0.4102215350021599, 0.32664762501694844, 182.8813835177178, 80.24259032609083, 292.45064814531355, 0.7421607884047559, 0.21006293523729933, 244.71644043440983, 183.50014631568928, 243.18411391486012]"
0.012562215812685962,37.15014403432063,0.00014824625682963134,0.5115136366873074,False,False,"[0.3854786155886077, 0.4211227673229867, 186.787963033481, 103.6052132801873, 295.9552541848632, 0.7035416983679466, 0.17249986191307945, 260.37969591138256, 180.2050895241823, 242.515477792673]"
0.012436593654559102,37.095402325753,0.011064333570041933,0.9621161365445041,False,False,"[0.4916888344420194, 0.2571359961796825, 190.82919492048833, 103.91131655628435, 301.1543752716198, 0.7376264886883658, 0.2346237667855548, 244.44523621683214, 183.73324212736526, 241.99304315460205]"
0.012312227718013512,37.13598756621826,0.00039136894295945836,0.3789871508931225,False,False,"[0.48042401176717797, 0.20072305386271186, 182.54738891956845, 98.39857919329731, 294.0551952824666, 0.6843959065453709, 0.16209397616974341, 251.6410165669666, 173.61478322829078, 239.7517349890698]"
0.012189105440833377,37.046859615094874,0.5417170185691996,0.6681223997440668,False,False,"[0.16726404817289003, 0.253750360833325, 194.53826557241746, 86.67708045257748, 291.0847130414912, 0.692853507296044, 0.29743741026952975, 255.55227178596013, 182.38544986549414, 235.36943685654455]"
0.012067214386425043,37.125959008608746,0.0007661716106817984,0.45274833287963145,False,False,"[0.3754054094024028, 0.3297394218253967, 177.6186766563361, 88.39401554716443, 297.5776992340177, 0.5426535693638659, 0.16494002902359026, 260.0932952808849, 184.51827525579412, 237.8296689116136]"
0.011946542242560792,37.098637354818806,0.007015891616287023,0.44020663599935683,False,False,"[0.4097667111421764, 0.20559837770631276, 186.8972658149063, 66.27317358877428, 299.6126047788948, 0.6614167424628872, 0.30241205335602667, 252.2825778859883, 168.01697254038515, 238.17097829530192]"
0.011827076820135184,37.139038275741434,0.0002191744358198162,0.6964365005096022,False,False,"[0.30672591569388447, 0.21602791063398138, 187.60282079894964, 93.32930086723007, 296.06611034013554, 0.8344443458133777, 0.14406664747180956, 257.3781055234338, 182.11426272760784, 240.4072217490367]"
0.011708806051933833,37.05259711634038,0.3236238547192944,0.5533314897118301,False,False,"[0.4176242121112177, 0.16543788504942475, 186.78533702979092, 90.60680994979083, 297.2202769735752, 0.7656109213331006, 0.23569533586725097, 251.5374683375767, 184.51754215719447, 241.7475685834581]"
0.011591717991414494,37.071923138734775,0.06039820895808965,0.33493990135546736,False,False,"[0.17258341441963745, 0.1677723072224248, 185.73425041412398, 125.88490865166644, 295.6858956498989, 0.7839130155042275, 0.14185371991211793, 247.0703640736583, 168.97479564524534, 239.63495346430523]"
0.011475800811500349,37.1778548958008,5.751621340453626e-06,0.4264504800257758,False,False,"[0.4593720519871003, 0.4358881944824964, 192.43615649192736, 86.83943070920824, 303.8319933725503, 0.7581343077902661, 0.11701611521254629, 262.24927632111167, 177.16791836820408, 242.96418280921893]"
0.011361042803385346,37.08212217299645,0.023248723385112684,0.9143628777357401,False,False,"[0.28904805222533575, 0.3227830685802527, 183.21076317256228, 87.65281360014019, 305.0989280767818, 0.6670860301644008, 0.32077151397056475, 253.06809922956046, 181.8469940402775, 239.5357962822668]"
0.011247432375351493,37.1217349088185,0.0006612120595325904,0.8231957377242007,False,False,"[0.41269569667115674, 0.1962290192374911, 188.566936905888, 94.00222411245178, 298.1513287556655, 0.7162049512595248, 0.12063098964361, 259.5578562868671, 184.3788741881833, 236.9441132672319]"
0.011134958051597978,37.1059369308567,0.0025373962024673002,0.6101977908144929,False,False,"[0.3267110712287904, 0.3566368103042179, 182.59212746006716, 80.82413257995151, 303.88371308150386, 0.6695308401984806, 0.2837902750944603, 252.3554461349714, 185.9074173996473, 236.28864333688836]"
0.011023608471081999,37.11008524923875,0.0016396066551185237,0.41625141412730315,False,False,"[0.35358406988114405, 0.35869381332177463, 192.91278292722615, 86.8436907580076, 308.2726619024507, 0.5727917561476032, 0.2946418875315765, 249.08683207570405, 183.23968976677358, 238.34348658717528]"
0.01091337238637118,37.1443810736864,6.634578922741084e-05,0.515252623260851,False,False,"[0.29808272643553274, 0.3881778093547591, 186.91835145261783, 92.81988373311066, 309.8096399854147, 0.6853196378872487, 0.154893349483397, 250.4950529336465, 154.07137361326147, 230.03364886034043]"
0.010804238662507468,37.12933125713062,0.0002424164352212675,0.5550117035456927,False,False,"[0.42491761185423554, 0.23950915087330166, 189.98210007058196, 83.26091863245038, 298.2450920849323, 0.6081512197175775, 0.21018177260376125, 246.6441975920916, 177.2584789369446, 242.75676739230377]"
0.010696196275882393,37.076375829266496,0.03149024224709303,0.17349510022048276,False,False,"[0.3011045182753323, 0.11921067968496424, 188.11273565032195, 96.86030358746027, 297.20260809078644, 0.7512002738102218, 0.1671525447438405, 251.5781777327812, 162.85070509981554, 229.1048867994529]"
0.01058923431312357,37.16890013399714,4.878904852865769e-06,0.022316933771937997,False,False,"[0.29461827133791896, 0.3449336390027623, 192.952156519738, 83.55132363655946, 301.31586263824204, 0.6703677004794399, 0.3265502771605935, 254.83629622149735, 162.31113747250532, 238.59447678486103]"
0.010483341969992335,37.078866136387326,0.02314817105006871,0.09122715920765856,False,False,"[0.2915825040119315, 0.26213309030563026, 188.27794073586318, 88.97169642261784, 291.9439037319314, 0.6641010448604979, 0.16986889994975288, 257.34631735725685, 177.49464048903516, 230.75742370671054]"
0.010378508550292412,37.1302320905012,0.00015796455021860675,0.7052264174200501,False,False,"[0.23953198972358491, 0.19269962830986725, 188.8260427637172, 69.97856850202805, 306.76480497315123, 0.44660244888247397, 0.24785928672146684, 251.74158378184853, 181.82445753341457, 239.10503691902477]"
0.010274723464789488,37.14285379160374,4.233154804381547e-05,0.6985026020127456,False,False,"[0.3803482850556087, 0.2963580691364041, 198.56088052967652, 94.73668215939938, 300.69252270479046, 0.8104068127910743, 0.1453997262191517, 263.93881892493357, 180.23332669566386, 245.01313961092418]"
0.010171976230141593,37.140687342794635,4.731359954672473e-05,0.6016930646493023,False,False,"[0.24461339655275338, 0.3203781288502857, 186.41313076439275, 88.60752792221362, 293.8127683924947, 0.4457521483524564, 0.3220631227478796, 255.78956186577, 178.14338646242712, 238.0135298907724]"
0.010070256467840176,37.04569993516573,0.5342805005968326,0.6341267063067318,False,False,"[0.34446469927356155, 0.1384183270232205, 190.71941685553261, 80.36404801528046, 294.6846241102346, 0.6963298467048543, 0.2797279582020298, 250.9650789114385, 182.24943389479128, 235.03477820647993]"
0.009969553903161774,37.08750293366395,0.008016670804491898,0.10249823069668484,False,False,"[0.3784323578349838, 0.33337232638724373, 194.86052516875694, 99.04625084026151, 298.6263349286008, 0.7286324903918061, 0.21548754082837374, 252.02750062292148, 184.78442939720765, 235.0730447502959]"
0.009869858364130155,37.146797766808696,1.8781279350888354e-05,0.5780701971249633,False,False,"[0.4111797658491157, 0.20388779926849382, 194.97614642266393, 92.91485743697031, 303.2705342491241, 0.6496981856824114, 0.15078421851734472, 264.4123844629921, 179.1864300547898, 233.23307433037348]"
0.009771159780488854,37.13074854780321,8.695962691515154e-05,0.27055970057529954,False,False,"[0.22420814277241946, 0.42947203990221117, 190.00607907199517, 88.04488069721319, 291.73738386282866, 0.6058790774296412, 0.14866564934086243, 255.19265428918874, 173.0765255428267, 238.0670628446271]"
0.009673448182683965,37.16144374239259,3.3130193017175994e-06,0.09051344266422978,False,False,"[0.34059290618012306, 0.08670858281188187, 190.35746333733258, 98.1191972754037, 304.94613314448213, 0.6810843503656423, 0.2108505700142432, 251.4516033709804, 158.13332226448372, 229.8111729835006]"
0.009576713700857125,37.15344033533633,6.726966683153166e-06,0.1350635876873978,False,False,"[0.2518674806348609, 0.25062872796084046, 179.78071776140277, 65.20262232738327, 292.1302352798532, 0.6898252436598339, 0.20203935787099359, 254.46128543075253, 175.17079538750139, 238.03447022378754]"
0.009480946563848553,37.12125959618112,0.0001776972611765639,0.6010350140950085,False,False,"[0.32729603901728643, 0.25576664620820866, 196.8085104480854, 106.91093343366032, 292.922404623502, 0.5891687807603234, 0.15810511440320596, 260.0602412359107, 192.2834415172893, 246.50959005169767]"
0.009386137098210068,37.14839684590559,9.03991183787496e-06,0.6834298832336368,False,False,"[0.29732353388067667, 0.23995432128792837, 203.44266190102906, 106.1944003371129, 303.9409306204242, 0.5371121915620949, 0.24401593856875986, 255.48971917074687, 180.20270781805763, 250.72773268193174]"
0.009292275727227966,37.109047007299516,0.0005550289764885841,0.29710553761542813,False,False,"[0.1871594905704112, 0.205973102914106, 184.78729661605524, 91.0411551708167, 304.59173858749045, 0.5971938329377272, 0.19151045902557987, 248.77334599311612, 176.26246297536687, 238.93049936415306]"
0.009199352969955686,37.11030259180265,0.0004489053318325033,0.27323321341534,False,False,"[0.3921897888216481, 0.1216711177146166, 185.78538540191545, 81.94501133607338, 292.73417880607167, 0.6957971977621246, 0.15214491740278838, 266.1031955755995, 183.18426924701149, 229.08179604373166]"
0.009107359440256129,37.109880182730684,0.00043499191777649496,0.4573333096494303,False,False,"[0.41308792041116127, 0.2100220902012962, 188.82696111989972, 94.47808968242809, 293.6766740484839, 0.6632057610233666, 0.11690920215739088, 247.06350076511026, 178.85469073433114, 238.66991092058183]"
0.009016285845853568,37.11871424870855,0.00015101117858304445,0.3821716429298745,False,False,"[0.2582531872367063, 0.24085173983756217, 202.9193320341841, 100.87763052332124, 306.5167053050533, 0.7673978790645488, 0.23625003380508552, 264.44840272182955, 189.1940019527981, 236.8092291735167]"
0.008926122987395032,37.084247952973655,0.006566705759693972,0.7167400236080674,False,False,"[0.30299665930016295, 0.2863493430894105, 180.16951083964992, 99.58865168797915, 304.9177163278333, 0.7799326547975822, 0.19031753549492536, 256.82569147718254, 179.83497982725186, 246.1889506724949]"
0.008836861757521082,37.08388030161524,0.006506824242520578,0.9433220360866867,False,False,"[0.43913362251047283, 0.20723192582517008, 197.5078023673948, 103.17848982952381, 293.42715297183247, 0.7724575533655006, 0.3034000358079031, 252.39164195160345, 181.71485167317388, 237.97846952578823]"
0.00874849313994587,37.126538753571914,4.716526913446215e-05,0.16683678711600847,False,False,"[0.41125815388907183, 0.08695471175553579, 184.7828382806081, 78.88793878774354, 304.5515599631547, 0.7032418266748107, 0.1680921977682771, 254.1286165392142, 152.8479662033233, 236.98837502786148]"
0.008661008208546412,37.120261074644844,8.804550880042853e-05,0.5847902166949929,False,False,"[0.41102918856589965, 0.10640729890973126, 194.82687541436016, 99.87763582191978, 303.96156216437583, 0.7459760897631706, 0.29612998904539856, 255.47457443273035, 178.84570054217693, 240.41312117966243]"
0.008574398126460948,37.081729843554925,0.0071673230013462015,0.292296259582289,False,False,"[0.23654296429847438, 0.3354245685440971, 190.10786370479974, 93.88596714508746, 292.1443288145163, 0.7765060807957752, 0.18403797191836754, 256.7557003225554, 177.52870531176978, 240.1167783370427]"
0.00848865414519634,37.12528553212542,4.030029750128603e-05,0.8803293681013352,False,False,"[0.3815427250586172, 0.17847217010420147, 185.8082827673625, 79.16702994042713, 304.0099549612138, 0.6078106455593628, 0.16405882372800654, 266.1755060542895, 172.9236611101254, 227.88189808567932]"
0.008403767603744375,37.14049184959092,5.95767853329839e-06,0.01873400600256625,False,False,"[0.3655317427990434, 0.20252036188671335, 188.56205152547216, 92.83369463747304, 297.3221379055216, 0.6289539835876388, 0.14200527841326344, 255.31970985679678, 181.4628763767965, 244.68637471520833]"
0.008319729927706932,37.174980902292596,8.355116896361117e-08,0.7132881682410541,False,False,"[0.36897068940239564, 0.18067999145871758, 184.48923753163857, 79.44165613990994, 313.6221432393792, 0.7227952618538585, 0.21854841322351842, 264.8234311952924, 179.43794712239054, 239.1001531803754]"
0.008236532628429863,37.11341638040451,0.00012491674769804528,0.1544942065759688,False,False,"[0.2334620969326775, 0.20285557166581888, 180.0395468653774, 79.40506936906027, 290.4602598276558, 0.7223830858452246, 0.21371311082585998, 249.14986154243874, 173.60278262002691, 239.41919271836503]"
0.008154167302145564,37.08329884189497,0.004584223031191742,0.5171525580981322,False,False,"[0.3433238650645667, 0.4481219538519198, 186.34833547192108, 99.395234340372, 300.6764683987843, 0.7228345794098986, 0.15875178627629008, 264.39217517732425, 177.76331266692017, 235.87255755290056]"
0.008072625629124109,37.14542611917483,1.9737537792693232e-06,0.2694808585579659,False,False,"[0.4866903173866967, 0.1964302279879817, 188.82555049517234, 103.76989984209193, 292.963427866526, 0.6849308773581865, 0.20691433653302854, 258.4037815860298, 181.2720563370752, 242.9292844498021]"
0.007991899372832867,37.05950141906865,0.08071896767542637,0.3704811322942789,False,False,"[0.40634311812029505, 0.13545206518276678, 187.44369455962968, 100.21212660102769, 301.2978420012366, 0.7303561021933793, 0.2551535331925761, 250.4320088203496, 178.54664677759055, 239.7000508269264]"
0.007911980379104538,37.087083974851105,0.0024093947891384777,0.037314491486185264,False,False,"[0.31293273545573574, 0.11721848092190287, 195.57892025657964, 99.6239675700937, 298.24901503965066, 0.614447298324728, 0.296691668959024, 255.2566748504243, 181.9561511446526, 229.9623210614059]"
0.007832860575313494,37.1397157544564,2.7370536480568774e-06,0.4665539396448146,False,False,"[0.43907069874966353, 0.21066596319081446, 190.77818949973806, 105.9564553818343, 302.7482314007821, 0.6974342744366923, 0.18123417896717056, 254.38865075279378, 176.92127102924806, 237.4335183175126]"
0.0077545319695603585,37.12254287347815,2.2022453481508096e-05,0.7150545372195293,False,False,"[0.22320813740046752, 0.18148506979463974, 188.65293416071552, 93.26700610404066, 294.49851858785536, 0.734155565241209, 0.11274064526684902, 255.90484943966518, 173.14767730028584, 240.92359972992608]"
0.007676986649864755,37.11640231174994,4.397454903213657e-05,0.5525444199503018,False,False,"[0.5147756741970275, 0.23368057622972171, 190.99995290535674, 96.24814315199647, 298.6893757730576, 0.7222258338729313, 0.1634519298526616, 247.57101077189904, 180.0087850884996, 237.74686810737728]"
0.007600216783366107,37.146075745980426,8.009080300783205e-07,0.7646134012141088,False,False,"[0.41693449720941, 0.2195677425322069, 184.45142387796457, 85.23132693584427, 306.9138307636959, 0.6727832274441208, 0.1925305375275878, 256.7242204026355, 185.49311829940876, 245.55802771492299]"
0.007524214615532446,37.120543258079614,2.0688407698883252e-05,0.7013990386134562,False,False,"[0.4682333406504089, 0.36888987860057354, 186.2873100219577, 86.9061315386324, 299.160416604574, 0.7081454775101442, 0.20272807336068563, 249.48560669172497, 182.15438407481054, 242.19157156114574]"
0.007448972469377121,37.11348548916266,4.785171137094153e-05,0.3512449141333327,False,False,"[0.417693915636536, 0.25455811861280514, 195.9502531730707, 93.50653271040792, 292.97016211640846, 0.7244276401465876, 0.2784395949717673, 252.65201169216658, 184.08744424556232, 239.75817430130843]"
0.00737448274468335,37.13240399924378,3.327517145213313e-06,0.012379188403789487,False,False,"[0.18032639605038783, 0.3341489231308821, 198.2362979833029, 96.72391311804334, 299.7248783594949, 0.5919628416797023, 0.13886034373988237, 255.03231954541542, 188.9698383799393, 245.8841479637743]"
0.007300737917236516,37.092021225018286,0.0007396279295303773,0.5573934508485635,False,False,"[0.3697605616142501, 0.1590499700373701, 188.06806439802494, 97.05008289595783, 297.8963708820842, 0.6548235122514028, 0.20717465218390388, 255.6925070009321, 180.9735664089816, 238.9586742867635]"
0.0072277305380641504,37.151634916639814,1.800379809217045e-07,0.7442086316147725,False,False,"[0.33001521713920934, 0.32292316044047353, 184.26543671894314, 84.79023399637465, 294.0524247967463, 0.545703914881473, 0.16369522034629352, 256.40107758675816, 174.76072671526634, 235.425526643805]"
0.007155453232683509,37.14496507434616,3.90892389604095e-07,0.06694449964286309,False,False,"[0.39795834485229886, 0.27957224748898807, 191.11832062317322, 77.87594902982275, 289.2313971167047, 0.7836818836275702, 0.2327836224947339, 254.87997486641817, 180.33879120801117, 241.65006262055894]"
0.007083898700356674,37.085359002377125,0.0015192036589485583,0.49324205956806033,False,False,"[0.27150682013582816, 0.24117213757483347, 199.72513965009136, 104.0907422687036, 300.874208453326, 0.8133814986070174, 0.12192084829135642, 252.40178984485644, 181.33343975335038, 241.05380949259367]"
0.007013059713353107,37.106750776636986,6.736418083097071e-05,0.9389536931239232,False,False,"[0.3031445596576069, 0.2362530536177263, 199.93505045694917, 100.17368503122475, 301.09720933855215, 0.5474869304010838, 0.13630028988258455, 254.0335870750807, 184.96396489906087, 236.30270822078865]"
0.006942929116219576,37.12359513072269,5.403099860193796e-06,0.3503974602712491,False,False,"[0.4419963488966882, 0.3260956862303696, 187.0115721830365, 93.84483627012261, 298.33193446265113, 0.8042271543861932, 0.22605481088879087, 261.28671148833257, 189.398716506917, 243.36198917668955]"
0.00687349982505738,37.16444851996661,1.253606302783414e-08,0.16044610596508224,False,False,"[0.32814069502928284, 0.1782487010552683, 183.73809682329025, 81.77529701259935, 297.70524773297063, 0.6296484873586927, 0.19189295675410134, 247.5564629652517, 164.33493787673876, 237.2003140209516]"
0.006804764826806806,37.13605721534079,6.766089153959414e-07,0.23047672860408752,False,False,"[0.49118274812360435, 0.1472005608259801, 192.57500582743984, 96.28886382709621, 297.6215319686178, 0.7834063604685368, 0.17720765718863107, 252.7563814263842, 179.31872424948958, 243.75471292473185]"
0.006736717178538737,37.050670149628274,0.18734723962406782,0.9287931518143768,False,False,"[0.361851745498376, 0.18721279695122284, 182.0002917957066, 102.15201662456742, 294.21484866880417, 0.7409467857484179, 0.25573019789038465, 249.19875692927272, 176.01827251108946, 237.27050448615742]"
0.00666935000675335,37.09960454143749,0.00011989261244919432,0.2460599789811354,False,False,"[0.40042309658781094, 0.1296277940990963, 197.7335643952465, 96.16304259471947, 293.4467516601399, 0.7163980872538722, 0.1704787043571424, 255.46043690011453, 170.11732937507387, 229.85926761876286]"
0.006602656506685816,37.07555551532613,0.004178556322424938,0.7209506626682498,False,False,"[0.1659519353065014, 0.3807855546716167, 191.35178408071542, 90.94829903602779, 295.14652081953835, 0.8659298370085885, 0.232541338086436, 251.07058939239167, 177.960484651235, 227.1191064827502]"
0.006536629941618958,37.15813886804891,1.2886895439474491e-08,0.71951787457986,False,False,"[0.2064341611550993, 0.19978959219722267, 186.0460705050277, 83.77798638276748, 292.4692153434091, 0.6442858584321127, 0.13286022903032838, 257.12309113374005, 169.5314197432906, 235.72300239299827]"
0.006471263642202768,37.08835894800336,0.0005169747167555691,0.7185091657956745,False,False,"[0.24406323291453802, 0.3768502165852692, 179.72236425967444, 106.79216786110038, 289.3831070933191, 0.5696515336008479, 0.24349482528406324, 253.8775870525477, 179.05210300580578, 235.20478553970497]"
0.00640655100578074,37.059877788361256,0.04083051830067318,0.7301835552490603,False,False,"[0.40258011934355337, 0.09810086672731391, 196.6868454922564, 87.50919415512482, 297.50859213384257, 0.6340698224047253, 0.2763340048245325, 255.34191590821533, 181.06025846336587, 229.81758231128248]"
0.006342485495722933,37.12584674254442,1.2017256106419381e-06,0.8242483658496703,False,False,"[0.21712914010481252, 0.1905203847357101, 192.3218853595134, 90.54640618762144, 296.9090738200712, 0.7389111726638105, 0.1286901989865465, 259.0953046752232, 175.52801735258836, 239.2493296331662]"
0.006279060640765704,37.1859261650741,7.321178384501567e-11,0.9306378409987338,False,False,"[0.26876095988312587, 0.23551261720722297, 197.32485521515656, 95.16485494642791, 300.8772087068531, 0.6408527528776669, 0.29503497709438575, 256.02487617406115, 168.44879197247292, 238.07677017349755]"
0.006216270034358047,37.0678051408151,0.01034258531312574,0.5968965302316295,False,False,"[0.33148242384748183, 0.20626075871015415, 197.95207598707168, 81.16674793369165, 299.2695651723855, 0.7753491569802801, 0.1410080154462576, 255.240693917941, 178.72567749460117, 238.61823533785676]"
0.006154107334014467,37.1263421713968,7.305078934247128e-07,0.5732052560503145,False,False,"[0.5308004121579285, 0.3382222145434036, 181.75646573135145, 89.31199938281941, 297.75762687090895, 0.7571504640549986, 0.11623463417728702, 254.7232704236888, 182.4948492493187, 239.08789078027706]"
0.006092566260674322,37.1306111838537,3.14292961945638e-07,0.5665894863710358,False,False,"[0.3740870757202964, 0.1564145384710417, 189.46188211490144, 81.13074723373248, 298.2179009060829, 0.7023421133638224, 0.2353276468197496, 246.39620962096234, 174.23192612478496, 235.1722053378856]"
0.0060316405980675785,37.128166423014314,4.0521039558695515e-07,0.6583195860357873,False,False,"[0.5140973715395246, 0.1467201400214815, 186.811408758275, 92.33564422332636, 301.1912241394672, 0.7581867092157349, 0.33494086990069427, 256.44793190160567, 174.80569383606118, 244.3270372488181]"
0.005971324192086903,37.04937057401853,0.18790345332350403,0.022294824956878734,True,False,"[0.4014718591481754, 0.18945956940073438, 197.55829305758286, 97.32064082339392, 290.5682576153081, 0.8526154939358098, 0.18132330942136846, 255.9666885475614, 180.16501712351797, 229.5740001788527]"
0.005911610950166034,37.10371524214761,0.00010176243580520302,0.9592493160333951,False,False,"[0.49515390622093924, 0.15482658980847835, 196.5759942099669, 94.51737532009292, 305.21754621547444, 0.8141125737117665, 0.3514721514769057, 242.00386274388322, 164.19274259099663, 231.3030917795043]"
0.005852494840664374,37.04983336207601,0.9239703038841692,0.17002494088454045,True,False,"[0.4126326095018694, 0.23990637371691562, 201.8354368640165, 92.18238432429526, 293.06716303905864, 0.8079998231379444, 0.25251854539897267, 254.34045625792746, 178.64787331065557, 227.8089870535172]"
0.00579396989225773,37.09229173915467,0.0006568672595749917,0.8143615244076926,False,False,"[0.43062610405438656, 0.2032847029122659, 210.25966253120933, 94.50417621461298, 292.6451567149847, 0.6794114499292951, 0.21918340799771738, 248.69042643322865, 178.0876558991068, 231.99632368301647]"
0.005736030193335152,37.11573462473942,1.0242118732115366e-05,0.6164993892671587,False,False,"[0.44411282752232784, 0.2390174312504658, 198.29509413206992, 83.14927742694653, 296.96303812730457, 0.7820310207890817, 0.1898426277837567, 258.20301918639836, 184.8893154807975, 233.21593200487004]"
0.0056786698914018,37.083310505646104,0.0027525051517451153,0.27907145941226286,False,False,"[0.28968538555265644, 0.16104256008549842, 193.54971311660904, 87.44379004926822, 297.1700509238576, 0.8598381046561381, 0.2665217311050159, 250.9759552609413, 175.69634024379522, 220.78718330639543]"
0.005621883192487782,37.05849726942428,0.2141445296608653,0.9690010935176017,False,False,"[0.4808382511920147, 0.17446019759565926, 206.74043080345035, 96.039373995821, 291.64013707288177, 0.8007631231472205, 0.3227663982988196, 252.18081432128278, 176.99073696149787, 229.95377740945491]"
0.005565664360562904,37.14833568583021,2.059505432683304e-08,0.1231014804180951,False,False,"[0.41709828076342814, 0.17600405672451946, 196.7077575319149, 92.68188834877772, 294.0748256577927, 0.8795065196004794, 0.25315563319945755, 251.52803856268216, 170.14307316667438, 234.77807841761972]"
0.005510007716957275,37.07802211684761,0.006000459131326621,0.4173134401048699,False,False,"[0.4552563544155556, 0.35624976061506597, 203.16760441922963, 98.4153165617189, 297.1134809423432, 0.8225076126262314, 0.2867615222443746, 247.51574458416206, 179.84750656873692, 231.97027834928267]"
0.005454907639787702,37.09271676398241,0.0003853205348711771,0.20781402142023808,False,False,"[0.3369647379893477, 0.40019210798706206, 199.43531128367925, 95.05059793422825, 297.43056279559124, 0.8508935097070189, 0.15040820413037065, 254.7766361091999, 162.5740275896608, 225.85775985386124]"
0.005400358563389825,37.12583708407054,7.723493825326568e-07,0.3267169117343668,False,False,"[0.30977790443870257, 0.24271911934143767, 203.6688045558376, 104.71288224976054, 292.4700470934034, 0.6556439131605146, 0.2941893044406641, 249.45587273533266, 169.81041340506744, 226.50581865964955]"
0.005346354977755927,37.122362689589195,1.283234877936164e-06,0.9759828577431224,False,False,"[0.2977952798934663, 0.2573016018130256, 204.751446367201, 88.13636749203802, 304.7924821316515, 0.7646204537734332, 0.3411841910488652, 257.59282325259977, 165.61068383334643, 223.42325943031713]"
0.005292891427978367,37.11228821624812,7.506351260669546e-06,0.6529104861052145,False,False,"[0.554387180529329, 0.28264956635202015, 203.06556126464216, 94.806692501671, 290.12922479988157, 0.836819787284656, 0.1399801985046661, 255.52337152962394, 180.7025963579592, 229.13840780361187]"
0.005239962513698584,37.13680348389527,6.191705139170706e-08,0.017997429924906827,False,False,"[0.42457518154906926, 0.3327439875094653, 208.32002522826468, 108.31612417573626, 292.7907705636675, 0.7965392679432635, 0.14390847180178873, 258.65248190189527, 172.2547788498581, 223.70644343338617]"
0.005187562888561597,37.09721788378355,0.00010790548046450407,0.7601098036617051,False,False,"[0.20356350792197145, 0.24514920569303633, 198.0820561568187, 80.62587039266673, 290.97919861498, 0.5727450289767724, 0.22413733386998586, 243.63249444122062, 169.25999855317875, 230.32873881088727]"
0.005135687259675981,37.074970892654946,0.007486326523711863,0.12069615820009971,False,False,"[0.5759658524646304, 0.17906585830132762, 198.00160224515903, 96.57017150096927, 293.2432354638968, 0.8538480285372348, 0.1810322790992974, 256.06120244135735, 162.06762144265014, 221.63333220367622]"
0.005084330387079221,37.099871577729985,5.3189313887031596e-05,0.02086013358802674,False,False,"[0.4627993766208195, 0.20620136195428956, 202.08215450279087, 96.13844228134441, 293.2258871756735, 0.8533756887570773, 0.11211806754409825, 254.44159127319062, 166.2837468320964, 237.66166657047793]"
0.0050334870832084285,37.090624377084495,0.00030234928925642186,0.2751252767732586,False,False,"[0.49024735144250076, 0.25151026687839384, 196.60312030831662, 88.71289447112724, 302.01477147071114, 0.8253661931599756, 0.2193870505251898, 255.08580453440845, 163.93767410914313, 225.88024007257582]"
0.004983152212376344,37.11414672032835,2.482710383493452e-06,0.7358885024640073,False,False,"[0.44410147014669754, 0.2959367064332857, 201.7643251322502, 108.39702460528221, 293.2119224308025, 0.7442360484280705, 0.3591729822548444, 251.9632389478308, 176.29907049468457, 230.2573021354595]"
0.0049333206902525805,37.20532414252833,2.0497320632050062e-14,0.3409060282918084,False,False,"[0.38955071050803675, 0.3695109207276473, 208.7687956581665, 88.22874725566618, 299.1969390391344, 0.8315854708568103, 0.2813736013268571, 259.4133777783603, 160.78663903436686, 236.33835181941757]"
0.004883987483350055,37.124188577587155,2.444427720077222e-07,0.905415423105495,False,False,"[0.37792123234134656, 0.2785403875235455, 202.0667234229552, 80.12814552891294, 288.6344856081995, 0.6896712958998653, 0.1419456844810491, 259.99056457251214, 180.82179108285032, 228.8099795629428]"
0.004835147608516554,37.061020139287194,0.09890087765645561,0.4199734588581143,False,False,"[0.2697413840912085, 0.17702146179095557, 208.0414405951862, 89.13310335447767, 286.32752538500966, 0.812306586409751, 0.20453092765917402, 244.46670404968665, 161.6958151821141, 223.9958406595806]"
0.004786796132431388,37.12420900785168,1.7868036320800385e-07,0.5051348509680462,False,False,"[0.4891054885275256, 0.32353409975807673, 209.0841517103854, 98.44533360557917, 288.26180983289566, 0.8567567864988617, 0.4270503096286625, 253.06882563181384, 169.4326302297913, 220.16543019710738]"
0.004738928171107075,37.07566401891285,0.004293134304008547,0.5255935530677663,False,False,"[0.3516685443998799, 0.19485976140738237, 199.05180743004018, 112.4211779188424, 297.7775377075792, 0.8689428792753395, 0.31582095038834945, 251.49942755868332, 162.11679511927997, 224.74682576844017]"
0.004691538889396004,37.064922202638876,0.040107918481682055,0.924200322520783,False,False,"[0.30383550994829156, 0.4546383648866583, 201.23270428517952, 106.522007652502, 295.7130466744263, 0.7561762813615446, 0.46073271337801014, 257.84820401296935, 177.42180478716458, 223.966419959033]"
0.004644623500502044,37.10356784482626,9.452990145654635e-06,0.7865512836951501,False,False,"[0.39428184627598806, 0.3239448443869869, 208.7763992091294, 93.92824552964139, 294.16398168657884, 0.8310982847584429, 0.11956187938148799, 256.9310141211074, 174.17362870004365, 227.51533999811284]"
0.004598177265497024,37.05096009511277,0.7826739660741819,0.6397842546096246,True,False,"[0.46822340371311677, 0.3287656063123837, 200.35782911450286, 115.35648814489942, 292.46523036986986, 0.8530876852861782, 0.4153297026975896, 252.37252797686168, 176.91293542680316, 214.76760157506882]"
0.004552195492842054,37.06661104732244,0.032125321149849166,0.7851792943681235,False,False,"[0.41886906100987586, 0.3161524675757356, 205.70450630532443, 100.25085627361915, 293.98139389234825, 0.807335317800715, 0.4474879035361845, 248.38633191479795, 155.5388604628266, 213.72410302141594]"
0.004506673537913633,36.999543576066294,1.0,0.02860182789070831,True,False,"[0.480577631477097, 0.229674224776369, 197.58032018432343, 122.94533607362352, 294.59718557238295, 0.7479191791167917, 0.48420910705598486, 248.14971671714468, 175.3270593058597, 217.35391936279674]"
0.004461606802534496,37.03713842661059,0.00021902976020220173,0.6671848098419233,False,False,"[0.46239975985624177, 0.38135040650926344, 185.08498300281752, 118.91844837522008, 299.00759036816015, 0.779121526134356, 0.40157120022900816, 248.48336475972533, 171.44117467083458, 214.81617426337107]"
0.004416990734509151,37.07396108388947,4.8194985775059004e-08,0.7760776753942921,False,False,"[0.532721238738247, 0.13303729637965248, 197.3195787482505, 134.78058381812326, 296.43563843467024, 0.866386238349361, 0.43119420796586455, 249.5728232936697, 158.0200489036155, 219.81668423839562]"
0.00437282082716406,37.017535882594984,0.01633285324062763,0.9974789822867396,False,False,"[0.32919530949070097, 0.19757954854361187, 201.70364592809682, 114.35508040290495, 297.08793007210255, 0.7271989804317577, 0.4905843925230746, 245.0117539107143, 164.51256433194536, 209.21674852348102]"
0.00432909261889242,37.10570781464718,2.2366899350373014e-11,0.9306228258695067,False,False,"[0.2785809314507711, 0.13030912318011634, 195.62132328136542, 135.27272270673083, 298.4012345067502, 0.6579290439797488, 0.43353961903270716, 251.42486523825906, 159.0529670928207, 213.32718917003882]"
0.004285801692703496,37.023714768631436,0.003553472773044233,0.926213860274936,False,False,"[0.4735241892021213, 0.25561037973721357, 194.7939327808245, 113.7708167172557, 292.3134880765247, 0.7479609532605694, 0.40095942782159016, 250.79569500594914, 174.27629382008237, 217.0814615407805]"
0.004242943675776461,37.02921771499286,0.0009175879172791482,0.1459273389118403,False,False,"[0.3098680118582027, 0.2150075392464567, 195.04694799830793, 132.9129933408164, 293.5414558924904, 0.85718014903134, 0.37512777991697455, 252.98731434272872, 170.90622394187045, 220.76089543801695]"
0.004200514239018696,37.14608774687058,7.058014380146935e-16,0.9589057153244659,False,False,"[0.5291173483547303, 0.3245838084511957, 193.43623891013564, 119.16693356089134, 288.0713534056372, 0.6410051888244591, 0.6374946040808296, 255.9668464468151, 157.2517334697337, 216.49052293765527]"
0.004158509096628509,37.10397767952945,1.2399658622026253e-11,0.8186340418005454,False,False,"[0.5224794660116157, 0.39203872100945525, 199.88037288824322, 101.95469936690911, 295.32682109024836, 0.6712304205733899, 0.41533662364721247, 250.74801216713593, 167.2049914157532, 213.93281367504997]"
0.004116924005662224,37.036402752471446,0.00012933735404878103,0.8025700792814595,False,False,"[0.3418769593027209, 0.23994981607469945, 197.74756845612583, 127.69330399269437, 296.26127997907406, 0.8015156517276275, 0.35879390160766117, 254.22968998148397, 171.06652120278986, 214.22160426709473]"
0.004075754765605602,37.059631255351796,3.956593806805195e-07,0.6203688946267606,False,False,"[0.48121612177914824, 0.3686121357969055, 198.16347534957467, 138.8252017599435, 290.1481477135631, 0.6901205467352592, 0.4895908350619221, 250.00758688069152, 167.855680125139, 207.44860932121682]"
0.004034997217949547,37.078427743535215,3.232554887536638e-09,0.19395730547896017,False,False,"[0.4081313459818995, 0.1425675328022639, 193.52766830847872, 121.0098432400324, 297.8269822361203, 0.7251801389176952, 0.38183252947355634, 251.6483180556924, 170.64106678263727, 216.67311293715224]"
0.0039946472457700515,37.064458916335724,8.759154083721698e-08,0.7677362337824726,False,False,"[0.45102952353481157, 0.3395602904269864, 189.88349092580975, 124.47399102055405, 294.3407817559999, 0.6611468975457677, 0.5630662264642639, 248.18373369040728, 170.30231410933945, 214.27923434202003]"
0.003954700773312351,37.05966228203539,2.499926481074861e-07,0.8971186922790227,False,False,"[0.331291849007704, 0.18036312779028674, 199.2463409638083, 113.40890830065268, 299.2014028487378, 0.7080046937089449, 0.38030548545038695, 248.36713199145618, 165.79937977460338, 226.2973648567464]"
0.003915153765579228,37.093201021030495,4.082283669533376e-11,0.7266791195516755,False,False,"[0.43869413112091793, 0.1322656615803008, 193.7292688239137, 127.41302329289715, 289.9673180737832, 0.5907071044823966, 0.566122638699716, 263.11446980652494, 162.46882899149426, 208.26843275613922]"
0.0038760022279234357,37.059688746082294,1.8235312068292924e-07,0.17294779530772297,False,False,"[0.5532657925904474, 0.24167549205338454, 190.2304466848519, 118.76274606783667, 291.3407763641539, 0.7133112491547959, 0.5075566746210844, 252.21263316808697, 174.01680196763525, 211.25622470482614]"
0.003837242205644201,37.026698092540975,0.0008446646393274961,0.1515658454754627,False,False,"[0.3645393722672511, 0.3921170274401744, 194.68197844353884, 117.26530866385117, 297.07326990437946, 0.824145416571862, 0.47433740059137197, 250.99769715601386, 168.8168445888852, 212.45575160310514]"
0.003798869783587759,37.07203346286635,5.161898186523203e-09,0.6407107418517185,False,False,"[0.39659160980520614, 0.34281051440115173, 199.0267472016563, 114.73045245234826, 296.23820602774464, 0.6311571211878095, 0.4277811119464739, 244.1984912782698, 166.7243896710781, 208.92094144885633]"
0.0037608810857518815,37.04566040692972,4.7268990415182146e-06,0.0910957639715052,False,False,"[0.4724461854832432, 0.2507013286240105, 194.69908504536184, 113.48998615476683, 291.284428656602, 0.821940485170122, 0.5822780400303306, 245.55379495118575, 169.88693837916622, 223.9306061255048]"
0.0037232722748943626,37.04643554050116,3.3913302951767274e-06,0.5953661906632675,False,False,"[0.3185750942183876, 0.4177809625233681, 197.68613484970973, 113.66599160630842, 295.10351276477115, 0.8783616957276941, 0.5273727495120085, 246.19304312073203, 171.42366184137012, 224.02227853736227]"
0.003686039552145419,37.07949991132434,3.7969036226475254e-10,0.7771263692163602,False,False,"[0.5287671008629937, 0.24864904579930708, 199.4330722274704, 127.70345302509996, 293.14846704742376, 0.8448621038697861, 0.5058098545574043, 255.60859284705532, 177.5102346645699, 221.89101151204753]"
0.003649179156623965,37.12089970679379,3.607599402835673e-15,0.14836573707429868,False,False,"[0.556437541883152, 0.27071857573770847, 198.6369405139954, 113.84199086947702, 297.6968686711357, 0.6055298646449537, 0.5153427434342658, 248.78503313177774, 163.02563437093187, 215.5839771070093]"
0.003612687365057725,37.04812413812924,1.445277802956895e-06,0.2608652749574655,False,False,"[0.4655648487212508, 0.2752853475960143, 201.19321660470735, 122.08643928685078, 289.15236538203953, 0.6245989718771318, 0.4920133080513006, 247.56693798747082, 162.13520712906316, 205.67371551268886]"
0.003576560491407148,37.04326992184374,4.902285206053422e-06,0.9685200702633388,False,False,"[0.5249526734051522, 0.25072832117236765, 197.78962181201223, 126.81780267383745, 299.7908984425325, 0.8548577447726459, 0.49779338646577365, 245.33504760343598, 174.04763375222478, 219.15619721018678]"
0.0035407948864930763,37.022352497225434,0.001593612846998077,0.0736855276836964,False,False,"[0.20760356931419693, 0.2687156952515636, 199.98787582540723, 124.60749846814005, 306.0157922742726, 0.8120925642316661, 0.6110060354339721, 246.09685354643358, 176.06137289447048, 220.42415862850862]"
0.0035053869376281454,37.020756271174776,0.002354431261027455,0.7416647934088479,False,False,"[0.35971571240594424, 0.20268590618274315, 196.60422559947506, 111.30481062336972, 301.991302118038, 0.7829383503891065, 0.47027621834821776, 252.07058605645344, 174.50498989920797, 213.1536284807673]"
0.0034703330682518637,37.14269817101026,1.215997411365852e-18,0.9033364384572123,False,False,"[0.5509637505354705, 0.2600208714237032, 205.5107852256794, 134.00914286977553, 297.96669218358255, 0.785203042436684, 0.5118457026393467, 250.08453407800394, 153.51312282523153, 215.64640378502435]"
0.003435629737569345,37.047834739205875,7.862540347646114e-07,0.5525127947884255,False,False,"[0.5200097310401558, 0.22696389675545806, 199.83006690208308, 108.72405776060259, 289.36129938689595, 0.5863861149617483, 0.606171349360022, 251.95227035849555, 170.65927596079337, 219.02518527449794]"
0.0034012734401936513,37.123072574347255,1.686922611582179e-16,0.024489877596635012,False,False,"[0.628829027925695, 0.43507126203524793, 195.02964779232028, 131.61760553513415, 293.07700582073903, 0.8913897260245538, 0.44647636952428515, 259.3074186699065, 155.80343829620116, 209.50699028003444]"
0.003367260705791715,37.074925337407784,1.8949241595045522e-10,0.0020937539864566146,False,False,"[0.44031165583947357, 0.4171875869060232, 193.8951541717481, 147.59018661262309, 287.8401269695144, 0.7493565059787021, 0.4489799127305543, 245.46538970795723, 168.93639926060774, 221.95517528644086]"
0.003333588098733798,37.00462445747599,0.21780656363732595,0.8581782229746406,False,False,"[0.48921602206719395, 0.1763348492760809, 201.37153770890214, 130.83830581496917, 299.2294690598315, 0.8427296471323745, 0.48676500809510614, 243.3042649004222, 171.71810764845114, 214.75244794005008]"
0.00330025221774646,37.0628486325763,4.671038591902412e-09,0.386720751197833,False,False,"[0.6451155070731229, 0.2921131615066049, 192.40354312734146, 133.02300933874778, 302.25537322564895, 0.8341896510700121, 0.5116532828836768, 250.52347749442595, 170.48964669778638, 212.8642304869152]"
0.003267249695568995,37.10823423676502,3.5682045602829224e-15,0.6794312118440844,False,False,"[0.5757765606195061, 0.17375771343765356, 202.0392252571142, 112.23701232558075, 294.62358645579695, 0.7841675053947325, 0.38020296145503624, 253.34597875428506, 165.5044309276722, 214.68080970089918]"
0.0032345771986133053,37.12746474502392,6.675857731616375e-18,0.7565560852212218,False,False,"[0.6794463392135826, 0.3752786807725372, 193.1782932478727, 114.12603528679264, 300.58734516712445, 0.7605844398133307, 0.5340520831578066, 251.44276524066706, 167.50657809654095, 219.9057835736813]"
0.0032022314266271722,37.02467353514659,0.0003906729121459221,0.5645441941561945,False,False,"[0.3554597145332409, 0.2097158558195563, 199.6201068418583, 136.02956071394482, 300.47096462207554, 0.7569139386649593, 0.48559477720498423, 247.36094989451098, 169.64484091261315, 211.89262611197626]"
0.0031702091123609003,37.01383687269467,0.011013549793999567,0.5645315878501788,False,False,"[0.38134815593300503, 0.18047655843799296, 190.94251660704947, 121.24838783161003, 295.8572618819359, 0.6493391715796488, 0.42441324675304, 245.06830332874804, 170.11232927786216, 214.4676208164456]"
0.0031385070212372915,37.03694505212737,6.676182078976571e-06,0.41002734915285055,False,False,"[0.343030774526247, 0.31016809142254825, 203.12406248898088, 128.7932726533914, 295.4787539557881, 0.826406354009042, 0.56465837504823, 246.60274380617594, 171.3436694349516, 222.29365082924483]"
0.0031071219510249186,37.083030199681744,2.1416619769355307e-12,0.0989965547368522,False,False,"[0.46703695968109504, 0.3951804629402922, 193.4680099791806, 127.92153141042964, 279.7516032665819, 0.7798161005296763, 0.5044578579278106, 250.8115659560997, 163.97149426764136, 211.94407135207956]"
0.0030760507315146695,37.08950223284294,1.9912278962125084e-13,0.4697946950574975,False,False,"[0.5006699432065997, 0.3138319205270739, 203.91990193640927, 139.22888490430148, 301.6285183227611, 0.7272391330779449, 0.42928188895584535, 246.99842872972766, 169.4000105367063, 216.4840979234276]"
0.0030452902241995226,37.05184301954943,3.4792004606406484e-08,0.7947126390299336,False,False,"[0.49416867446463886, 0.2556566225175417, 192.7719611861721, 120.26098433259807, 302.61545003244754, 0.7857230318262483, 0.48863421353437825, 247.2847264528101, 175.85514051876802, 218.4451728082693]"
0.0030148373219575273,37.0825456508217,1.1049785610990268e-12,0.5286932406526633,False,False,"[0.4606564261530736, 0.2071384582285705, 201.404187128813, 115.45705409618658, 298.0121300958497, 0.6323421135218023, 0.47302230909610654, 248.60509945826576, 160.63393824841597, 223.33490204621057]"
0.002984688948737952,37.13448415099747,2.3181464144137645e-20,0.10353776338097609,False,False,"[0.5543399849446252, 0.24879595847805974, 195.79408916217162, 110.48651652664985, 292.5355685314791, 0.704540652403975, 0.4332836969509312, 249.80190609387347, 157.4665520900889, 217.69795018837078]"
0.0029548420592505724,37.13244481642638,2.9278221042194854e-20,0.7072226306321827,False,False,"[0.49999550924157105, 0.3105482040170306, 193.02697517267603, 108.17615446478412, 293.6265609547937, 0.7873318796349623, 0.543625511100096, 252.03672252103246, 160.0347278818945, 215.4847981022164]"
0.002925293638658067,37.06970496319388,3.8345219817855717e-11,0.5455403214118725,False,False,"[0.5256196238679152, 0.24902736361607158, 202.60017872718757, 111.05683856503947, 298.51831488117153, 0.7937803923967014, 0.3711098880615486, 242.7981387084401, 166.33137494483572, 217.29791597643342]"
0.002896040702271486,37.07618081810264,3.2163815279341023e-12,0.8734894984074939,False,False,"[0.6689690671444756, 0.18346223476771695, 197.43402544013858, 118.76106053855564, 294.60016247998965, 0.8058998493686028, 0.4894958206049507, 256.676318259854, 162.9192560739352, 213.22081816223633]"
0.0028670802952487713,37.074983459847466,3.738106443206442e-12,0.19494238477494663,False,False,"[0.5380184057035252, 0.2769237731261014, 195.42714828490105, 116.41006304768815, 296.3024976105966, 0.7431619371999248, 0.4276142198557936, 249.44673463231646, 175.21976945421878, 217.53700094205027]"
0.0028384094922962837,37.04220545013003,2.9680094951813457e-07,0.9567582107761237,False,False,"[0.23822758224485377, 0.2046461762778313, 194.44725130414685, 144.7796250422938, 292.3379246213697, 0.7665627682905258, 0.42919930513160764, 252.04284610885887, 172.86768813235335, 221.31229102578678]"
0.0028100253973733207,37.09514811310728,1.6755089676273565e-15,0.5274335038337522,False,False,"[0.4195042189976344, 0.2422807391905345, 200.0689523838179, 116.21634317113485, 295.0011029344212, 0.8139809829035004, 0.3909832689020394, 251.15791592898407, 158.33709231608182, 220.84245818236207]"
0.0027819251433995875,37.004827429305436,0.14966567040096146,0.9916100250221167,False,False,"[0.4936188945054142, 0.2548428370733955, 203.5538394830195, 119.37004697237943, 299.1394199154522, 0.7816623035414214, 0.5574516153628076, 250.36436994529197, 178.76467361926524, 223.69412828914167]"
0.002754105891965592,37.11210579402825,1.7786205763466266e-18,0.942063796324383,False,False,"[0.33539733259953586, 0.392589272668183, 206.4600398710397, 129.33715032695497, 290.5988512813247, 0.7942016321616637, 0.4005275828969316, 254.08088927737907, 168.79484412484277, 224.4344379676642]"
0.002726564833045936,37.126409108935654,6.201850175341373e-21,0.5050809652187906,False,False,"[0.4582168400733678, 0.35139673531709703, 196.12979677555128, 127.35258963090422, 294.09420717525467, 0.7719668931628992, 0.501112267994397, 243.7438080873917, 153.2225711301649, 216.0433609038134]"
0.0026992991847154765,37.12470545184414,7.286339226238408e-21,0.684141369390195,False,False,"[0.42180801693115627, 0.4040601301493456, 192.622893822958, 134.33573601086889, 294.25529002093776, 0.7139167408208844, 0.3291995787521949, 250.7873988344369, 144.76932115680336, 216.0494269603281]"
0.0026723061928683217,37.0777111612668,1.9790608071635735e-13,0.16916852840648144,False,False,"[0.6105847127214143, 0.1887925131995383, 192.51719452459756, 118.91091235372518, 297.8331610768161, 0.6537028860943805, 0.6416945823297258, 248.49315263993927, 165.63321405108465, 223.30864611988864]"
0.0026455831309396384,37.056337125743184,4.751889187397099e-10,0.28271491348442257,False,False,"[0.42584955007205594, 0.18814847201831705, 194.45866035394508, 128.1739687771925, 295.2000912413035, 0.6776112709581027, 0.5746829014536643, 247.32031771528926, 162.50903954951946, 209.5470988772748]"
0.0026191272996302422,37.033210940903274,2.614543743741138e-06,0.7655296913608045,False,False,"[0.742678238049703, 0.19223896358372827, 191.0977640436652, 137.38970238547958, 295.9302580969701, 0.6582900130732707, 0.5816027691301691, 249.79211954170745, 172.51635096395168, 218.94929151311047]"
0.00259293602663394,37.086970368254555,2.2738629763090083e-15,0.16738979833089707,False,False,"[0.299800383878331, 0.26634346921353197, 203.5066074852076, 122.04574385454363, 289.49724475619234, 0.6021777394932479, 0.4658194493371991, 250.17684771631977, 153.4157360465208, 209.04329710351578]"
0.0025670066663676006,37.040244857647615,1.3002464443435593e-07,0.6489813440214797,False,False,"[0.388066104725436, 0.23898352369712225, 195.81165349358812, 133.34253968075592, 294.71304999092735, 0.6288772501599673, 0.3589754792211898, 248.2431125619121, 160.4568790530532, 217.6171644016813]"
0.0025413365997039245,37.11147165542671,7.453660132594302e-20,0.9749656678263459,False,False,"[0.4027029784850586, 0.20084934770382484, 194.60636553176099, 117.27044115633275, 300.6969532467009, 0.7027644968633227, 0.5519021839353893, 259.96996421883307, 149.3156619534669, 214.22427998871646]"
0.002515923233706885,37.08652053977585,9.686820699647762e-16,0.09601799651620235,False,False,"[0.5396099809134447, 0.2619239492121038, 198.1082577712824, 121.86399351979625, 297.25667917400415, 0.8284008551091667, 0.4778782029104151, 246.38502074631444, 171.95609898102938, 219.96871034833933]"
0.0024907640013698165,37.11130811200011,3.25474495073916e-20,0.689339056666797,False,False,"[0.5267013430287343, 0.16731307387325783, 192.98853877496467, 117.87518052720826, 304.2286209734524, 0.7866312794189142, 0.5902488333972018, 257.9998633559987, 169.28835814849074, 222.11967170251614]"
0.0024658563613561184,37.0641701542085,4.147258159116384e-12,0.006429564301496105,False,False,"[0.46613120126141755, 0.3099571671662985, 195.07818388132875, 129.13674499906827, 291.2837322430614, 0.7605626270952077, 0.47133655926593115, 242.6017898678934, 173.35652932473306, 220.649686848402]"
0.0024411977977425573,37.07576537799762,2.7540576612614017e-14,0.431359388672916,False,False,"[0.5203867141074248, 0.2372958841572994, 202.9566272168532, 139.5918615801413, 289.27678201187473, 0.6148054251094092, 0.3860526252547803, 246.7830159634457, 170.1324913581745, 219.94317275051785]"
0.002416785819765132,37.04792596335976,2.021732249703324e-09,0.6833300125369433,False,False,"[0.5639058259170425, 0.290018677269004, 199.18445051833078, 125.623769822977, 293.6358952156303, 0.7084180776128414, 0.7354448373337785, 247.73324761802013, 161.935650369694, 208.67422809091482]"
0.0023926179615674807,37.116719060978085,5.382308877559477e-22,0.7410034770093678,False,False,"[0.45860680825790556, 0.2589880492792154, 193.69632979144527, 108.65005896226799, 297.1382516370943, 0.6585082426282638, 0.4325277791932092, 251.92901024343905, 154.31800433209168, 212.87372454229572]"
0.002368691781951806,37.06928200840967,1.6353482135317994e-13,0.5016395512863295,False,False,"[0.5071656587093235, 0.28753911740077726, 203.0179772029217, 135.0216114251943, 288.1139252673693, 0.7849704705640246, 0.525468980377654, 266.4647183499357, 176.70631259041593, 222.48689897723585]"
0.002345004864132288,37.08708469282364,6.129157983053748e-17,0.20406526630364608,False,False,"[0.40184192218530257, 0.34212209063822396, 196.5187830158648, 115.5805494653274, 293.1973568030404, 0.7756440711778241, 0.37219484441514183, 251.3680585460507, 168.2152085815714, 210.4199410210031]"
0.002321554815490965,36.99887811621562,1.0,0.14916734014520483,True,False,"[0.46229735380928966, 0.10700174059120886, 198.18126239930996, 138.2570322152358, 291.8311033438685, 0.7443414569562493, 0.34241161180408053, 251.105395808596, 176.98460448069093, 219.6508617706173]"
0.0022983392673360556,37.080975598308314,3.06795710979991e-16,0.9089140854577951,False,False,"[0.42112221695983953, 0.3550000730653389, 195.87107669109216, 151.21059560575918, 297.20828641370275, 0.671358837187953, 0.34838493364908885, 249.5323538438523, 171.59045324273845, 220.0513311134604]"
0.002275355874662695,37.0171658820547,0.00032317353293796693,0.1540617237630293,False,False,"[0.5432134310893902, 0.09314030220362333, 213.53048959931968, 133.74953400687988, 296.24646215657003, 0.8609878490966856, 0.24805202313756855, 254.46235816480666, 172.21050979322848, 217.64810589480894]"
0.002252602315916068,37.00882324664366,0.012095138284893074,0.8274263586104984,False,False,"[0.4638879786145518, 0.11512862380633007, 193.99591979610472, 132.09416897728093, 290.72491612508765, 0.690273707565365, 0.3063335082666854, 253.26465843647452, 173.85841200771694, 223.21646201613788]"
0.0022300762927569074,37.12528917775774,2.410880267297082e-25,0.7214138304074731,False,False,"[0.4929714208279632, 0.2394678656305007, 202.2499412360927, 145.8727074710801, 288.14066168687003, 0.6454195895402317, 0.28369038297278243, 251.51913578469507, 165.11224464305718, 226.55526055391894]"
0.0022077755298293383,37.086914685855945,4.81070201335145e-18,0.47826599063923625,False,False,"[0.4849000844092636, 0.12846309161627412, 191.9111289318297, 130.25226797618447, 291.6878926991791, 0.6005172020372254, 0.22242882409519799, 244.81243908936952, 165.91673900754995, 221.37475147548886]"
0.002185697774531045,37.082994954893636,1.932525517387187e-17,0.8374587363405062,False,False,"[0.4670079073036142, 0.258048892937531, 200.53494848104498, 120.58737213923813, 294.7209606391429, 0.753147946056651, 0.3639749124945487, 252.4794217057998, 172.39664356216488, 219.97511791004428]"
0.002163840796785735,37.02931248618251,7.792168151859644e-07,0.19491918313525913,False,False,"[0.4108641141558016, 0.09719552838899682, 203.4923888903716, 134.6697308485625, 280.3880973925862, 0.6036921248813656, 0.4552911842311598, 251.15264534392233, 178.04884755472884, 220.04237814907017]"
0.0021422023888178774,37.092742548109086,9.345659462125647e-20,0.6528765716994638,False,False,"[0.37303641178232716, 0.25238788978558013, 192.98459212750308, 133.30787480034743, 293.8295369414708, 0.5835917200438039, 0.361392721851407, 252.86139939106525, 171.19154490146013, 219.5305158394036]"
0.0021207803649296985,37.07896896736107,3.9715017914720416e-17,0.054889216910135596,False,False,"[0.3315560334012555, 0.20725089962515186, 198.88121603464378, 140.18480878535226, 283.89352762141414, 0.8812413276820122, 0.2914405702028828, 255.79384077774742, 167.79868695499874, 224.23827980302062]"
0.0020995725612804016,37.03881004502873,5.496933849505996e-09,0.4176150930119442,False,False,"[0.5274731340284425, 0.1548997953304902, 197.05563920975115, 135.02100294821304, 292.6723909787861, 0.755437892917269, 0.316783281731975, 242.30955099625692, 168.76409134842737, 215.62210174028843]"
0.0020785768356675976,37.027941402639655,8.463771792569151e-07,0.9069873513939631,False,False,"[0.3810217149916292, 0.21992946063464738, 198.7446027142773, 116.3977284246208, 289.66384748268047, 0.7128495837801698, 0.36181570142722264, 248.04653324967967, 168.05272775125576, 215.81523595588715]"
0.0020577910673109214,37.053749280493015,2.6272579707963864e-12,0.7816928777266605,False,False,"[0.35518071159925024, 0.15131757994439127, 206.30482025089233, 150.62738081671546, 293.59138275301166, 0.6857646662100613, 0.2001676376861539, 250.91207955518857, 175.71921439644703, 217.5140344172575]"
0.002037213156637812,37.05690912838284,4.255097176971298e-13,0.3403328058712577,False,False,"[0.4926961526503753, 0.14951031151351862, 202.957026678471, 150.5858445544208, 297.5103972845462, 0.6870952338314856, 0.3614186884065517, 246.4268048020079, 156.98477123782808, 220.38694554671773]"
0.0020168410250714338,37.032848122813924,4.8428607595466955e-08,0.0972987533267392,False,False,"[0.5423362017514901, 0.16127816478624402, 197.0688408794472, 131.23061758246615, 281.0935916391549, 0.7973509961583949, 0.41123844828251743, 249.29983855436998, 176.28053405311027, 218.84634349150437]"
0.001996672614820719,37.05436547638293,8.530877695559679e-13,0.8281815499000177,False,False,"[0.4528627092419696, 0.18301163852577573, 205.72573003535163, 151.88677560644692, 289.55722851571016, 0.7129358855579122, 0.4585643191504193, 248.4769721641898, 178.5601786939823, 225.17795344015352]"
0.001976705888672512,37.11886402850844,4.3486518692969245e-27,0.5527567329175354,False,False,"[0.4821650277692058, 0.2738331532106949, 199.63913620784922, 126.71518567343949, 288.78462825632647, 0.7228745809824628, 0.45313720869907503, 262.43545681206433, 173.27519837497542, 226.23290135343478]"
0.0019569388297857866,37.118181789194466,3.33796397680384e-27,0.5156483818296228,False,False,"[0.6441138265021449, 0.15790015749035582, 193.54584455390273, 126.34558897581769, 286.92034513580006, 0.8179117724355419, 0.3042109487931513, 255.3008908136523, 167.98708679858822, 223.1207406659442]"
0.0019373694414879287,37.06499455216799,1.5096300898426248e-15,0.39125660715467003,False,False,"[0.5344644993849771, 0.10185436464146214, 199.11895477048213, 127.82179310329592, 291.7490964144998, 0.7560018345728743, 0.5139037439298972, 246.66394181114404, 170.26336015979587, 225.61267290756012]"
0.0019179957470730493,37.05887590696037,2.5978593151752627e-14,0.991181751559411,False,False,"[0.5012023824250729, 0.19473829056694153, 193.63112002950743, 135.43321866287565, 292.357001502285, 0.8041212766716562, 0.3529026299353003, 244.5895110477098, 169.79271716167386, 216.17764229662973]"
0.0018988157896023187,37.122512745523935,5.27789977368159e-29,0.7574617366594457,False,False,"[0.5338171926749375, 0.23106690053785733, 199.4311987508332, 128.2740185002315, 294.9568137310169, 0.7796925359819957, 0.39265537812474693, 253.51687842130744, 171.4365895806076, 227.28327815026816]"
0.0018798276317062955,37.072485383007134,9.876321503805268e-18,0.6460790320358959,False,False,"[0.555773050903302, 0.17139802476912544, 197.60410872457774, 124.60944045556957, 284.6906269632248, 0.6917672789142363, 0.32387146819367185, 261.53137294019206, 168.0210319856289, 223.73880981518346]"
0.0018610293553892325,37.01907805092974,1.9323799804310188e-05,0.8251950811640335,False,False,"[0.36505085288542954, 0.16461879695648113, 202.69431598238577, 145.13863842310997, 283.5331811245312, 0.7265128291565651, 0.3979315697053216, 250.82604891426982, 177.62783958700237, 218.45675738183357]"
0.00184241906183534,36.99320483464809,1.0,0.8947229257886297,True,False,"[0.37362676019860064, 0.14349278437392732, 190.28767316848524, 150.42306614867198, 282.447927733829, 0.7111376531018387, 0.4252367646921278, 261.31272580651955, 176.6281622798597, 217.37566917175724]"
0.0018239948712169866,37.00913879296057,0.00016073599484045712,0.43507606824304357,False,False,"[0.38035592691266984, 0.1327817675709534, 194.74311483924404, 154.29119358749193, 280.29483643496826, 0.6918645690601859, 0.5426294959825229, 253.11200783313515, 174.74454966130256, 214.72507070148475]"
0.0018057549225048168,37.137276451205985,2.238435674336498e-35,0.9789226548608158,False,False,"[0.5062935715563606, 0.2317864243537186, 194.73279048514107, 155.0322781327398, 276.81674806694474, 0.5981098690691362, 0.40327347751108045, 266.2461383286643, 162.5182468827853, 222.8227858565967]"
0.0017876973732797686,37.030335571794026,9.542008324505588e-10,0.7014772631157671,False,False,"[0.4257531365801118, 0.18966708628963874, 183.4631801107606, 162.37861880343888, 281.93174575079064, 0.8656752466188139, 0.46030403762397454, 264.37292910603037, 174.92304066012736, 209.95885855889716]"
0.0017698203995469709,36.9870803620572,1.0,0.5782639340316412,True,False,"[0.49731914981898506, 0.125311246703224, 188.71396147509523, 146.7157337244111, 280.90553657380065, 0.6696751041431309, 0.549047329781485, 263.34582884851903, 179.51980492186337, 214.72254918438668]"
0.0017521221955515013,37.07155257005524,1.1536362678028229e-21,0.2126965731255912,False,False,"[0.585964615748816, 0.2293910946419047, 190.94906141656733, 145.2819259000757, 274.45091369618495, 0.7327840712074831, 0.5330027828701001, 271.41179137270393, 183.18934732258944, 220.31880872484516]"
0.0017346009735959862,37.06052793327085,4.081581215069008e-19,0.10434871554297354,False,False,"[0.34835779972155273, 0.1728013352791985, 189.2211253294466, 153.88984324343673, 279.608411430215, 0.6896402166844462, 0.46716668206726253, 265.42591739628557, 172.89939789194474, 213.6137873728118]"
0.0017172549638600262,37.098838271010614,5.44978249612446e-29,0.36475389644430745,False,False,"[0.43946811735605684, 0.2504915276358463, 193.37688910551594, 139.2163442299794, 280.20129593770696, 0.6868789489823698, 0.6718547546631144, 274.19035867668595, 177.34298015176307, 215.5597958686087]"
0.001700082414221426,36.98945243754517,0.24776591218284277,0.33471619732942126,False,False,"[0.5223226260733456, 0.11935255516093059, 189.40011981156886, 159.69971030461588, 281.12516420197255, 0.6956500791314222, 0.7474317728427502, 264.1400070808798, 175.74493984196616, 212.8996863464213]"
0.0016830815900792117,36.96610307996617,1.0,0.20189566172245788,True,False,"[0.5203643856893848, 0.1685194753747016, 183.58906573804757, 160.01425951457136, 281.01655058350013, 0.616893585964382, 0.5076080792935836, 264.4658685974748, 181.76957299668544, 218.78620149727217]"
0.0016662507741784197,37.08155505621409,8.098365086436955e-31,0.08376093543578511,False,False,"[0.6337325152287472, 0.34952528634568036, 187.2301863893799, 155.48503695987677, 286.880416605573, 0.3625057191542644, 0.19281139098496392, 268.7969174665535, 183.23896464931042, 222.77690697154267]"
0.0016495882664366356,37.05780434525273,7.201080842988602e-25,0.8442713482252859,False,False,"[0.5811403200533792, 0.13569290813688215, 191.6743745001385, 158.9271690363369, 281.99964408707194, 0.6994754744978183, 0.44081681792951294, 267.0782636332546, 175.7931326593335, 223.4062563016987]"
0.0016330923837722692,37.01301909351802,3.3376877348121087e-13,0.21364730298705648,False,False,"[0.46860865753324243, 0.15532716453911194, 182.47183999773188, 144.866766725245, 278.3651287296237, 0.5991667547453707, 0.5312123640739336, 266.26095098147124, 182.09754930633545, 229.95088872658678]"
0.0016167614599345466,37.00241009913818,1.7668842268335835e-10,0.20972099491622287,False,False,"[0.4179589450992713, 0.2349580967040784, 200.16818223621567, 176.01100599270336, 277.9537855903895, 0.48475585766549506, 0.4733376116898339, 268.58017290858595, 185.34189643742113, 224.66771589299165]"
0.0016005938453352011,37.104839580804764,2.2707073505722486e-38,0.8931823941804058,False,False,"[0.5924066215980949, 0.2221849622977358, 181.23678754699475, 142.96404005422744, 274.6156148540647, 0.5863033127512414, 0.5753219579820374, 266.6602559651605, 168.99090577816622, 223.8119270032434]"
0.001584587906881849,37.10878563894319,7.84166152883827e-40,0.23427108647652306,False,False,"[0.5877267929029091, 0.3239780514852212, 172.35145128043644, 140.938109773683, 280.06887601108104, 0.31107819300934914, 0.5013429048918857, 268.3592629660393, 168.32189321625134, 218.80250163739294]"
0.0015687420278130307,37.08917751218725,8.467694065613286e-35,0.1000447488363434,False,False,"[0.5063658909574589, 0.20068688130904278, 178.18246953221637, 167.21516511080125, 284.5949075217432, 0.5300924128831966, 0.4795406831424623, 269.15182230417986, 181.5965819180887, 231.59088223027146]"
0.0015530546075349003,37.04075678762073,1.3302072777213233e-21,0.6652514471732008,False,False,"[0.5816393169819218, 0.3148840993729677, 174.93097781874286, 161.01007694021945, 277.45912379985333, 0.787880310291459, 0.6069128338760623, 267.5181938637005, 182.22699728095574, 215.7700587630993]"
0.0015375240614595514,37.12652111851806,4.872520957221736e-46,0.41750967151147833,False,False,"[0.6859065932530929, 0.3576940152168905, 190.66190298207454, 165.03066736153275, 278.352176574745, 0.464878382425305, 0.6203584988584239, 273.82019071169674, 172.10024232853556, 221.68194152689375]"
0.0015221488208449559,37.08316184925911,3.9918845770147074e-34,0.05548484804103604,False,False,"[0.6280394442456851, 0.21047543012836864, 188.97511358425868, 147.62062541055894, 282.47767986080083, 0.6942656723779685, 0.5213061631299569, 274.2076188592818, 180.70392056723, 216.8196926965334]"
0.0015069273326365064,37.05284660999067,1.0014478882487989e-25,0.8039991664904402,False,False,"[0.6009804006619532, 0.13608598883463244, 179.70494738101917, 158.58801096795005, 281.2932399894012, 0.6531037017259231, 0.43126756843947434, 262.2842286402683, 161.3250703615047, 218.01334777237952]"
0.0014918580593101412,37.03569002113439,5.5279025383727075e-21,0.4103093114204214,False,False,"[0.4590059743468602, 0.27778461928137477, 181.91569869395173, 156.12394912235857, 275.61348701514333, 0.5816689676506526, 0.43502621408977826, 259.3887669028883, 176.98289905838604, 217.88979950554375]"
0.0014769394787170398,37.05391152887619,1.5132132696425186e-26,0.47216602310464906,False,False,"[0.6421226427289968, 0.19192252568072368, 185.3536047637954, 170.56813084444516, 279.0628975903957, 0.6342188719273352, 0.41796531057213926, 267.69226420304983, 180.62734274396047, 219.20648235402038]"
0.0014621700839298694,37.08778823689095,7.19472953727967e-37,0.17536599566355737,False,False,"[0.45358014017011666, 0.3802325047343312, 177.15777035916446, 158.92625794941404, 278.48359331022067, 0.5123895629119203, 0.7310851475079982, 256.17437574649045, 165.95383990871247, 220.95943714414088]"
0.0014475483830905707,37.09830409773634,2.1724903651319275e-40,0.27174222476357923,False,False,"[0.4660978176385033, 0.30227307367546585, 178.24616417316696, 144.15160189451865, 280.4732710689749, 0.4717916211931203, 0.5663635454429309, 268.28758967607945, 172.12463898842628, 222.56421170679863]"
0.0014330728992596649,37.07250198346543,5.697484126627906e-33,0.3565342244733791,False,False,"[0.5121477208963581, 0.25490546730077646, 187.89423272384155, 160.98472945321245, 279.55160884634347, 0.5344939225203573, 0.5670868432855426, 275.48583036658044, 184.18335783080076, 220.01301318518614]"
0.0014187421702670682,37.09582648888729,1.950132320460714e-40,0.16050337276928772,False,False,"[0.44799908871395755, 0.20736736320067312, 179.0683429669265, 145.3593494699797, 281.85789240342564, 0.640439435957955, 0.51856521079705, 271.15004654027257, 174.3770908569918, 217.5450040489168]"
0.0014045547485643974,36.99478457987767,1.3538001807163734e-09,0.02572995913880849,False,False,"[0.5299233026852925, 0.1338673325351329, 184.5804421937223, 170.14960074358802, 284.96928771695525, 0.6052946793124991, 0.5632883455144452, 268.05372954972484, 181.7917293347788, 215.06328577640298]"
0.0013905092010787535,37.06496508362172,1.3263616434745912e-31,0.23156550285942668,False,False,"[0.7660269846676729, 0.15721287383386595, 176.61709862558618, 149.60075131801247, 277.59465866245705, 0.631869556075771, 0.6146572793346102, 269.803920278715, 175.59009434786898, 221.67326821828286]"
0.001376604109067966,37.041140111680164,2.1238847519956583e-24,0.9742122400575627,False,False,"[0.6955608806603443, 0.20654680184526714, 178.31848301391628, 155.5261335094794, 286.8347088808248, 0.6793087663813617, 0.6559213315693578, 260.64914863784827, 167.3935129578102, 211.38857970904715]"
0.0013628380679772865,37.0723053603555,1.4341910025327756e-34,0.49639390821458984,False,False,"[0.5518764892304197, 0.12416628296838006, 171.4452849733146, 142.41561287767857, 287.41763283910547, 0.5424376884927167, 0.63767745507038, 267.12684058215217, 176.66095953733884, 220.24878989307982]"
0.0013492096872975135,37.00900855081767,1.5461137512272702e-14,0.7439818908474527,False,False,"[0.47814107272222306, 0.22849220963604816, 184.94498000014346, 163.64533178961938, 274.2532975574728, 0.7445118491028447, 0.5814101996705247, 267.14475591792836, 181.43075180671252, 221.63886982843613]"
0.0013357175904245384,37.00211433770885,1.9557776794218226e-12,0.6844500720222316,False,False,"[0.5021451423189214, 0.27441838341715413, 188.88066839682128, 154.9865408736656, 273.9497116727376, 0.7775001024210609, 0.5322740860438243, 268.2942159949916, 180.8652298678655, 219.21806847003322]"
0.001322360414520293,37.05661648672362,1.8760883932301544e-30,0.3395491789540752,False,False,"[0.5176468450163682, 0.11644855859834365, 180.5303656325848, 149.87291679078515, 286.03456534028726, 0.5415191927995717, 0.4095088729836466, 267.2831341819774, 171.1025362836239, 216.36917714841513]"
0.00130913681037509,37.01711891802772,1.1911046089760342e-17,0.20793845384704135,False,False,"[0.5116013740940359, 0.17575322275376032, 188.04463142579127, 165.951865005768, 280.5880199417065, 0.6658120693599634, 0.4078524117654727, 264.4595585330366, 170.0453955543877, 215.99325742567984]"
0.0012960454422713391,37.071255121996636,5.8128631872376146e-36,0.2975525907509441,False,False,"[0.5038639487838679, 0.15507821303306515, 186.75147989538348, 166.34129984481748, 282.7525760838556, 0.7969242540283277, 0.35582193088581293, 264.76359987239454, 160.53872040546145, 228.64669256208998]"
0.0012830849878486257,37.04384762419834,4.844808291403715e-27,0.430390309305856,False,False,"[0.4717651848527171, 0.12279712871459894, 196.81781159902962, 170.36687121468916, 280.24500309576007, 0.572201791750697, 0.6498381251101742, 257.1788663268157, 165.77886786396692, 219.24649783084007]"
0.0012702541379701394,37.0665598857499,4.510719056520981e-35,0.6737397452433629,False,False,"[0.3692539555245235, 0.12447574921677523, 184.44501192335986, 144.80671959826225, 285.47957982292496, 0.5289252351225854, 0.6844755855848517, 261.5731613410026, 160.61503435861977, 214.13477099547302]"
0.001257551596590438,37.03790918144715,1.5915408220440257e-25,0.5096920412401502,False,False,"[0.5808676642229988, 0.1368016478409344, 188.07761582823477, 161.39478336719765, 290.1702549582703, 0.5695840683955401, 0.37972110478603416, 274.5890578295123, 181.97290494410962, 221.94488755757297]"
0.0012449760806245336,37.04311091739569,1.3701557931985838e-27,0.776889853922776,False,False,"[0.5674185473618487, 0.23491726751499387, 186.65167515788661, 159.77957248269541, 286.43793077077527, 0.666265624888738, 0.46074366584858695, 265.4520361717443, 172.32095830389952, 220.70747463398888]"
0.0012325263198182882,37.05152196886614,7.9743594364398e-31,0.5333446222510749,False,False,"[0.5816309500265466, 0.10638309100475452, 189.9172037095492, 148.75795669244704, 275.8261891624171, 0.53046264110278, 0.6084538326690135, 269.10169748318077, 180.894890916099, 224.5629288234426]"
0.0012202010566201053,37.06487992859071,6.971107736029578e-36,0.33584725019898987,False,False,"[0.5796011255578434, 0.23873898468064972, 186.99003680718226, 148.27120865668408, 286.6770549914426, 0.5864855603957178, 0.5612484550088409, 262.86218514128456, 176.5461886765813, 212.90608423021362]"
0.0012079990460539041,37.10667299385488,2.903523774698154e-51,0.8115236647043921,False,False,"[0.6167738571141738, 0.39427124629566085, 186.19331270740867, 170.0095185625059, 287.69119899579175, 0.4536092736538389, 0.6065837203959509, 266.4595514106042, 165.76346366510285, 212.80982296270545]"
0.0011959190555933651,37.06092540100819,3.6775065660100853e-35,0.20945366213508343,False,False,"[0.608706243993391, 0.10993851202999275, 191.9726525857218, 151.47643763504513, 277.28152677963624, 0.6937208909697161, 0.4800893341155446, 264.5767629244146, 176.83353262280568, 223.3244582857319]"
0.0011839598650374315,37.04852410937782,5.844039056337883e-31,0.8704165572654772,False,False,"[0.585330275949009, 0.24205941118106972, 192.9189983455709, 159.12430437449711, 281.3604721951187, 0.7667532524960554, 0.3667255586613508, 266.14985100222896, 181.1472790932585, 220.2430791284588]"
0.0011721202663870572,37.005433404128624,2.674928377707154e-15,0.8266927066896669,False,False,"[0.4143481236691096, 0.14552098399107516, 189.77413889705437, 164.87150265373737, 281.05478769790005, 0.43899391893309425, 0.5083809544842158, 269.9548926603147, 181.78594643081692, 219.40270885560824]"
0.0011603990637231866,37.04326724386459,1.3191840560795096e-29,0.08328757249523056,False,False,"[0.5572395628876695, 0.20878931394082512, 188.59658398677365, 170.45160187709465, 288.46868538566616, 0.5889507185190499, 0.44704028992139516, 261.20803718572375, 179.49476282704993, 217.7031698772026]"
0.0011487950730859546,37.026984988175116,9.638109016230248e-24,0.685860213838079,False,False,"[0.3392031435881, 0.15943517616935882, 184.18936982011564, 166.62096602668916, 274.4230704847864, 0.4951356825153555, 0.5402510796050495, 266.8513958942648, 185.60130285034694, 225.12351789775786]"
0.001137307122355095,37.02567837277523,1.780138524544304e-23,0.9938212188980147,False,False,"[0.6433508381583074, 0.1172659131276057, 183.05458803590173, 158.04875520417266, 282.6061118922749, 0.5085737499713696, 0.40608596235337746, 255.57278863775414, 180.0379105354027, 227.80345935621713]"
0.001125934051131544,37.02709009924815,2.9931623334025765e-24,0.0850154250260492,False,False,"[0.48990577695885335, 0.13874826083593012, 186.0051794272998, 165.37213903951843, 285.11226248086433, 0.5179707246814935, 0.39298240727429545, 277.50449022176076, 184.52630087038764, 225.32981142826964]"
0.0011146747106202284,37.102372916006836,8.075461946236583e-54,0.38792414361025007,False,False,"[0.5860611040846495, 0.25652291181845, 179.3043587683807, 153.40756060770255, 276.4585467946006, 0.7131734362204538, 0.5025597626100602, 273.52959708102594, 179.49952216631138, 227.8826759895899]"
0.0011035279635140261,36.99375220026883,1.3142026853445133e-11,0.9635950226685012,False,False,"[0.40526703936203823, 0.13941849532023975, 191.21001105829916, 162.89076491155564, 291.8462048206833, 0.571996889918292, 0.4572194328363985, 261.1347428842036, 177.68220879578158, 215.80061018641317]"
0.0010924926838788858,37.02729105563745,4.744337842494089e-25,0.32465283232025366,False,False,"[0.431233934712667, 0.13472797750064544, 175.95140395888782, 144.9968007872389, 282.19697524721556, 0.7277060512234086, 0.4087739308951283, 266.66852283800887, 174.14578037677356, 226.63133355520515]"
0.001081567757040097,37.06328410787009,9.501047512789464e-40,0.019145880082473532,False,False,"[0.40868916137808187, 0.1696734709828699, 189.44857358572656, 147.75624238338793, 283.56696753132456, 0.6374562162857197, 0.5056923370992116, 266.31014784277573, 168.07222591141152, 220.7828102344544]"
0.001070752079469696,36.991020869627654,7.823554700872533e-11,0.2144947622823734,False,False,"[0.44819056133400664, 0.10454657803893423, 185.12345443921558, 155.01010614306009, 280.9743863471197, 0.6174160803950123, 0.36845731138561644, 264.80424531039813, 186.03595539613005, 229.7329975190258]"
0.0010600445586749988,37.01670082130509,1.8637212890306317e-21,0.27412409024188145,False,False,"[0.3030775877953269, 0.21910170023271097, 182.6375937114152, 146.07314956833966, 279.45730215668107, 0.5905410202490333, 0.5799826818251885, 262.9312663782271, 177.11726065019857, 219.790924292781]"
0.001049444113088249,37.03179004396094,6.555025338984781e-28,0.14167889561345193,False,False,"[0.5113714082614217, 0.16315293072123696, 179.35590165174784, 154.83890369286854, 271.35382877878516, 0.6100343673325154, 0.558625268197926, 264.7582504423625, 181.37325820822178, 219.8971798258147]"
0.0010389496719573664,37.12373310291861,1.2841013183926604e-66,0.935703565684962,False,False,"[0.5603401214015996, 0.23614741459497002, 188.22148627365016, 142.81958032340805, 286.2719257305906, 0.5912738501467608, 0.42819400261552737, 265.231535353055, 166.9748649424387, 221.31807913814276]"
0.0010285601752377928,37.103785840089515,7.336170333138202e-59,0.47013172435029404,False,False,"[0.5697897875771541, 0.29243292391327813, 169.73413200823455, 145.79537354392747, 279.8990027565607, 0.5825510773857878, 0.46421593780966963, 265.81977923528325, 174.43707049339025, 225.69935761197354]"
0.0010182745734854148,37.068133180686075,3.0487677155756024e-44,0.20225306859068182,False,False,"[0.39263413773359107, 0.115750851588579, 177.15279574802966, 158.30368167462956, 279.86512420490146, 0.735176162142162, 0.594227219469418, 264.70066424155107, 169.2030201961636, 225.5426628676385]"
0.0010080918277505606,37.04676859354584,1.7726165330755962e-35,0.36115909740037166,False,False,"[0.46913118036186474, 0.2921527015583334, 187.4211859828304, 139.71584195244358, 282.0656257629078, 0.6631094735520955, 0.4995381479242502, 261.4755117040638, 181.23643731738727, 220.12817710090746]"
