temp,cost,accept_prob,random_number,accepted,is_best,param
1000,21.97684813022032,1.0,0.0,True,True,"[0.8357631216772063, 0.11706715951058211, 100.36144932588043, -43.98021483253629, 274.57600680369023, 0.4196211602029187, 0.11327679378686122, 224.12037907448945, -8.13849180387768, 261.34941443332866]"
1000,21.972157962554355,1.0,0.4431241266216115,True,True,"[0.8174789273737025, 0.10889996295437833, 99.56738541952885, -47.397867555352825, 275.98348569870944, 0.4171702961494567, 0.1183181237210076, 225.98231928021667, -7.083262772269515, 258.9985678202699]"
995.0,21.97514126200913,0.9999970017135855,0.31640019230864347,True,False,"[0.7614707581981708, 0.11121925613699243, 98.15810016808759, -54.18245430560944, 276.74695910504363, 0.4236688798127527, 0.16675944876578588, 227.3531097170179, -0.7589956263584785, 255.63836245056495]"
990.025,21.988951073125076,0.9999860511453749,0.17205645012794513,True,False,"[0.7718443651187553, 0.1350184976464759, 101.99079494491713, -60.57828086398504, 273.30516233441085, 0.4497189953483491, 0.14004196819606368, 230.76503051106712, 2.8630784269731073, 258.8802011613749]"
985.074875,21.9618330422333,1.0,0.8293221189911871,True,True,"[0.7963566870499845, 0.09195778322584733, 99.82679485906631, -54.07384980795724, 274.43913778608885, 0.4923416933486227, 0.19580402514169948, 232.57203552635977, 1.246434092034944, 258.6869241232613]"
980.149500625,21.97083914018158,0.9999908115480685,0.7171269887307034,True,False,"[0.8493543726795396, 0.0930790640794505, 103.64235147026446, -54.990987127327976, 271.3066223164275, 0.47190490617349745, 0.17162957238982351, 231.09977506848722, 5.019410357328024, 256.02926588317763]"
975.248753121875,21.985805772752247,0.9999846536407446,0.9311575842120173,True,False,"[0.8485320689604873, 0.12798632331491636, 103.7097370635552, -57.808246192757025, 269.03545537626275, 0.4143667486742577, 0.13170727939553808, 233.93179697811888, 7.5721198267576035, 258.99758093397355]"
970.3725093562656,21.996697706855517,0.9999887755754926,0.07175626897759535,True,False,"[0.8599661117753139, 0.1700311740100851, 107.28604536416039, -63.831928010488696, 267.0242252584203, 0.39336189078559747, 0.11576952720856991, 236.23448184860237, 9.599676927833313, 255.94471115597196]"
965.5206468094842,21.94720987960593,1.0,0.2768388616223133,True,True,"[0.8121803704830762, 0.09911904164427213, 109.83768240324622, -57.160310791197944, 269.20418581045914, 0.35818147852242943, 0.10843388319367922, 235.0508351995607, 13.227781479129874, 259.21847120460393]"
960.6930435754368,21.964402963272526,0.9999821036178682,0.35539682142039686,True,False,"[0.7638708081544894, 0.13871621082143415, 110.50046785239127, -57.69497184034545, 268.3285971794351, 0.3679579990875807, 0.17254665892500493, 238.99701149255213, 10.62290616086676, 259.41349763539944]"
955.8895783575597,21.97664673231175,0.9999871913127802,0.5080797573697339,True,False,"[0.7640179508424466, 0.17547647815869727, 108.25194378756596, -55.00325631201396, 264.5892630427658, 0.41355118490359283, 0.16429129282771068, 240.05921932413443, 16.969065465288246, 257.7709549396776]"
951.1101304657719,21.97375040794887,1.0,0.8202292994598464,True,False,"[0.8435167611226513, 0.1151791253938673, 105.91396663353616, -61.52869477663952, 265.95214873295674, 0.39879716752589767, 0.16538421163704947, 240.9819641641075, 12.658519639188736, 254.2427075523338]"
946.354579813443,21.976482363190616,0.9999971131842581,0.5759932628861943,True,False,"[0.8066364392622682, 0.14076895401656664, 108.01629995501635, -61.71517174618831, 266.40905964100847, 0.43304407384194243, 0.15204833992323985, 240.7886353007626, 14.67181018384024, 253.72485543140783]"
941.6228069143758,21.979113067746038,0.9999972062052223,0.4192758165871646,True,False,"[0.7961087304312221, 0.12732809772454648, 106.8920359225672, -59.073197748185095, 266.6027088961151, 0.4988138562246234, 0.18387308641938266, 241.63197181410845, 21.860075954377045, 257.4526416696132]"
936.914692879804,22.01709054223887,0.9999594662085132,0.05124334504115735,True,False,"[0.7579823916728172, 0.1409730493143245, 104.13389697121097, -61.7125882751657, 269.0120503579837, 0.5300780154359062, 0.12073991313397558, 240.77426306627603, 25.968105997791035, 260.85432787276073]"
932.2301194154049,21.990906130573933,1.0,0.568159747293906,True,False,"[0.7552625647183098, 0.2085630606825259, 107.06765946047052, -58.208686286966895, 267.0858949688906, 0.4960982952303934, 0.12631300507227383, 238.38506270368973, 21.489781046753233, 263.1829446498728]"
927.5689688183279,21.99873051451482,0.9999915646693635,0.1640008643286699,True,False,"[0.8340700657066468, 0.23007551554954592, 105.62460622396397, -56.49147501417397, 271.0266876301109, 0.559566679681191, 0.11260013567509684, 236.5322417027549, 15.088682426608463, 262.8472578240694]"
922.9311239742362,22.010455072367048,0.9999872964698276,0.18763814376118193,True,False,"[0.8465177348461842, 0.19538867565747434, 109.4774616569727, -58.029697103482384, 270.58977985814624, 0.5520292286176796, 0.16461870665588405, 236.1974395532818, 8.104996047612186, 259.59043073460504]"
918.316468354365,21.982422687112567,1.0,0.5164346487164425,True,False,"[0.8305257324655845, 0.17254179447893497, 112.11609711675644, -64.88667570628826, 270.2037906229029, 0.48747991296753806, 0.0969970703963866, 235.8729065925746, 0.5945025382381584, 258.87997632876437]"
913.7248860125932,21.98328713972627,0.999999053925073,0.4803895246252404,True,False,"[0.8037586716549804, 0.1445414478586367, 111.48234117361983, -65.57172958338674, 272.2973124015916, 0.4789138786426182, 0.16735406335222666, 235.01515839101614, 7.1719947908701975, 255.55523521217694]"
909.1562615825302,21.971206547719643,1.0,0.9457650507416792,True,False,"[0.8103355474207952, 0.095231054666318, 110.7862242985437, -66.32105256089076, 275.3284490431357, 0.5156239061680301, 0.10804308124653164, 232.92903727949047, 6.9685568082474365, 256.97303389494914]"
904.6104802746175,22.01562502291421,0.9999508988833804,0.7836768723049474,True,False,"[0.8637579515910413, 0.11501189690560182, 107.11338285278462, -58.74550518209844, 278.0853373338624, 0.5906853947049238, 0.12689230081159159, 234.42208776979555, 11.241969489795853, 255.84766838249837]"
900.0874278732445,22.02085224193493,0.9999941925598775,0.3491233298157882,True,False,"[0.8701297932464424, 0.15550601032489153, 110.52566123909034, -53.11907539991557, 277.0177149091957, 0.5955462993553898, 0.1774266605037288, 236.4422476933025, 5.5665441258815616, 256.6963597667688]"
895.5869907338782,22.007571085505504,1.0,0.9884725483638684,True,False,"[0.8296098596720477, 0.09745107400464242, 113.45616663088863, -59.6446394625827, 275.43803128322037, 0.6534602728492176, 0.1529009006605413, 234.21410149300917, 0.4797560125146507, 254.95422367067795]"
891.1090557802088,22.055124146311186,0.9999466375167986,0.6755517888438791,True,False,"[0.8603924013494347, 0.12713749742950342, 113.16784045285007, -66.66118910733978, 273.1674487300366, 0.6602105782020244, 0.14285470428039734, 231.97906357362035, -2.254829696498316, 251.59251728461004]"
886.6535105013078,21.99053773040839,1.0,0.6849445280354136,True,False,"[0.8255986769471833, 0.12809226267539692, 115.0776865205395, -61.18504915450899, 274.41259454563834, 0.5818070820026929, 0.0887862971686052, 232.62723094674723, -1.9683863970771913, 251.89954986886826]"
882.2202429488012,21.9705924691044,1.0,0.25588496772244074,True,False,"[0.8785456946164272, 0.08413991336754245, 116.84959523858389, -58.204687834038815, 277.4966733120178, 0.5381479710611747, 0.15763790429715158, 231.83323683006859, -6.725010505397012, 251.08254600646418]"
877.8091417340572,21.988276435378427,0.9999798546320519,0.5776877988109103,True,False,"[0.8145182485716376, 0.13960745770728183, 117.6917572119098, -59.04673558271878, 280.8000420961746, 0.5557540765745776, 0.14844616334530672, 232.3118391742646, -5.482516083482908, 249.54767388788028]"
873.4200960253869,21.99522825237034,0.9999920407266127,0.3603811855714799,True,False,"[0.872002636635726, 0.17570370009235314, 121.42300364541879, -57.89979540598316, 281.8981847266979, 0.5599548892358538, 0.11238397655261065, 231.53202785786215, -1.8582020569287376, 253.24783832531105]"
869.0529955452599,22.031462924660193,0.9999583064357478,0.27329436749589187,True,False,"[0.7966699476421185, 0.17105353030259818, 121.1304169925651, -57.671188810756064, 277.9775174227812, 0.610954890150565, 0.1316040562383348, 233.0438668993511, 2.7360604528762487, 249.29767318802348]"
864.7077305675336,22.034251959281168,0.999996774597908,0.316931145701543,True,False,"[0.860468166618706, 0.22244439626155021, 121.5617642003597, -64.89261988751089, 281.50614968703474, 0.6550783038058839, 0.15333460551025796, 232.29462440160853, -4.095450794360461, 251.201030737811]"
860.384191914696,22.005364803222854,1.0,0.45245780540005454,True,False,"[0.8053589190178377, 0.19470325938756783, 124.75746294529895, -58.13474463358116, 281.9473786460969, 0.584157181338952, 0.18701134441733516, 232.3703423387879, -9.750795583823988, 252.69930572506598]"
856.0822709551225,21.971222607352193,1.0,0.7580835209103791,True,False,"[0.8313329469441744, 0.15055605502685254, 123.10456582675936, -53.624218558054025, 285.63450528493325, 0.5307909584013555, 0.2143820301495174, 230.4845166491534, -13.861404420531143, 251.73415894647772]"
851.8018596003468,21.979722141238387,0.9999900217504986,0.5499974096848895,True,False,"[0.8737965660392121, 0.17290385258877466, 121.9788153512617, -47.774698462053465, 285.5258839905834, 0.49626700032739846, 0.2813072541515309, 233.30842887286047, -9.174246648034284, 251.74226706962963]"
847.5428503023451,21.979371951251693,1.0,0.014748322609676623,True,False,"[0.8332674258548489, 0.19178646762648344, 124.86825734492163, -53.784898938910565, 289.2848217879566, 0.5479378490430746, 0.23394485985761146, 236.52265710922862, -11.726180877690833, 249.2634079719645]"
843.3051360508333,21.9533889160887,1.0,0.15874287714835056,True,False,"[0.7991789569157582, 0.1502578070832433, 123.55513092178602, -59.98261827163826, 292.8451621469704, 0.5405532784279496, 0.28882074574260563, 239.38251888642094, -12.729181319505598, 245.27240980204556]"
839.0886103705791,21.92423115275259,1.0,0.8076127158120205,True,True,"[0.8287896223163894, 0.08397570694124595, 125.97630243537755, -58.99255492722955, 290.442473137869, 0.5789708682441286, 0.26702237298588516, 236.4963210337349, -18.866867660156245, 246.61584401316347]"
834.8931673187262,21.967673540322508,0.9999479678849211,0.47912924857914263,True,False,"[0.7905755576612935, 0.1206876219998121, 123.31806439319166, -62.903649745705096, 291.43121426966997, 0.5974062880297584, 0.20225430119086935, 234.44471959681806, -12.942709594217982, 243.2500767458294]"
830.7187014821326,21.999905849551375,0.9999612002427964,0.8675073096463279,True,False,"[0.8435581994339014, 0.16304167100287875, 120.50168578886172, -63.182622903368824, 287.63801459716615, 0.5824628206149808, 0.1772082417333421, 230.5429650053297, -5.929202244815153, 244.98825887654974]"
826.565107974722,22.046435042741773,0.9999437093543508,0.23900586070711372,True,False,"[0.8359642111551193, 0.21288046541761546, 119.68896155760157, -65.9097728344779, 283.7412525673798, 0.6409986366707251, 0.23403851025666755, 234.42347633302975, -7.673392986102925, 245.28490603212583]"
822.4322824348484,22.026004286369606,1.0,0.8692412354318056,True,False,"[0.857225272901656, 0.27428725013486316, 119.3438010601062, -68.17690136545505, 281.9002785470551, 0.5904659391783698, 0.2514185474968991, 231.40126583392677, -7.886333372937317, 248.72209259270792]"
818.3201210226741,21.993901968226353,1.0,0.11102450979393863,True,False,"[0.8450766176816377, 0.20704728665480665, 117.02604861855612, -61.89777362538417, 279.11494928380216, 0.5577992398240748, 0.27129067447221544, 232.85317563383094, -7.811593722823396, 248.09853889477404]"
814.2285204175607,21.997934119234046,0.9999950479000393,0.8601174437493266,True,False,"[0.8646216092385016, 0.2003142919204785, 118.33417438970692, -64.30491448228247, 275.166823366898, 0.5237353949288396, 0.24039973719368177, 236.23321631832133, -8.106591150126464, 247.54117574064045]"
810.157377815473,22.00486041473823,0.9999914507155198,0.5617928835267024,True,False,"[0.8167758922482079, 0.2532253858255625, 114.80111378394982, -71.13784833878998, 272.93017233038574, 0.5625379167408052, 0.30924774629249274, 235.62071862794784, -11.745423251453662, 250.36025720487385]"
806.1065909263956,21.989124481751436,1.0,0.9792101959509527,True,False,"[0.7523752588360646, 0.2114251131061493, 113.74113701513623, -75.24684593485206, 276.09689641531486, 0.5189559453660153, 0.2938395550860491, 239.60156669920426, -9.400340724189213, 253.16951025355615]"
802.0760579717636,21.936728905019034,1.0,0.5415313382389043,True,False,"[0.6946658215047506, 0.19145669641686425, 111.38002348911951, -81.16158148935615, 276.24149336897693, 0.576643158691916, 0.3373276022321354, 240.6199665192468, -10.434672437123076, 252.1389515019243]"
798.0656776819047,21.983439163120245,0.999941472371919,0.9678653582670992,True,False,"[0.7639961616653242, 0.2635766229917618, 110.5610091212413, -75.91898409392273, 278.1943824342414, 0.5881591492463953, 0.3796103115934136, 242.34394962920638, -6.5145634369341625, 252.25076084619565]"
794.0753492934952,21.974519780243874,1.0,0.5541942626614479,True,False,"[0.7842233744935914, 0.20409315507020925, 108.45096988096778, -78.4438354637161, 281.52091546131254, 0.5443194247400868, 0.37844116578497716, 246.0196362101891, -1.2874992897455346, 248.88052055263515]"
790.1049725470277,21.97871884620645,0.9999946854469337,0.21224261513696896,True,False,"[0.8213916095190518, 0.15675505917078336, 108.2481748625382, -83.70721473380894, 281.6179195475979, 0.49488676895993106, 0.37431798610558026, 249.62178919235905, 2.3379542804227427, 251.59815106106507]"
786.1544476842926,21.980471121421814,0.9999977710826827,0.048959183005330864,True,False,"[0.8067529439494902, 0.17582134895349252, 111.48632644609037, -89.82100473227918, 285.08520356471143, 0.43464752496279935, 0.4033875573110959, 248.88994090629166, 0.03238557746862902, 252.15187544632744]"
782.2236754458711,22.023838967300716,0.9999445597914409,0.5733096765758866,True,False,"[0.8381285055544156, 0.23974850283048305, 108.6351217701898, -91.47513180278605, 283.1560484092648, 0.35965789005700244, 0.34570829259714164, 245.0473099319111, 0.4824548528936283, 255.06326151611447]"
778.3125570686417,22.03415627044958,0.9999867440982771,0.8998975239664937,True,False,"[0.8171993116108577, 0.3137633982791081, 108.70325051689086, -98.45803376224448, 285.21155732404736, 0.4229616068056792, 0.417857126813661, 246.35093483592473, 8.316427559388726, 256.4476545474011]"
774.4209942832985,22.032655197394327,1.0,0.570656692600812,True,False,"[0.8189693738932255, 0.2811677371394995, 106.30186696492514, -98.77634647868835, 288.1520814228934, 0.38598173227162447, 0.44452919185683804, 242.35267611454202, 5.097429296250549, 255.51672571305733]"
770.5488893118819,22.02806874213687,1.0,0.6392862014604715,True,False,"[0.8186145403845293, 0.35029242195536137, 107.51808037149588, -92.8772329957145, 289.4272518383747, 0.3283246866303062, 0.44325510268213053, 240.59297675300382, 12.282808999353986, 254.6347621407065]"
766.6961448653225,22.020104287784374,1.0,0.8407067203814196,True,False,"[0.7589336241416199, 0.4031617170433042, 109.43219994798748, -100.06825465426581, 293.1064560294341, 0.26947264780192065, 0.49943182750805365, 237.5492801930215, 9.899163322249741, 253.64687813357727]"
762.8626641409959,22.015519461514167,1.0,0.7894001053359639,True,False,"[0.7313867355183915, 0.442097236023442, 111.17551807515272, -99.31272634422102, 291.3749293062952, 0.21688035914958642, 0.45104451948635915, 236.9412629642966, 11.289306957245326, 256.0635003099064]"
759.0483508202909,22.003895219095018,1.0,0.5905165387695498,True,False,"[0.6778409135985577, 0.4076403914505316, 110.14455839014022, -94.14716165368968, 292.1532072434534, 0.2554764325799993, 0.4863595155975664, 239.93229911274574, 13.622638976000884, 258.95181400450144]"
755.2531090661895,22.019446533600856,0.9999794093473926,0.9976173298736712,True,False,"[0.753590678160416, 0.4117172551253744, 108.16255311106298, -95.83777099723395, 293.75829427136523, 0.291776806869825, 0.4565892648286411, 242.99630125278816, 8.495175807662333, 262.67519602282164]"
751.4768435208586,22.03346946125781,0.9999813396820656,0.9560379536228841,True,False,"[0.7572164027963891, 0.38672581665791594, 104.78499266267713, -99.79109465967966, 293.92075387510016, 0.3005853549726405, 0.47175426782494007, 241.18966069402902, 6.174082799428064, 260.43375288035014]"
747.7194593032542,22.07078784573345,0.9999500916383092,0.2722652254180544,True,False,"[0.8096668978853916, 0.45727698346966, 103.64311415315379, -101.712132487072, 294.76919181531974, 0.37915723755004144, 0.43375451245804736, 240.1989947718093, 13.851822492814723, 261.32678003887975]"
743.980862006738,22.085573433339302,0.9999801265846471,0.9659625805450438,True,False,"[0.7862290026978477, 0.5256607325514968, 104.02578574617982, -107.94240482207198, 297.17473774827585, 0.42834399163759584, 0.45244283249063444, 239.30245570485087, 20.126501618704353, 261.6656436014937]"
740.2609576967043,22.072714130257705,1.0,0.36461771889975214,True,False,"[0.8179292731030893, 0.4632521867808094, 105.79503858785903, -101.29843091988704, 296.98582121312296, 0.43828989958290965, 0.38953697615450433, 239.35441923383723, 19.90585522530573, 262.2783008291261]"
736.5596529082208,22.033589116073237,1.0,0.26253575744646773,True,False,"[0.7673605997625669, 0.5368364267840201, 105.66392692665063, -94.4025506001991, 295.24824423576604, 0.38055899820518274, 0.4343675859550987, 238.5543550777914, 19.89393045785132, 264.72273835542563]"
732.8768546436796,22.01077543598971,1.0,0.5469293669056251,True,False,"[0.6905257058666839, 0.5845782652406999, 104.0077385277433, -88.82467815021202, 292.68024336494653, 0.3691773803893614, 0.463449453971033, 236.1815610257837, 22.364652622078353, 261.38083371898455]"
729.2124703704612,22.01950324827617,0.9999880312523297,0.7392521159373765,True,False,"[0.677498260029709, 0.5263424222998173, 102.77024489028123, -91.80861099321928, 294.3598063493632, 0.3542686169763348, 0.39208052414308436, 238.79348492791914, 28.696558026560723, 263.15588537456625]"
725.566408018609,22.013026722592233,1.0,0.3107157603101536,True,False,"[0.64841531854013, 0.5790636741953954, 99.77679795458742, -93.24553130001928, 290.7242781743412, 0.31949620899834125, 0.396211906729104, 240.51319565661782, 23.39840633699325, 264.2511558640376]"
721.9385759785159,22.028298771246895,0.999978846002098,0.44687508835703926,True,False,"[0.5870505414710886, 0.5332209124055991, 96.19594756709856, -90.98974858063707, 291.68710227565805, 0.3711714772115311, 0.38142395828250775, 238.97748921261953, 27.812270101103195, 263.12358796411877]"
718.3288830986234,22.065666311800367,0.9999479812527132,0.5538244213253596,True,False,"[0.5772978025848587, 0.5079420213979058, 92.65241854118382, -85.47717455896547, 289.5337377294004, 0.3114156715058282, 0.4581434305541278, 238.35712901024306, 23.19664312558502, 264.61041646669617]"
714.7372386831303,22.046839348124706,1.0,0.8615697976241278,True,False,"[0.582484349712809, 0.5335324604491551, 92.84532206507231, -93.44153549875155, 289.08593040475836, 0.2836081671528597, 0.3888417321253963, 238.2140177615035, 17.64503620185075, 266.2824309784906]"
711.1635524897146,22.054883959493292,0.9999886881634461,0.42280357376610245,True,False,"[0.5864838582264699, 0.48947324331829584, 95.32947657561782, -89.99488795580618, 288.2785427506599, 0.2984398518581926, 0.4249247978721916, 241.75013761917413, 10.458837758929807, 263.9845393273888]"
707.607734727266,22.031376296460717,1.0,0.7474772424410403,True,False,"[0.5882379113854397, 0.5004886227915313, 97.29739356025782, -91.02364881658845, 291.87802308126857, 0.24853884571685386, 0.377053955677826, 238.29974179849376, 5.93668471063426, 266.5270353269514]"
704.0696960536296,22.022436999699707,1.0,0.71028754824685,True,False,"[0.5862040911149033, 0.5609023501903502, 97.3710297576135, -86.59979915038568, 292.276270800059, 0.3038767248021284, 0.43862732693038986, 236.64762373016205, 5.390638204977602, 269.0667202762021]"
700.5493475733615,22.050096121670688,0.9999605187328279,0.9445173174470742,True,False,"[0.6071041618216171, 0.4930764530770906, 94.18737274694574, -87.36225788401822, 295.34614337778646, 0.3663120505836127, 0.3697822108306648, 239.00950841245265, 1.1891134057228143, 269.132026520173]"
697.0466008354947,22.021150046461077,1.0,0.46096799851099457,True,False,"[0.6831740869952864, 0.49085055640232267, 97.01100314836293, -85.87511136903552, 298.7552547254023, 0.28710787416071504, 0.3024907142233177, 242.9616344923654, -1.6830845224822948, 270.732466641906]"
693.5613678313172,22.038028105781887,0.99997566494511,0.6892532587063237,True,False,"[0.7629846808924822, 0.5698239136153013, 98.95589838451001, -91.68240154139488, 296.9585628718775, 0.2561825176464241, 0.3103220281588258, 239.3975400278891, 5.094719823347683, 271.5992016615776]"
690.0935609921606,22.038386702535554,0.9999994803651552,0.287515362440663,True,False,"[0.6919669205966452, 0.5633281346881799, 95.01889252266756, -96.76562635206238, 295.04501850676866, 0.21902791960279064, 0.2442004828049981, 235.6392506004722, 13.050297633511498, 273.42525096858856]"
686.6430931871998,22.04611539709127,0.999988744296511,0.4442873628786689,True,False,"[0.7516345991481338, 0.6359352145724455, 96.28950674220089, -92.37520725622123, 298.33530688278074, 0.16653285612998314, 0.3226061079396734, 234.34655233168863, 18.908994968818902, 272.035678101499]"
683.2098777212639,22.03452276198496,1.0,0.03140706639742852,True,False,"[0.7210642113628252, 0.5592880754254511, 93.72244762908569, -87.41674106741506, 296.5816283446685, 0.20462019844337626, 0.26613099295576603, 230.83342979847274, 14.314322320416204, 272.3668945425895]"
679.7938283326575,22.02830643120804,1.0,0.7281352370069728,True,False,"[0.7302152797124284, 0.5876796999145971, 95.05314013721467, -80.25485809952127, 300.34504679913715, 0.13454416738867378, 0.3128100527365834, 234.43712252820458, 18.27895306790121, 276.0630579547279]"
676.3948591909942,22.032173582404685,0.999994282718017,0.508711870580675,True,False,"[0.7710386561152618, 0.6030952346804677, 98.85033832531761, -76.2742999188946, 299.932819049893, 0.11192273591178674, 0.31001757716834194, 230.80003017511035, 16.17995779429556, 273.9006670847181]"
673.0128848950393,22.038539024730905,0.9999905419162596,0.34616547196356173,True,False,"[0.8225549149275826, 0.5785230474629598, 102.53980579705133, -76.19169124797054, 302.6528683419364, 0.14537456981359842, 0.23046041225540856, 227.60494727554186, 23.396178345381745, 277.7185097883784]"
669.647820470564,22.05585341346876,0.9999741443720559,0.6982162959237495,True,False,"[0.8457144387574957, 0.5395502601888019, 101.72485896525198, -80.2202640224568, 302.8650491614189, 0.20396855606170727, 0.1572957115375181, 224.30048529484105, 26.27271495890291, 276.7807481575868]"
666.2995813682112,22.024160105681084,1.0,0.2216346892615182,True,False,"[0.776370633299705, 0.4778435792655057, 100.90982639804926, -86.74505342469517, 304.4474011644911, 0.22611949166667805, 0.13285904561340744, 226.6649200270949, 26.443061911229645, 274.24505925712447]"
662.9680834613702,22.01399623348253,1.0,0.06939641585429412,True,False,"[0.7588011749617407, 0.45079511006868084, 98.23273537972663, -78.82444390606003, 300.63488031605056, 0.25797598450217984, 0.12840764028486124, 223.49879474586632, 33.22089199451612, 272.69999668848124]"
659.6532430440633,22.005579599608712,1.0,0.9748101508876983,True,False,"[0.6846974796101994, 0.4164573587691683, 102.09548486700483, -84.39768973619437, 297.1166288452971, 0.25576441791973203, 0.15048634790676754, 225.14702588727775, 40.76046444067214, 275.719248843564]"
656.354976828843,22.012016202475955,0.9999901934600421,0.44764084159367745,True,False,"[0.611271570352244, 0.39187513741259705, 102.47083650374557, -87.74266154545103, 296.01659805941074, 0.29532013104277866, 0.20265597047818634, 224.59014842695788, 42.92588434942411, 272.8419372993567]"
653.0732019446988,22.01082029852675,1.0,0.3453986040860447,True,False,"[0.6544877985546853, 0.3128182862773927, 104.2964020750363, -82.69878970727169, 292.8478770334824, 0.35589236201413255, 0.16694452875944096, 222.528803501744, 37.904352290075224, 273.4000337816687]"
649.8078359349753,21.977348824842952,1.0,0.1634030055749528,True,False,"[0.5862179768462757, 0.3899193708563954, 106.98741166711278, -74.82109387303352, 292.2141365162635, 0.3439804868727733, 0.17669128293364028, 224.619451390679, 31.379892526870524, 272.2558191011522]"
646.5587967553004,21.955290138991288,1.0,0.4492896354828261,True,False,"[0.5285592807972677, 0.4379008137831863, 103.89349049409812, -77.50863975919954, 291.6142533687687, 0.4108227317553623, 0.2561670423343888, 220.67531133042345, 31.78942976084936, 273.96993344644835]"
643.3260027715238,21.930348313932388,1.0,0.9120825632358902,True,False,"[0.4710871223054652, 0.45344180618560787, 100.56310354667303, -75.04520615662926, 288.034407432212, 0.40151931916481987, 0.2748473297352689, 217.36932901225651, 25.041362071518954, 272.26552334094356]"
640.1093727576662,21.910399450488256,1.0,0.6377745655790242,True,True,"[0.46314539460736837, 0.3751192466431731, 101.29923605511064, -79.69529193005013, 286.6148683723525, 0.4626246203350182, 0.2014068355589741, 217.6826675049569, 21.477654973566732, 270.70448867398903]"
636.9088258938779,21.925988341529752,0.9999755244398671,0.7096078217580513,True,False,"[0.45176556022655334, 0.44147502152052637, 103.86192563667345, -74.51043375590177, 285.74669270558303, 0.4023381036647888, 0.22795555473315332, 217.83475460106223, 27.623810443377565, 269.0325706485902]"
633.7242817644085,21.938731952314193,0.999979891124546,0.3451247857394223,True,False,"[0.4741642129009792, 0.46984571897997274, 106.50017385054461, -72.24799508749983, 283.88218934830184, 0.3698840224063177, 0.29637112137139293, 221.65108994766757, 34.93142010425752, 266.46346389749687]"
630.5556603555865,21.898960303490412,1.0,0.39866556385859575,True,True,"[0.4098964601373456, 0.5132398189523235, 108.6270005338596, -64.84079984807491, 282.5313468073171, 0.40003649935494595, 0.3255016744869727, 223.09958812268684, 33.39175138246646, 268.0496361034877]"
627.4028820538085,21.92621482720465,0.9999565607163579,0.842623560036645,True,False,"[0.45304580358215185, 0.5480333650292026, 110.38104287201998, -58.64466198913517, 279.46030273318854, 0.34227703182965713, 0.2614120599602982, 221.04000704464522, 33.80955143867601, 267.0700501658577]"
624.2658676435395,21.925224584923626,1.0,0.8916571008087889,True,False,"[0.41477647420975533, 0.5097959708686179, 107.16948523012208, -54.58137089362571, 280.09902247840273, 0.37576036371813754, 0.1991287772884009, 219.7803713988651, 35.59828798568062, 265.19440193057824]"
621.1445383053218,21.931883229480427,0.999989280097536,0.5723133415252727,True,False,"[0.37923049935193953, 0.5226162845079738, 106.54552301249674, -56.053171896869486, 278.8912521082281, 0.3304134722492087, 0.12393224895326974, 217.39034786483282, 32.04765123259405, 268.0397095523847]"
618.0388156137952,21.935830640349252,0.9999936130253261,0.7927580251346836,True,False,"[0.3307081125191392, 0.5000776792359567, 104.75519658785461, -53.161925629527005, 276.97076225936917, 0.2976955414742203, 0.13586607817284574, 218.7715634349882, 37.71388690964469, 264.7405664947412]"
614.9486215357263,21.94372463647317,0.9999871632439188,0.5073584019589426,True,False,"[0.271315823874252, 0.5603680713773702, 108.44721811182734, -52.86858866694062, 276.37280852232215, 0.326332435782695, 0.14583784193252458, 222.1912584156597, 39.196676174002036, 262.6732872924865]"
611.8738784280476,21.931597185302955,1.0,0.14443087857579107,True,False,"[0.29885984277295996, 0.5208806920836545, 111.3721573083718, -46.5147248278869, 272.68917703905333, 0.3987738839017895, 0.18289886388967103, 226.03656122403183, 34.221083762305426, 260.405172256389]"
608.8145090359073,21.923565767620673,1.0,0.9544897577219024,True,False,"[0.3427866884112877, 0.5558978478144342, 114.2325061618237, -45.833332573960526, 275.71719480302727, 0.3368805987329542, 0.15654649091735467, 228.98649415790877, 38.455171269533935, 261.081207992137]"
605.7704364907278,21.92021988637881,1.0,0.7709609046868616,True,False,"[0.33153912671378627, 0.591529069486945, 116.53830203232205, -51.88481493917379, 276.3989787579664, 0.38060855448317293, 0.10184649182929487, 229.22770241756322, 45.252690793372196, 262.2624324743693]"
602.7415843082741,21.92218801087549,0.9999967347179377,0.9493251128737616,True,False,"[0.3503379526513764, 0.5897712365770883, 113.93611128583764, -53.16304085790621, 277.86043524352056, 0.45116336547064906, 0.11581693168417206, 226.45980491178682, 50.691878768847424, 259.10966965011033]"
599.7278763867328,21.939920222841987,0.9999704333406496,0.8253109331331546,True,False,"[0.28916067933262557, 0.6409580555519998, 114.9665393639106, -59.16417441985862, 276.2883872465333, 0.38466139809701894, 0.16799292073748812, 225.22396605387962, 47.49299431285906, 256.72144357893956]"
596.7292370047991,21.960408136547443,0.9999656669043073,0.4207244124105938,True,False,"[0.2173556294992065, 0.6184955149520053, 114.55855387438518, -59.075613010869795, 279.18896968254694, 0.309390598136155, 0.2357242351680679, 225.53543702324436, 49.57284312715305, 259.74852470443]"
593.7455908197751,22.022414783409115,0.999895572430074,0.36035189139332113,True,False,"[0.1433133040841924, 0.6748850125539955, 110.98727362824627, -62.12743025830925, 277.02321115578235, 0.25866629822759746, 0.2335662190146915, 221.67781499851822, 48.95675589444744, 262.1138459773632]"
590.7768628656762,21.9977752065942,1.0,0.4863567352914028,True,False,"[0.20968903036089426, 0.7178875405842613, 107.95204399916051, -65.8834810397825, 275.78464143941795, 0.21484464131217687, 0.29402126146856583, 222.98117658648056, 51.266017010326706, 258.76516800978624]"
587.8229785513478,21.982016745610924,1.0,0.5523976922290448,True,False,"[0.26479500065824274, 0.7463955006832285, 106.32815712822166, -71.9875527513669, 273.6596383119427, 0.2645562860276136, 0.2939533802915985, 219.19064699370324, 54.96630375514013, 256.2267680189411]"
584.883863658591,21.950281317303244,1.0,0.083417605330524,True,False,"[0.3108276111496549, 0.6983151993505187, 108.48353473674139, -70.38382012154483, 270.8277714839302, 0.2790769367343642, 0.26930518971022827, 216.99144033534878, 53.754545663303716, 258.9201982380933]"
581.9594443402981,21.980829278015655,0.9999475098148704,0.12096664468771312,True,False,"[0.24221225929042312, 0.7004737652937596, 108.80502952716672, -71.9862486561979, 266.9483133363092, 0.309719056071658, 0.20236943100608962, 215.531619135917, 47.114017143916364, 259.1767182006529]"
579.0496471185966,21.959045368241895,1.0,0.39372814102505815,True,False,"[0.3003996384965987, 0.7723027810100462, 112.74510064684631, -74.29064645009281, 268.90536073154635, 0.23851874040866838, 0.2752549269505032, 215.06180328995458, 44.354443267605824, 259.3402173885114]"
576.1543988830036,21.94029294324192,1.0,0.16731803136434176,True,False,"[0.3308612641050508, 0.709546157658299, 115.46457857304037, -70.64927903843727, 269.18642587418594, 0.21569362455356178, 0.3196631605789745, 212.7569628907688, 41.63260344772954, 261.851385489102]"
573.2736268885886,21.947281501567893,0.9999878094588676,0.9164947853816634,True,False,"[0.3076765532767794, 0.7670237707738997, 115.34055460650146, -63.91277223100781, 269.641790455609, 0.19413929475061442, 0.3960720820182122, 215.2944826113281, 46.921374581216895, 260.7097573159996]"
570.4072587541457,21.973568210943014,0.9999539169544545,0.4443116292357533,True,False,"[0.2443980069188189, 0.7544412421700678, 112.55484761856799, -67.12815372618421, 269.40069134954, 0.2554819304403457, 0.4193621484681802, 211.87695642492173, 45.81898886179586, 256.8489424607368]"
567.5552224603749,21.928998692672145,1.0,0.021881114568760185,True,False,"[0.28040972191219227, 0.6869881549673231, 115.95945708810848, -64.54488054366432, 270.63001378770656, 0.27926551421374285, 0.4331106497291163, 209.00815819807107, 44.3588313543606, 258.0878673011649]"
564.717446348073,21.9368960139237,0.9999860155444416,0.10226962744346035,True,False,"[0.29245052861904913, 0.6860080826597008, 117.4864321262164, -60.83323844412963, 270.6545308309848, 0.2461114027274462, 0.35344684536804527, 205.35638943681812, 38.205926662315164, 256.3963731100357]"
561.8938591163327,21.901341738915427,1.0,0.5735260150993361,True,False,"[0.36731985998981054, 0.6844207000332114, 114.46127591819399, -57.52445885713131, 274.1282381927798, 0.3251726840163501, 0.4313792119457105, 206.06454713651087, 37.597173634392966, 253.4396733546327]"
559.084389820751,21.896479267658506,1.0,0.41370611888870124,True,True,"[0.39679335376301816, 0.6660251779253521, 114.7618827657103, -61.679235139147806, 276.85450221025917, 0.3200476255227643, 0.5047548909316074, 204.35433237038228, 32.52130775276554, 257.0243643300526]"
556.2889678716472,21.899585792415422,0.9999944156431956,0.46063976745211854,True,False,"[0.38148183783084955, 0.6327292033677975, 113.45804843181087, -64.03984835052947, 280.7456436339278, 0.3207688731661643, 0.4521862333569885, 206.11505132440524, 29.082360814908487, 259.80230188625757]"
553.507523032289,21.931091170224214,0.9999430821084095,0.6467568832704285,True,False,"[0.30301703879261244, 0.6724746258447463, 112.07998089718927, -58.89663621776718, 283.39225209550267, 0.37708262724638447, 0.3916441132576547, 208.8869651510531, 22.583150231591613, 256.31631385216497]"
550.7399854171275,21.925729313432825,1.0,0.6681887330779024,True,False,"[0.27005007394653036, 0.5964170780376745, 110.97860212843783, -65.18661261076093, 284.8278137219977, 0.32081255793731, 0.394868329484554, 211.71316238369496, 15.199448939549237, 254.48455656266555]"
547.9862854900418,21.937976971752455,0.9999776499489575,0.7836467376705537,True,False,"[0.33790156456491777, 0.6702369547748385, 109.76101522475398, -71.60799612474725, 282.9577153917245, 0.2985511477461816, 0.31503104991265896, 215.28086631384812, 9.869525951077204, 252.69099379392557]"
545.2463540625916,21.931620624637834,1.0,0.9305079053205313,True,False,"[0.35981842192938335, 0.6116747641197772, 110.77550822907348, -68.7252509094851, 285.49136375456555, 0.27688826903929536, 0.3389340350482014, 218.66363988670156, 7.885199318680746, 251.95529792024232]"
542.5201222922786,21.936485659421816,0.9999910325667738,0.33527251947660874,True,False,"[0.36137505520559227, 0.6787274958825175, 111.28511482363594, -74.68445470114969, 286.97469369080653, 0.25456457800649196, 0.3279425094947685, 217.74852526972478, 12.858652010543343, 248.23343521744408]"
539.8075216808172,21.960440855884666,0.9999556236918249,0.970973114246808,True,False,"[0.31642254998350566, 0.7061228068350287, 109.24254595761013, -73.477119082765, 286.54492180939303, 0.17607855658594068, 0.33339282605131565, 215.07477443372917, 18.07787363896511, 250.78045146630967]"
537.1084840724131,21.95227765468869,1.0,0.10145452772491437,True,False,"[0.33674342564724324, 0.7544771820557946, 107.88683527592451, -67.30491364906506, 289.5160833290597, 0.13284532440811397, 0.26716047029779433, 215.28862723998543, 15.482873573912014, 251.11986762419448]"
534.4229416520511,21.898977572222115,1.0,0.5678871153317739,True,False,"[0.3908818731050919, 0.8215369480549451, 111.64443107829388, -59.90836675618919, 288.74961757215397, 0.1908720857311999, 0.3113611730686754, 211.74418839169428, 9.01125967115003, 254.32554669072837]"
531.7508269437909,21.908643658383074,0.9999818223163606,0.2872330665205024,True,False,"[0.3865968073501477, 0.7877355435001633, 110.5968263741156, -59.876520787454794, 288.8278897325404, 0.24895033479326767, 0.30625304211510374, 210.65152756752576, 12.743772414995023, 258.3092080365884]"
529.092072809072,21.89869570288272,1.0,0.8781831493054173,True,False,"[0.44739241236570154, 0.7522483902952846, 108.69494341751835, -57.41192764471923, 291.3882540072666, 0.3184538108076691, 0.31961787721949275, 209.65594399712765, 10.450260735949563, 260.134869298519]"
526.4466124450266,21.889519521396206,1.0,0.21033792213459135,True,True,"[0.45638536474681285, 0.7671653231719993, 111.06498830108693, -51.12151735481026, 294.90466648403174, 0.3513241482660522, 0.29305658693800857, 205.89112116813578, 10.186073118541723, 261.25773122576066]"
523.8143793828015,21.86963254444257,1.0,0.15383692845968244,True,True,"[0.5091615305092246, 0.7979693527109698, 112.03939994993954, -44.75628227648575, 291.72262468724546, 0.31592051638651425, 0.2236157145287102, 207.69060671447204, 6.025131092983775, 258.50951901221003]"
521.1953074858875,21.88372708039344,0.9999729576510515,0.1984487813026118,True,False,"[0.4400370691445054, 0.7782913038498769, 115.86821205193996, -49.534563277660055, 294.35628879850884, 0.3893707603854156, 0.2700173919235773, 207.00685320454028, 8.860396934321075, 257.4260773603582]"
518.589330948458,21.886979341798913,0.9999937286577001,0.4227470176359519,True,False,"[0.38029820544340454, 0.835050644993153, 117.2140377904014, -52.894085070595615, 290.680817032052, 0.4101178703398677, 0.2685500884355653, 206.19029738827564, 11.618197520545893, 255.7845435833905]"
515.9963842937158,21.892952625335106,0.9999884238550033,0.5698259984336704,True,False,"[0.3987048611285077, 0.7775521466924976, 115.39211669285136, -48.40880491054165, 289.980966742598, 0.396955315467743, 0.304015505205535, 205.76765694671352, 18.011605456030345, 254.63421014952903]"
513.4164023722471,21.882601282496868,1.0,0.012674936304247764,True,False,"[0.3846331297972683, 0.8333726070538559, 114.72155475286074, -48.866661995010276, 290.08003175552585, 0.40795022550756144, 0.3687892172371575, 209.0448183576461, 14.334579148684904, 258.35598878005396]"
510.8493203603859,21.92624747045113,0.9999145651726723,0.9622332901941513,True,False,"[0.3188030574053885, 0.823132964728917, 118.04545676522805, -56.17998592379087, 286.39301581367545, 0.45171051970940035, 0.41495841282562, 208.35184270352818, 15.395701003794864, 260.0175745601168]"
508.29507375858395,21.941049384993313,0.9999708797118302,0.39631979313102483,True,False,"[0.30373356371189936, 0.7533417547929592, 114.24310464248565, -55.72023940948022, 288.6838534954299, 0.5255147462233891, 0.48911808367410425, 211.22700327662042, 11.727415781988096, 256.2623465568745]"
505.753598389791,21.94561865798086,0.9999909654575638,0.48428111331984214,True,False,"[0.28974921129241626, 0.8009461602348831, 117.60645163105062, -62.75292534022526, 287.06903639796866, 0.46602492735656065, 0.4820509638316082, 212.9703840327329, 5.611638544974717, 254.22149686056287]"
503.2248303978421,21.980460908954345,0.9999307644561757,0.8648953977215681,True,False,"[0.23455810115891484, 0.7578338196312836, 113.84740053886868, -62.09467393971337, 283.39362803328027, 0.42903581244605477, 0.5581158787558207, 212.6415829056181, 7.982779705553943, 250.76505163458876]"
500.70870624585285,21.968513753485368,1.0,0.7082663143547705,True,False,"[0.24949476919355668, 0.720604567098157, 110.81473688292446, -69.07465220458872, 282.78017193137305, 0.3590580695569006, 0.603814566181796, 213.52449068211334, 4.943535632191367, 251.88732148126147]"
498.2051627146236,22.008208936606927,0.9999203267955654,0.369426989148136,True,False,"[0.20808506710249633, 0.8001024355086246, 111.47605850879356, -62.738001933292225, 285.8301684750316, 0.3449800863817502, 0.5773478950150974, 211.06432640511642, 10.318585405134193, 252.4239585403268]"
495.7141369010505,21.931700131237285,1.0,0.9462049942157601,True,False,"[0.27722361710279586, 0.7824023920167783, 111.78341068555781, -64.5806598319586, 284.0781390119609, 0.28717365641348014, 0.5705629512511974, 207.43448395599611, 17.1815439596527, 251.60912547576726]"
493.23556621654524,21.956948952984348,0.9999488111214165,0.3313304414844366,True,False,"[0.2613274654521113, 0.8266671178607705, 109.28033867037308, -68.56148604529378, 287.9798917123059, 0.28192613412118317, 0.6339421378232697, 210.59933679578074, 10.53633466374108, 252.20060475771348]"
490.7693883854625,22.17446013001998,0.9995568937502186,0.9015856363768766,True,False,"[0.20163830089039503, 0.8941846615936091, 107.67852758877231, -73.35369132892198, 285.74402130662617, 0.22794934686526885, 0.5825393725332183, 207.16789180696767, 12.688652571231872, 254.99953518929482]"
488.31554144353515,22.070245768831057,1.0,0.7415467932663171,True,False,"[0.22413398448643007, 0.8667472483899258, 106.14556697208096, -79.30283042777236, 289.7199191972208, 0.26913994118676154, 0.659175639443536, 208.70580240978097, 12.890354363132104, 256.91762645901736]"
485.8739637363175,22.121595264327652,0.9998943207786509,0.7004703165493401,True,False,"[0.1779568744495811, 0.8202666494044455, 102.33341909405829, -81.35465091188262, 291.9042990171859, 0.3346550438516542, 0.5898739730297256, 210.67200197833805, 6.631257428384121, 258.04784102465027]"
483.44459391763587,22.09971394065112,1.0,0.8165516854693254,True,False,"[0.19677745856950385, 0.8286326832218923, 98.6235692932597, -73.66203062129546, 295.060681995646, 0.37915724198531114, 0.5618278012234597, 214.51457069102258, 1.1328201341386315, 256.1993093461117]"
481.0273709480477,22.0535666944434,1.0,0.9000239286797717,True,False,"[0.2117383864968617, 0.812729218834084, 99.57489414130605, -75.64165853277738, 294.1079434790333, 0.3321586375565298, 0.6277800534063577, 213.73460013658084, -3.011676528410449, 252.30180311939932]"
478.62223409330744,22.04153638884025,1.0,0.17216397301866782,True,False,"[0.26864098721976104, 0.8779302234099929, 97.90668305952939, -72.36847102760576, 295.018677086461, 0.39340769663468567, 0.6200769823287826, 211.42814317630322, -6.3007676883679835, 253.74962644363794]"
476.22912292284093,22.14622458055304,0.9997801967984467,0.33752393216125565,True,False,"[0.20626361102833018, 0.8588381555367399, 94.82767670892802, -74.40619532923559, 293.1427551407596, 0.46204571337406514, 0.572758582011753, 211.40712009118826, -11.530493256427096, 254.08080546569076]"
473.84797730822675,22.07084903466331,1.0,0.5913181823848878,True,False,"[0.22411972377519318, 0.8198172191045454, 96.07589305190214, -71.51663220995005, 290.4763702647525, 0.44686210488417033, 0.6494667702166523, 209.1430419163435, -8.275335834412765, 252.57529228352072]"
471.4787374216856,22.122031467853745,0.999891448646319,0.8836794256606918,True,False,"[0.17761257760567928, 0.7939212273322579, 95.54426273335459, -73.51650852778678, 291.7215215641501, 0.4698122800819769, 0.5820890755743772, 209.0854930199051, -7.313691326343852, 255.26040659598664]"
469.1213437345772,22.147425397138058,0.9999458706316849,0.7708453084921999,True,False,"[0.14414650450332964, 0.7906377727892306, 97.94516678748532, -65.70054541001254, 292.79014733430176, 0.5072858486944374, 0.5807889603404404, 210.19591191624656, -5.87723313767337, 257.9768879356127]"
466.77573701590427,22.042018597243782,1.0,0.005324294983562461,True,False,"[0.1947168559438769, 0.7325333935548722, 100.69320545732994, -63.67764935720045, 289.009947839355, 0.514131208359887, 0.5274560146635472, 207.84047262260353, -1.3384228599772339, 257.9414492495086]"
464.44185833082474,22.00066549416575,1.0,0.6096273334666354,True,False,"[0.27048775418955434, 0.70642693254013, 99.62939957219018, -65.61314180569708, 287.95355796497785, 0.5510555699486352, 0.5503734655581449, 205.62127601078683, 1.4191477120349116, 256.0856324188954]"
462.1196490391706,21.97838678570249,1.0,0.0504016941842691,True,False,"[0.3089813310440741, 0.6851561863409779, 100.4482879396737, -68.45117087179052, 287.00694128001277, 0.5168983810249174, 0.5359056812205089, 208.91753155020552, 1.0756247135370032, 252.24240872875203]"
459.80905079397473,22.007591904632378,0.9999364862622723,0.5325746205404048,True,False,"[0.2550982577115702, 0.7467516957198068, 96.98065911219003, -70.51213145401742, 288.0365729633176, 0.4462436962868068, 0.5631454161508924, 211.2028159507858, 2.0356913170070783, 253.2999465112857]"
457.51000554000484,22.02633268313745,0.999959038284522,0.8061614919391414,True,False,"[0.2175134957634737, 0.725342059708503, 99.7752211926376, -63.581599353262085, 288.3801326337618, 0.4834841715884898, 0.5623452751017961, 214.7331167626734, -5.255274696123687, 253.1040039537064]"
455.2224555123048,22.018869713542596,1.0,0.8340784863477694,True,False,"[0.23390810885789878, 0.7441735489509167, 99.90647816494301, -68.37372780253891, 288.4664494896705, 0.4262730208565113, 0.5916635198747937, 216.391919761073, -7.399654544307085, 256.71685945553486]"
452.94634323474327,22.021362769896047,0.9999944959275426,0.4850321794768214,True,False,"[0.2102383516132138, 0.7370929749270052, 98.11742427268649, -61.12018598326987, 285.6673043084143, 0.4000883210020217, 0.5141774791832152, 213.83451856782355, -8.67592745788663, 259.31780745838836]"
450.6816115185695,21.969365610823974,1.0,0.08297779279274109,True,False,"[0.24478717147139922, 0.7175990367266182, 97.83129796375619, -55.66701819501807, 281.9873801021656, 0.355070201843913, 0.544410766051471, 214.58818327366308, -12.510643072940159, 259.62944443330684]"
448.4282034609767,22.095710322339464,0.9997182895424696,0.7655406006948762,True,False,"[0.17401484555474847, 0.6993216095993635, 95.779369191206, -52.74444201857267, 284.61168217401547, 0.3380415629886797, 0.6105858252864304, 215.18323160421787, -6.294031696087451, 258.7181049894524]"
446.1860624436718,22.04432984362811,1.0,0.4401963801068949,True,False,"[0.2505478033631295, 0.7303322903014475, 98.23647085637018, -60.239740427376276, 288.11494861921886, 0.41266478672069207, 0.6519491341593562, 216.45351453050523, -7.738798072776927, 259.6757257166027]"
443.95513213145347,22.07907050469882,0.9999217504217934,0.4817809072358612,True,False,"[0.17318682341363564, 0.6848037500110308, 96.33413921830928, -61.120244002306926, 284.43942214948027, 0.46647407068099145, 0.6395649304444937, 219.71216912946437, -2.715878412724088, 257.655268820304]"
441.7353564707962,22.033387195114372,1.0,0.5969276319263647,True,False,"[0.2397569699556955, 0.7084516061227039, 98.61598122176771, -64.85699460651654, 287.7906024197246, 0.5039280837613611, 0.6378202701178948, 217.4615789469776, -9.248075233291754, 255.9237203967183]"
439.52667968844224,22.058832718371978,0.9999421086639589,0.10636258418934896,True,False,"[0.16046915209067888, 0.6703835135405394, 97.69590215816139, -57.38100615661817, 285.3282258601526, 0.5769386861673719, 0.580793320408636, 213.7939725732118, -3.3443226995779636, 257.76329113968757]"
437.32904629,22.065110165203983,0.9999856460442496,0.24243403373683514,True,False,"[0.15056700157994446, 0.66380792456917, 100.97633383695538, -63.92072249612303, 287.67883885515266, 0.6449799105712919, 0.5983054837371597, 210.25138524381296, -3.41177017656071, 254.3890205601442]"
435.14240105855,22.09174652040231,0.9999387889116181,0.1981893882242236,True,False,"[0.13606292839630588, 0.6934753457137081, 100.72686902364889, -61.19567618742703, 289.29193569741506, 0.5794236463571333, 0.5455258546549505, 210.59032876860286, -0.02311456297474379, 255.71344048679504]"
432.96668905325726,22.036951253855925,1.0,0.9833772864999455,True,False,"[0.19659819089308805, 0.6267115462187389, 97.52680127800525, -66.4124515435421, 290.70169422689634, 0.6560578246426358, 0.4838837336189806, 212.41639326766006, 2.4839798525277335, 256.8766362317055]"
430.80185560799094,22.008459977209824,1.0,0.4342684917282459,True,False,"[0.2589936908159217, 0.6059954217792617, 96.09323650746641, -60.76166441547801, 293.98841912154717, 0.709423203582786, 0.44007708822400354, 210.31388785332453, -3.1533923083189563, 255.59856561616962]"
428.647846329951,22.013844125309156,0.9999874393063419,0.9823591461531468,True,False,"[0.20916613834409675, 0.5532335315767807, 100.08479963524357, -56.1673631385152, 294.50365789613943, 0.7863918886113066, 0.4657226153863115, 211.55057202817375, 0.3391339635520545, 254.88579319627542]"
426.5046070983012,22.07335947767006,0.9998604676265749,0.21173209500740886,True,False,"[0.13608962645919173, 0.6310722402145106, 97.81955055054162, -49.212377694988604, 292.4643208596351, 0.8171034546876331, 0.4515332206662619, 209.89273645188027, -4.111421558790749, 256.1769235890073]"
424.37208406280973,22.046012325800337,1.0,0.3140865366550797,True,False,"[0.19282734211313562, 0.6099210418096601, 95.31419096742427, -47.64871072291098, 294.6654054100278, 0.8954003213271772, 0.435502863607857, 207.84919534288716, -9.065859926933545, 254.27721155404583]"
422.25022364249565,22.024907008398,1.0,0.24771907507877844,True,False,"[0.22228527844343943, 0.5864282313917192, 93.93606877372734, -53.69263017512468, 297.01448526723885, 0.8244596522346348, 0.4330804602401, 208.33372915076603, -12.429054813261708, 256.4920306149418]"
420.1389725242832,22.021031750101088,1.0,0.47471916258500424,True,False,"[0.22902529729090826, 0.5916469557436639, 95.48997588680307, -61.655176912236705, 295.3770704389217, 0.8082961096217053, 0.3667111446127358, 209.76857169815588, -17.918418341750396, 253.62546473235952]"
418.03827766166177,22.03308169980799,0.9999711754241594,0.7553569755255032,True,False,"[0.16735337101544384, 0.5435576877989826, 99.40687928748282, -57.50895252717906, 294.68660710343477, 0.8147707570029243, 0.3711945482030764, 210.39485579194567, -11.507465425731315, 253.3313747686057]"
415.94808627335345,22.02527368043456,1.0,0.9302665786928436,True,False,"[0.18034738714895734, 0.5215254813774957, 102.5580318628473, -59.67938487760161, 297.9196181248256, 0.857026040423063, 0.3345457076579474, 206.42143687298247, -3.999764554368685, 256.4589120913105]"
413.8683458419867,22.0641023167207,0.9999061855894394,0.6741998276743174,True,False,"[0.1299119734555177, 0.4718774495915453, 100.20347888065643, -55.662121661630195, 297.2276985930072, 0.8410633787324467, 0.36652312326506936, 210.192966116384, -6.932158575344554, 254.86119211410187]"
411.79900411277674,22.03250323956711,1.0,0.5799717871029328,True,False,"[0.19168701365322938, 0.46729604994881635, 102.6013583056442, -62.15588556667592, 297.52831209721757, 0.8933020198947194, 0.43532250982368464, 211.4931763602941, -1.1660486280623736, 252.57783394892138]"
409.74000909221286,22.089818968024325,0.9998601266202478,0.9109038965775468,True,False,"[0.12473205310987745, 0.5223018930522552, 104.41327475478532, -57.18946020006162, 294.6596120484056, 0.9060716625997559, 0.45809461131837137, 208.56342334189716, -7.0850710915134645, 251.34930634249497]"
407.69130904675177,22.026346445216348,1.0,0.6306714562857128,True,False,"[0.17759645630928844, 0.48100715750290973, 103.83327327123123, -58.00241647167991, 296.3176491408374, 0.8814742514883849, 0.4288771214623831, 212.08302754818948, -1.6440157264400277, 249.24708063490036]"
405.652852501518,22.051803712369015,0.9999372456813489,0.7207011665552264,True,False,"[0.14206291620487563, 0.5046373306971017, 105.47266965736362, -57.944205022264626, 298.4828426541532, 0.8978486631126704, 0.3547390893638387, 210.93421933983774, 3.2567910389769104, 249.38397379212728]"
403.6245882390104,22.0665555240718,0.9999634523204018,0.6267777966218723,True,False,"[0.1334419608790675, 0.5244328043052203, 104.51256885058132, -60.198825684296665, 296.6115595447061, 0.8889794511910729, 0.43042658767961534, 207.8978309511643, 1.6341181819119726, 246.42949442542394]"
401.60646529781536,22.017218616480662,1.0,0.37155381506735874,True,False,"[0.162156975816154, 0.5164131950475253, 106.42276538988469, -52.56376015181678, 296.3174246215374, 0.8199484595954335, 0.4462640886966001, 211.36170411555167, -1.376646271830106, 250.3583338907257]"
399.5984329713263,22.011285206552902,1.0,0.3395255471615811,True,False,"[0.2088672094025903, 0.4402458099196215, 107.6925471540338, -59.26650809656178, 296.17419219000857, 0.882325200390464, 0.4863614810186341, 214.03893839289273, 3.617297826703018, 251.69606922750128]"
397.6004408064697,22.004205052985256,1.0,0.4680074970444448,True,False,"[0.21411781143070585, 0.40217810637045237, 107.55060061497944, -56.313293530805986, 295.52036752937636, 0.8672669866241887, 0.5085079141114162, 211.0212923748385, 3.676159804753814, 249.7174581988187]"
395.61243860243735,22.003381626744744,1.0,0.6120548151507026,True,False,"[0.20879276658102142, 0.4632848596709056, 109.88647719766432, -63.318721227204435, 298.85952909675774, 0.8278431549978215, 0.5334412816351057, 211.04550023656952, 7.942978626495009, 250.83176253826824]"
393.63437640942516,22.0513486500668,0.9998781506297177,0.6814235047761661,True,False,"[0.15129072150593678, 0.5029279125653474, 107.11269380193022, -70.44175477694056, 299.2745122411778, 0.8730019450089412, 0.5649223516876947, 211.80384116784197, 6.69265021620844, 252.06232462111572]"
391.66620452737806,22.06768193721393,0.9999582988105759,0.1840703808338876,True,False,"[0.12331669621019209, 0.46366785859814863, 110.80743868709028, -69.86510360054575, 295.8434494963998, 0.8500988723094696, 0.5779352626949141, 209.3580463518214, 13.524279205972459, 256.0411083499451]"
389.70787350474114,22.074853356433547,0.9999815981310022,0.7097408434797013,True,False,"[0.13181651359347585, 0.526794893716195, 106.92567832284986, -62.2795064839219, 291.9509313160179, 0.8939425668700678, 0.5537126583362844, 208.86272612940454, 16.33788406527326, 258.5447108729083]"
387.7593341372174,22.053806638663215,1.0,0.6016989410768759,True,False,"[0.14905303068644407, 0.5408408986091212, 108.30674907495485, -67.59836361020247, 288.6724080925765, 0.8809222960450867, 0.5520600907507098, 210.12683992967303, 17.246925907358985, 259.4171070974074]"
385.82053746653133,22.024643872854195,1.0,0.9404280093495335,True,False,"[0.15744018918784788, 0.4837532070613789, 112.2920207152679, -65.30232096079516, 288.6215377028485, 0.8564596542198442, 0.5322083766103073, 212.99929824372833, 21.87007946270746, 261.3499414555915]"
383.8914347791987,22.004613702539263,1.0,0.7832262356835767,True,False,"[0.18261433792217496, 0.5107748563016014, 113.41906171092262, -62.914515622966015, 285.45688776079703, 0.8183789182705874, 0.4597229962691063, 210.81991001478002, 27.365987612254287, 258.48465342817275]"
381.9719776053027,21.997200055947612,1.0,0.26492106564902074,True,False,"[0.1965713572807369, 0.5844599720183732, 116.80667805526436, -67.08912148765299, 289.24673296013395, 0.7390496540892321, 0.4310651094346891, 210.55236752316105, 26.230473710490507, 258.1270742232573]"
380.0621177172762,21.990558212760114,1.0,0.7268270379016744,True,False,"[0.18766171933421824, 0.5701138269112788, 120.46338242401109, -64.29701883119922, 290.0269275799408, 0.708889600562481, 0.39298388659821454, 212.1997465452361, 24.0502023204618, 261.64680214946935]"
378.1618071286898,21.988336927457407,1.0,0.3497751617396879,True,False,"[0.19085961708288784, 0.49719530810505674, 120.63808814525066, -64.99198995605408, 290.98542420752074, 0.7131999713871799, 0.41761435058200513, 210.6466050546265, 23.248107996659293, 260.5049480883947]"
376.2709980930464,22.008549119615928,0.9999462843285813,0.08214508608042681,True,False,"[0.14497189283831283, 0.5052381602748264, 119.83335032884288, -66.32912437667, 291.8150670703571, 0.6614435752028915, 0.48734579967947944, 213.39980732413775, 25.8545210521944, 258.0935043172681]"
374.38964310258115,22.007788190359108,1.0,0.4394691823016733,True,False,"[0.14699895687875564, 0.5111422858012657, 123.58254281917985, -74.12351957016607, 294.1617961843752, 0.6932092185365841, 0.5241072029083322, 215.3312203463215, 19.176410998530486, 259.7774621850726]"
372.5176948870682,22.005267207440284,1.0,0.4168233446083778,True,False,"[0.14696284340662227, 0.5590686622507498, 126.78410541777961, -73.73999927214754, 295.88016449103054, 0.634065344075773, 0.5443954985372068, 218.03687955677893, 20.00648114809654, 261.3110189835872]"
370.65510641263285,21.993775869173334,1.0,0.5991450581864861,True,False,"[0.1710847253118477, 0.6216958301614652, 127.06759801632903, -66.99465314259868, 296.08401805167443, 0.5764490276771566, 0.47246465168092533, 220.54681428137602, 13.10005620597236, 263.7211083784201]"
368.8018308805697,22.007545760404273,0.9999626638670984,0.07344522131528264,True,False,"[0.16509039324338748, 0.658942445486197, 125.00792529025023, -72.30061861884641, 300.03147077936785, 0.6098925134803111, 0.4965126660781982, 221.24895881954777, 13.929917463736558, 261.185705355144]"
366.95782172616686,21.997202476567125,1.0,0.23853311170416502,True,False,"[0.17414695404477404, 0.6437937166490253, 125.01400608699474, -69.249351438626, 297.8830044909976, 0.5851364825116754, 0.44794248054992225, 224.40224016029245, 21.009843798431568, 261.4545902729812]"
365.123032617536,21.978392440592984,1.0,0.6923760086561773,True,False,"[0.2295345701128278, 0.7205641465107979, 123.21917916320163, -61.4990640430681, 294.71931153014054, 0.6168343461798186, 0.48610415652621297, 224.89832664794494, 13.423387144430146, 260.8685496842519]"
363.29741745444835,21.95598926394982,1.0,0.15284302675189998,True,False,"[0.2702359747073197, 0.7756658190581572, 124.03176512780497, -56.06503669971248, 293.4664084097073, 0.5967716330464724, 0.447169570265618, 228.6340311784739, 10.925862181923224, 259.6093538669637]"
361.4809303671761,22.01036930651648,0.9998495744925295,0.515986969047256,True,False,"[0.20548556315210925, 0.8258157154414291, 125.2235936432538, -57.31744362103099, 289.96447343649425, 0.5683060663930939, 0.40488184100898944, 224.81369519281373, 5.455377866477438, 256.218197743337]"
359.6735257153402,21.995888560872693,1.0,0.6214320324778262,True,False,"[0.2231133096343928, 0.8035827084994392, 121.25773206516075, -59.79498332172168, 291.87930474440617, 0.5824776599781389, 0.4533789539737329, 227.64568446705374, 4.406241177421084, 256.40973159422873]"
357.87515808676346,21.947284161079494,1.0,0.11473659895518473,True,False,"[0.29135844116569337, 0.7881502343805549, 119.40370065758736, -58.48459865592963, 289.69884614976087, 0.5897403357636166, 0.48839563660770274, 230.01328456501994, 7.927292794241232, 253.19603092278143]"
356.0857822963296,21.992729730197393,0.9998723828035337,0.4544313662005902,True,False,"[0.21469049702935467, 0.7436516680974858, 117.1310826267281, -62.82165393169273, 287.3643260507023, 0.5483720963308946, 0.5089145594398204, 232.02417913731384, 7.244295863178493, 254.65922964788868]"
354.305353384848,22.03676449344248,0.9998757229420545,0.5798570049488878,True,False,"[0.17466159024994382, 0.7925001647490155, 119.57228489586225, -68.16826899648899, 290.64697223118, 0.5460333022202903, 0.4551462274471712, 231.63637934476654, 10.631094863473228, 252.74223171674228]"
352.53382661792375,22.028677568800582,1.0,0.32591063593849245,True,False,"[0.22760883458295794, 0.8528103482280985, 119.38092995698537, -70.3662056308998, 294.497358368042, 0.5328506780870363, 0.47120787183255075, 234.42726721830445, 12.668615041477652, 249.48878064757307]"
350.77115748483413,22.086807382116067,0.9998342936820673,0.30544906598191635,True,False,"[0.21775268859507696, 0.8874137602265426, 115.60830581788845, -65.44525716863423, 293.4002652438302, 0.5936360461161461, 0.4479474115998177, 231.5751938400866, 12.646524469515807, 247.28217435670211]"
349.01730169740995,22.04580265266383,1.0,0.33649566347195714,True,False,"[0.2524764401116357, 0.8859284898604101, 116.96998896763718, -72.78422366143555, 296.55073722583217, 0.5614131144582905, 0.4145964509434549, 231.3324358586516, 11.495736379048724, 244.7753182067188]"
347.27221518892287,22.064402466915503,0.9999464416807727,0.3444015276633319,True,False,"[0.1729234783359867, 0.8200491223002909, 114.08816361519932, -66.61471915439239, 300.0243110166435, 0.6079139481513801, 0.4165993699002348, 233.93682799781465, 6.2212888293302075, 241.73148629453593]"
345.53585411297826,22.06338155700575,1.0,0.5908160772752769,True,False,"[0.1602732917675007, 0.8137333167725376, 116.53431915114993, -62.99231887063129, 298.78596071290497, 0.637576510484813, 0.4005718725065246, 233.33646709331282, 10.942544018023648, 242.00138990420965]"
343.80817484241334,22.01318222044233,1.0,0.6709461852948693,True,False,"[0.20525136643844183, 0.7955782083664416, 116.86364348869957, -60.25758269736626, 300.32275621531767, 0.6680230218848815, 0.44957619058108095, 233.8669428590499, 5.3570729888984765, 242.76331062382093]"
342.0891339682013,22.11780134325377,0.99969422259719,0.06661680268648718,True,False,"[0.14726388301596532, 0.8601776902839684, 116.31965600211134, -57.267161552252624, 301.48370075271555, 0.6680682296909196, 0.519783094886807, 235.99595329676524, -2.263732704622827, 246.13593446605125]"
340.37868829836026,22.17848857153388,0.9998217226265167,0.8120489087963869,True,False,"[0.22065269358596762, 0.9179163486190984, 112.79825527825327, -59.01052068656853, 299.16904412820963, 0.7397942076583656, 0.5546374323217477, 238.11605745846205, -2.9127404664944336, 244.84760206408845]"
338.67679485686847,22.04328696247432,1.0,0.08360624345488188,True,False,"[0.23222416090033207, 0.8712959088956586, 113.23840979471527, -54.84310183836274, 301.25029713565016, 0.7350834526235597, 0.5768485233492581, 238.13051219523416, -2.5110489916767342, 243.48524919365346]"
336.9834108825841,22.108427709637784,0.9998067131810253,0.36993524168016967,True,False,"[0.16650839650980506, 0.8621381897829876, 116.74967582592211, -61.10204888445833, 302.5007698168243, 0.7815752710784382, 0.6316300214440236, 239.16237713761964, -2.8250695009133935, 243.5426988533555]"
335.29849382817116,22.08208113229135,1.0,0.05395526766225389,True,False,"[0.19532361767511125, 0.8709304207934276, 119.80245616634494, -54.116929698188024, 302.3860678579191, 0.837137066378669, 0.6638470030714232, 240.09794175311436, -0.5188757094073235, 243.70968776616542]"
333.6220013590303,22.024976694956546,1.0,0.7755363835908118,True,False,"[0.26597078465474616, 0.8888094150158624, 123.00790853132449, -60.87672668078025, 301.8958527189494, 0.8130455519094613, 0.6697831841246573, 237.9369998643547, 1.7756525948441961, 246.50995354922256]"
331.9538913522352,21.952695913639563,1.0,0.4757189298812481,True,False,"[0.3165310414456824, 0.8809464558600963, 121.50917108705545, -61.41669972755394, 301.4696550312371, 0.7540032755722067, 0.7242910003225796, 239.11575235415557, 1.6708183655884277, 247.51888575047485]"
330.294121895474,21.970333986170523,0.9999466003164337,0.6879866588581305,True,False,"[0.2842507620254404, 0.8724651433204437, 122.28310407674375, -59.90733631661149, 300.09263079068654, 0.6823129869858365, 0.7642739834348912, 242.83453924893922, -2.729222205839706, 249.19700338169065]"
328.64265128599664,21.927326114836706,1.0,0.479733733469241,True,False,"[0.3327492782700682, 0.7966035270849866, 123.76579537667261, -64.2155670590327, 298.3624111033802, 0.6027240519995991, 0.778149435094932, 239.63824095486603, 4.784756370034366, 247.04533807244022]"
326.99943802956665,21.958109578309543,0.9999058652371436,0.5574820610897919,True,False,"[0.3555919746903834, 0.7619374315162261, 122.97737795394966, -71.56433706812257, 299.8447652138126, 0.5635933296390883, 0.768860681195248, 238.2833941563497, 1.110004184652647, 249.94265655379664]"
325.3644408394188,21.93232201829163,1.0,0.25799787675279207,True,False,"[0.35080171140109145, 0.7248573180372033, 125.01867667552816, -75.4807026161641, 302.7062437459112, 0.5940255848520608, 0.8008403013315424, 239.5080847497181, 8.959592062749003, 250.38219375987222]"
323.73761863522174,21.88327618200958,1.0,0.15084013121120998,True,False,"[0.35579829810595787, 0.655886055906415, 123.07977012554747, -78.72427383485163, 299.40779411998756, 0.5435103316728244, 0.8612460118471076, 239.17750499221336, 2.404420008385939, 254.29438866222876]"
322.11893054204563,21.863217695760078,1.0,0.9280617688527376,True,True,"[0.36738737043401537, 0.7306244732567351, 119.20341441396228, -73.31262280140349, 300.88380792839564, 0.5496517677457712, 0.8981978828672862, 236.02593184224276, -1.6381686115446943, 254.0243872568647]"
320.5083358893354,21.92201470326506,0.9998165675955393,0.27750758953052035,True,False,"[0.2887878421142265, 0.7989146718938932, 115.6802998957539, -73.53837878703924, 298.7960760341465, 0.5203616297860426, 0.9037368239890391, 235.37289535436807, 3.112415445756593, 256.78042250610457]"
318.9057942098887,21.9375709944646,0.9999512209810276,0.9777759171966196,True,False,"[0.29345968616190443, 0.8361012664399431, 114.24621236839164, -78.86916586394518, 298.7009489825149, 0.5900980179389849, 0.8885271015820643, 236.7312912303123, 7.024344834750016, 259.04487066001275]"
317.31126523883927,21.874931797295844,1.0,0.9748659068156716,True,False,"[0.3510350409399711, 0.9073265555682599, 111.23336939944404, -72.03980041962046, 300.7344504646489, 0.594084983788442, 0.9056879863787068, 235.79769557982098, 2.2993211862082905, 261.5782730844574]"
315.7247089126451,21.905795388111727,0.9999022500252198,0.4770893687107718,True,False,"[0.33555129647067583, 0.9092728583420442, 109.70298691950966, -71.98481840103076, 299.4568846664797, 0.5539531074694439, 0.9094493995603796, 232.55878082987894, -3.776005451461824, 261.543293169677]"
314.14608536808186,21.885206215117943,1.0,0.24359646121814482,True,False,"[0.35741665581836135, 0.9069170515591524, 110.8582125532967, -69.05684152936928, 301.16377731619093, 0.5626530202265341, 0.8810047201897994, 229.09565595479643, 0.49101010723225436, 264.78512231318837]"
312.57535494124147,21.872513780883388,1.0,0.2691349645914145,True,False,"[0.36203134998459946, 0.9109052872914589, 112.29149649208624, -68.43032323679701, 297.2327363201962, 0.5758960822196405, 0.874422564035295, 226.77239187467532, 7.767675578440842, 262.23688181051597]"
311.0124781665353,21.927891583351304,0.9998219593217054,0.7966575306607018,True,False,"[0.32855904302799305, 0.8990086632130947, 114.18521741889721, -72.57436298121479, 298.28887890179897, 0.6300498639428338, 0.860471791212137, 224.08139115305997, 9.420261388679798, 262.94839337831957]"
309.4574157757026,21.880374755432534,1.0,0.6648126699450336,True,False,"[0.40533871102432345, 0.8667993969052303, 110.42574477292546, -68.05008889361615, 301.67254651688023, 0.6309500400714354, 0.7858225829433553, 223.8414817236622, 14.059732351352746, 258.9962378380736]"
307.9101286968241,21.825903202732874,1.0,0.13936084288759676,True,True,"[0.4312329770045346, 0.9097897794274872, 113.02222264758834, -70.1601592187865, 304.98403062444896, 0.6254446215503053, 0.8214424737348585, 226.29175690145482, 14.86839177500325, 257.845167327806]"
306.37057805333995,21.868431585389345,0.9998611961001421,0.6147137623843668,True,False,"[0.4542490707466037, 0.8752829161754301, 116.37451043034972, -66.55201287802642, 306.56539394428404, 0.7049803747561589, 0.8196050408475879, 223.6309379461716, 19.601979365207328, 255.61990066807513]"
304.83872516307326,21.929816834439425,0.999798650683666,0.7013805404821466,True,False,"[0.39460301477094795, 0.8294781911707817, 112.99059427351447, -72.54315494687997, 305.13609011661464, 0.7836317452432595, 0.7513131381573857, 220.11009706768903, 14.775846025499169, 257.3648281420069]"
303.3145315372579,21.912554524262138,1.0,0.7493253817049865,True,False,"[0.39085401436405554, 0.8577147777922596, 116.66462262960847, -79.0564850003372, 304.4987740402102, 0.7615022584803566, 0.7452984255128741, 223.9935672264576, 21.177406006016373, 254.2124171334789]"
301.7979588795716,21.92496692350422,0.9999588726708358,0.639306163834747,True,False,"[0.4259997099023869, 0.7939179154618229, 118.80245499351375, -81.0191649041468, 305.6258412353717, 0.7768641446158357, 0.6883836051593112, 227.25025117730416, 23.87203360057557, 257.42910313493974]"
300.28896908517373,21.94187368288023,0.9999436999517586,0.8641643458651197,True,False,"[0.4098865212935781, 0.7850320675984999, 119.86688905894405, -84.74833573623891, 301.82414338537535, 0.7676047030502667, 0.7641027060312933, 227.1704459638091, 19.779715122024697, 256.66372773562506]"
298.7875242397479,22.00830447103757,0.9997776901698151,0.8717854751345744,True,False,"[0.33308884146632095, 0.7281060796937551, 118.37863930967858, -89.13807119538684, 301.557670031745, 0.8057644753364309, 0.8397034718298149, 223.71004976258715, 27.58982739395719, 256.5253860240227]"
297.2935866185491,22.052840531534173,0.9998502062378546,0.5282622014263101,True,False,"[0.3873373161953931, 0.7419542832863849, 119.54722533594361, -96.59148518609491, 302.3500197800711, 0.8509192036587472, 0.911448299037733, 226.51016777098806, 22.73706250952123, 254.9043884646607]"
295.8071186854564,21.996272562539897,1.0,0.1600692996688291,True,False,"[0.44979111178069864, 0.7435677338952926, 121.84561948186423, -101.32866200832999, 300.5215905021615, 0.8538121503841344, 0.8468336447689341, 224.65139044940918, 16.53280005430917, 252.28978223372022]"
294.3280830920291,22.038757058106174,0.9998556664077844,0.7475542314615556,True,False,"[0.476835663859749, 0.7380048916017756, 121.86701277790446, -102.7040020329391, 299.3336241863053, 0.9082639909823248, 0.855262941914746, 224.9508609396666, 21.384114144496166, 253.42329245435585]"
292.8564426765689,22.007112111812948,1.0,0.7502949318603683,True,False,"[0.5103143429259517, 0.6709667121951847, 119.51109045809915, -103.44972556733195, 299.6736449450994, 0.8357836095592186, 0.824581986369294, 225.03204654881173, 18.464395286779347, 250.3276454665655]"
291.3921604631861,22.012684427149143,0.9999808771037362,0.634098834611147,True,False,"[0.5007274102018945, 0.6971590126063839, 118.09669871862933, -98.7780196247981, 302.2944211183418, 0.8927749748956451, 0.7648101768036176, 221.31918098235357, 15.924251997955457, 253.31991564667317]"
289.9351996608702,22.01356424671149,0.9999969654659784,0.8773207370636642,True,False,"[0.45176810153294716, 0.6940575020845223, 115.61826631336854, -106.43816619543396, 303.2479609510523, 0.8302059600988473, 0.8293626064615826, 221.53178428831933, 17.463309786508347, 253.3448299694161]"
288.4855236625658,21.999536932213953,1.0,0.5062235232028178,True,False,"[0.44452943948157725, 0.7405233091810054, 116.09194398955944, -102.75027977220736, 306.29091831559737, 0.8897215325382593, 0.7501441855092605, 224.61519503815367, 23.342910645723748, 256.19463941807487]"
287.043096044253,21.995932695023853,1.0,0.5408970504510875,True,False,"[0.4778537654182016, 0.681663432441078, 117.64736182293952, -96.81406064472571, 305.972153325839, 0.836697934672532, 0.7612211604550642, 221.53268686860227, 18.690370902722318, 257.673056956394]"
285.60788056403175,21.998972031952643,0.9999893584142319,0.4413887070353032,True,False,"[0.498723174413779, 0.6171171728759277, 117.50492047039438, -96.52146775254147, 302.87889268588407, 0.8111466562745141, 0.8180392521680339, 222.31527172009717, 17.3973621449853, 254.88390389973307]"
284.1798411612116,22.02757967452908,0.9998993376779313,0.7334060221105465,True,False,"[0.4595941166496939, 0.6527743074640863, 119.23032418532782, -95.29114682244818, 305.76409388375794, 0.8849487367749194, 0.8274069959817947, 220.8878839543999, 15.2310486369024, 258.693147034166]"
282.75894195540553,22.03763522459996,0.9999644383615091,0.08326963445069824,True,False,"[0.5303871805094444, 0.6223085961975695, 120.52252873422334, -90.51386078290126, 308.16405699538933, 0.899017533803565, 0.8221246944136867, 221.89749430165583, 18.117167538548657, 258.568627699637]"
281.3451472456285,22.03248012169664,1.0,0.16964129385393,True,False,"[0.6037370085721432, 0.6488288929010095, 117.10394105928137, -96.23753945854907, 304.7162633867104, 0.8243897820327761, 0.757086218481275, 222.4655794601703, 18.236442519970296, 258.73921576036247]"
279.9384215094003,22.087178664685958,0.9998046241772245,0.578053823183882,True,False,"[0.6317013065961772, 0.7044104700279257, 120.11325487658314, -97.08238727887235, 304.75792067208585, 0.8239757853033516, 0.6884453573968882, 220.88902370725236, 13.409362806734292, 255.6542587338143]"
278.5387294018533,22.03658853970343,1.0,0.647772827128154,True,False,"[0.5708346446006478, 0.6326499143425343, 116.52367936355517, -100.05720654888576, 305.48690428734324, 0.805633153056655, 0.712439782166378, 222.601228946305, 8.079654583819725, 252.44122357536855]"
277.14603575484404,22.00409688790659,1.0,0.06150668534067827,True,False,"[0.5576264056663138, 0.621329747122383, 114.35005292122432, -102.04703626193033, 308.5488864075139, 0.7836789155327621, 0.7820563197759479, 222.86036644301657, 6.932941790010844, 256.29702310065284]"
275.7603055760698,22.04406676070082,0.9998550662462137,0.3712798731243845,True,False,"[0.5922260219235004, 0.6247171626452397, 113.10761274095177, -100.22753118152262, 309.00884505436517, 0.8545868319730692, 0.7334132252824546, 225.66569583497943, 9.094654149760178, 253.27304436983886]"
274.38150404818947,22.00863864457981,1.0,0.7272312437579049,True,False,"[0.568109158120002, 0.5668077105639661, 115.7109807547566, -97.9843045864555, 309.9177940786516, 0.829400993150779, 0.778199717503595, 226.98775642265153, 13.554881966351044, 256.1963156470717]"
273.00959652794853,22.002000548882485,1.0,0.9253278808583427,True,False,"[0.5281400139035438, 0.5946262791157837, 113.00601922150103, -97.64259321816937, 310.33485923872666, 0.7920372452587361, 0.8485273110968276, 224.75720615520532, 6.276219027179419, 259.339957649596]"
271.6445485453088,22.00039606095193,1.0,0.5983129068415328,True,False,"[0.46279298732547197, 0.6547117270730805, 109.42257169082878, -99.17861019431834, 308.1264296304259, 0.7568877132119122, 0.8862217831579178, 222.877806927333, 12.827350564854699, 263.10365739718713]"
270.28632580258227,21.972647470900426,1.0,0.9145528760212424,True,False,"[0.49544947873946615, 0.5983734903945627, 110.29679165659498, -103.21554804441239, 310.54838970104646, 0.7173732668564595, 0.8480473208815337, 226.13348317591374, 6.832417438637581, 263.25288215978327]"
268.9348941735694,21.948859782110638,1.0,0.7247716931943142,True,False,"[0.46165751220359624, 0.6400824434859309, 110.20710135025385, -99.11895038701962, 310.7683020111027, 0.6842437725437366, 0.8594531943037784, 223.960753259705, 3.7686919913621466, 265.4589114371922]"
267.5902197027015,21.877734092334478,1.0,0.49473475996124605,True,False,"[0.48508825837928693, 0.7069323143729004, 107.83640001620037, -96.90565373324362, 307.2791427886949, 0.6414520101693184, 0.9118178733132474, 222.97539048076047, 7.121965903013141, 264.14592858920673]"
266.25226860418803,21.91771020844488,0.9998498675132873,0.4635549107468705,True,False,"[0.429175882510697, 0.7252749695184899, 110.85390773992552, -100.98803598197674, 309.710595029485, 0.6485752228099558, 0.8892957527062924, 225.46194057921895, 9.046036133467801, 261.3222296050823]"
264.92100726116706,21.942381115062336,0.9999068788158302,0.946465795489966,True,False,"[0.3980179029348836, 0.7140424562883908, 109.16852166934468, -103.37244271306817, 307.8613049850127, 0.6038346783794426, 0.8595679121627637, 221.90067053363813, 16.891544855208068, 263.74573630821345]"
263.5964022248612,22.002258000738927,0.9997728721444621,0.27356599919298386,True,False,"[0.3476713353611808, 0.7565180634876655, 111.75367805613976, -110.58573736477945, 307.92955305795044, 0.6772624719720396, 0.8309188752420865, 219.53665452127885, 19.758419989817767, 267.04812156030886]"
262.2784202137369,22.013538849427125,0.9999569899571518,0.09206193812564689,True,False,"[0.3489157570411406, 0.8194795007420641, 112.6478729651272, -114.22745170008582, 308.25047815167875, 0.7396228091330205, 0.7850512341656771, 216.3269590782544, 19.430772943148718, 269.14656659345985]"
260.96702811266823,22.06316350105232,0.9998098612914783,0.0159465471066903,True,False,"[0.2741037378269765, 0.8371874261938975, 116.40596381565479, -109.56324163804948, 310.6614420259712, 0.7154506223608007, 0.7354160596119064, 218.8597754008245, 11.654028552151287, 268.41079354587106]"
259.6621929721049,22.06045064257357,1.0,0.7714842752393701,True,False,"[0.262671570003065, 0.7612718464309987, 116.41223821467578, -115.7623229158686, 313.7734936940791, 0.6833717875691077, 0.7251156366427436, 221.5123956110358, 9.446319848652633, 270.192714473056]"
258.36388200724434,22.02882978471715,1.0,0.27921036665733234,True,False,"[0.31469744108990044, 0.7357412301165527, 118.53272939446427, -118.1412561748565, 312.42797705221426, 0.6188003669886244, 0.7600818865740883, 219.84629814861594, 13.14728196250953, 273.26716924622417]"
257.0720625972081,22.068058759460033,0.9998474125062639,0.6172924887558806,True,False,"[0.2760035506172337, 0.7565291784689593, 114.92005949597528, -121.99760389974627, 316.39919005057857, 0.5943680970059257, 0.7833706046534, 218.41274052671704, 5.807933391119109, 272.68336719699494]"
255.7867022842221,22.034058330223942,1.0,0.988678802472111,True,False,"[0.32188155301531857, 0.7436074579633077, 111.85572901114564, -118.94737402122816, 312.77950669258985, 0.6032888160629826, 0.825061880413152, 215.85164858322958, 2.1558709374363048, 273.9548515734076]"
254.50776877280097,22.046268165651778,0.9999520268374825,0.08107805466577378,True,False,"[0.36875237443808867, 0.7444166648868774, 108.22667273562958, -123.07340675607277, 310.4644661968651, 0.6679668062738731, 0.8253233885047974, 211.89888972239268, 2.8973170731535554, 270.94574843593966]"
253.23522992893697,22.0645949442457,0.9999276320460809,0.3558290963593047,True,False,"[0.32978989325376334, 0.7848166506733658, 106.40745434568308, -117.73898551099094, 311.0909380545515, 0.7302426063015746, 0.8566329236130567, 211.59322521372607, 1.6381867784295832, 274.27277848630246]"
251.9690537792923,22.0870695979497,0.9999108078906075,0.41389443816570526,True,False,"[0.3353330782445868, 0.8046087233243274, 106.42036412911858, -119.36755322717546, 308.0300328219256, 0.7828293653653524, 0.8484344576435893, 210.52304338977652, 4.749240724129521, 277.6280523937669]"
250.70920851039583,22.04811419593478,1.0,0.1711733474238284,True,False,"[0.35175398001287994, 0.8257471248269398, 110.28538403599158, -116.97242254885117, 304.7555316565329, 0.7695244871593402, 0.8681134432483016, 210.01477384477113, 2.8709449247739514, 276.3450268846758]"
249.45566246784384,22.14824498408126,0.9995986834143633,0.06894269911779727,True,False,"[0.32006075646763765, 0.7916057603021815, 107.92988247558897, -120.61329069349624, 304.70992512106596, 0.7971503162587574, 0.9148763386616278, 211.31255988063313, -0.2838925590668744, 277.17031493787835]"
248.2083841555046,22.14781745813737,1.0,0.8211181000648256,True,False,"[0.30616981134958576, 0.8593032379271981, 110.58581558131343, -113.92763098842273, 305.77115139865083, 0.863191579725177, 0.8751927574577483, 207.7454509094724, -7.401373236248622, 279.6648318525675]"
246.96734223472708,22.11419045223941,1.0,0.1403005012682379,True,False,"[0.32091281019893286, 0.88151123814105, 111.03178919027286, -106.31818924128699, 302.0253812967252, 0.8991534256301781, 0.8235137320242251, 208.67399027091392, -2.8009943634444046, 280.04245810190736]"
245.73250552355344,22.16120308428053,0.9998087020067349,0.40145251819306615,True,False,"[0.27888911693355506, 0.8646089306226301, 114.45694569799025, -99.05688072295997, 303.8982328477798, 0.9112603151946014, 0.845310515142687, 212.09600358121784, -6.617283809621112, 279.56714364889757]"
244.50384299593568,21.99978874558706,1.0,0.3813543787234872,True,False,"[0.3459135897091144, 0.8833626723570887, 116.48579361523659, -96.26656079111973, 300.3088707823274, 0.851666468214032, 0.7796650424887929, 214.73366291396684, -11.792986104353222, 280.1604464650401]"
243.281323780956,21.994245764326298,1.0,0.53368587357369,True,False,"[0.3476624038873697, 0.8192133909830539, 115.83493353223712, -98.71476744841257, 299.5360909181315, 0.8341366704315044, 0.7371082408378313, 212.46371902673943, -15.900618899594367, 276.59370811290825]"
242.06491716205122,22.02418232270704,0.9998763360355694,0.18098137383584068,True,False,"[0.3065195845681529, 0.78458228742153, 119.01111603790746, -99.21571610002398, 297.8781076324351, 0.8735017865302465, 0.6813546042595859, 213.87154705531873, -18.352056089023616, 273.9112276907466]"
240.85459257624095,22.010078124130047,1.0,0.6802808175282682,True,False,"[0.34849257690145174, 0.7790780051425645, 116.51541439841876, -105.95856666702886, 299.229189967742, 0.83771060647322, 0.7402596361433492, 217.64397910673776, -26.336224555149986, 277.5558017977212]"
239.65031961335973,22.01820524688018,0.9999660881531074,0.04737725328091813,True,False,"[0.29401017171627775, 0.7993479630722624, 120.29048978724347, -98.87766571302217, 300.05605795884, 0.7958737116495267, 0.7389930890729658, 221.32124856382856, -33.42372956256987, 274.642601749873]"
238.45206801529292,22.005217079187787,1.0,0.6724516819550092,True,False,"[0.3280873797643052, 0.804787015581959, 116.68826514615678, -96.8149148015515, 302.258876283373, 0.8362085136930958, 0.7389381116788584, 218.9485496459942, -29.92746633390628, 271.5455735902888]"
237.25980767521645,21.998682796092275,1.0,0.9706090900039327,True,False,"[0.31995830058970465, 0.8544149089296857, 115.39548566980235, -95.31994295030405, 301.4754849494422, 0.8056512688738156, 0.669275115749059, 219.43144619425064, -25.208819779707035, 269.157118762081]"
236.07350863684036,21.949550035492308,1.0,0.5201230815884056,True,False,"[0.3693590144232006, 0.8673318925408475, 116.72966801906267, -87.92636204760501, 301.331947755579, 0.8838540063163903, 0.6468270506144821, 219.28224120127766, -17.669883886320644, 271.6475448567584]"
234.89314109365617,21.921104644226382,1.0,0.551277558453352,True,False,"[0.41702051967381215, 0.8342482221551815, 116.65301408730193, -81.10642729636245, 301.25087266522655, 0.8682856858990547, 0.6584871334230596, 222.42252403063316, -10.082647390496904, 274.206748840628]"
233.71867538818788,21.906228993551004,1.0,0.8413239066286806,True,False,"[0.4208968703475213, 0.8276166220631785, 115.64366295564747, -77.86354353989134, 297.7396050122036, 0.7942204169530819, 0.6430434243978318, 219.67152526442413, -6.555708211428083, 273.2763350181619]"
232.55008201124693,21.892386585086577,1.0,0.6699777172588803,True,False,"[0.39736870519756684, 0.8820335182995099, 112.36559494282996, -81.05227118051066, 295.95710547503495, 0.7860862115513563, 0.6162880069539582, 218.6057688929976, -1.9482212716774416, 271.1909427508246]"
231.38733160119068,21.956434516453577,0.9997232386599589,0.2634229662451243,True,False,"[0.35791214428972484, 0.892757150299738, 110.04957177888605, -84.49992609679948, 296.778009614697, 0.8510688545283871, 0.6631855257304687, 220.6183339787356, 1.4015523117405913, 269.99768019810585]"
230.23039494318473,21.96316297930862,0.9999707755158119,0.10713925155641268,True,False,"[0.38086081221295054, 0.833324864295615, 107.26966473930351, -79.68136134282634, 298.7793437698016, 0.904707460646134, 0.6347985878408817, 223.76218181053022, -5.237881352171177, 271.2324861297794]"
229.0792429684688,21.889824246243215,1.0,0.5464720263464027,True,False,"[0.4313978109263187, 0.8583661499217701, 111.16581063870812, -74.53741132113409, 297.6073327042345, 0.8320663503519709, 0.6551422677802188, 220.07156479930762, -12.945761449004326, 268.80256383596173]"
227.93384675362645,21.958353440881268,0.9996993913152334,0.2911666809080332,True,False,"[0.36377729560612126, 0.8501291169128089, 109.99257817218604, -79.56958197355365, 300.6843225158148, 0.8976238496339165, 0.5834483958665805, 222.00415979215023, -19.85999679089848, 270.1642824525718]"
226.79417751985832,21.974937820943225,0.9999268774274117,0.15059200950060603,True,False,"[0.3245016269051153, 0.8698790877519014, 113.5683823096606, -77.76523467460967, 298.9899211482361, 0.8490830054524475, 0.5453650126203352, 218.72089708586893, -27.14387015919595, 268.9000027166666]"
225.66020663225902,21.968257441211946,1.0,0.5525662048235288,True,False,"[0.33789027706245944, 0.8048603931517855, 110.19829493095415, -76.09817976577895, 300.8596138285314, 0.8692806131722018, 0.4738627671482646, 219.41141815382383, -31.804570202402928, 271.1437660351033]"
224.5319055990977,22.01184291286972,0.9998059017872156,0.9860962273052013,True,False,"[0.28242793927558724, 0.7941813392632564, 111.53493510133897, -83.78545904374894, 302.36559041100423, 0.8602328070402079, 0.4465366795449472, 221.9006838118904, -36.6315536290427, 270.57424042968967]"
223.40924607110222,22.037204071280932,0.9998864876032347,0.5905087603570879,True,False,"[0.23230127737032674, 0.7506157256441869, 107.72663428321604, -80.95965561028373, 305.32590545445146, 0.8161277802421586, 0.41123092233732483, 221.86520256739416, -30.760033836695776, 274.25532397569543]"
222.29219984074672,22.03220773060631,1.0,0.7356711960122935,True,False,"[0.25601108543440365, 0.7304883706303676, 109.5054593912921, -87.15288594779685, 303.4300282733751, 0.8560507319488379, 0.487884279898299, 220.72490694488548, -25.584581052510472, 276.6147154526428]"
221.180738841543,21.98493161373618,1.0,0.6746978371639752,True,False,"[0.33168591401116554, 0.7547296913245812, 106.09686522222927, -84.98520816299455, 301.4714314642221, 0.8261085579085199, 0.4109352466773274, 220.2182032351422, -24.348323564582934, 277.29175140123914]"
220.07483514733528,22.04073943155762,0.9997464465105628,0.2537033358335685,True,False,"[0.2604495732406845, 0.7843165168298095, 103.09633425088732, -83.55036000646754, 303.63436938245945, 0.7937273329752741, 0.46579448610200985, 216.3206579975983, -18.69969636278792, 274.87968884785164]"
218.9744609715986,21.99134134433975,1.0,0.22796692259644624,True,False,"[0.332085374113992, 0.726454703151199, 106.80296254664525, -84.65667060623272, 305.85332457337233, 0.8614126664212571, 0.40541632600670957, 213.715819273678, -11.583192287960728, 272.69701037984925]"
217.8795886667406,21.994779479646752,0.9999842201456257,0.9352286562601628,True,False,"[0.3830996471825002, 0.686465669257564, 108.25345216767991, -87.45030058550735, 307.6730938710409, 0.907209664978445, 0.3485700337927705, 211.4191090542268, -7.901847182704751, 276.30843462666684]"
216.7901907234069,21.94738674145022,1.0,0.5345891559062583,True,False,"[0.4443905322769139, 0.7647681448316078, 107.0233091515231, -90.3429628119971, 311.39253845832803, 0.8911164663485758, 0.3904092371029258, 214.0936256064406, -2.9232532298326976, 277.15774018368273]"
215.70623976978987,21.93630647091494,1.0,0.354303416739007,True,False,"[0.47233922980538956, 0.7497754358954007, 107.07429281760861, -93.60301133897316, 313.38177519462874, 0.8483037117086705, 0.35358317824124363, 216.3835625548869, -4.317920568951855, 274.28284633130033]"
214.6277085709409,21.919113287430438,1.0,0.07661086906486458,True,False,"[0.48614798312491614, 0.771720057328594, 105.104704661075, -85.84578268238164, 313.32703449344103, 0.8467439494517793, 0.33404682301709676, 216.41635638230252, -4.285157618191196, 274.0393309281632]"
213.5545700280862,21.940679583728514,0.9998990178137089,0.38725046992831125,True,False,"[0.4583603283471403, 0.7702627903554161, 105.63825954403238, -83.81401457162995, 317.15598118740644, 0.9068766787363512, 0.282682720775674, 213.37168220491367, 2.9980408965863763, 270.79032427756306]"
212.48679717794576,21.935301984970803,1.0,0.43436483749085697,True,False,"[0.40963432131116007, 0.8273316912878294, 106.1329364352092, -91.02615401797907, 315.23306296163526, 0.90849097817989, 0.22330952434772858, 215.13553489597155, -2.4521764627943785, 270.67665435501647]"
211.42436319205603,21.921702705468498,1.0,0.44135731239256737,True,False,"[0.41421980973007616, 0.8466387652277466, 102.65218076026662, -85.61823709432534, 314.12005440331126, 0.911114378177756, 0.18933268015152538, 215.66305697866505, -0.15487066453242448, 272.0308201306902]"
210.36724137609576,21.916455229911573,1.0,0.9033900555599185,True,False,"[0.4623457573443826, 0.8009866402458065, 99.21128146825353, -87.337494345622, 310.3442869346513, 0.8779953826521361, 0.22997170310362075, 217.81781748172978, -1.8027992180190893, 272.67992540076455]"
209.3154051692153,21.952387668904624,0.9998283482529974,0.09125341029646239,True,False,"[0.4092437993560009, 0.733404703674733, 99.31867592019486, -79.47442226882859, 313.2645298073796, 0.8060168172188811, 0.25762271255659835, 216.76065622711704, -3.260001795970876, 273.13754045962656]"
208.2688281433692,21.93333122112021,1.0,0.3909225197901771,True,False,"[0.46274447031257254, 0.7344924065729984, 103.06257910428631, -74.80065764245111, 315.1723241585687, 0.8380838310081553, 0.310932651644112, 218.2116828512968, -9.342775691106667, 269.1408078188448]"
207.22748400265235,21.96244192553321,0.9998595328223185,0.04757018313200412,True,False,"[0.4218989467613782, 0.6695741830899219, 100.57252187360494, -68.67191776432634, 312.05681360323786, 0.8596734649465468, 0.27599500989262876, 217.39118023876722, -3.901358132235835, 271.40901893237174]"
206.19134658263908,21.971673274090094,0.9999552302166623,0.2746915138160144,True,False,"[0.4686258669418768, 0.6028218906285416, 103.35975207624801, -69.89875965417201, 313.1746205641543, 0.8756488702361409, 0.28408122854075935, 214.96334318728253, -1.6743290659559698, 267.73171260928774]"
205.1603898497259,21.962785658106473,1.0,0.2779022483421617,True,False,"[0.4297025101179099, 0.601932349618231, 104.94523689094335, -62.56651722018957, 312.29595382319593, 0.8582201094252401, 0.2377790699347616, 216.0444555709829, -8.49493457399345, 264.6662334254323]"
204.13458790047727,21.942877296159526,1.0,0.402525698194123,True,False,"[0.49129549032436953, 0.6484069644325274, 101.31670680349352, -66.9685148632381, 310.4313033136514, 0.8048520321301265, 0.17206383918265072, 213.57372328216798, -2.1461533381306737, 263.78540395271574]"
203.11391496097488,21.939405294632003,1.0,0.44551767077829807,True,False,"[0.5576383856670357, 0.6925046288701566, 101.58173880160662, -70.18224332013581, 313.34194565565707, 0.8490684029156798, 0.23948914712492592, 211.82381369003522, 1.7086318601086212, 264.3260484950672]"
202.09834538617,21.92050507559518,1.0,0.15060073885453273,True,False,"[0.4999372131283105, 0.7692884071877905, 99.89104296626951, -77.22816593012914, 311.0129236778232, 0.8968969884030875, 0.16262981306462054, 209.20280574418294, 4.06395743416107, 264.5730866233691]"
201.08785365923916,21.9336134121019,0.9999348150122935,0.9819127418233635,True,False,"[0.4575798272799884, 0.723075796634721, 101.19417130369837, -72.92342831557863, 312.87349406470054, 0.8245126619732903, 0.2176720318162494, 210.1666715693964, 8.758526664861863, 261.2978400347732]"
200.08241439094297,21.943459288023185,0.9999507921088324,0.048018574761605204,True,False,"[0.49940469135123083, 0.681019332942819, 103.20849865088515, -69.92345996907899, 310.955036049844, 0.8923199745812889, 0.15721752372076536, 209.91239092904863, 11.570075997427747, 258.9352446799394]"
199.08200231898826,21.96910092831844,0.9998712089051061,0.5851040626863447,True,False,"[0.4255713238882279, 0.6263203604780319, 100.62670231150264, -62.74095903628331, 313.05251472659256, 0.9002897077091649, 0.15555095926898582, 211.1025127389628, 5.494592805568569, 262.23036366120726]"
198.08659230739332,21.95105811467987,1.0,0.980176228427253,True,False,"[0.4049927972229839, 0.6489447107731834, 103.33054999726998, -57.9986513695614, 309.1194477505526, 0.8428729142253624, 0.16711702634337267, 213.8409026566242, 6.832404593531198, 263.5594063501992]"
197.09615934585636,21.938260633844763,1.0,0.9327377478239158,True,False,"[0.461650092709063, 0.683588678206748, 103.08924378976965, -60.443751464851076, 306.0353772020007, 0.8677068251738679, 0.18543645668060105, 217.75692360799982, 0.3643591816861349, 265.6794684721712]"
196.11067854912707,21.93198495541624,1.0,0.33404612049120475,True,False,"[0.42696950988740834, 0.7232085771209842, 102.41811038307502, -62.89980223694434, 307.2463799786263, 0.8159780686912561, 0.21787299420871764, 215.53891295902886, -0.29464764763152296, 264.5974540146652]"
195.13012515638144,21.90177186332024,1.0,0.2245809575066121,True,False,"[0.4405445165232673, 0.7908326333322254, 102.34400813193564, -56.427539601203726, 304.94778790770596, 0.8008249142638927, 0.27190016713292425, 215.78185076267394, 7.136388849073731, 268.4769328288988]"
194.15447453059954,21.864921577607852,1.0,0.5317772647955927,True,False,"[0.46064065023990886, 0.8378085962269287, 101.93555862916881, -49.81367386791781, 302.9339385085016, 0.741033387547781, 0.2730594388876586, 218.21912237235634, 2.073504464221392, 266.8598856468499]"
193.18370215794656,21.840187097731846,1.0,0.8106661414256133,True,False,"[0.525252668694682, 0.8598464582681359, 101.41632818554233, -42.62645090956768, 299.7803562354255, 0.7600782884464331, 0.21313483036871206, 221.30232809524975, 8.82363869001987, 269.843151802249]"
192.21778364715684,21.880837047140645,0.9997885437515551,0.783627929567198,True,False,"[0.541339950617618, 0.7955945639946914, 99.98459841406981, -46.33532037556122, 302.2298806102444, 0.7212518916826276, 0.20673563935711764, 223.7078497983048, 3.171734470925605, 266.8573702130773]"
191.25669472892105,21.88744591402462,0.9999654456399024,0.6743272446712357,True,False,"[0.6179353580235264, 0.8207947126048744, 103.54651033147537, -51.88370915675541, 299.5639379901483, 0.7819104341860984, 0.14843446026155183, 219.83790994885206, 4.6343356744718225, 265.75686063604684]"
190.30041125527643,21.8957112519152,0.9999565678374313,0.20842456384325092,True,False,"[0.6518194909886653, 0.8619294173854878, 102.14759370572806, -51.653284924226035, 300.4335629219743, 0.719498723611599, 0.17781049392880932, 219.7934824280854, -2.1905175709756843, 264.6857195701993]"
189.34890919900005,21.928693852450706,0.9998258256240836,0.32853657864642916,True,False,"[0.6903402106080284, 0.8776558590592363, 99.6387096086888, -48.11997247672511, 296.4821124682274, 0.7300360679213391, 0.100020875508193, 222.6585211778792, 2.750971082446666, 264.0860653861887]"
188.40216465300506,21.93834781521948,0.9999487600609568,0.8990901151596548,True,False,"[0.6870184608286841, 0.8291390441987767, 96.83628704348381, -54.141555212786336, 298.8092427557184, 0.77038184686537, 0.16722799616218514, 219.3015103117008, 9.741702413552566, 264.36486978794034]"
187.46015382974002,21.85982284007848,1.0,0.5403472762032555,True,False,"[0.63550878193658, 0.9008763483018575, 97.67825932005232, -59.639629769006966, 299.8452999076651, 0.8131011532512128, 0.09728108481634634, 221.51464545507375, 3.9339049626961877, 265.0973301504325]"
186.52285306059133,21.926901296939267,0.9996404387149915,0.23389751765748512,True,False,"[0.6704083180067071, 0.8808230290572195, 94.79599959500891, -67.32900765420393, 296.0960258167176, 0.8930269347032322, 0.10045217169473757, 224.27788155729039, 5.912822519958224, 266.352285428847]"
185.59023879528837,22.014207867199744,0.9995296841127861,0.663781346318107,True,False,"[0.7215441882487983, 0.8976134688351691, 95.12944122514006, -59.545305619875805, 292.4805807265401, 0.890989585468848, 0.1056145551687353, 222.92463499594103, 13.19936903097317, 266.1704071728393]"
184.66228760131193,21.995673168029025,1.0,0.15645822014529076,True,False,"[0.7041070385780912, 0.9017753848731832, 96.68488867640386, -62.90239760034246, 295.04920714944086, 0.909857823854093, 0.13051970750837677, 226.8424434374947, 15.899218362402246, 262.4654843531465]"
183.73897616330538,21.956093917768058,1.0,0.17026046242132598,True,False,"[0.6858744709068142, 0.8230411047750904, 98.65488468529574, -70.77922423540551, 293.764266547028, 0.9104429180974583, 0.16246162392546742, 225.07976877178788, 19.058853548384693, 259.38886242044117]"
182.82028128248885,21.974445972913387,0.9998996220007436,0.16680918872577988,True,False,"[0.7065502268035297, 0.8287668693411291, 95.69908415093414, -74.07119999690596, 290.3647534483989, 0.893544703364874, 0.17326881556828633, 221.25188331624804, 12.7538979009131, 261.2754645584781]"
181.9061798760764,22.054460851057378,0.9995602277902337,0.2471375310641606,True,False,"[0.7591194401195437, 0.8762832641550311, 97.94575058114567, -71.87318808488635, 291.15604181280213, 0.9019424527343304, 0.15274375253328232, 219.25072329326318, 16.535861440154, 261.979972648919]"
180.99664897669604,21.9523637312846,1.0,0.17413843643127824,True,False,"[0.6916707116920578, 0.8080159063552005, 99.9131173612665, -77.66061364106275, 291.2601706389699, 0.8877224020304769, 0.12827976106183542, 217.03485474933214, 11.50899908933725, 259.3207717901188]"
180.09166573181255,21.967693315157277,0.9999148826160605,0.36788744641037296,True,False,"[0.7078308515828035, 0.7630382906970273, 99.07775102281789, -84.61460685032837, 288.129222202345, 0.8374430071794604, 0.13682200074200218, 220.58745084082022, 13.380425082758682, 261.0106826044098]"
179.1912074031535,22.028030153416296,0.9996633390553319,0.656238944287219,True,False,"[0.7756918744040295, 0.812122146637429, 102.81625629617639, -89.46112413784002, 288.2774806975416, 0.7817241870598649, 0.19755326913040777, 222.34727609897095, 12.299263249538463, 262.90917765308285]"
178.29525136613773,22.017043126475006,1.0,0.15739549014993015,True,False,"[0.7416694254551067, 0.8608260824495343, 100.2728353095648, -85.31875969083107, 284.91017384521695, 0.8443113965027726, 0.15520466786034876, 222.31842278388092, 6.848716929733117, 266.4488295805669]"
177.40377510930705,22.02892232296706,0.9999330408906457,0.44868732143243073,True,False,"[0.7604187167098211, 0.8195409103696649, 99.15933431767812, -89.27883109416962, 284.1634073912375, 0.8768933350674682, 0.14986091830019993, 219.84973387930847, 1.153036220505678, 262.8503484182146]"
176.5167562337605,21.986242749945305,1.0,0.42393010557525734,True,False,"[0.7308848381275671, 0.8305447401560262, 102.83768891893858, -93.73503578866301, 282.0178756254584, 0.8514310546299494, 0.09183273510301053, 218.20623074948972, 4.203094975136171, 261.84796628528096]"
175.6341724525917,21.983751295058237,1.0,0.17829160557821344,True,False,"[0.7256428664806109, 0.8253280416301589, 105.33220907569579, -101.69761941360517, 284.828050288571, 0.8357643486743984, 0.08802014068581303, 217.52821842254943, -1.5811631896533367, 262.00340462422065]"
174.75600159032876,21.992218595389616,0.9999515490447923,0.17294318880970982,True,False,"[0.7504645880744667, 0.7699932971012314, 107.61188797772685, -95.01237693147762, 282.7945397193552, 0.8483551264381947, 0.155033330498243, 214.9390841525377, -7.857620210331943, 263.4735819452296]"
173.88222158237713,21.944648820491203,1.0,0.8894631023539604,True,False,"[0.6762542290933179, 0.7990670398564188, 106.54456042089747, -101.58605771585829, 279.80477905527647, 0.8765209038781827, 0.10637774409410372, 212.3700077622502, -15.767972771192863, 262.90725844226864]"
173.01281047446525,21.937304973383295,1.0,0.7476591379804869,True,False,"[0.6715913500975099, 0.8238663326903316, 106.28238035679217, -95.52223384263496, 283.7086108472593, 0.8887937461446875, 0.14432096612255813, 209.78961983816438, -16.38751677372742, 259.8106790570399]"
172.14774642209292,21.842034399559665,1.0,0.640632815333617,True,False,"[0.6149982609105192, 0.888241590073957, 108.09000566024173, -90.84731980645535, 286.0753160763032, 0.8441063985210226, 0.14281924462545753, 206.90952580116775, -11.813444674342295, 260.44098890411357]"
171.28700768998246,21.885077412406318,0.9997487398156876,0.9522723868629386,True,False,"[0.6532015092547039, 0.8914227383295036, 110.81962598734921, -84.2774611911819, 289.8947943882452, 0.8212619246476425, 0.1996363546601514, 206.09326613225645, -12.45789625467619, 260.1698053404375]"
170.43057265153254,21.885865121705898,0.9999953781327671,0.6922623354521096,True,False,"[0.6330907978743894, 0.8527666971292164, 114.0373207814458, -86.32583088614521, 287.8171340944261, 0.8600517966123594, 0.26477198875428354, 206.83725437614368, -18.295683509652253, 262.7299517807907]"
169.57841978827489,21.872246593662616,1.0,0.8283109928299276,True,False,"[0.6335204041704705, 0.8712884403489825, 115.05050217639153, -92.56897196047261, 289.7970661947585, 0.8175116170656012, 0.24157631898524587, 209.76000822314134, -22.244763801772976, 266.1575710732592]"
168.7305276893335,21.932943838213482,0.9996403358099162,0.4600432615458915,True,False,"[0.6907405487561954, 0.8515299011405324, 118.35409356045899, -97.40053413477145, 292.3635525562543, 0.7898387688690339, 0.2638372833791081, 207.08651905877076, -24.6163373736287, 263.88704610293837]"
167.88687505088686,21.93052519434431,1.0,0.8172138736999205,True,False,"[0.6814851323500766, 0.8628386430831063, 115.36122435231462, -104.85340447019865, 290.3527235269263, 0.7595850455088523, 0.2275515107577285, 207.51566524761992, -30.93799667779603, 261.9988758332]"
167.04744067563243,22.01614693245154,0.9994875719233071,0.9979897895137005,True,False,"[0.7404138544790708, 0.8679330372956249, 116.90529948097951, -111.19984902414109, 292.1260643999614, 0.8177176324654883, 0.19067431630997606, 207.14201854790434, -28.635493351843152, 258.91882009429736]"
166.21220347225426,21.94987286795429,1.0,0.7036646203700314,True,False,"[0.689698418294348, 0.8138032582239817, 113.3556249733334, -109.40053727100494, 291.9607701048065, 0.778817801749502, 0.15392362299943074, 208.0070703356636, -22.362281202015264, 260.6670715555688]"
165.381142454893,21.95641629792998,0.9999604350264342,0.474046546722232,True,False,"[0.6818577280839769, 0.7589208342392726, 115.80850318011957, -115.43595536195316, 294.79724672152275, 0.8063043446557908, 0.1344406366464037, 210.32865698876887, -17.335452090252502, 263.8206706256454]"
164.55423674261854,21.898251953115814,1.0,0.5602309893092977,True,False,"[0.6037085697225391, 0.8171463906410663, 115.67719804625075, -119.47883924242112, 296.80776231923505, 0.7728790606170349, 0.19779109467583222, 211.5891903767653, -12.175324013961875, 262.63490913551976]"
163.73146555890546,21.948995568901047,0.9996901282645959,0.5572632134016029,True,False,"[0.6600764295429471, 0.8015073604181975, 112.14538362084613, -119.7074473415718, 296.9665281751178, 0.7685440348719629, 0.20008723266847714, 209.95647533959976, -17.066829365495025, 261.5291763359531]"
162.91280823111092,22.014246842989238,0.9995995513855954,0.25450257927049624,True,False,"[0.7191374759754942, 0.8738578883762405, 113.98904199198942, -118.66398379205013, 297.589694886534, 0.7381467982361405, 0.239829315712877, 211.7277445163418, -9.668846280876792, 263.435315352123]"
162.09824418995535,22.05185374758711,0.9997680262194745,0.9280313136400732,True,False,"[0.7323135296013136, 0.8770725517555712, 113.97770040031531, -123.05794024469738, 300.8383654179683, 0.6687226320114869, 0.2799053032220914, 207.790909540814, -10.323413542552837, 260.9022693063392]"
161.28775296900557,21.997006729666026,1.0,0.08853773953955069,True,False,"[0.7083943700180978, 0.8364250538765965, 114.56357553916915, -125.39660215177804, 297.3851429459938, 0.7215059875075719, 0.2761294562399351, 208.4117350554349, -16.684760844113704, 258.14683479784424]"
160.48131420416053,22.020462990575236,0.9998538487368284,0.6537787829277526,True,False,"[0.752507540825947, 0.7931507268689476, 117.73650798405508, -123.1633401795411, 300.3488748833656, 0.6460135353650249, 0.3035209799077619, 206.41648296786246, -24.55984453580068, 254.43147065158692]"
159.67890763313972,22.097305097834568,0.9995188868583731,0.6603155566593638,True,False,"[0.7966192731949913, 0.845813249616746, 116.48091327183144, -121.33981797021042, 300.1738412681347, 0.7065706718919195, 0.3359699936462227, 210.15401765690268, -29.8313347997508, 253.54222631928553]"
158.88051309497402,22.111859929927462,0.9999083955284676,0.34623120187208,True,False,"[0.7604244317048399, 0.8883113441513089, 114.90614185718177, -122.59428186975333, 300.7637435163679, 0.7324815533309385, 0.4020068654250268, 206.7240170320912, -27.26146969307237, 250.8131281811334]"
158.08611052949914,21.99694372291493,1.0,0.22910811518199348,True,False,"[0.7266175936938554, 0.8164529828819457, 116.52760333976497, -123.69159876884922, 300.55071637309385, 0.791352438331808, 0.45122377267291564, 205.0296724031415, -31.288864328215176, 250.68120611663383]"
157.29567997685163,21.928014431110896,1.0,0.5628713959271667,True,False,"[0.6485060596525046, 0.7932288015653902, 119.93571718096102, -119.30577135520127, 302.4476412326932, 0.803745638100108, 0.5097677090827445, 204.5964340916729, -27.263966907053167, 248.2350108353407]"
156.50920157696737,21.864343937821975,1.0,0.2394833644538794,True,False,"[0.5966065749048018, 0.8623354351406798, 119.38081483927107, -123.58958875041252, 306.31319091737384, 0.8134986878975866, 0.4888891255422795, 202.7197629671665, -20.61156792070018, 247.56615458667332]"
155.72665556908254,21.878331505156176,0.999910182755089,0.9250673983832585,True,False,"[0.5555077024526166, 0.8311027579762237, 121.07182425722583, -128.18657625961185, 302.34571463915523, 0.7974411736210522, 0.47995623494287165, 199.83827307531715, -19.570233966971045, 249.27753166167213]"
154.94802229123712,21.846314128554113,1.0,0.9448384638991901,True,False,"[0.5972953042978002, 0.8808597890270886, 118.88040864206957, -127.6889138588741, 304.74374930282875, 0.8179814744247494, 0.43533446118520897, 201.77075443005924, -22.124810347414797, 246.83907002652882]"
154.17328217978093,21.888513486538923,0.9997263236363564,0.8164669640375474,True,False,"[0.5198068962955299, 0.8281249756602895, 118.85999890532713, -124.19722497316354, 308.4367139458648, 0.8485377761973657, 0.4556678397448422, 203.2724323273811, -26.630743557642038, 245.31923945172213]"
153.402415768882,21.83523550565703,1.0,0.43385494119037005,True,False,"[0.5442504115146745, 0.8740037075371165, 121.63185807386705, -130.73610082094092, 307.8322228926566, 0.8019646069507298, 0.4620416385796588, 200.49575728006144, -30.968084822743947, 248.33147936208437]"
152.6354036900376,21.87923014701567,0.9997118080043101,0.5228658481951999,True,False,"[0.6236119569094345, 0.8752238422743329, 117.71864987882621, -125.89570973477784, 307.13362686032195, 0.8237040972097305, 0.46189511954746026, 203.20753880813007, -35.14931284017443, 245.0332075866844]"
151.8722266715874,21.934752970531136,0.9996344777666032,0.545897401184389,True,False,"[0.6208971156309507, 0.8144568606418168, 117.58746456264143, -130.00500336827446, 304.8233019144667, 0.8528934265256589, 0.5212406219105357, 204.50636619985738, -28.676484732208664, 242.2708755914735]"
151.11286553822947,21.942349180032817,0.999949732813596,0.5544867613378698,True,False,"[0.6480699032052419, 0.765534060788921, 115.3412422371013, -122.07603108740827, 305.9078133277818, 0.7847963421954698, 0.4925273464536423, 203.92657179216238, -32.886442434599594, 242.45783755830743]"
150.3573012105383,21.99106127305542,0.9996760769000348,0.11849508579914347,True,False,"[0.6094390612014465, 0.6969191604556835, 113.44356614463479, -126.33000806564061, 302.5358392281137, 0.8535652305304874, 0.45335873335691146, 201.09882516070837, -27.999156922584127, 240.85633167737288]"
149.6055147044856,21.96292297961913,1.0,0.3136761196087843,True,False,"[0.5948790824027181, 0.6625799318511753, 115.36683558968676, -120.19749236608747, 300.24984725406017, 0.7937314915666418, 0.3883011440227969, 203.90163951323822, -30.565853596055078, 241.32037399218595]"
148.8574871309632,21.96343263604942,0.9999965762181827,0.48012382399294085,True,False,"[0.6067099785679795, 0.6687264856818436, 113.9508718466314, -123.1881331375219, 298.37404102115244, 0.7610133785886908, 0.3991785505665996, 205.403143071322, -29.894881215772394, 244.85417298231005]"
148.11319969530837,21.99334505727851,0.9997980639065915,0.4427764344775007,True,False,"[0.6783021649583248, 0.5998198455024479, 117.74707862858837, -125.14568278568383, 294.8071748374852, 0.8146238204274082, 0.44103715864106097, 206.4859918271655, -31.920124465661036, 248.76160388187915]"
147.37263369683183,21.999874828504257,0.9999556930862679,0.48115682295949347,True,False,"[0.7436901766814688, 0.5525842821813522, 119.54692403460598, -123.81208947115078, 298.7689296324326, 0.8664172000460303, 0.36282895130690557, 202.57007172262112, -34.17537503945801, 252.2420744421546]"
146.63577052834768,21.974128548513555,1.0,0.4540917854114631,True,False,"[0.6656492098165845, 0.584998620230199, 119.62421359655387, -122.93927376876428, 296.4013862388794, 0.7994449986500427, 0.36370868381540333, 200.09277993325784, -33.627927924765046, 251.32656022470374]"
145.90259167570593,21.94596455809866,1.0,0.8712316624685429,True,False,"[0.7195224404859999, 0.6009363173372863, 122.45531509966972, -127.06482792625816, 293.78842030608445, 0.7707731116042066, 0.4393926506513417, 200.9764371374108, -29.812069795920355, 248.04009435574068]"
145.1730787173274,21.94515709285845,1.0,0.6689544712598721,True,False,"[0.6957769278291009, 0.5810396251525719, 123.57518439273358, -132.23301742124318, 290.48898710741, 0.7409964425163452, 0.41449765033089536, 199.8343140773638, -30.36937604035724, 246.97944377300044]"
144.44721332374075,21.97487881720196,0.9997942593278814,0.6306561811945588,True,False,"[0.7165332515099399, 0.6219761164753375, 121.58478606559558, -128.05756627421653, 293.9332790047053, 0.7126678227556432, 0.34219669253419516, 198.30138316699453, -30.902341464316677, 248.92700889825664]"
143.72497725712205,22.01527473726091,0.9997189754735626,0.5401583097890266,True,False,"[0.791876443766211, 0.5985866424290613, 122.16582285048142, -120.59404888784162, 292.4327274458321, 0.6628799134420876, 0.3712891838643997, 199.0446979430485, -23.30967270219366, 246.03005308314502]"
143.00635237083642,22.139016241876373,0.9991350874834614,0.18345488960801004,True,False,"[0.8485651097122263, 0.6782923349152111, 120.68461374275594, -126.9774072051453, 296.05270149511387, 0.6580424082871172, 0.4200329055439146, 195.82741012956959, -29.7177340922915, 244.51935288138657]"
142.29132060898223,22.14238308977849,0.9999763386265906,0.07321619570466309,True,False,"[0.8180449028729635, 0.6457126224798693, 122.0534664804859, -130.14675444728428, 299.62962528949276, 0.6087683069285156, 0.48153902223885514, 199.30905210765513, -34.34896168046499, 244.97606138253212]"
141.5798640059373,22.118281582498508,1.0,0.8183911527346933,True,False,"[0.84837477287339, 0.5998998928771806, 123.89486234305807, -123.02786375464365, 303.1884767876401, 0.6032571840919148, 0.4183584805410747, 196.87189750531348, -33.28101165506241, 242.732163666532]"
140.8719646859076,22.103406124532327,1.0,0.24605891622643528,True,False,"[0.7936163085498615, 0.6148599908374992, 122.46183183299775, -119.99500711002662, 300.7820801658662, 0.58411983514863, 0.482281527136156, 192.94322396544464, -33.800134154954094, 242.93159702284436]"
140.16760486247807,22.20635300977932,0.999265814025699,0.23889107588322966,True,False,"[0.8446005223593657, 0.6523250420663611, 120.04409029572003, -115.88750395942989, 301.7715491697608, 0.6500657653394452, 0.53413883953251, 189.27696413758304, -40.44167191297005, 239.0532018889029]"
139.46676683816568,22.14685277110121,1.0,0.7891989665841237,True,False,"[0.8659691225737141, 0.710308306850122, 121.92527732513184, -116.5158376348682, 304.0093678497247, 0.7162137056314042, 0.5149638013557635, 187.35591243394575, -42.584309156860115, 235.47704358677083]"
138.76943300397485,22.085237860762142,1.0,0.8504557409131701,True,False,"[0.8544120972210901, 0.6747199170687173, 119.2440483388054, -110.334921036907, 306.7505104106867, 0.6866094317337514, 0.44268310307088027, 190.29467997420733, -47.963151226848495, 236.96284792754557]"
138.075585838955,22.055662466169295,1.0,0.13987657091900796,True,False,"[0.8102187118738385, 0.6914907565092934, 117.57955924136175, -113.1000448454116, 307.80283319867533, 0.6127174262022432, 0.4610726998109638, 191.1751649654843, -51.993300657276784, 240.0037376079936]"
137.38520790976023,21.98640538180998,1.0,0.890135242973037,True,False,"[0.7328946243234092, 0.754607617211395, 119.9068357086382, -119.46330178152438, 309.8216065896766, 0.5851326691610216, 0.4650633819721487, 189.27526392929352, -52.00515319245939, 238.90490274507786]"
136.69828187021142,21.93397663933171,1.0,0.3974267410492892,True,False,"[0.7157901378647797, 0.7289139024306139, 122.64462125169028, -115.37675281090876, 307.5948888895698, 0.6507521996163851, 0.5141974243271308, 190.92428037939484, -57.368941779660844, 236.2760416317145]"
136.01479046086035,21.970156547988555,0.9997340355630704,0.9080918954323498,True,False,"[0.7507712999107241, 0.7685280806012512, 125.44698803065121, -115.41630102902121, 305.99665444186724, 0.6902342002360712, 0.45249072618624164, 191.57386620963163, -54.331359504127406, 239.59500765950645]"
135.33471650855606,21.94133745727436,1.0,0.5625307024869505,True,False,"[0.6901772189966093, 0.7827129062642679, 121.85949733913603, -114.27363781373519, 306.60977338228855, 0.7692151804224543, 0.4252075445717884, 193.44187806036564, -61.856484148591214, 240.95915784413776]"
134.65804292601328,21.87751584586076,1.0,0.5051787621682721,True,False,"[0.6117329797981825, 0.8179484034914596, 124.4468813628162, -110.13624186541364, 303.36516138049325, 0.7409389227901231, 0.5006947873821866, 194.66819758030465, -68.92139666171275, 237.39009841634203]"
133.9847527113832,21.846009906241267,1.0,0.9898952084812067,True,False,"[0.5331599786788772, 0.8355120319010131, 124.49016276990868, -114.34167310568459, 306.86098498385616, 0.6663539495924102, 0.48569062652500705, 197.15855210632157, -61.07614543752094, 239.3771764899314]"
133.3148289478263,21.794531726022306,1.0,0.4666964844963376,True,True,"[0.48248072088795557, 0.9101801559680875, 120.66219488235458, -107.14819569169524, 310.71659055948777, 0.6389346484444336, 0.5515598360104048, 201.02894089270637, -68.77441040664868, 241.46541426698337]"
132.64825480308716,21.800190152883957,0.9999573435309425,0.6017667517741379,True,False,"[0.5217470046678537, 0.888754837222486, 118.89136608453346, -105.9101561437512, 309.8637991387048, 0.6410513990057137, 0.5236091981350408, 204.48759683065276, -63.130858385317694, 241.74153952604505]"
131.98501352907172,21.7761656638068,1.0,0.4318663296630266,True,True,"[0.5693155841699226, 0.9033176361128028, 118.8159045929348, -113.55037746151862, 307.08298324547127, 0.562146245260507, 0.5408166027369197, 205.52113876356808, -55.73548593211055, 244.03843150179506]"
131.32508846142636,21.846090831926183,0.9994676831661434,0.8159041988060645,True,False,"[0.5265660828271918, 0.8388434401482857, 119.59328472613997, -119.47807921088678, 310.68728165722825, 0.5708745295278602, 0.46981343361110317, 207.00314490974804, -54.920235008595526, 244.83749417250755]"
130.66846301911923,21.889299241146748,0.9996693826107462,0.1910164777594443,True,False,"[0.49574926952099274, 0.7832534714866626, 120.45051512713486, -115.14698383256005, 310.5907656188507, 0.6368762989070682, 0.4193831142115786, 204.14337656046044, -60.82453419623501, 244.38170523569053]"
130.01512070402364,21.916398281352862,0.9997915918077043,0.41902332121917707,True,False,"[0.4325193004295466, 0.7443743432561558, 121.72231187434276, -116.81074103619936, 313.94776438651445, 0.5877164622102018, 0.462939046499634, 203.07104066504976, -64.95424007636535, 241.61201543175846]"
129.36504510050352,21.95477312479535,0.999703404020621,0.6800878562718292,True,False,"[0.35388660070554756, 0.7483015047609516, 124.6700467300182, -124.37524808710225, 316.186876551844, 0.5176229369331102, 0.47543945041115543, 200.28071557073952, -59.98852388824564, 238.25875325338697]"
128.718219875001,21.990720468734906,0.9997207673870454,0.3698180113933024,True,False,"[0.30608440123987657, 0.755057405496752, 123.12470931102617, -121.49420666346387, 319.7625805918051, 0.48806644771221747, 0.4008201803360078, 197.09622388150513, -56.22306122081039, 240.05133359065823]"
128.074628775626,21.949953225585823,1.0,0.819294731019504,True,False,"[0.3463334375533975, 0.7867764317559407, 126.8766856662248, -119.70718685824431, 321.7549751828641, 0.4500914434380636, 0.4234155913618596, 199.60968779169383, -58.59877585720318, 242.7832939140496]"
127.43425563174786,21.872938303282346,1.0,0.9085380883124143,True,False,"[0.42617210903167474, 0.8648035288797465, 128.92918953880542, -116.41948755152582, 324.45893790671994, 0.45661227100080287, 0.3564414163993719, 200.75846398782028, -62.081173245891044, 238.96667186895996]"
126.79708435358911,21.85698574353229,1.0,0.1316014627626294,True,False,"[0.4990256280316257, 0.8257003643574881, 132.59934453406018, -111.0241404691566, 321.4893249268685, 0.4686130270665369, 0.4137475213917347, 202.8697732011692, -67.06692260907266, 239.0952430522828]"
126.16309893182117,21.88427046292062,0.999783757933493,0.8610958155051941,True,False,"[0.4386600227179966, 0.7970827903389952, 134.45626402890136, -117.68284233710969, 323.3605910916358, 0.40113839028098, 0.47628722098281984, 200.1456908653691, -65.17902827377468, 237.23363091146572]"
125.53228343716206,21.884785407404653,0.9999958979203296,0.9496419639708134,True,False,"[0.42975111628310436, 0.8190398186693811, 131.6531417390272, -111.68499730979534, 325.2306786583277, 0.4070157324683135, 0.41917019961430924, 199.76484537035336, -65.46710716808548, 238.1036313024279]"
124.90462201997626,21.87182270061897,1.0,0.6430102485144932,True,False,"[0.46064131947042813, 0.8157853342040544, 130.21171237133944, -108.47558325364848, 325.5385805164325, 0.4835851943534931, 0.38366708246402753, 202.48067962424304, -65.2174070608538, 234.48886638610517]"
124.28009890987637,21.887718128965375,0.9998721081491222,0.32670947354272395,True,False,"[0.4897183244106887, 0.7721832243650555, 132.2537184029215, -110.32428176439547, 325.8981285221981, 0.5044538841018754, 0.3043335572690732, 205.35553399295952, -70.62336576067514, 234.42109175319993]"
123.658698415327,21.85588368166957,1.0,0.11309379053276669,True,False,"[0.5491742877558522, 0.8373945995106489, 130.94507210135936, -115.76063209421035, 327.9051540274354, 0.5198813426841487, 0.31386138119056245, 204.63118204857375, -78.09095867299466, 237.88220110005344]"
123.04040492325036,21.886499569528816,0.9997512030365112,0.3039470896325215,True,False,"[0.6226951828694108, 0.8325500606972837, 127.96654816895852, -123.21545717341164, 326.5672835909932, 0.5729250546891255, 0.3882008158429205, 205.18556721734527, -81.67212484878321, 241.57421235061955]"
122.42520289863411,21.895957043963268,0.9999227519422466,0.16876871487642164,True,False,"[0.6582487553877148, 0.8749013941771425, 129.80366824945824, -124.0044280923697, 323.0347876638468, 0.6477066077347303, 0.34920253247539623, 202.26370011964383, -76.70574293168254, 240.23396746123163]"
121.81307688414094,21.980069756794336,0.9993097319148295,0.02343787367113226,True,False,"[0.7186319090009766, 0.8510695492595242, 129.64749765550476, -131.27722725913696, 319.3426158743048, 0.5686331369004223, 0.3198459462281144, 202.29496894654054, -71.6777177133527, 243.11175473197147]"
121.20401149972024,22.022180832521983,0.9996526207299102,0.6809342661009207,True,False,"[0.7616133685820614, 0.8328744958765587, 129.1524261245202, -130.64664732100903, 320.35078935551655, 0.6102631091268902, 0.36079250469519253, 203.94533262145774, -78.01093264648567, 244.77968703042578]"
120.59799144222164,21.941396087616443,1.0,0.9503775890648896,True,False,"[0.6842967512604927, 0.8257728193917144, 126.17876206907145, -126.1123138079003, 322.3355331643674, 0.6830692071133985, 0.31516652513602716, 207.4649049721967, -84.8591506804124, 241.50898543498377]"
119.99500148501053,21.944233135504042,0.9999763572289302,0.9987247759998845,True,False,"[0.6847452107236842, 0.7886923208876171, 126.5133155707124, -124.58864062421186, 323.6423136451433, 0.6735506252868962, 0.323881544615368, 207.8617699049274, -89.21598548306241, 237.99054369674496]"
119.39502647758547,21.961007304299052,0.9998595168407082,0.2411025873832855,True,False,"[0.7092496844914038, 0.8312313359755321, 124.01281752117691, -120.05124499777314, 323.6556010621019, 0.659897587543285, 0.2703870642810351, 204.29223884117096, -83.82323894062002, 236.90107562476658]"
118.79805134519755,21.878827892797762,1.0,0.9876957810946135,True,False,"[0.6382528898907928, 0.8788646343449681, 122.74519520385599, -122.17294217850298, 321.27422391674014, 0.6715518745428504, 0.30038503962481394, 202.40209027325284, -83.70039836491792, 237.36895235612727]"
118.20406108847156,21.90361082743491,0.9997903596833556,0.9713255038711558,True,False,"[0.6518331060390753, 0.8564764356764868, 125.87289914319534, -127.42298854461168, 318.4932985306089, 0.63782560083456, 0.24459227202840822, 204.4831725598593, -84.36399427204569, 236.0353502176536]"
117.6130407830292,21.879188546250166,1.0,0.7881086940946047,True,False,"[0.6301139183280008, 0.8624413383878006, 122.65972702705287, -124.76158847023089, 315.2630802084853, 0.6363925941990134, 0.3065767534296875, 206.12969490344756, -79.1623786713993, 236.3989756513139]"
117.02497557911406,21.94436667456591,0.9994431959452602,0.7279416191993479,True,False,"[0.697819098770374, 0.8474818993707176, 124.60534010689014, -118.21209966775166, 317.05626607018417, 0.6088093647264149, 0.23179813212171807, 209.02512851088264, -77.08622226295803, 234.60495527953228]"
116.43985070121849,21.993935420105224,0.9995743880126409,0.2493855717549358,True,False,"[0.7503468773570557, 0.8523737737209548, 124.80886354913986, -111.23672099812708, 318.8177334683381, 0.5391038250173992, 0.19482679667433922, 206.28866262827492, -82.47332124651297, 232.12134000913295]"
115.8576514477124,21.946015249489875,1.0,0.17060611012792526,True,False,"[0.7015728095432513, 0.7827821004985531, 122.22434833205979, -103.73609562400584, 321.82380668487895, 0.480057388836093, 0.21840664131936416, 202.9057711146853, -76.87433241425735, 228.15436377110285]"
115.27836319047384,21.914379621869045,1.0,0.04255046333998258,True,False,"[0.6618517692649983, 0.814576216320045, 118.33540218544013, -98.7127744301308, 322.2337784961985, 0.5377204053587704, 0.26289892751593164, 201.69980566010963, -77.12915303350171, 225.2315785033658]"
114.70197137452148,21.885804304979363,1.0,0.24872696899677094,True,False,"[0.6476776964255629, 0.8656480796874838, 115.34762351407616, -96.27621661816805, 319.4648784527589, 0.5943773638474997, 0.19535481161519352, 204.4909969717758, -77.02376040626793, 229.20494845895368]"
114.12846151764887,21.96231019241817,0.9993298757441188,0.8033550805875931,True,False,"[0.7125165006530368, 0.8657836683563552, 115.81634000414591, -100.47914726321488, 322.6402772896847, 0.6650762058424765, 0.2513532491453031, 203.25361670783434, -82.38203960375638, 230.3514907585936]"
113.55781921006063,21.922786299374387,1.0,0.15957308956477012,True,False,"[0.6627360237384602, 0.8013315780911944, 112.47521127745284, -96.58133216438262, 321.3067332316641, 0.6638971195854171, 0.2157115801523244, 206.74730414182622, -76.32553584912927, 230.34477508318125]"
112.99003011401032,21.918023754288463,1.0,0.9499684484523913,True,False,"[0.5972552861920435, 0.7223758494564922, 111.34117247375802, -91.06158072017693, 321.74850678266444, 0.6436672714424451, 0.1911694181085523, 210.71964531284593, -72.26513567057343, 233.33798462938728]"
112.42507996344027,21.93116720656767,0.9998830982906795,0.7170965399846034,True,False,"[0.6117060716885505, 0.646324169567688, 109.61941685523426, -84.81556094584754, 319.7637694095903, 0.5718590346685692, 0.26098861168051934, 208.19138600689115, -71.27533271473862, 230.06952747924302]"
111.86295456362306,21.943848198057587,0.9998866445750855,0.2710793477572506,True,False,"[0.6682354305072402, 0.5979467201627097, 113.4948977329936, -84.13958033544273, 317.28111913492296, 0.5464256311515535, 0.3140358085998123, 207.56269800215145, -71.10500036780775, 228.64818043429017]"
111.30363979080495,21.947290910875505,0.9999690696586205,0.04798062767364242,True,False,"[0.6869894350798633, 0.6503115119322923, 116.28695877113735, -86.67511498798902, 313.7645731822206, 0.5336007923050742, 0.3748794903650544, 211.2824725343145, -76.2364990770326, 228.30337976965555]"
110.74712159185093,21.976776452744193,0.9997337933785769,0.550572278938096,True,False,"[0.7034003454136082, 0.5716775078351775, 118.01690711295558, -79.78776715279939, 316.1286454807991, 0.4659504234411056, 0.36631124421927036, 208.0503346047832, -73.1494340661014, 231.08053313002958]"
110.19338598389167,21.988125472974247,0.9998970134575635,0.05403874665346964,True,False,"[0.747973353440617, 0.6357153978710615, 117.88524294598375, -84.81696590789916, 318.03665210445695, 0.4734908094914646, 0.42652958071755964, 204.1378174248458, -70.24844513399347, 227.76459166078476]"
109.64241905397222,21.95584880322701,1.0,0.8789133370571393,True,False,"[0.6755980753660543, 0.6961006975538309, 120.4918130829983, -79.56896470383518, 321.45242250032913, 0.4196638100431675, 0.5018650773545782, 201.22034663791013, -62.92414032027884, 225.66233329718128]"
109.09420695870236,21.952433462876282,1.0,0.6810138747041714,True,False,"[0.726190316056196, 0.7429455801171219, 120.56828412009783, -72.45362912898246, 318.2513570665282, 0.48448496476532216, 0.474922416843989, 199.22312679310562, -64.96928982588054, 225.86000973484275]"
108.54873592390885,21.93111099234042,1.0,0.1882541265048232,True,False,"[0.7012332599627852, 0.7883298406938647, 120.51854975989943, -66.38007571315072, 314.8166338856889, 0.4874880456661742, 0.548963600405584, 202.09348123868105, -63.36221433285794, 227.38020617072306]"
108.0059922442893,21.971535807353263,0.9996257869590872,0.23628284803799415,True,False,"[0.7615189900109003, 0.8343183849092557, 123.69364671742818, -62.778095857902784, 317.1516589065853, 0.43992771036411893, 0.5783970162408837, 200.48718584276816, -57.857405534911024, 224.4135317479897]"
107.46596228306785,21.906340386612857,1.0,0.8052462302800073,True,False,"[0.6900368455153255, 0.8947056150832703, 123.05890369621544, -60.44283664114957, 320.5003790042444, 0.4662596903730328, 0.654402115441867, 200.63812531320832, -61.899123497345144, 224.5417815758669]"
106.92863247165252,21.980699033749694,0.9993048372849854,0.22193593898686836,True,False,"[0.7673269170091191, 0.836138675601968, 122.38665065816492, -66.65781211520104, 317.73171732399794, 0.4615642526561121, 0.6732613554808078, 200.6346042480237, -57.28137475455716, 227.91632442442358]"
106.39398930929426,22.002883456864154,0.9997915097407285,0.14603081441985455,True,False,"[0.8083004250868977, 0.7995949895862076, 123.44354793318892, -65.40898611708495, 318.8158908035768, 0.5114153381530361, 0.6197481568323033, 198.34225242904162, -50.9779820249795, 228.92988102852513]"
105.86201936274779,22.036258794547997,0.9996847776258027,0.7839150818342896,True,False,"[0.8505350593594637, 0.7421248898817921, 121.00776476865825, -62.97886121852076, 320.23423676996737, 0.5466099544116702, 0.6448934051279347, 197.0277810532796, -44.8774425560815, 228.1597929512833]"
105.33270926593404,22.05537979462514,0.9998184869182417,0.3357303324126989,True,False,"[0.853539764269927, 0.7438089533973328, 118.30723446432602, -70.75841916808919, 322.09001615857113, 0.6256287125306674, 0.5795717058569524, 198.59331713944806, -40.774454726610344, 226.20186665944308]"
104.80604571960437,22.037194551285243,1.0,0.5267618621623626,True,False,"[0.8402390597903918, 0.7208684213669553, 119.39422446618228, -68.28012389088511, 319.43077530000136, 0.6675118711063671, 0.5661495618576381, 196.88423428960036, -42.76463407103178, 224.93085134477806]"
104.28201549100635,22.07632760606041,0.9996248086217031,0.5573287345088012,True,False,"[0.8297759204685251, 0.7223049737987753, 123.24087180616591, -73.05231698750445, 315.86846799774213, 0.6516847520391446, 0.6169275270594408, 193.6112689418501, -38.370301337732826, 224.81654944205735]"
103.76060541355132,22.044777413847257,1.0,0.27590742898307563,True,False,"[0.8443761379135835, 0.7727896532330011, 123.90098912315189, -72.63915595057505, 312.8962435193005, 0.6014627341982731, 0.6314157009995679, 191.44369304721985, -30.503184712967872, 223.47220437649167]"
103.24180238648356,21.997439079940023,1.0,0.13475069790171745,True,False,"[0.768178875373124, 0.8180620590403191, 120.99235949554652, -68.8227628684976, 308.92637819757033, 0.5649967526690944, 0.6999187500360312, 188.39595063436443, -22.80935660538392, 220.1322003382664]"
102.72559337455114,22.0099797209118,0.9998779284196242,0.5095690184028228,True,False,"[0.7189702862050649, 0.7446806073230814, 124.12261053414429, -65.48193282353888, 310.60545094466335, 0.5218605843964672, 0.7288770296151381, 191.80474684008644, -21.700004212215035, 216.387845347755]"
102.21196540767838,22.0008452882331,1.0,0.8073441756360452,True,False,"[0.7637631796443543, 0.7020354609591102, 123.16341204501109, -64.5822227702533, 311.59636118419536, 0.5315413493489133, 0.6961279478262852, 191.23827955096888, -23.653723443189435, 219.10644780122857]"
101.70090558063998,22.029425868226188,0.9997190136679148,0.854965710505368,True,False,"[0.7827847310727597, 0.7105211200615799, 125.96003114449414, -71.04331142914046, 311.1576890263225, 0.5770937104158002, 0.7260009579462501, 189.37677340634562, -29.704675778466616, 218.63858939274576]"
101.19240105273678,22.016110930789782,1.0,0.036046677383026915,True,False,"[0.7887028827173982, 0.7060135382469831, 125.98913419787317, -72.73405939693487, 313.135761006142, 0.6001888379543782, 0.7617906212022134, 188.55879978313604, -30.120034444264228, 222.26724297587415]"
100.6864390474731,21.975341700008286,1.0,0.8398696564658675,True,False,"[0.8442449869976925, 0.6628379683969983, 126.33701298393945, -77.06666070824059, 310.7385871904429, 0.5336948744454117, 0.7675378301971527, 186.21343246922189, -24.395615502669763, 219.6868328976159]"
100.18300685223574,22.010296001878956,0.9996511563605318,0.10142467460604232,True,False,"[0.8777143429884239, 0.7049198289589238, 126.73177145267448, -70.43908026157588, 307.7126379257425, 0.5445382936313867, 0.7876380972696527, 183.79754351203417, -25.516312729471494, 220.23003271528194]"
99.68209181797455,21.95237749992871,1.0,0.1277667142118294,True,False,"[0.797950499931398, 0.6719591150379883, 125.35126088267799, -62.61416954826926, 307.46655500505454, 0.5922040866045131, 0.7920676025194617, 183.7642527285289, -24.56324849577102, 217.08639384384972]"
99.18368135888468,21.99677950461917,0.9995524256939987,0.029889938873059796,True,False,"[0.8476827267736259, 0.7263860516662789, 124.95971512409083, -68.02969944284288, 304.51884726465994, 0.5563870709167311, 0.7836241635369795, 181.2663725588557, -30.601570530384528, 219.16115111176572]"
98.68776295209025,21.972390646143033,1.0,0.15671933515644287,True,False,"[0.8123800773532915, 0.6912452448850281, 122.60134024139445, -62.56401114892942, 301.1602792718355, 0.5283100925660633, 0.7528828246875124, 177.2881619261484, -28.63091496890231, 215.57105011502512]"
98.1943241373298,21.956342112422686,1.0,0.22625788274213543,True,False,"[0.7998510002882525, 0.6896209425275168, 125.61055168727006, -58.41845439015716, 297.9398847109121, 0.49214618860609666, 0.7453526587444514, 177.22315471389751, -32.10499342139454, 218.81132383401456]"
97.70335251664315,21.953756904370522,1.0,0.5116773059432755,True,False,"[0.8601789694800338, 0.6384831668231862, 123.77599565560784, -59.36685879648757, 295.61704096208854, 0.420488442591526, 0.7993103167602784, 180.11828348493094, -34.70772033654749, 217.7715396823741]"
97.21483575405993,21.978762217606338,0.9997428160278095,0.38690806562991076,True,False,"[0.8712623109234716, 0.7094251235259811, 122.27025460810269, -56.53943830831496, 295.81354254501656, 0.3762693017103194, 0.8415559160971111, 178.75623262666468, -28.23235251300427, 220.2253551575443]"
96.72876157528964,21.99836858716798,0.9997973262313417,0.07884157888546306,True,False,"[0.875571184715641, 0.6627947494822564, 125.05723315235589, -49.442994908002674, 297.3791096191224, 0.3174406029579086, 0.8034814659793876, 181.88948034207343, -28.832481006457574, 223.40775236535507]"
96.24511776741319,21.98529356720349,1.0,0.14516237752259842,True,False,"[0.8186995019298221, 0.6148746347306062, 122.3855868956791, -56.75231989111179, 294.4681547530515, 0.25506296335785206, 0.7442005126684366, 184.03360933840847, -24.54632648526035, 223.37258882920716]"
95.76389217857613,21.98178234821529,1.0,0.44172065684647255,True,False,"[0.8179350244599671, 0.6899596497783852, 124.86661505246623, -51.85634874382734, 292.44497466701563, 0.2979734712243916, 0.6820553768683051, 182.9552748655846, -30.060073310540044, 225.87553514217868]"
95.28507271768325,21.988963567881356,0.999924637208542,0.29466041757948236,True,False,"[0.8556915081577585, 0.6457421947348273, 124.45143088704435, -44.80269243101772, 293.192449538927, 0.3027919458622683, 0.7175737904447828, 185.5575150531185, -22.260596068061744, 227.19011413710186]"
94.80864735409483,21.954714145249213,1.0,0.35097441196070045,True,False,"[0.8328088130788902, 0.603936694986042, 128.428838669164, -37.04041742787899, 292.0225870753868, 0.3702681493928401, 0.7140638808405793, 184.92491167716827, -19.13267111937379, 230.07382602717192]"
94.33460411732436,21.945582347344047,1.0,0.937028498694649,True,False,"[0.8144457272180261, 0.6292703432570671, 128.6028790679638, -41.343970235965976, 292.06267602436657, 0.42582958973857693, 0.7212300163121138, 187.5089445381808, -15.396256441414584, 228.04522711953857]"
93.86293109673774,21.944285260272245,1.0,0.6011809212910472,True,False,"[0.829238810729984, 0.585435771330144, 132.59493234593563, -37.43395889271527, 294.93427013185436, 0.3843826776195056, 0.7131568371549233, 189.83108994744708, -13.85555332317791, 226.29122677917005]"
93.39361644125405,21.946943357240862,0.9999715391774737,0.9773595956595929,True,False,"[0.8216044687078584, 0.6294022277189295, 136.26255958165248, -36.564828022771465, 294.1319495974775, 0.3603348499430577, 0.7051467808460629, 191.7244923185843, -17.398801988345653, 224.2657209941513]"
92.92664835904779,21.930156736002722,1.0,0.8352577688804048,True,False,"[0.7645318763019529, 0.6731371000265497, 137.93719867626754, -33.844570188775485, 295.21868683208555, 0.3810471087624235, 0.7300700729702677, 192.46649052055412, -13.073903033300269, 226.17126198713862]"
92.46201511725255,21.93307902549945,0.9999683952019259,0.33702885588174536,True,False,"[0.7568568414457479, 0.6139034408711219, 140.49482701034017, -32.590841338666316, 297.8809344927802, 0.3765450891739358, 0.6784850210741404, 189.48424880665053, -6.4836841112899215, 222.83919195837709]"
91.99970504166629,21.93540215205189,0.9999747488622874,0.6727477897680143,True,False,"[0.7884178522466272, 0.576470217058963, 142.08832081042905, -40.1024889351014, 301.38984799495853, 0.40284933515428334, 0.6675080171149854, 186.98503477783674, -13.028280860434677, 220.95072298192966]"
91.53970651645795,21.92428127546264,1.0,0.8692684038160415,True,False,"[0.7796563138772428, 0.616491429385037, 138.31451368684898, -38.54521513039383, 302.7300566886632, 0.4442762314812045, 0.7270727580524896, 183.19468351265044, -9.946528011106398, 217.98671439634322]"
91.08200798387567,21.957200115152155,0.9996386455198487,0.34532372182347804,True,False,"[0.8217640436543421, 0.6059018479692562, 137.54767989394892, -31.738905502692823, 303.65323940671726, 0.5169963711084048, 0.6662194956822582, 184.3977673943368, -4.339360120367116, 220.89240701570432]"
90.62659794395628,21.960434201720155,0.9999643147934877,0.7432612004215063,True,False,"[0.8451062675726543, 0.6632657953963348, 135.49607506371015, -28.365590427721187, 303.8619885697619, 0.4920762753486288, 0.7056933314071151, 185.3037751219063, -11.325407825995697, 223.47968402380533]"
90.17346495423651,21.983272025921725,0.9997467666076573,0.35802424619813966,True,False,"[0.8835929186248905, 0.664036897614185, 138.88618290727297, -25.709766970701047, 302.4803261095339, 0.45014035065723823, 0.6744447210591313, 189.11831436908236, -4.691569061509455, 225.3361966732121]"
89.72259762946533,21.96670713241633,1.0,0.9184298814956744,True,False,"[0.8278904177433077, 0.7252052314339744, 136.6631623583324, -23.311833047244363, 303.22121781372994, 0.401704874615374, 0.6203488546178936, 191.38582036621, -1.9975331179734983, 225.32103410380472]"
89.273984641318,22.023712937113906,0.9993616549288917,0.19423826233027452,True,False,"[0.8843464041039504, 0.7921203000827235, 140.17092115746803, -22.919548192936585, 304.27340228454494, 0.33624958392430904, 0.6112854288477592, 194.83512236758045, -6.549009987262645, 225.8156867157667]"
88.8276147181114,21.967588262367286,1.0,0.5986381350336164,True,False,"[0.8115245489712182, 0.7618061704043754, 137.27048710631536, -24.269783375806643, 301.1616296856338, 0.3330609368174449, 0.5857624581817938, 193.9908936305122, -7.060719835860912, 225.39338610867523]"
88.38347664452085,21.96307137753059,1.0,0.911672981345704,True,False,"[0.8080524729660408, 0.6839745821821371, 133.79329636523994, -19.641070559634016, 303.62578739129583, 0.31601149126324385, 0.5818105199096751, 195.64319648072401, -14.777675714030075, 228.53800962424452]"
87.94155926129825,21.959111624234957,1.0,0.16042858203374677,True,False,"[0.7989101342960552, 0.6287241026262567, 130.14170753680042, -20.339520797713092, 299.6571691467261, 0.3028840367430209, 0.534871377652596, 198.5045612172646, -13.880035221180838, 225.3997541711458]"
87.50185146499176,21.958310593088147,1.0,0.7006495891878316,True,False,"[0.7891899439007158, 0.6183441447568854, 130.17747526526136, -27.414292588844845, 302.42239998418216, 0.2869081741350653, 0.5693929657862863, 197.48710272230142, -11.580719831911573, 223.5431582702639]"
87.0643422076668,21.98597991238867,0.9996822473774359,0.6085499929915358,True,False,"[0.8536609310526172, 0.6676006371084684, 126.58317349155676, -21.039108790631204, 301.076793870713, 0.3380592171554858, 0.49903969628784234, 194.75058528954887, -4.931685594447416, 226.6910191299498]"
86.62902049662846,21.96482787846977,1.0,0.7098737570975746,True,False,"[0.801173482554327, 0.6760311551852851, 128.0463832354571, -28.804005017460653, 300.80483971587824, 0.30455750136355936, 0.45767367299165185, 194.26102657298864, -12.509422126184448, 227.5166612761585]"
86.19587539414532,21.969696505901428,0.9999435182958127,0.3276724244973632,True,False,"[0.8269234337581849, 0.690166206935928, 130.96204231998445, -23.508569469769572, 299.0567040721103, 0.378987437944393, 0.4713198761824721, 196.1069296283423, -13.782832678173197, 228.7307927218741]"
85.76489601717459,21.959173484080605,1.0,0.16820038577899799,True,False,"[0.7899720377321919, 0.7620533671187968, 133.56951665561675, -28.372744774519894, 296.4109654783783, 0.3466498102595047, 0.43027332221940723, 196.02584952289217, -10.981535532284122, 229.5745727250332]"
85.33607153708871,21.97472289149679,0.9998178028286973,0.9371077545849251,True,False,"[0.831277777366646, 0.742813518456678, 132.57366683322417, -32.09785337027934, 295.0391768198423, 0.4143689972908374, 0.3671489719320802, 195.00948996161975, -16.147617271150704, 230.5142560150821]"
84.90939117940327,21.964520083784485,1.0,0.5540586693920815,True,False,"[0.8131802737433962, 0.7146015232644974, 129.16790556908327, -25.73220087829808, 291.3059522521298, 0.39753724553781844, 0.36381091411157407, 191.9585320985166, -13.983802786697385, 229.03075019446942]"
84.48484422350626,22.0033085334928,0.9995409881239173,0.9918363967896783,True,False,"[0.8422151068938871, 0.791298307580871, 125.3272011788455, -25.746744928902366, 294.8170926846491, 0.34166068096733004, 0.31349070496851567, 192.25548844976424, -20.868097126131417, 229.69064689758372]"
84.06242000238872,22.008790286383103,0.9999347916207968,0.5852644971865053,True,False,"[0.8209282433688905, 0.8288542742078542, 123.5115134506074, -33.322200498028295, 294.3499397501764, 0.30409444676858893, 0.38671999823550207, 192.50600017684957, -21.684598742130994, 231.1509472643926]"
83.64210790237678,22.07885591288235,0.9991626671059195,0.7199231041254958,True,False,"[0.8549681191818282, 0.8835673094058661, 126.38931912314618, -36.28752370505879, 297.2024414788985, 0.2842419447875598, 0.35109121654425807, 195.37807671891574, -19.56304726200779, 231.91535183571796]"
83.22389736286489,22.068153930088744,1.0,0.9005922087416329,True,False,"[0.8293054271521167, 0.8984668213103569, 127.9199140195115, -33.540500735796385, 296.1157288078376, 0.335076335724627, 0.33467090531569355, 197.20673735301835, -22.502413359158037, 235.86828373307816]"
82.80777787605057,22.01585085591692,1.0,0.9764140104509881,True,False,"[0.7729902433485975, 0.8980781759288904, 130.08491961668955, -39.28427134838991, 295.175158428059, 0.26072319114776416, 0.36301525133172696, 200.7838755770538, -23.74200193599712, 239.7420148194539]"
82.39373898667031,21.918224747309168,1.0,0.8082539466232809,True,False,"[0.6978332269543461, 0.8542806896080972, 130.74090070756205, -45.002841186560865, 298.5528618716625, 0.2684235957603483, 0.2858420620037039, 203.14508904066935, -28.29818542980244, 239.44768362023112]"
81.98177029173696,21.953017261545966,0.9995756967396251,0.6376350614418215,True,False,"[0.7516021857738137, 0.7935296420261648, 132.32193162249752, -43.88289598658357, 297.62032385853354, 0.203545371016953, 0.356632494426693, 206.01503914099453, -33.02174548876864, 236.71170120843018]"
81.57186144027828,21.980534856878478,0.9996627151329934,0.6196695353750535,True,False,"[0.7961055743157818, 0.782203650928422, 129.81236238779613, -42.37882789287683, 301.1630158323083, 0.19053807545741963, 0.3929218562854325, 202.61582781913967, -38.14055220637639, 235.27161740055328]"
81.16400213307689,21.971751571279057,1.0,0.42676589081909155,True,False,"[0.7628396591472097, 0.8247599585683413, 127.63640296919183, -36.88392669751225, 304.9824984589708, 0.18846723354729344, 0.38037483579304965, 200.87702903451, -38.71705495560275, 234.37405687659592]"
80.75818212241151,22.010461420989248,0.9995207844855859,0.8842928968158653,True,False,"[0.8211052416343478, 0.8246410810547846, 127.259124499807, -39.917985909142246, 306.9406315405335, 0.20765007106134997, 0.3907653504801891, 204.2014873550589, -41.23171743410457, 235.5492913767954]"
80.35439121179945,22.011777983364578,0.9999836156858392,0.9264789045631261,True,False,"[0.8489908164686795, 0.7844776551645445, 128.93249420146458, -43.21435851676651, 306.12178983083834, 0.2674726215069183, 0.35581206994154413, 207.68742233071916, -47.53635692807964, 238.52819174211302]"
79.95261925574046,22.076072458728248,0.9991961660361216,0.38580884291694184,True,False,"[0.8742831125054847, 0.8436280632824796, 130.060977788232, -49.70038555898939, 306.5010762183252, 0.19951983545980378, 0.39000832385050876, 205.7495535759644, -50.71039794064274, 242.03394556266696]"
79.55285615946175,22.120179312224035,0.999445719101717,0.807545317040342,True,False,"[0.8861980903584799, 0.8667244588633694, 128.40311023524683, -42.819198385900734, 309.3346410952349, 0.20843716699371329, 0.402667178061649, 204.35963246227888, -51.191761050948415, 238.1086658272448]"
79.15509187866445,22.10101083565643,1.0,0.16394183904304038,True,False,"[0.8423861197182287, 0.8991060615045239, 124.97457583353025, -39.64919811067024, 309.9296210254018, 0.19173840851319945, 0.40460131025704665, 202.3113342502958, -58.15529168044792, 237.70879446541534]"
78.75931641927113,21.994625632175214,1.0,0.6066765290643941,True,False,"[0.7645495781468993, 0.8314702260718061, 124.85844794787533, -43.110686768912906, 313.53920725464593, 0.1274507352575805, 0.4247791121373703, 200.67622221990928, -55.45823810774289, 236.55193138750914]"
78.36551983717477,22.049905281424632,0.9992948409376986,0.6282187750460289,True,False,"[0.7775625631420282, 0.898479724221085, 126.30082562534716, -50.42991867719814, 310.58191570898737, 0.1406260423427262, 0.503160161230076, 202.0488457089219, -55.490585875118875, 240.28169019059195]"
77.9736922379889,22.07265162210058,0.999708324402941,0.14919714985373644,True,False,"[0.7557615635081137, 0.9203315808709546, 122.97900382610969, -56.77740202808944, 313.9812559423743, 0.16281642434675703, 0.4669439346397357, 202.0343307125686, -55.84521178154444, 238.0703386716572]"
77.58382377679895,22.082603782600494,0.9998717319960535,0.5330942233693903,True,False,"[0.7749777639620348, 0.9108186579066746, 125.71591407952378, -49.1044837045928, 313.38611241334786, 0.10362629368981732, 0.46958896581194237, 201.48152887573042, -49.74112164354473, 241.8957173833816]"
77.19590465791495,22.03954053121503,1.0,0.8812990040161801,True,False,"[0.7935051840155727, 0.8328801442562767, 124.91662774117414, -42.67947759903817, 313.05209072260686, 0.09226274894267349, 0.5139451162807492, 201.64593221142832, -46.079346396517984, 238.50888564438412]"
76.80992513462537,22.04323044326837,0.9999519616323348,0.9108518727046995,True,False,"[0.7769930659039591, 0.8879446970505845, 127.60777850302347, -50.41032155017648, 315.4849647872369, 0.11330799611361275, 0.5045985903250414, 200.37342335106723, -44.533769388902755, 241.38236163169913]"
76.42587550895225,22.02987101834727,1.0,0.13226117185802277,True,False,"[0.7907784693934563, 0.882451637743626, 128.57591713156438, -44.88497153151306, 311.8221372937753, 0.17011678783086126, 0.43925154520476667, 200.53270415939335, -42.97949985454076, 241.99464446277042]"
76.04374613140749,21.980791361055616,1.0,0.09222619422617284,True,False,"[0.7496970973180536, 0.8480158402392121, 126.0464606646321, -42.22077222618726, 310.7669192291069, 0.16329007020473724, 0.4824097064208991, 201.25061080155803, -43.623495765280545, 241.52463051029048]"
75.66352740075045,21.962526390345005,1.0,0.2145898048579159,True,False,"[0.7100892059332968, 0.8168914593714522, 126.95221556731057, -42.533170596840925, 308.6488483295998, 0.10904889629188325, 0.4561038314795006, 202.7812238966434, -50.260190958394894, 238.43739102274427]"
75.2852097637467,21.943471382075117,1.0,0.26834278283697166,True,False,"[0.6646223818410706, 0.7824768396557076, 124.49053780559188, -35.28284112440708, 308.282212612191, 0.12046352460854787, 0.5078770364789529, 201.8781915678252, -48.93703762510832, 235.1393372579382]"
74.90878371492798,21.937071401588188,1.0,0.9541378235132436,True,False,"[0.6539638009094006, 0.8282700477165644, 126.93461212137076, -41.22093238601883, 306.02348505139145, 0.09784204861964338, 0.464637049948913, 198.9778685772972, -49.917156169206194, 239.06859526116406]"
74.53423979635333,21.957646995482506,0.9997239825051153,0.582581349566086,True,False,"[0.6885950689226101, 0.7808508872923743, 126.89458632453488, -48.62740028985166, 306.80530838928155, 0.10518981716889014, 0.4821768259220753, 202.63376325378772, -42.54764006061763, 238.5726843817167]"
74.16156859737157,21.970244269263034,0.9998301518673787,0.9978014593227038,True,False,"[0.7409534538766354, 0.818683749098372, 126.4012773946513, -55.85043919229765, 303.5206792784128, 0.1263794464647492, 0.40738141199602096, 206.60824780139578, -34.969840210984096, 238.82934735515147]"
73.7907607543847,22.0372167675932,0.9990928116919131,0.6058662022757125,True,False,"[0.7863814982667531, 0.8769023896546744, 125.67034929026254, -63.17560477438238, 303.3058549129098, 0.1058002178207683, 0.32955195586629993, 204.55858238412316, -33.6703271789282, 237.04493340546315]"
73.42180695061278,21.970394667575107,1.0,0.8630629443569452,True,False,"[0.7227671408703472, 0.8255756361524969, 126.31692802599024, -66.96954331137557, 302.46975532457395, 0.10035711057855283, 0.34169655791658504, 202.88106946726697, -38.05262180350427, 240.71325453005005]"
73.0546979158597,21.941305529539456,1.0,0.4787865366697984,True,False,"[0.6822759352369979, 0.8152493416349252, 129.63349963853912, -66.88783447832249, 302.0203421006149, 0.0997830915148337, 0.2671191962939294, 200.13660310478795, -45.8809451908251, 243.66067249084836]"
72.68942442628041,21.92004255768299,1.0,0.7173497443333167,True,False,"[0.6162567889074428, 0.7587631120249978, 128.6214300802008, -72.90265778953345, 299.0827301449452, 0.12470337410090274, 0.30019629723706504, 200.85944577693743, -49.68301524618821, 240.1889462804619]"
72.325977304149,21.896380812416623,1.0,0.16943936063910625,True,False,"[0.5522512871853558, 0.7698831893876135, 129.11276978384316, -79.54870771709409, 300.4277993348346, 0.15678492660822957, 0.2666006378770948, 202.2868530124783, -52.98632639892835, 240.3548817673471]"
71.96434741762826,21.92871049690135,0.9995508550449823,0.5493335382258785,True,False,"[0.6024018628707105, 0.7750671174103562, 128.2611243708186, -82.84604574910878, 300.60559725728666, 0.09585924184307129, 0.2609862098674456, 200.05730051359942, -59.20237238578015, 242.4995573936679]"
71.60452568054012,21.920927126383717,1.0,0.3453964214396612,True,False,"[0.5610019270002973, 0.731425699038581, 125.69837695679652, -76.90070223799324, 301.74005268193326, 0.12688949902504132, 0.25526676351500166, 203.9653525277535, -62.80221818450008, 242.18161510431466]"
71.24650305213741,21.910437150979238,1.0,0.7091904758417282,True,False,"[0.5432327545637688, 0.700007567379942, 128.98530207159828, -72.23943445402107, 303.93142688215954, 0.20418753136767576, 0.18232960566911074, 203.54075299140405, -63.85336915539856, 239.40991876923948]"
70.89027053687673,21.91538570262747,0.9999301966419935,0.3320327055914024,True,False,"[0.6007695758706488, 0.7202501551043065, 128.99648196324517, -73.79474141251114, 301.41079476553824, 0.2072576663382769, 0.24304067051055428, 205.60138090725164, -64.17266380195188, 241.71090161922567]"
70.53581918419235,21.937095468752357,0.999692263792155,0.04811121432901999,True,False,"[0.6302844494672627, 0.7091187456080638, 125.2576793802815, -79.02883381959012, 298.2656200386261, 0.14007604103000992, 0.2730352298188528, 203.93171903948175, -61.36308403580594, 239.51448299273076]"
70.18314008827139,21.910134125487176,1.0,0.9817559798142033,True,False,"[0.6050492176165602, 0.7656982038846766, 122.76102097764485, -77.48187906255808, 299.6403974645687, 0.16342020486416076, 0.26896727152079614, 203.01910516985728, -59.59577711665182, 237.50579293931293]"
69.83222438783002,21.914504586940257,0.9999374167910128,0.9622588518469042,True,False,"[0.5761977552436611, 0.7768170548772999, 123.66613208805958, -73.20236996721897, 298.4517055604898, 0.10618176340216604, 0.28381045164409213, 202.77127840165414, -62.157206402753644, 239.03730958830846]"
69.48306326589088,21.868312782968644,1.0,0.03520250386760815,True,False,"[0.5946289119709474, 0.8360483674726742, 126.54520285936302, -76.10704582330644, 294.79455501466174, 0.14989305664904348, 0.20617015363556052, 203.55147828785047, -55.260017650836396, 236.91076825956213]"
69.13564794956142,21.871665079788833,0.9999515124881782,0.11761641125060007,True,False,"[0.533445475270774, 0.802690933812814, 126.85182137698405, -73.48661573177628, 295.52077477504133, 0.13317592676345402, 0.14048452428976155, 206.89551734201905, -51.84529407018381, 239.8364209228148]"
68.7899697098136,21.872820049458618,0.9999832103433268,0.808965098075251,True,False,"[0.4945612819667327, 0.8051942570428818, 130.77530508163136, -78.6636623049936, 292.49358549582684, 0.09731324236168051, 0.0939768235344545, 204.5031143952387, -53.03338241849679, 240.46150579460198]"
68.44601986126453,21.84672702861703,1.0,0.09750832415808453,True,False,"[0.5275101256200938, 0.8398495897041751, 130.5609833463195, -73.1632669382405, 295.4252506782738, 0.143716922838163, 0.12269908861670539, 203.87527188482633, -53.58147623172685, 242.6529367477544]"
68.10378976195821,21.898952404959644,0.9992334441719988,0.2562991422977172,True,False,"[0.5542632665554414, 0.7739666458044238, 127.2951679130265, -76.87973629466231, 292.79021542023077, 0.10922685488408995, 0.16050537536905551, 200.59469101227893, -56.97977453081024, 243.4182653236151]"
67.76327081314842,21.861004220235806,1.0,0.7060113581415075,True,False,"[0.49547343123322174, 0.7983364393341654, 127.72797763856381, -79.09908867450784, 290.86756281235, 0.17651999107908456, 0.09839571733804638, 203.55660422679583, -63.493372012578696, 240.33438597540768]"
67.42445445908268,21.881426570753497,0.9996971535312072,0.21582523370171036,True,False,"[0.510602491747091, 0.7744234915289494, 125.51153565337064, -73.55916552133242, 287.8588475366507, 0.17988222895765843, 0.16397946234437907, 205.60215562853708, -67.98516621319581, 238.64241827334484]"
67.08733218678726,21.90873511416497,0.9995930232255026,0.16893202450052935,True,False,"[0.44047584171230825, 0.7076166096419539, 128.7688500441232, -72.14113533829928, 291.41376992161725, 0.23891651967859923, 0.23949843309666036, 203.44302264918352, -67.7359097665541, 238.5159900403499]"
66.75189552585333,21.922518771795584,0.9997935304380469,0.6162919456045026,True,False,"[0.3819643721140533, 0.7046260744979432, 128.52505132791507, -69.75329828661295, 289.5887074902598, 0.1851391920842303, 0.22643988750164412, 201.75023900329805, -65.24110561241966, 238.81491216112045]"
66.41813604822406,21.937966044947597,0.9997674509121043,0.8035720686379502,True,False,"[0.41829824985434194, 0.638319811447767, 127.3114303591785, -76.27623726911523, 291.9365188001885, 0.17160529921122186, 0.3019515154946152, 205.55983051077382, -58.411757843113435, 236.52217157462206]"
66.08604536798293,21.921979612778514,1.0,0.2735486921101403,True,False,"[0.38803041879983086, 0.6950897027836843, 127.34151900253055, -69.90851923096011, 289.68680663293554, 0.18461243400301144, 0.2605280376569889, 208.54523428018362, -60.15047274137265, 233.44924489431958]"
65.75561514114302,21.94217792821842,0.9996928746916771,0.08563448811086338,True,False,"[0.43635753065035493, 0.633680774334126, 124.68627686014074, -71.73126401789942, 292.9159914572421, 0.12867687692776303, 0.2757027773356163, 212.50884856631666, -53.786171850721665, 237.26253496307248]"
65.42683706543731,21.92747625557045,1.0,0.46552194106013245,True,False,"[0.3872500294844636, 0.6670758033571156, 127.02928510015623, -68.61516863802576, 296.06540918029725, 0.20097831854491388, 0.32547963907110966, 216.49478254011285, -53.30185670980737, 236.6888626137101]"
65.09970288011013,21.93204161429594,0.9999298737406488,0.6905949023251113,True,False,"[0.38249972240149765, 0.6162346574034028, 129.53775346577683, -62.58260343062863, 296.66518007028054, 0.21092022418313516, 0.3612643810652457, 216.77844226937773, -49.67815986891931, 233.6897220750196]"
64.77420436570958,21.923318268772658,1.0,0.5659687701024828,True,False,"[0.3058748063570301, 0.6485339177281042, 127.15938519314201, -57.19761457358571, 297.89355995110003, 0.24509132530237115, 0.35118030590863347, 217.89285876113246, -51.15454638095817, 231.52720179615216]"
64.45033334388103,21.93506898296386,0.9998176946116523,0.3689555033362293,True,False,"[0.24239531702853326, 0.6366989996044068, 126.53986605072953, -55.99962531559784, 299.34814587090136, 0.22643246021482835, 0.34156584916226423, 216.85626367147572, -48.75312863276787, 234.27681202669768]"
64.12808167716162,21.921535684818807,1.0,0.007475629694358665,True,False,"[0.31562861847412255, 0.6073524760587087, 122.97467562787078, -55.843788763330075, 296.47404303921985, 0.2787583582627686, 0.3023374396173461, 220.22398315382074, -53.410333261191866, 235.54289817599587]"
63.80744126877581,21.908507929634325,1.0,0.6013371235122973,True,False,"[0.36602885744810687, 0.6844339946793727, 124.93973600712309, -58.29306297596668, 298.14830299758137, 0.34711515272504756, 0.3375673921015845, 224.09931480006946, -53.569740661803095, 236.68541778910665]"
63.48840406243193,21.90536369781847,1.0,0.8279869777241073,True,False,"[0.4053253228920226, 0.7042535346275909, 126.16678406108926, -53.59991938989069, 299.78449405496406, 0.30309208416707195, 0.30233411049875236, 221.11091505632004, -60.04353977722573, 239.8776530092063]"
63.170962042119776,21.885529091500928,1.0,0.6970887615430555,True,False,"[0.4676379580329995, 0.7395117937854254, 129.38300153039478, -59.87986261331343, 297.57853671442297, 0.3371589017358503, 0.36425108294790015, 217.32803377373358, -53.26347707659623, 236.51976798452492]"
62.85510723190917,21.886167795768255,0.9999898385182946,0.5856218069689426,True,False,"[0.4928762425870313, 0.7331936590482019, 127.8527936622006, -55.11069542620393, 295.25333736644416, 0.3206674947515245, 0.3141375541977338, 218.16135137999046, -50.81560155480404, 233.8734873322727]"
62.540831695749624,21.915333789754776,0.9995337574916368,0.9178607741421028,True,False,"[0.5364798465900549, 0.6535446071620201, 124.73323144384466, -49.046392054151895, 297.43194670267764, 0.2648331351915736, 0.35075440296796906, 219.27161052033142, -46.15586831798145, 230.6456337916417]"
62.22812753727088,21.91846897089901,0.999949619210939,0.8431126029748113,True,False,"[0.5515341839992107, 0.6667091623519759, 124.20987271308972, -42.645290780027864, 298.11301257627935, 0.18717050966792467, 0.3343735928241248, 217.39055784381875, -43.13749402214995, 233.26064198307557]"
61.91698689958452,21.93062613314065,0.9998036731206988,0.1717810544979187,True,False,"[0.6077821353614135, 0.6359801267803956, 123.59717168423968, -41.046396285956014, 294.7616033139094, 0.1846948065351328, 0.3389172250797319, 216.76652160062716, -50.952213057886695, 230.44368417389728]"
61.6074019650866,21.9289091133216,1.0,0.9885124749942076,True,False,"[0.5755359999618137, 0.5859064030302117, 123.19758985822915, -41.94645985789491, 295.235704589196, 0.2271870499152504, 0.27699872457810376, 217.97783153914133, -55.13867408399271, 226.58757037729217]"
61.29936495526117,21.935649955797352,0.9998900401029813,0.06327834900947671,True,False,"[0.5899477904982644, 0.5586354641995577, 123.68859196571628, -42.34638796433865, 295.79761921660753, 0.1806920137400984, 0.24305183297353805, 218.53024073044537, -50.65416387222518, 230.2641784660094]"
60.992868130484865,21.936492716474177,0.9999861827311894,0.577430472766448,True,False,"[0.5629910143487408, 0.5462404207172129, 122.43861482700127, -36.744206821983234, 292.24549953515054, 0.2307963788707738, 0.3056048412799787, 218.63231511397973, -47.548973907128904, 231.69686785663524]"
60.68790378983244,21.92910117078966,1.0,0.7088536058030929,True,False,"[0.5526378801591572, 0.6083705978204959, 123.5278580651877, -36.46417233452592, 289.1153782360861, 0.1593032039303551, 0.3122016481068414, 215.5087055280785, -42.719579106208656, 228.76239441412304]"
60.38446427088328,21.935839346002325,0.9998884183314597,0.4868307675732223,True,False,"[0.592163203501219, 0.5799197894895184, 124.20151825620512, -39.37812717782611, 291.34768771732377, 0.19471060350327607, 0.3237109545748753, 213.1154193233768, -42.342326589194805, 231.9252475543331]"
60.08254194952886,21.942229181303972,0.999893654706944,0.9105044530446178,True,False,"[0.6549824194200272, 0.5533606367495852, 124.72729389919436, -31.706260516456766, 292.9358873196864, 0.23251308216582928, 0.32846560273631964, 209.1631305093396, -34.699812744118894, 234.90766710039998]"
59.78212923978121,21.9448125831253,0.9999567873202925,0.2837797980036957,True,False,"[0.6808057837231831, 0.5680220145265614, 125.85744960840742, -25.92148658125644, 295.9018365747057, 0.194239475777592, 0.3385909028911961, 208.92214324887462, -37.79849304907813, 233.3260350268841]"
59.48321859358231,21.95064817890406,0.9999018999025979,0.9110401148112672,True,False,"[0.6865671847955244, 0.6248047579296696, 122.12566205624437, -21.513956925358293, 297.1326671476599, 0.12213355917474614, 0.30793193741581487, 211.71401483962774, -38.554676218609174, 230.2473227383718]"
59.18580250061439,21.952073798099065,0.9999759131081216,0.19376043621879868,True,False,"[0.7413094960773301, 0.6639168600602263, 121.84031129782488, -23.669254996718756, 294.0698967523269, 0.1868457251888973, 0.3294525728901375, 212.69798292833843, -42.55385856899868, 233.78924960343105]"
58.88987348811132,21.96082080845249,0.9998514793755944,0.7171642411118065,True,False,"[0.801867025084164, 0.6215496567521974, 125.26128205419644, -15.92830939238163, 295.38125248515206, 0.2343535377457846, 0.33434949286439664, 212.25798097114438, -36.57943478303279, 230.2366486673388]"
58.595424120670764,21.973975483752437,0.9997755251541356,0.8537834500734253,True,False,"[0.8371629936853228, 0.6883651722632483, 128.03395956870344, -18.808074965940932, 294.18685091217156, 0.25371885918782605, 0.31418367434649935, 215.07500050323048, -39.45837095828425, 227.38309407237585]"
58.30244700006741,21.95812724622039,1.0,0.29787219010287935,True,False,"[0.7911227130096341, 0.7201970540169442, 125.28790339697865, -11.191566717252822, 296.62875985319977, 0.28977884438182955, 0.306264635115943, 218.63811198427624, -45.86180831251892, 223.6229585161337]"
58.01093476506707,21.959697562268424,0.9999729310551382,0.38213247135287576,True,False,"[0.8019004166147604, 0.6744738765677957, 125.53523588279444, -19.144166514410234, 292.8149554653035, 0.2370785628540305, 0.2936488332657071, 217.32067002428988, -46.15328608085732, 224.4858156358279]"
57.72088009124173,21.960068112753646,0.9999935803249148,0.30486540162890197,True,False,"[0.8087366882696503, 0.6656476400275047, 128.55588629310347, -19.117426426036744, 295.32216066939736, 0.23088363631190922, 0.34119799947818247, 218.7005764319527, -46.42561573472371, 221.5842238525674]"
57.432275690785524,21.96591113119608,0.9998982676351393,0.021570154496634575,True,False,"[0.7896961560990124, 0.724004807190457, 127.68913822440479, -12.999864910635411, 292.7470823455046, 0.15195843606692283, 0.3431856623049038, 219.20558031693824, -52.66871799861483, 225.47190840327735]"
57.14511431233159,21.93574628236496,1.0,0.2494048513488849,True,False,"[0.7259406008838216, 0.7706701377647195, 130.730940992365, -6.169214670235791, 294.8494190233855, 0.22558689415250444, 0.4160668810878667, 217.40010410391233, -45.38965498218157, 222.9595926254779]"
56.85938874076994,21.93260614406495,1.0,0.046407444709716805,True,False,"[0.7188590417940088, 0.8188586650258581, 127.07014419284036, -2.015425295358826, 298.2817614740715, 0.294260894811572, 0.43335466893380403, 216.20484498618814, -44.50345182052454, 222.37549688221358]"
56.57509179706609,21.953725997723254,0.9996267630968335,0.10707266355946476,True,False,"[0.7741195582568896, 0.7701942420489397, 127.00410836559533, -8.860707130028956, 296.2564956290501, 0.36977803363817485, 0.4288243252132277, 214.02996849049586, -44.76027213046815, 220.3650442003182]"
56.292216338080756,21.91525256083456,1.0,0.20547065379482043,True,False,"[0.7063857906190775, 0.8390512249588068, 129.3684177044491, -16.39792849296095, 295.5789745041437, 0.4180517653876885, 0.37476552000429586, 210.63664504830246, -46.834522598273296, 219.29787053924284]"
56.010755256390354,21.94233310343688,0.9995166286015764,0.6196722603306,True,False,"[0.7615357412761115, 0.7734675621687577, 129.97755969415104, -19.731552723068873, 298.45868937200504, 0.40791007007597246, 0.3186450237340892, 213.82298275024112, -39.58373861966372, 220.35841960562524]"
55.7307014801084,21.97273339362883,0.9994546632388739,0.6188403159905576,True,False,"[0.8326565371118859, 0.7241135298864766, 126.13221297995322, -18.015664813094503, 295.23192222066774, 0.4341693919421179, 0.34199071855954166, 210.1550170885294, -42.37731127557266, 218.84118482321745]"
55.45204797270786,21.97078310636679,1.0,0.6101664386767834,True,False,"[0.8316383758432224, 0.6676281314307577, 124.03365992862312, -23.631688139530446, 292.30587026674806, 0.42984367845955623, 0.41791264258630556, 208.04080244345474, -36.55799425572347, 219.43685546583941]"
55.17478773284432,21.97353605475763,0.9999501062020199,0.06173221747680524,True,False,"[0.8430805777542626, 0.6962566899695048, 125.54456568287034, -18.49434266501845, 290.6502809935524, 0.47488036372723114, 0.35081599294753985, 211.4950738916041, -37.4338019883426, 221.78692024022985]"
54.8989137941801,21.99461770891522,0.9996160651377074,0.6549510484988252,True,False,"[0.85356169049641, 0.756446096371405, 122.609940628453, -15.40314644629168, 290.6946261246795, 0.5341480107936387, 0.30137243515298934, 212.22207741829482, -37.063042834792775, 224.99294144722532]"
54.6244192252092,21.94691745664822,1.0,0.5296112710501808,True,False,"[0.7883610645036113, 0.6908990857085192, 126.52390237180798, -20.347545539213645, 291.15251419578885, 0.48754368331946274, 0.3191858845046993, 210.92081870487732, -30.983556302162164, 225.7696029531028]"
54.35129712908316,21.925818764596418,1.0,0.9599917658814466,True,False,"[0.7199538502051196, 0.7489011591552963, 122.9651322359414, -19.911322410578506, 289.4507554367934, 0.4517749113055243, 0.36882410362040213, 209.27409415530133, -37.38960345732052, 225.7005219589554]"
54.07954064343774,21.9539198247027,0.9994805103735113,0.784176836463358,True,False,"[0.7936254038609479, 0.6857526842514955, 124.61116404719611, -20.266677302537136, 290.8006889970166, 0.3924124058188233, 0.2914804907552643, 208.76035195366697, -39.853331437098, 227.5508478425699]"
53.809142940220546,21.959725204882467,0.9998921174598339,0.8137737507483447,True,False,"[0.816755362010953, 0.6295370489625165, 123.85096421202887, -14.100351902197705, 293.64858369243666, 0.36141208445797773, 0.2206033225521989, 206.3449420040058, -47.1165984751947, 229.67385594422637]"
53.540097225519446,21.965377232056316,0.9998944393240661,0.6300706011574096,True,False,"[0.8178901934094138, 0.6088195955808948, 122.74357762520171, -20.63092411752568, 296.8885469852373, 0.31407156048886736, 0.24091157344731873, 205.97473619209194, -55.05274242145731, 231.35308108359004]"
53.27239673939185,21.961947043821752,1.0,0.028257002320314917,True,False,"[0.8093080543972003, 0.6690321367125082, 125.99190790026742, -19.91404883576185, 298.77141294712777, 0.2769666508453414, 0.20682458546757815, 206.8770358522852, -60.040486985524886, 228.92885042740212]"
53.00603475569489,22.005348668403194,0.9991815297845044,0.04813164931305425,True,False,"[0.879371588712362, 0.6783058169302149, 126.75999995686423, -22.114578126081987, 296.77032433815117, 0.26120250832203223, 0.25131834182354684, 207.77085013463224, -59.96937021904411, 226.02434500611244]"
52.741004581916414,22.01264747510616,0.9998616199720761,0.06057162885555112,True,False,"[0.8739949838455305, 0.7559199758969521, 129.87735034919837, -21.701719329712837, 295.3898138445946, 0.26281362420334464, 0.22173031578328783, 203.83576378164003, -57.272325393548435, 227.1570531518094]"
52.47729955900683,22.029097457981273,0.9996865805785247,0.9421436310909197,True,False,"[0.8629459314150132, 0.8323741580624575, 133.612261709557, -22.127654980095627, 292.37996574389604, 0.25969890947839064, 0.2637052486720558, 205.8135499173127, -58.06704173542619, 226.84164984307145]"
52.214913061211796,21.981270681354395,1.0,0.027978067501159276,True,False,"[0.8518154570657086, 0.7545550199655391, 137.3022434337825, -16.372202317507295, 293.21297663285645, 0.32549125117922595, 0.23242725426690275, 208.88630749682494, -63.705841647752, 223.90980626008985]"
51.953838495905735,22.017848241309807,0.9992962081722977,0.3109812664400434,True,False,"[0.8935541807008676, 0.7470906417035792, 139.6744999708685, -11.337724148408348, 291.74294419311326, 0.32381113429158104, 0.2534194040668518, 212.29401885044692, -71.3781820375613, 220.23961307267757]"
51.694069303426204,21.99876931625021,1.0,0.8810922963930778,True,False,"[0.8829805159398425, 0.7557803914420477, 143.06855240914538, -12.281395916689375, 290.5661059717939, 0.2911222117912105, 0.20655257852413517, 209.59341791878305, -67.36194165392232, 219.33728867975958]"
51.435598956909075,21.996476898025115,1.0,0.1206480455491934,True,False,"[0.8802119254074219, 0.7185065925493818, 140.34769618057084, -10.685382048952407, 294.1953924471427, 0.22694805628046238, 0.28115454903480364, 207.2257564917204, -67.91064487928963, 221.36456258375233]"
51.17842096212453,21.96517054465881,1.0,0.05159592871116492,True,False,"[0.8377367254659995, 0.6625015315845422, 142.803792967248, -3.98628822915237, 290.6637247928502, 0.1951957483037035, 0.3335625761663906, 207.72720390877737, -74.57401295124923, 222.92843086199701]"
50.92252885731391,21.955095274649512,1.0,0.46558944511571343,True,False,"[0.8372435831884149, 0.6325980447361452, 145.90805726311822, -6.89477433301615, 288.92773117223373, 0.23370176441490312, 0.27962270102397213, 210.48296321744726, -70.38838387310041, 225.06270106388357]"
50.66791621302734,21.939069553719936,1.0,0.02638653322718032,True,False,"[0.7622789120410914, 0.615939605233924, 147.03077401766882, -4.844201421712439, 286.53272655634703, 0.2213536029984633, 0.34146913027622045, 206.92327254364736, -65.33835660142864, 225.85851348112323]"
50.414576631962206,21.945994711476832,0.999862645238601,0.5013879538403048,True,False,"[0.7699327781712231, 0.6361633846116348, 143.4916593813979, 0.07430007233382518, 288.46710195027725, 0.23000543464383022, 0.38959365672054636, 204.9364856594723, -72.03329731583815, 227.48274462251374]"
50.16250374880239,21.926464408764232,1.0,0.13217227797443654,True,False,"[0.7038628428069816, 0.6545390613539874, 147.32023061146234, 5.519946130888371, 289.2543726143523, 0.2559959756516501, 0.3348853939006679, 206.80665866230117, -72.02316645443251, 225.21469528725976]"
49.91169123005838,21.929871377419907,0.9999317423975298,0.2844029638560712,True,False,"[0.7191027165541307, 0.6171928835775323, 148.83734534708356, -0.34230364450782247, 291.01916081865556, 0.2082175292370536, 0.2593686260374425, 210.51713152581132, -70.98778839196595, 227.213099221]"
49.66213277390809,21.926426706191307,1.0,0.6177643951273475,True,False,"[0.6452048864245181, 0.6408316487621377, 151.30585623040244, -4.957210902166166, 288.1592759078945, 0.1313565176946757, 0.26799659082794736, 212.81058382903922, -78.13064196488267, 228.73382749919332]"
49.41382211003855,21.926276666286473,1.0,0.29375142668855025,True,False,"[0.7084378342352456, 0.6870686911319657, 153.6515903391946, -0.016594133385709142, 287.5011740901636, 0.18205950574383473, 0.25540648793688303, 210.110795439708, -83.87610244632107, 228.27323055188631]"
49.16675299948836,21.933898075380846,0.9998450005754461,0.9674490723335778,True,False,"[0.6426741850050901, 0.623190309742962, 151.3854200513977, 2.87301020465417, 287.61041370845845, 0.11677394834920574, 0.2554357813601194, 210.26179138056472, -81.76987871377021, 229.00952936535555]"
48.92091923449092,21.934363403034837,0.9999904882114191,0.004240699689303629,True,False,"[0.5662307076384588, 0.5619493211645696, 148.30311036588077, 2.2627025294056544, 290.4674913544978, 0.11972039041335052, 0.2907840339284763, 213.84813202692823, -74.2382067466753, 225.8885042162276]"
48.67631463831846,21.922908975789007,1.0,0.8049286828825504,True,False,"[0.5800030170992316, 0.5403117598390215, 150.36874205356116, 2.9623188099220954, 288.3183346211016, 0.17865569256399277, 0.2516100598414616, 216.01231129998348, -79.36410954409892, 226.10952539777313]"
48.43293306512687,21.911462760703657,1.0,0.12900624444248743,True,False,"[0.5173917677336785, 0.599731059139981, 149.59698480176482, 0.02514315969165004, 287.09141937250456, 0.2178535777280891, 0.29288552754549046, 212.35585103685432, -74.06138661429809, 229.5011552145134]"
48.190768399801236,21.913261078368865,0.9999626840539848,0.646115564943828,True,False,"[0.5173977117965689, 0.5569522789977982, 152.17452588799895, -5.17908442881822, 284.41102442483964, 0.18905738790042315, 0.21498272703922308, 208.68139437627713, -71.00645180591144, 227.92749734215462]"
47.94981455780223,21.922273700164805,0.999812058191918,0.984611000300651,True,False,"[0.5630328477481046, 0.5763824992555967, 153.63279973345047, 2.141404656790243, 287.23975734294993, 0.12117070329949059, 0.19105152258669542, 207.89171598155605, -73.24054876515879, 224.8775417786969]"
47.71006548501322,21.912705584497463,1.0,0.717439391345132,True,False,"[0.5144620360383345, 0.5666538365530857, 154.21106699437595, 9.743997708079046, 288.96086462317976, 0.19305186157928872, 0.25647277624288384, 210.87321956864486, -65.58546242032968, 225.12994331085363]"
47.47151515758815,21.9084042939252,1.0,0.14129008628065787,True,False,"[0.5529231082782494, 0.6194926394272621, 150.4984270778323, 7.262934158486761, 288.30581196027964, 0.22727331087159763, 0.3229724962935083, 213.29334311506184, -69.5737796858489, 222.04368109991307]"
47.23415758180021,21.92473768700085,0.9996542635621252,0.2886167193718425,True,False,"[0.5827915818610384, 0.5479498359798144, 152.83494326561453, 9.37607034354155, 286.6167920492153, 0.21230803775145496, 0.37425117808767405, 215.9725921080315, -62.49542537175879, 225.8305618769597]"
46.99798679389121,21.93184278497158,0.9998488326540677,0.32361700680946126,True,False,"[0.5977043158639844, 0.4757534613518717, 150.9191431774508, 14.907350314785162, 290.16525322105974, 0.22387872200422365, 0.3279920333625091, 218.4206818750147, -70.43962173491892, 225.2597363651327]"
46.76299685992175,21.931968334258528,0.9999973152037542,0.1390568813087959,True,False,"[0.6041629146734142, 0.5160994421408165, 150.47316279915887, 9.764281558748646, 286.83758586579785, 0.2455589091936615, 0.4035017792147753, 220.8367841918261, -68.01417921724727, 228.0251000728368]"
46.52918187562214,21.927305543493805,1.0,0.549709009493641,True,False,"[0.5409866368497935, 0.539280993874256, 147.90306106527535, 6.467262518683027, 287.6339650235976, 0.29026465340776375, 0.3847612797693628, 221.2647186363239, -64.64289003926645, 227.46166926449214]"
46.29653596624403,21.93547107507957,0.9998236409838958,0.34716269437779845,True,False,"[0.515656385001917, 0.5790945534278652, 148.8464014471323, 0.5913077188100555, 288.76818385473683, 0.3395227698372734, 0.46086042617309, 217.33312477039792, -57.801296725090026, 224.5485298570706]"
46.06505328641281,21.934097026382158,1.0,0.38346481642928043,True,False,"[0.585280770617991, 0.5359399168335899, 151.3374809420834, 1.8401536066713469, 291.26554658788507, 0.2623720786840572, 0.4367242655639515, 216.35857992357714, -64.47798376169503, 228.31707819926748]"
45.83472801998075,21.918449106693444,1.0,0.8767589016376863,True,False,"[0.5869244153095057, 0.6081362950438993, 148.5392578945574, 0.7509926966946114, 293.77747898507374, 0.2186171744043811, 0.36271108625323134, 217.83261186026726, -67.2018085221906, 226.65333147358047]"
45.60555437988085,21.904548775710182,1.0,0.10275842960851389,True,False,"[0.6173378449800697, 0.6861883306348555, 146.09328632346563, -2.3570884883767356, 294.06928519519977, 0.22985119451058, 0.2883519704672617, 214.8150845800178, -65.37192314183994, 223.8275645859764]"
45.377526607981444,21.90000375215306,1.0,0.5479022766390219,True,False,"[0.5604658524463197, 0.6270791406784242, 149.99193449483113, -1.0285155855060832, 291.8105819087421, 0.30621328432487893, 0.27087149509348146, 211.78337892110153, -67.13173551474873, 222.331656479544]"
45.150638974941536,21.89675149423392,1.0,0.24990685093931753,True,False,"[0.5342270919816771, 0.6036322464549245, 151.0837514692961, 4.4646362271370315, 293.5376356981066, 0.35610544919555204, 0.2635575666967643, 209.87314034838732, -66.24581342324649, 223.65599549137875]"
44.92488578006683,21.90997247763671,0.9997057524363886,0.6700489968255124,True,False,"[0.5099061299232821, 0.5307979148388711, 147.80824886578907, -0.15168062885491906, 291.8743187207505, 0.30992533990945736, 0.274193464063385, 209.20976705838893, -71.99549178069691, 220.40013434669513]"
44.700261351166496,21.92227019620899,0.9997249227026541,0.5758322306444024,True,False,"[0.5361235889171052, 0.5039732293361242, 149.7580180536291, 0.9671992408829979, 288.83539472696907, 0.3047812844597936, 0.31497514355343553, 211.21503160604502, -67.28638529161344, 221.21631281637315]"
44.47676004441066,21.912300616894235,1.0,0.22763156814363528,True,False,"[0.5642173248451465, 0.5631408221684672, 149.92732814156815, -3.992459358205352, 289.3934590980341, 0.3320713712925627, 0.3384864093520394, 215.06575249176706, -60.19430672178339, 224.9111918402221]"
44.254376244188606,21.924126688653825,0.9997328062721328,0.9268955173024308,True,False,"[0.5246543630324104, 0.5029746710940155, 148.04784321423222, -5.482582320702585, 288.1375489987969, 0.33264638870736035, 0.336071254677319, 216.27625903631704, -64.14443735463482, 224.4523932326615]"
44.03310436296766,21.909435665715243,1.0,0.6082673384310802,True,False,"[0.5235182920230649, 0.507870018339907, 150.6223948967211, -12.074358885176464, 285.1787531670313, 0.3677790800201516, 0.3155662534857584, 216.26323166973907, -59.033783021588334, 227.888395993923]"
43.81293884115282,21.908320919367938,1.0,0.5890885682816553,True,False,"[0.4777930518317304, 0.522536745330778, 149.58532769901427, -5.064514063810343, 286.3433384158084, 0.2879946599296572, 0.2843623942910587, 216.97015608978927, -52.73877017570088, 224.47127786305487]"
43.59387414694706,21.900954329836008,1.0,0.5279234832427123,True,False,"[0.46726135792613843, 0.5647673231303794, 153.29919311565087, -3.6511059476664016, 283.711280077291, 0.26166657716760156, 0.2766443847152936, 218.0231298073404, -49.93794654440122, 220.9616096436286]"
43.37590477621232,21.915542479305486,0.9996637373518233,0.649454796527694,True,False,"[0.5177732070620553, 0.5083936350913224, 152.44400563920422, -10.297274002441643, 287.01212277651996, 0.288266202780933, 0.2973491787744761, 214.57189953437137, -56.03863040238787, 220.85209477811696]"
43.15902525233126,21.91156088845443,1.0,0.6115444274580734,True,False,"[0.49187975574080134, 0.5025157930768526, 148.50673496314175, -10.947595040450357, 283.81091113890415, 0.3452653223306505, 0.33448209563636966, 216.08354463690094, -49.870304941490375, 221.00537032831258]"
42.94323012606961,21.97106991406191,0.9986151993725576,0.2494719298298761,True,False,"[0.474150285247422, 0.4455750612766893, 152.32829505498137, -10.63293745357191, 284.76068188707234, 0.27546860631800896, 0.38361864765173953, 219.57095291583326, -55.32803429893395, 221.0378498381543]"
42.72851397543926,21.931702510899417,1.0,0.6209941643057916,True,False,"[0.47670763358521906, 0.4962716827107899, 150.48391444653043, -7.035569093737836, 283.0797297865462, 0.22207177068131825, 0.34727482691932116, 217.86610413809439, -54.33225045418743, 224.71009639664913]"
42.51487140556207,21.93189836940244,0.9999953931872447,0.9898206849618044,True,False,"[0.4550526561826864, 0.4895873315986473, 148.3023728094296, -6.600247928332315, 284.4156605080204, 0.207638597601939, 0.3269665300270401, 218.319649997467, -58.334810565826366, 222.4363860958256]"
42.30229704853426,21.930039333815245,1.0,0.5595565133874048,True,False,"[0.39897552884223164, 0.47375488799077486, 151.74261055657365, -9.241241068625763, 285.1710631124501, 0.20325637387988243, 0.2990045775862615, 217.40055618843746, -65.47159389574982, 220.32122164293003]"
42.09078556329158,21.923603423884508,1.0,0.6630198527319214,True,False,"[0.42602286199116984, 0.46687855671798517, 155.73638209465906, -4.801334432745795, 281.92160459736067, 0.16565247919303272, 0.2543571626838021, 215.82596897868993, -62.174952215320104, 216.52007263946442]"
41.88033163547512,21.914917244162968,1.0,0.39849134820450194,True,False,"[0.4428290990056216, 0.47191886359735635, 154.56387643895744, 0.2792123323294504, 281.04100288979686, 0.16920215526830945, 0.19655942519703712, 212.70232134432712, -55.212660640250256, 220.05945259375483]"
41.670929977297746,21.924189318839517,0.9997775177274127,0.8541750204631664,True,False,"[0.3907402786923141, 0.427601446681369, 156.1265446539597, -0.39774361446140816, 281.9717899462738, 0.13394966643971157, 0.191717231784595, 212.19456994532217, -47.82253340256951, 220.59257845925654]"
41.46257532741126,21.947998539485532,0.9994259308368013,0.26237431016458934,True,False,"[0.3633781402192049, 0.3889914213002765, 157.20879453985665, 6.8047915659121205, 281.50643508034267, 0.15042414720558567, 0.2612427367451112, 211.85206253094023, -51.094917424295765, 220.69134603820606]"
41.255262450774204,21.95117088202543,0.9999231074925912,0.24661188528603772,True,False,"[0.3350842962741528, 0.38193630075585583, 154.23820161440403, 2.2353203383981235, 283.60634500410214, 0.16906859685744738, 0.25485913491076495, 212.44915198036273, -52.052846611190404, 223.42239036272167]"
41.048986138520334,21.966104768881973,0.9996362596968118,0.4150277762581739,True,False,"[0.3904238554648351, 0.3905956231443075, 156.76446513988375, 1.6738056138633848, 285.03118384087725, 0.20429649824620646, 0.30159148631337346, 213.848880200586, -48.66181023488185, 223.31001538700127]"
40.84374120782773,21.912119135975487,1.0,0.5566666304990016,True,False,"[0.3394788744673024, 0.4478255311135273, 153.53157862685194, 4.426264585347436, 286.63706961988026, 0.2213056781253317, 0.2815302035248199, 215.32989541887258, -48.57490358719572, 221.25361855963905]"
40.6395225017886,21.935294010267008,0.9994299079730297,0.13512302241299734,True,False,"[0.3554465246368196, 0.5267348221030561, 150.76044996171646, 10.805802873699319, 286.8056104889112, 0.14935097784233994, 0.3479127898149001, 216.95997936399283, -55.062286683523354, 221.22683368484903]"
40.43632488927965,21.929108939677963,1.0,0.33173027254192555,True,False,"[0.35001925849964516, 0.5294724469195335, 147.08977484700625, 3.777618488968768, 283.15875118750336, 0.19176653879140848, 0.3593501262036468, 215.14581488669276, -60.58359743928263, 220.29637563103796]"
40.23414326483326,21.92308964138313,1.0,0.5196095849266259,True,False,"[0.4091208622274322, 0.5921401483766129, 143.4432858547897, 5.639493179541809, 283.32278332923244, 0.23556373280698592, 0.42645510680226867, 212.0087961698435, -59.158272176997784, 216.6927392805117]"
40.03297254850909,21.88309465598201,1.0,0.289393306941489,True,False,"[0.38158456263976487, 0.6598372856390786, 145.8614898063796, 2.2658629214660504, 280.03719967319216, 0.29626192759451403, 0.3814617086591623, 215.24815803278196, -55.26189016187017, 216.0136439280027]"
39.83280768576655,21.88441580151262,0.9999668332789423,0.08582605132364052,True,False,"[0.4393155508471633, 0.7002893132989898, 147.84200689670456, -3.016375801473398, 283.366691139732, 0.2498915542829664, 0.3801265615127586, 215.16171898709905, -49.522946979217785, 216.08040958328834]"
39.63364364733771,21.69888838124192,1.0,0.10458865321906619,True,True,"[0.48727479605142215, 0.6470424402478119, 149.00359621664558, -5.881453044804465, 282.9164550726935, 0.17306976945470667, 0.3931199892291828, 217.71147323772607, -42.84716723744731, 216.09888908257952]"
39.435475429101025,21.666030160692614,1.0,0.8152936443316882,True,True,"[0.5399958127492477, 0.6536456071089349, 148.35764797617304, -12.450579754805672, 283.2564703830987, 0.1405491672252081, 0.42582809275567096, 215.24241277692002, -48.44884278433425, 213.3127021322949]"
39.23829805195552,21.640318022657898,1.0,0.004901931047712305,True,True,"[0.5188160662925675, 0.6608153828273438, 147.81423021249938, -17.96996112365987, 282.94278411624526, 0.12603291414877105, 0.3785416710836252, 214.1885570187045, -49.27749162520578, 212.03276636194803]"
39.04210656169574,21.890119665273687,0.9936221628908034,0.8686082125016804,True,False,"[0.5004307481639355, 0.6897504856383027, 149.0504791794688, -11.942385971781132, 281.0860378133321, 0.1845389945997809, 0.3303251706240975, 212.5491787714228, -48.56179919802641, 213.23001427326608]"
38.84689602888726,21.905554453999507,0.9996027553187913,0.36007155332103935,True,False,"[0.5702841698396433, 0.6516965996219973, 147.36423148368257, -12.071209395720768, 280.280860113167, 0.14333191643566578, 0.28526225608825967, 213.7751674239299, -55.06932244941356, 214.4030428278218]"
38.65266154874282,21.644702282916274,1.0,0.9482653287003678,True,False,"[0.5373435212807968, 0.6361853732015966, 146.04986701208355, -18.57598339973292, 283.6609001060182, 0.21945114942165428, 0.33502827882587133, 213.52853506119848, -52.38496248707703, 212.9015964294027]"
38.45939824099911,21.63569675862867,1.0,0.4490917322526605,True,True,"[0.5152952487756446, 0.6956447298781152, 145.35669898171463, -14.754209135778442, 283.53651745078065, 0.2796813269763216, 0.3593587563771023, 214.28291205845844, -56.07798066888313, 213.51265785451673]"
38.26710124979411,21.627681113262536,1.0,0.3240185723494847,True,True,"[0.525083900780071, 0.7263167361296978, 142.1991428278029, -9.144968862451703, 282.7945187542426, 0.3492058420626062, 0.29037228049614017, 216.26478571250223, -62.4534550386892, 211.10056043254085]"
38.07576574354514,21.609404106627263,1.0,0.6118032527130914,True,True,"[0.49552035094120855, 0.769233378990505, 145.76647395977488, -9.977841237922776, 283.00713159400345, 0.31848512126802575, 0.3641689123689489, 215.1223752315067, -65.14771705237463, 207.94336689795568]"
37.885386914827414,21.62394255013419,0.999616325567779,0.3835906621195274,True,False,"[0.5559275008420124, 0.7442489817035756, 145.7489931435708, -10.065343900686754, 281.2890122083688, 0.28039646837359494, 0.34012745606167, 218.82395170108308, -59.34337975700007, 208.5638100050036]"
37.69595998025328,21.62063767883034,1.0,0.015674937376290665,True,False,"[0.555264747226597, 0.7745300008683048, 144.76520231646614, -2.604898343690273, 285.04465408294493, 0.3387413820638156, 0.28464102258954116, 218.1418504672039, -51.48590307716649, 209.34127660185806]"
37.50748018035201,21.613276930515866,1.0,0.869788944017421,True,False,"[0.5593338337363464, 0.7951012348464738, 143.17182055003968, -2.2767221655003222, 288.905574213176, 0.40653347078251567, 0.26628930426496694, 216.11582501535193, -48.77304094222286, 205.99130333895155]"
37.31994277945025,21.595336190277017,1.0,0.05972349797859677,True,True,"[0.5599954483975647, 0.8408727176908029, 140.11401108788206, 5.021754588613531, 289.3105798575916, 0.4102275350667978, 0.30901747151424225, 215.9793176062148, -53.0311794654456, 207.61841658447372]"
37.133343065553,21.536913046075593,1.0,0.8358996837330603,True,True,"[0.5013340673373767, 0.9100574521093263, 138.83478442224157, 1.8861001356607545, 291.49607122612116, 0.39377746090773635, 0.2664592232486769, 212.5243502391217, -60.01538247182908, 203.87867471917266]"
36.94767635022524,21.573319714639588,0.9990151278440964,0.3451709204330563,True,False,"[0.5416893468049392, 0.8477020218260266, 134.94243113192783, 2.651274290522318, 291.1482908114782, 0.39132139534416477, 0.268619606460705, 210.0036909338538, -62.91129914188738, 201.04475265984985]"
36.76293796847411,21.607138110521156,0.9990805183788606,0.18062889112781866,True,False,"[0.4898143967218645, 0.7786269526842504, 135.0332025073835, 8.890521441883571, 292.2520095552742, 0.32877776820795135, 0.3055531516150932, 209.42086210370164, -54.9258035780593, 203.64855948591352]"
36.57912327863174,21.611904263238294,0.9998697114147201,0.6694377281669689,True,False,"[0.47094921225763503, 0.7603945090308681, 132.1883087918002, 15.020902239919007, 290.687795227589, 0.35323280684558434, 0.3004714697562622, 206.50423884748812, -51.73999440957053, 201.40291159369073]"
36.39622766223858,21.633252535635524,0.9994136202002702,0.24262811986706345,True,False,"[0.3972422491398001, 0.7389896266027047, 128.96203966884033, 14.620512657006655, 293.1149040871034, 0.37112876621067903, 0.3654405446296797, 208.16074628931977, -48.20291719897392, 199.61425357689654]"
36.214246523927386,21.620997640814554,1.0,0.74016446151704,True,False,"[0.4387601376979908, 0.7690762229227165, 129.69780369501527, 21.89930609312499, 290.32389654644356, 0.3866559424657445, 0.38718878678076063, 211.84862078491318, -42.969026057019754, 200.07499942544754]"
36.03317529130775,21.615784955116222,1.0,0.724808113543732,True,False,"[0.3703052937307859, 0.8349943717755469, 133.63465308239822, 14.91147580054027, 288.3128501034607, 0.3945315583735458, 0.35318082197541767, 213.6667310860511, -42.923689463802376, 197.7668451200563]"
35.85300941485121,21.66248048396182,0.9986984318944143,0.28541325103105997,True,False,"[0.29951189271000583, 0.8463509122671854, 131.29729073377538, 7.030454937082675, 285.6524577980898, 0.45134305063862484, 0.3932317826395407, 216.63315947511805, -45.44770158054401, 199.9042157874116]"
35.673744367776955,21.707795338996082,0.998730548552069,0.26702970304544627,True,False,"[0.23267057414405698, 0.8222459615164803, 129.70889710544327, 13.200642855365766, 282.5314579644515, 0.5079015604035935, 0.31849715431800846, 213.98049313460567, -37.741402250575284, 203.86846172751373]"
35.49537564593807,21.708778326063644,0.9999723069994702,0.7647864260341731,True,False,"[0.24738795493694715, 0.8657099660110618, 129.46425815861167, 14.064061876234355, 282.733176946748, 0.42985286214286295, 0.34754536281511567, 211.02182859563928, -29.94035578289821, 200.36556240167732]"
35.31789876770838,21.67055264241962,1.0,0.2018134891803548,True,False,"[0.28113786567498855, 0.7882397908637073, 131.86718232814832, 21.959451174692838, 280.74297832115326, 0.3800654283349296, 0.35299614107657395, 207.64911506769286, -23.260784084096848, 203.74127865712984]"
35.14130927386984,21.646869127012994,1.0,0.5375808442195835,True,False,"[0.33942109742731535, 0.7442942238020747, 133.44939129808634, 16.91699338865063, 283.83125162342054, 0.44410197948525404, 0.4021784201874796, 204.59927449989783, -28.430078204992153, 200.3760279528069]"
34.96560272750049,21.699454994879048,0.9984971989379855,0.3731040851568391,True,False,"[0.38516387331626534, 0.6925171902370442, 130.3887257284633, 22.055855618001985, 287.0830564583293, 0.3964832565400009, 0.34944272659318043, 207.5677977302727, -25.416685438705716, 197.62817069542209]"
34.79077471386299,21.691631103916308,1.0,0.8693037707651358,True,False,"[0.45493402395504645, 0.643735456629198, 130.6615664571449, 17.29445961744988, 284.8612534966334, 0.3737310130035544, 0.3240751969040079, 208.82313289080852, -23.161717686244707, 199.87283844966734]"
34.61682084029367,21.712292726217346,0.9994033115430397,0.2847858367192928,True,False,"[0.5259481410893477, 0.6021567042114473, 126.67277114785148, 20.122341254810166, 288.0325161037306, 0.4293373299233815, 0.36831175832635615, 210.1402602439382, -26.92727751011904, 203.83836354935417]"
34.4437367360922,21.65403890780827,1.0,0.44960777301454224,True,False,"[0.5761809038781355, 0.6477989168584721, 129.58513599061408, 27.037436172016847, 288.99998318249317, 0.3794863680599412, 0.33003666340953525, 210.6987658223822, -28.644123664124074, 202.06795831665022]"
34.271518052411736,21.711204774224896,0.9983333619572383,0.6568094737118251,True,False,"[0.6186540391264886, 0.6531918983805952, 127.35724659405564, 32.29499965959166, 289.31357346574293, 0.4197791414626395, 0.32883121972476187, 206.94147158376393, -26.91350835047863, 201.42584458624438]"
34.100160462149674,21.68258528715761,1.0,0.01330302365302094,True,False,"[0.6301028728771308, 0.6282376162967549, 126.64019238033735, 26.287954842828867, 286.0568061861014, 0.3596234643598378, 0.3803519471735162, 203.17130790353525, -22.077224459269367, 199.48064649240945]"
33.929659659838926,21.88863195461885,0.9939456423051748,0.8186281006286692,True,False,"[0.58907638858794, 0.6886778159814875, 124.20625413308534, 19.371058290048968, 287.3951453888451, 0.39564504527427535, 0.43995710046607406, 201.2538924513796, -19.54479137689875, 201.47844862339915]"
33.76001136153973,21.899181794308067,0.9996875536752314,0.8541953355160526,True,False,"[0.6338859765230451, 0.6745936377561762, 125.26929687196399, 12.835521593785865, 290.3844624696072, 0.42107784851793795, 0.38057043841672616, 203.78551838067514, -19.861622182484098, 204.1734696093683]"
33.591211304732035,21.90386410948708,0.9998606186357729,0.8971380651384068,True,False,"[0.5650951832592657, 0.5993763282154022, 125.84403999751889, 18.421519261983505, 288.52877146250825, 0.3632191775341387, 0.36436526932660007, 202.82499761683107, -24.219839070779887, 203.8704586493753]"
33.42325524820838,21.89671829979718,1.0,0.8530872625391007,True,False,"[0.5530084182538598, 0.6535390036188121, 123.09103630439941, 13.52397786354763, 286.01177947924486, 0.3544767878882765, 0.4327813559748454, 200.62744925498853, -25.89497235603529, 201.51939412567327]"
33.25613897196734,21.71172191981526,1.0,0.3585670587275047,True,False,"[0.610459036342393, 0.6588307657375891, 121.47628320047262, 20.969517553020957, 285.40967758243573, 0.416512995586392, 0.4782228481056278, 203.9640012400697, -29.988657084298296, 200.0625898725033]"
33.0898582771075,21.701050724579332,1.0,0.10761967039682174,True,False,"[0.5456109493613779, 0.6496775213413282, 123.4378919870467, 23.128303362397887, 284.5605063304249, 0.37628051685274466, 0.4749242844416737, 206.7415969152229, -28.16233788727316, 197.72904769070917]"
32.92440898572197,21.681528411012536,1.0,0.25655128767968016,True,False,"[0.6151566364246241, 0.6256850208109371, 122.59298337986414, 23.187300073212153, 282.00179494449316, 0.373724503366896, 0.42474631246533096, 208.89277338614247, -36.00139593420462, 197.61455860923792]"
32.759786940793354,21.649210167642472,1.0,0.7307454762554368,True,False,"[0.6499953199233375, 0.6963797315043301, 124.23073450722319, 21.429086804137462, 280.71062063054757, 0.35641108500963287, 0.38123583569460046, 206.35831289804477, -41.77564221602527, 200.11259373447336]"
32.595988006089385,21.688618029290097,0.9987917516229067,0.2874418808963536,True,False,"[0.6324825914319814, 0.7135294455880808, 124.60405241841033, 24.650578362286762, 280.81065026850723, 0.4317806692826398, 0.401397526661333, 206.2810744816013, -39.86434560877251, 200.81365884502173]"
32.43300806605894,21.69363879956375,0.9998452076457115,0.2581647994637005,True,False,"[0.5720747400618136, 0.7255027435886984, 120.89170635668839, 32.12367266224343, 277.52971134302464, 0.44220483163467467, 0.47573513516677207, 206.22390671543297, -32.399807559916354, 203.349839584633]"
32.270843025728645,21.70795096301043,0.9995565969512393,0.254527199918377,True,False,"[0.6259806448064222, 0.6909962939641198, 118.97705371232207, 26.440665784771507, 277.36825384808736, 0.3893137089040443, 0.5196047149547208, 206.69853056143978, -28.076326069634455, 203.85898379499412]"
32.1094888106,21.69099815194244,1.0,0.5123814146725809,True,False,"[0.6039886031701297, 0.6313989376840616, 118.32093712002175, 34.03076193413811, 278.8396045850986, 0.36354235022151454, 0.4644004154427106, 204.92437569209838, -30.092695757334532, 203.08509594621677]"
31.948941366546997,21.91349080186732,0.993060185548587,0.553412788316342,True,False,"[0.6380340151087553, 0.674746930506738, 114.69134077489454, 33.04714800038903, 281.18065553787227, 0.3831302482230765, 0.43411232779473513, 202.90936162904043, -22.219832248674013, 204.45358327539384]"
31.78919665971426,21.922350680728478,0.9997213316078872,0.020963887141893456,True,False,"[0.6778755401702944, 0.705108505773351, 116.25583621456288, 40.34185443063555, 282.06728168544385, 0.4252088964714322, 0.501115494172424, 203.37552134400758, -18.327764511723004, 204.62415769782933]"
31.630250676415688,21.72427876385602,1.0,0.3401144900108851,True,False,"[0.6946211416331008, 0.6969458510723598, 112.8205005744218, 39.56382170685094, 284.4463402246901, 0.46796147534791566, 0.541641956182183, 205.2589365797691, -24.071361806914737, 201.4657657467003]"
31.472099423033608,21.68488266198342,1.0,0.9650067925187437,True,False,"[0.6961958028340278, 0.7581199303165912, 109.34782202266915, 39.35060926615469, 285.364715212749, 0.48303486163615267, 0.4946352125696179, 204.4394212274339, -22.744006485600234, 201.7041369223129]"
31.31473892591844,21.711163829836146,0.9991610933544829,0.8381348764102399,True,False,"[0.7284713799799134, 0.8215350216394092, 107.43055847680706, 38.08682462811109, 286.9864712354817, 0.44405736318256456, 0.5635198834573588, 206.3770023908426, -25.978878761006428, 197.94720749548495]"
31.158165231288848,21.686196391385188,1.0,0.2938291659727833,True,False,"[0.6897224940490397, 0.8722106575172879, 109.64459841273217, 42.782874213915754, 284.1214616898331, 0.47761348875970366, 0.5036742766473851, 205.875875202527, -20.12521586641571, 194.7834320059285]"
31.002374405132404,21.704933664527164,0.999395800727918,0.13424518492341408,True,False,"[0.720695965179808, 0.7951788753470181, 107.09139251538453, 50.3317018617504, 284.09247935605964, 0.4998048351283659, 0.43678938135737116, 206.0447078234154, -18.256094256065296, 194.2011706181976]"
30.847362533106743,21.740134518117888,0.9988595207511243,0.03801831059418026,True,False,"[0.7184916843806588, 0.8731495690259624, 105.5763613620767, 56.133857369277194, 280.3297156779836, 0.4939650049882159, 0.4028477473783554, 206.08617242677425, -11.426655185074798, 195.88930441427183]"
30.69312572044121,21.778081741478097,0.9987644212100525,0.023305425906282595,True,False,"[0.7027691697690606, 0.9116022642367362, 103.84411124865325, 59.45304933120022, 278.90768678195076, 0.4407440562439956, 0.36878218910559496, 209.74879857205377, -15.635917239907702, 196.2955116665746]"
30.539660091839004,21.717489739358946,1.0,0.4130397224150212,True,False,"[0.7099443688023609, 0.8514447467174301, 104.39006497166184, 53.12625873095799, 282.7785350599535, 0.43824372392410094, 0.3372107637614555, 208.59153456887853, -13.690576925364896, 195.6695586995587]"
30.386961791379807,21.836435998864317,0.9960932664782658,0.7509630339156216,True,False,"[0.7548696749443227, 0.9008232427407097, 103.64953385775328, 52.04805050959118, 286.4156110166506, 0.38440165654729763, 0.3522975399872449, 209.10110349992735, -10.272439145161586, 195.89160909259837]"
30.23502698242291,21.916887315530282,0.9973426722407218,0.32241516481465915,True,False,"[0.8272378097686969, 0.8749617421273193, 103.25855206799395, 57.59996334909895, 287.36312880999395, 0.45337906367655695, 0.2914910416965803, 209.26097232408807, -13.4377217011359, 198.25420564825842]"
30.083851847510793,21.867649426092488,1.0,0.31278188332588874,True,False,"[0.7858886399644271, 0.8760303198527313, 100.64074689966253, 63.88755220025317, 284.40500607828363, 0.3794687508155274, 0.25843821762918917, 209.9402742240526, -15.865492649259068, 200.67977559126453]"
29.933432588273238,21.874314743590872,0.9997773534509875,0.26663360458401286,True,False,"[0.8267969318627559, 0.8592657209608472, 104.02976688108892, 61.82137218014644, 284.4561233883177, 0.3569996757804885, 0.28978323249191396, 207.7014564636882, -13.639340631515868, 199.61786078587082]"
29.78376542533187,22.004059302887672,0.9956532570816373,0.3527894315420802,True,False,"[0.8538779745596428, 0.8891992961577917, 101.95868338437305, 60.54720946055764, 285.25529884041686, 0.3542733156439275, 0.3243329896914813, 211.1799174986805, -10.189949967568344, 200.77528170596673]"
29.63484659820521,21.81524947024791,1.0,0.19661694156897025,True,False,"[0.7933249592580873, 0.8362375785747216, 103.29754017596446, 62.32601651277027, 284.3794151692968, 0.32506851274701704, 0.3687946715788346, 211.05201505727862, -3.7518250242330655, 203.09104522624654]"
29.486672365214186,21.741627586034838,1.0,0.7805067807011021,True,False,"[0.7462274377221422, 0.7875765378978298, 100.37591687411624, 54.501499480204004, 282.1100756811256, 0.31396701630297086, 0.30964908072307074, 208.278245062402, -7.733823026393004, 203.34951829466667]"
29.339239003388116,21.784056104842712,0.9985549095227106,0.2544761930792898,True,False,"[0.7733684745646884, 0.8247974626224627, 100.91884273413098, 51.76127322946812, 284.61778395007525, 0.23439292231489345, 0.3852521004513786, 212.14987475890086, -10.327406834929448, 205.0680492464118]"
29.192542808371176,21.799823280058078,0.9994600361440494,0.6923944266851542,True,False,"[0.7331579510948831, 0.8636782591688563, 104.71040436847169, 58.929318920367244, 281.55846870773263, 0.3037312020722364, 0.3443716900360583, 208.41665743644225, -13.461663709994111, 201.67084730212503]"
29.046580094329318,21.823098060973173,0.9991990293388627,0.9069138723846777,True,False,"[0.7729749070477511, 0.8706390483035165, 101.37733946205066, 58.973495600875765, 283.17935911468385, 0.32118429729711706, 0.2965594750123658, 207.7377590178106, -15.813366099910601, 197.73456556585376]"
28.90134719385767,21.923598368182436,0.9965286818233866,0.7442115349460866,True,False,"[0.8444766654068415, 0.8768187943460127, 101.35426454007955, 52.63916439570032, 286.891788170836, 0.290963989310546, 0.37353054548259124, 206.61765053150287, -14.169531959738187, 201.01428296848167]"
28.756840457888384,22.06178243724106,0.9952062676953195,0.15363883712585513,True,False,"[0.8599552321504595, 0.9027379217171692, 101.75979562346672, 59.34775554944193, 283.86103511418645, 0.31990805770654385, 0.3300585732633814, 206.88062164218746, -20.320371852573366, 197.25987901533298]"
28.61305625559894,21.9284297758621,1.0,0.041097944170235046,True,False,"[0.8089907239822902, 0.898039187874164, 99.56269503525478, 54.63851952003421, 283.0414462306408, 0.3215335026589356, 0.3161265252034152, 205.18500172604095, -19.216973252533162, 195.32068876633497]"
28.469990974320947,21.819916243484442,1.0,0.46065054559999996,True,False,"[0.819751349414423, 0.8396413684800906, 103.11545457234556, 51.61024075114466, 280.4813939111252, 0.3225515393005511, 0.34161713533830584, 207.47354879161745, -12.886950311911761, 192.74421490459625]"
28.32764101944934,22.02042817690914,0.9929466784229806,0.29352158522951144,True,False,"[0.8718304431121341, 0.8879236881747277, 103.51554687363571, 54.48356947600533, 280.73030493225383, 0.368246831207755, 0.3383740495816898, 208.6631789343532, -14.74497458676084, 192.99646114834846]"
28.186002814352094,21.83043084518,1.0,0.4781546932686427,True,False,"[0.8398662833923689, 0.8259411666676882, 100.8761850214533, 48.581242890263844, 277.2266784051973, 0.3721725907361288, 0.38969137455338615, 205.50985186404966, -8.594551456944503, 189.62070862881578]"
28.045072800280334,22.007968288936492,0.9936895623515238,0.045822002976366405,True,False,"[0.8670051170985991, 0.883014592343868, 99.87576706916249, 53.78595886545544, 276.35132759050674, 0.3989642315066405, 0.4376482312633038, 209.26091757192296, -8.832556327940072, 186.3799648173229]"
27.90484743627893,21.82220162291884,1.0,0.842924999713132,True,False,"[0.8127562662919093, 0.8148146993570075, 96.82763639501735, 60.935183759529735, 279.7401870228448, 0.4598370157112249, 0.39195668338332174, 206.02613708740284, -5.156134784696828, 189.14340537266492]"
27.765323199097537,21.93732670418995,0.9958622222816625,0.07446156521876413,True,False,"[0.8560858062909797, 0.8621648528501712, 98.98977185428602, 56.40323463430191, 276.6456034101931, 0.44674587617033745, 0.3281046792017679, 203.94485641388871, -6.428812640737128, 192.20760053053624]"
27.62649658310205,21.781314240119034,1.0,0.38947235948342207,True,False,"[0.7831391666741951, 0.819750378996887, 96.81423605761557, 55.22850149216535, 280.19846165079434, 0.39459039406831325, 0.40764620614176184, 202.76579223755658, -9.158409526550432, 188.50668850658477]"
27.48836410018654,21.808253861507847,0.9990204428067985,0.5734242129176467,True,False,"[0.7496699500624261, 0.8756936393111259, 96.82098083103449, 61.142485604136745, 283.8234330451964, 0.45433857831387303, 0.37629294050164935, 205.96744278072558, -14.261394353771516, 187.96325023087013]"
27.35092227968561,21.711183056481556,1.0,0.8173088310904707,True,False,"[0.6723569666720387, 0.874082079366272, 94.1731105633047, 68.64961936768096, 283.70618103633456, 0.5175502950110991, 0.2963490833030033, 206.04762229564918, -8.457698732438267, 191.14047201340054]"
27.214167668287182,21.771531028034033,0.9977849364973992,0.2173823039380285,True,False,"[0.7422936972266178, 0.7997903977641297, 96.73654717443067, 75.76871708625619, 285.1910324651867, 0.5294224183956011, 0.30442740984781314, 206.8577364715698, -8.85230496479369, 191.49255308343731]"
27.078096829945746,21.764299078260606,1.0,0.9408978552083105,True,False,"[0.7768671643269696, 0.7269576903011421, 99.51513928336368, 74.60582948740628, 285.2825497542155, 0.5372143672800773, 0.3670913918532252, 204.09683979684982, -12.284032828992324, 193.84557156590708]"
26.94270634579602,21.733859411463868,1.0,0.25559837005173314,True,False,"[0.7449693982849365, 0.6526571405495635, 100.26051462656683, 69.39092985907445, 285.9490205783647, 0.5857821929764723, 0.3952132952457123, 204.4499051763355, -6.877992191473734, 197.6764647529441]"
26.80799281406704,21.711474797451572,1.0,0.7583191327252449,True,False,"[0.6996947027683734, 0.6302675310493667, 102.35197230658507, 63.4105088929922, 285.87907820084257, 0.559520497496848, 0.3217608824913419, 205.44511664120776, -3.8472546701350083, 198.73288889096384]"
26.673952849996702,21.712225107836698,0.9999718714418998,0.24044345665879896,True,False,"[0.7230569686811973, 0.6860462751947735, 101.70584805911913, 58.820403186804924, 283.051684978082, 0.48786549262875395, 0.36809975536254275, 205.13059390998347, 3.4349923300925447, 197.51005883229917]"
26.540583085746718,21.705233716658988,1.0,0.5936255478395405,True,False,"[0.695165240451228, 0.7644517284032409, 102.75285089897802, 63.74880025333379, 286.69470231608153, 0.4211806597268181, 0.43768538632757337, 208.8004149294381, -2.3850168446073745, 195.27905152977826]"
26.407880170317984,21.754843244547214,0.9981231754006231,0.8135122004067501,True,False,"[0.729643035924769, 0.8283209799942475, 102.07345744605075, 70.12223349201128, 285.47061990107073, 0.48042426857494946, 0.37998342835227683, 209.88731728766032, -2.494374351702728, 195.95456075092613]"
26.275840769466395,21.704316236318867,1.0,0.30332775543897994,True,False,"[0.6767776126859265, 0.8142231163405607, 99.52165363854273, 69.68830958501172, 288.6455954385206, 0.4488799507673864, 0.3913718643152341, 207.3678127994555, -7.902236431063381, 195.5386672304681]"
26.144461565619064,21.7304950706214,0.9989991864248468,0.7033992855407789,True,False,"[0.7118390749102946, 0.7786171590271069, 101.68118101591709, 75.46561172156336, 285.5434021702925, 0.4069888651009355, 0.39053575997467016, 210.2130461319665, -5.645042085102318, 193.01888636653447]"
26.01373925779097,21.692586907790975,1.0,0.5658656662420174,True,False,"[0.6595946874010543, 0.7558505768076227, 101.46440920042554, 74.2950496745923, 285.27851127320656, 0.3687864207117039, 0.36381960501454114, 206.4304059464473, -12.97684404282727, 193.86532656366015]"
25.883670561502015,21.69809437591927,0.9997872449263508,0.564077763426363,True,False,"[0.6968951980396192, 0.7476900471985379, 105.26521003016072, 67.53590119277135, 285.4779032349878, 0.36434355401835034, 0.4315345693190142, 209.7629556905192, -20.422002241042442, 189.96772602164987]"
25.754252208694506,21.677343228649107,1.0,0.48541203987189263,True,False,"[0.6228518977537411, 0.8058814610078966, 107.78343420615178, 70.50000115189242, 281.5122968010067, 0.34673531262343044, 0.45621379737685536, 211.8212023481508, -18.898812468336125, 188.86049906839094]"
25.625480947651035,21.624551776250208,1.0,0.768010407593202,True,False,"[0.5489944782123088, 0.7844424828266641, 107.36868069846005, 67.83031749759184, 283.37491967089574, 0.3529150997612944, 0.4602298540111213, 214.97948078676882, -22.892095239683847, 184.92381687194984]"
25.49735354291278,21.63492150028623,0.9995933846376989,0.6591475307975965,True,False,"[0.47354432336520424, 0.7459637713961721, 104.36716111948499, 69.56697111567244, 280.0913834050379, 0.3408409661018773, 0.47112375118626965, 216.6163027280566, -29.64489282107676, 182.2231645386841]"
25.369866775198215,21.596698966350154,1.0,0.7279188868467908,True,False,"[0.4378687762834367, 0.8204928683013717, 105.5284139946553, 64.09667381334395, 277.2201918641617, 0.3821857791674177, 0.40014252796712996, 213.44423001696114, -31.81167322916194, 179.0060644131175]"
25.243017441322223,21.598984443705657,0.9999094651064783,0.6551767779710416,True,False,"[0.36919531814508405, 0.8684730444000912, 104.16419761174537, 70.47922471364097, 281.1452286189308, 0.3237222333327415, 0.3428403880917493, 217.03108653068315, -34.01325814725598, 180.17073177754193]"
25.116802354115613,21.635264058201,0.9985566066570123,0.4067056910658503,True,False,"[0.3639529441195107, 0.80403181428597, 104.03079771614172, 66.40380777044234, 280.6378050267135, 0.37981520233466604, 0.40945202132918396, 220.05167286194765, -33.09313076708801, 179.76822355919143]"
24.991218342345036,21.606328329879656,1.0,0.07366345933548024,True,False,"[0.42778812968236724, 0.8180332360705258, 104.34274000713346, 73.64404763285752, 283.37518116442527, 0.40415094774935845, 0.47451185144035035, 218.52671668818337, -32.58943627525253, 180.55329805242923]"
24.866262250633312,21.66058015362499,0.9978206340617553,0.4615495698302181,True,False,"[0.3611528123063067, 0.7619279902076507, 102.62145960670499, 73.33589438455415, 282.96800015303137, 0.3933075686838984, 0.4485592106162798, 221.92103965421552, -32.17673130091889, 179.81968798164806]"
24.741930939380147,21.696611401266527,0.9985447770985129,0.764265264291933,True,False,"[0.4383061870297539, 0.7422986929823142, 98.64876609401155, 79.33145301860668, 284.5690992110436, 0.3284791517206935, 0.5158715103491972, 224.25633563331655, -34.13475500803936, 178.0645448860225]"
24.618221284683248,21.712365581804175,0.9993602648799534,0.009334245064686164,True,False,"[0.3903479682616302, 0.7749953829781315, 95.64837470605181, 77.9657344048387, 286.3762918634677, 0.3309699467792745, 0.5754242905559365, 225.07111729348932, -36.517656224356855, 178.81315289041817]"
24.49513017825983,21.60216668409656,1.0,0.7450193828791626,True,False,"[0.4353851629938211, 0.8456760492373788, 93.08979710544435, 80.553155452152, 289.0544942753513, 0.31374314358791056, 0.5634253952957935, 224.49991455172258, -42.22955705450215, 181.6526741035373]"
24.37265452736853,21.545527786246453,1.0,0.6454687460724176,True,False,"[0.43202161092172875, 0.8955327959016477, 91.50389879858689, 82.69799692600475, 285.7152636129937, 0.3607179465503743, 0.533841576760338, 221.87834997735118, -41.18299491641175, 180.77428554000628]"
24.250791254731688,21.57228902843,0.9988970882828281,0.9272289290765788,True,False,"[0.44607546420892474, 0.8719015379740795, 93.56616672015944, 77.48789187114293, 287.34969906953904, 0.39590721982752874, 0.5644865564096447, 223.96263466349845, -43.52136507082349, 180.52183749791132]"
24.12953729845803,21.615873514133447,0.9981953592331368,0.23160731701111625,True,False,"[0.4430737938808424, 0.8278538182352957, 93.18043955480626, 70.36944967683937, 288.24176496418875, 0.3922055654766504, 0.5855006100354853, 226.69705366371036, -40.887852048250565, 179.8296460841743]"
24.00888961196574,21.58934804692172,1.0,0.683346803634775,True,False,"[0.4207437401783903, 0.868636148345404, 91.69723820915681, 71.0329533992524, 286.6153417864186, 0.4551231385031921, 0.5487028835518547, 226.30700204494534, -38.50502990908829, 183.54665475354759]"
23.88884516390591,21.624328135501663,0.9985367860849552,0.45439929812344726,True,False,"[0.4484726443710554, 0.8152034552992643, 90.57238930255508, 68.7707699725978, 285.1956662767848, 0.5111848437917081, 0.5083329146014466, 223.88710739693894, -39.08027426035236, 180.63194979879205]"
23.76940093808638,21.70067284432334,0.9967932622801791,0.00027034276487547526,True,False,"[0.4650159298399056, 0.7625596737885012, 92.68972317457694, 72.31184960557549, 285.56027888077966, 0.5115786864551657, 0.4811299748171553, 221.11777088678338, -37.40522010362936, 184.27834565345862]"
23.650553933395948,21.715653035441306,0.9993668035024804,0.5170389441664276,True,False,"[0.48638166704456387, 0.7363795526866694, 90.37522370752976, 72.32492107683765, 285.34817802155754, 0.5408934573145763, 0.4735910844463719, 222.3857292704915, -35.77184495084824, 184.1074561516466]"
23.532301163728967,21.662871194152487,1.0,0.2840786649632491,True,False,"[0.5565000634744587, 0.7749747656254515, 90.9891450220855, 77.19520588282217, 287.95073930484335, 0.5886079479472439, 0.4222567769358012, 218.63134199506194, -29.16852599376515, 186.40844544164335]"
23.41463965791032,21.69337067634054,0.998698266246202,0.40039774309672316,True,False,"[0.6362136672674077, 0.8213211318805131, 93.31001112137636, 78.71065094613424, 289.41912991892906, 0.5741065342460929, 0.48872315831365115, 214.86538906030628, -29.15846729487982, 188.46033419561792]"
23.297566459620768,21.804766313685473,0.9952299847979981,0.031146805106662567,True,False,"[0.6950614249396151, 0.8915836012482762, 92.85492267581022, 81.606068061271, 288.49673275705817, 0.579206126571832, 0.4456884370896472, 218.65349959602003, -29.825346995622283, 186.70087955616583]"
23.181078627322663,21.67231811802487,1.0,0.37235764929131576,True,False,"[0.6166201061201886, 0.8482456618446976, 94.9750711302637, 89.339500413866, 290.9093025198921, 0.6475909345279485, 0.4274112355258562, 215.40016072563174, -35.7085768793153, 186.6309067011892]"
23.065173234186048,21.648579600442808,1.0,0.8175357467297002,True,False,"[0.6037376817835873, 0.8913926453250302, 94.70190677416393, 88.48242603260292, 287.9637357285339, 0.7157342524705784, 0.42232678469995716, 214.88034169868723, -39.27287381070468, 185.21665592597802]"
22.949847368015117,21.719423352926846,0.9969178652830819,0.6285600810472655,True,False,"[0.6574927778221905, 0.8577939661264623, 98.63077212274817, 94.84198837773741, 286.1593388905699, 0.663553437786951, 0.44482520647781704, 211.37816880479448, -37.56623061155324, 184.92402724658825]"
22.83509813117504,21.658777560625325,1.0,0.8504496289906494,True,False,"[0.6179251039559591, 0.8868203769771531, 95.69639593689331, 88.81647279938295, 285.75643741162526, 0.6165401390306544, 0.48693362622462755, 208.3333627619653, -31.825579507687667, 184.46217780860255]"
22.720922640519166,21.735448771440343,0.9966312110283202,0.35895842055097404,True,False,"[0.6577998616711452, 0.8481166262047872, 95.70301208977071, 93.41013967464774, 285.83430125747674, 0.5372138069984327, 0.5616455173424302, 211.1887347662312, -25.85482214141117, 186.16273171078825]"
22.60731802731657,21.716670833190612,1.0,0.21171479249406155,True,False,"[0.6026149496878236, 0.8158715003498761, 97.64378454420871, 90.8513092740548, 282.7159968072849, 0.48089809270385997, 0.6006342016498991, 214.71539248450318, -33.653580198146706, 185.8626564714945]"
22.494281437179986,21.644511989131374,1.0,0.2692767359313888,True,False,"[0.6072223083972343, 0.8817544654016136, 99.63089384518646, 88.52028576341135, 284.91843558270347, 0.40498871478316073, 0.6732826070211917, 218.43891424227863, -37.77472668615187, 182.97419317827135]"
22.381810029994085,21.72097384431497,0.9965895788909966,0.8239350534859614,True,False,"[0.6716032801999045, 0.8374560901320554, 96.2087515879322, 83.40348108509605, 281.21135850549587, 0.42490628689389087, 0.6040991764337091, 221.58138460451428, -38.78272753166624, 180.98795351599372]"
22.269900979844113,21.755587414900617,0.998446931352388,0.4479656685095825,True,False,"[0.6632223127686524, 0.9029580272189281, 96.83154952432658, 87.66857573338618, 281.42190764146414, 0.40627557978003076, 0.5711876573594049, 218.56592174875377, -38.0715604869272, 184.909413189974]"
22.158551474944893,21.77784240744998,0.9989961518744392,0.38145915673088604,True,False,"[0.7154780955876139, 0.8254068723011436, 97.6977344213851, 88.22166830301308, 280.06888786918717, 0.3381473504068454, 0.5456663139731438, 218.17044125687585, -37.02867486429528, 188.6827512133352]"
22.04775871757017,22.123115269852374,0.9844617587229593,0.5850815592332727,True,False,"[0.7783126231619717, 0.9017742829640308, 98.67974068097793, 94.57698066335497, 280.1476006026275, 0.4109733197656658, 0.4806789756959374, 221.3102175067859, -41.53595505277618, 191.1350360997277]"
21.937519923982318,22.208212754873074,0.9961284298146933,0.5104569180182106,True,False,"[0.8172535187488881, 0.8969778213549795, 96.71795914767627, 95.20319770446389, 282.32934319865353, 0.3414237879841461, 0.41672471127739297, 220.06647593530252, -40.52342803875756, 192.1461564805746]"
21.827832324362408,21.88976978623641,1.0,0.03775514896944154,True,False,"[0.7693478354752311, 0.8200449618325119, 93.15849544388607, 90.70986575592363, 281.0730999271115, 0.30311693742311596, 0.43900227652836293, 219.91949120674988, -43.23499695067483, 195.54442629435502]"
21.718693162740596,21.928193504028016,0.9982324098048854,0.30316810257364835,True,False,"[0.7913796515004292, 0.8610263563512379, 95.74411148965709, 83.7300640598858, 280.5414256474242, 0.3787967776218208, 0.4799576403447491, 216.72906758030098, -43.41754068366645, 194.52720016421839]"
21.610099696926895,21.802529615856578,1.0,0.6461939304027453,True,False,"[0.7309446793828134, 0.800869102437395, 95.51631903424787, 90.79955367309694, 277.0368703350957, 0.324903279462997, 0.42960827780714794, 218.9626989292897, -49.52318077382502, 195.17094231472555]"
21.50204919844226,21.85604497941797,0.9975142451567811,0.8340369776171683,True,False,"[0.7904146527592458, 0.7885515320116065, 97.17827607248606, 90.46750404612395, 280.9492470041334, 0.37422884177025917, 0.35472118000229647, 219.84363748423644, -54.012825451107005, 197.55274077247313]"
21.39453895245005,21.817039303082918,1.0,0.32124605726087185,True,False,"[0.7694698454779708, 0.7940679081384531, 99.08847828974721, 87.0767906569192, 281.3006751444877, 0.3460644179051756, 0.4097390349576063, 220.96847591972372, -58.243009391663705, 194.00054869504805]"
21.287566257687796,21.75519454645539,1.0,0.012797869673515039,True,False,"[0.6901746132156488, 0.8334595279337867, 98.19403350204358, 91.33159121997616, 279.14138194329394, 0.3590561817540685, 0.44900979115479617, 222.1162957257166, -55.14282236440166, 190.5590511077994]"
21.181128426399358,21.719272028273718,1.0,0.6035910487679998,True,False,"[0.6473790302116271, 0.810620815520016, 97.25195735996176, 96.15399195205786, 277.5795346162206, 0.3576955894799354, 0.43656453098146464, 219.09721607547996, -60.00280307370435, 194.42894014528537]"
21.07522278426736,21.687247539640353,1.0,0.9594028069009507,True,False,"[0.6372974322342374, 0.8725274489408796, 99.74261627837349, 90.88874896672948, 279.193903079184, 0.4034487523549539, 0.3737360596533428, 223.06175125515495, -60.19982011180852, 191.8354259409585]"
20.969846670346023,21.792057251131,0.9950143544940451,0.029531605465709765,True,False,"[0.6585020775113518, 0.8813041215436153, 97.8791580767534, 97.87346097206265, 280.22069016161714, 0.3985488702957971, 0.30611566973449966, 220.986561105625, -63.17801006019234, 193.28574634267193]"
20.864997436994294,21.751882654780438,1.0,0.26181488383090357,True,False,"[0.6056014508773916, 0.8085922457079435, 97.44927830045559, 103.43967383575071, 276.87808993023145, 0.3969197416263567, 0.24051196316461376, 223.04554169315344, -60.846714119376095, 193.58096301926153]"
20.760672449809324,21.650633722354815,1.0,0.404757524413385,True,False,"[0.590798938956098, 0.8647806590868632, 100.68796775821673, 100.77922044663075, 276.1817335245488, 0.3866774342531374, 0.27519462264345856, 219.47790524979257, -65.9127726944805, 193.55335329864084]"
20.656869087560278,21.55470624109883,1.0,0.4528782835162247,True,False,"[0.5195481675524644, 0.8903317674045803, 98.90987780166544, 99.68847373658294, 273.16588741508946, 0.3128408412338747, 0.2223905068753643, 222.3096153530558, -70.65102847539357, 193.2493267645228]"
20.553584742122474,21.58678433234453,0.9984405118406412,0.9745406553499434,True,False,"[0.5508334473155593, 0.890146092593687, 100.73017114805911, 103.47439210862669, 275.50459215392766, 0.2764617595895022, 0.15470971909040349, 222.99220337605192, -74.54259901268756, 192.0143360430944]"
20.450816818411862,21.67964669005655,0.9954695284689482,0.8258023970657311,True,False,"[0.6114901598328095, 0.8133377270225485, 102.73000889178458, 105.22508324765138, 277.4608301711892, 0.30644656257651387, 0.11824166700650784, 225.00550321069863, -70.26089379968981, 189.8635284874753]"
20.348562734319803,21.702111528540748,0.9988966079454973,0.4134710682141477,True,False,"[0.6098387326577831, 0.8924561460375612, 102.43263218044196, 97.46147776953401, 277.04711918581955, 0.34742969116886846, 0.1390795447453444, 227.73972848095522, -65.32389186220209, 193.29018766365078]"
20.246819920648203,21.737069898278335,0.9982748793393605,0.28674901858766144,True,False,"[0.6627589372227337, 0.8167860719744312, 105.63616485478154, 104.92543994928894, 279.82201461437086, 0.3175273889253538, 0.16399325308288026, 230.4642548927937, -62.618567703544606, 196.66739222467382]"
20.14558582104496,21.76691854446793,0.9985194501270193,0.21627548189385937,True,False,"[0.7180339088997599, 0.7728075596077986, 105.91865217279701, 98.23682512987004, 277.2469469445262, 0.37416405650962997, 0.19613812271743425, 230.8852057074532, -65.3934762120484, 197.95508501602123]"
20.044857891939735,21.74142203250068,1.0,0.6139310802941328,True,False,"[0.6864426971499239, 0.805563876918505, 102.35513389357898, 95.0960122540605, 274.14967624268, 0.35663643274589824, 0.11926776122243647, 228.29420030301083, -73.27097160611595, 199.27165022353245]"
19.944633602480035,21.74772899351978,0.9996838265347273,0.16853603792604643,True,False,"[0.6569689941221466, 0.840806990886696, 98.3821987955224, 91.40065024630302, 277.37534865456996, 0.3687857330785618, 0.11187987637526661, 231.77543050375903, -77.67555968931957, 195.94191877072632]"
19.844910434467636,21.705488901622395,1.0,0.24746545113843232,True,False,"[0.639566063984403, 0.7878674668695119, 98.89575917560471, 97.01433096926928, 275.13557750150335, 0.330112159186713, 0.14050688305539047, 228.11866697901056, -79.09878699588002, 195.87660079038199]"
19.745685882295298,21.67338317036283,1.0,0.6047885459149385,True,False,"[0.5966716985451258, 0.8267655840919462, 98.18385783752288, 90.75038779560886, 274.30792235042276, 0.3965875583871803, 0.19830413988522605, 228.3901528208499, -85.21307911576008, 197.34384667466207]"
19.64695745288382,21.693875126801313,0.9989575345926717,0.4786834136262591,True,False,"[0.6240148836859061, 0.9026599977410918, 96.0333727045721, 86.02120516802019, 271.68003511947467, 0.4117838925334443, 0.21297868249379584, 224.95754302043835, -93.06768556005292, 200.74876403504547]"
19.5487226656194,21.80453190475418,0.9943554277119692,0.27393403374645053,True,False,"[0.6758284359666606, 0.8797373697719343, 97.38447348038852, 89.37297421244863, 270.94223608644563, 0.4517402121023931, 0.2360671081364375, 227.60110621006893, -92.41446772067155, 197.9920742158204]"
19.450979052291306,21.77005138974439,1.0,0.1042885680176413,True,False,"[0.6705249937458927, 0.8643246110216768, 98.37621936184009, 97.07916289531393, 272.3894144121023, 0.46065196444247175, 0.2842037012702794, 226.42964304648933, -98.48667127725355, 196.1762981341405]"
19.35372415702985,21.708264187677763,1.0,0.39341628635047843,True,False,"[0.670142212640009, 0.8166163792732165, 101.90703654805294, 97.13441800665657, 275.89750218092547, 0.4312402532861355, 0.3445785127015447, 229.27244770367784, -103.75254681817863, 195.75443902166728]"
19.2569555362447,21.70967923906479,0.9999265200880377,0.42298997913976755,True,False,"[0.6256026326917147, 0.8914522566330996, 102.37664310994845, 92.27802991138216, 275.8617231410742, 0.5003069958885504, 0.3543510521853258, 232.41515740899467, -95.77586610185493, 196.34953193703237]"
19.160670758563477,21.569512716066285,1.0,0.9939462063037227,True,False,"[0.5551726481772109, 0.9020577597158944, 104.55631058976795, 88.52839951997649, 275.6347379384406, 0.5659447079958045, 0.304529137910398, 234.83891581599664, -92.96798534049785, 198.0265640192646]"
19.06486740477066,21.657506504641706,0.9953951406347928,0.9143616608832758,True,False,"[0.5664061990043741, 0.8324992460810042, 106.36050028243022, 87.86374085051564, 275.7507493817424, 0.5911563702122349, 0.2580395498594051, 232.79052295198179, -95.80575949652557, 201.8823549557975]"
18.969543067746805,21.561365455817292,1.0,0.566167352878324,True,False,"[0.5169883881736913, 0.8705799390250544, 109.57246644153409, 92.80601598064577, 276.1731847751033, 0.5347597821242992, 0.20839705799014024, 235.2262374555234, -96.40816575329838, 199.70501747134296]"
18.87469535240807,21.65264107476286,0.9951758015720071,0.21377191242869975,True,False,"[0.5865683049793169, 0.8204989015874649, 109.97915885901482, 85.13355364728491, 279.6067224437029, 0.49867622671588896, 0.14920870882003798, 234.67455338075789, -90.44747109424173, 202.89427088695714]"
18.78032187564603,21.649445237613627,1.0,0.46045423653110795,True,False,"[0.6147773763275164, 0.8824663891567665, 108.4180511162393, 82.82713983204785, 276.84004520282855, 0.44597669447154237, 0.20077172393090276, 232.83002010918003, -92.93534677095481, 204.37195810002342]"
18.686420266267803,21.596194419998522,1.0,0.9335649810755894,True,False,"[0.5626542317701777, 0.8835821883053487, 105.34391160701905, 84.03247332581996, 278.41379303035916, 0.4600764070138916, 0.18435968015995144, 229.19509266142714, -94.92364515667067, 202.01364042407184]"
18.592988164936465,21.588990505894454,1.0,0.06158668573801995,True,False,"[0.5261452638682561, 0.8600194714084511, 103.84605727749688, 82.00700399365596, 281.56047540239, 0.5094586283617976, 0.18422756092001125, 230.98483749326988, -95.71863441628021, 203.27321995536352]"
18.500023224111782,21.602546195219393,0.9992675293440355,0.8096820236110427,True,False,"[0.5945998841304592, 0.8972951836910877, 107.38728376759244, 88.77161148163168, 282.3155163622899, 0.5262104231443298, 0.1173637873573452, 230.0779707568144, -103.27006014176057, 199.9849234381995]"
18.407523107991224,21.688034010692707,0.9953665894318028,0.5825150513172787,True,False,"[0.6452011751074961, 0.8624075280134906, 108.55764936234229, 95.17473769804313, 285.9131248465052, 0.48870659639756225, 0.1281682375802956, 229.57662170159676, -97.08619798065777, 198.82441836396828]"
18.31548549245127,21.893486410495477,0.9888452657114266,0.914455690988876,True,False,"[0.7173557416343755, 0.9021111674606135, 110.34326001821854, 98.50968923677513, 288.80002295094687, 0.5637112453825812, 0.13637469416302822, 233.20304905155217, -94.61262167718964, 200.95169578031894]"
18.223908064989015,21.78194845789672,1.0,0.4867187732714592,True,False,"[0.7195550910783094, 0.857796917070313, 107.93175921107425, 90.73150575916827, 286.0439172641453, 0.5594106755032549, 0.17228343904342197, 231.9084528357503, -97.55651104901509, 204.52646081180814]"
18.13278852466407,21.85969405892676,0.9957216084543759,0.5529673357826244,True,False,"[0.7707055661633709, 0.80945638896365, 108.8329175956459, 92.61180495502703, 289.728176971631, 0.5230992691136986, 0.2364111678689928, 235.46448441412525, -99.56322373802044, 208.35085606249208]"
18.04212458204075,21.92829559586999,0.9962049214311146,0.15401475258334685,True,False,"[0.8367306817010581, 0.8272094874033734, 107.28765220583428, 97.02282298711349, 287.67624952880686, 0.5800941187906462, 0.23626123781009745, 236.25604313907817, -104.54291576719817, 204.9715102241411]"
17.951913959130547,21.844730635171782,1.0,0.9722601555059768,True,False,"[0.820373175754217, 0.755450342650944, 105.37612246281766, 101.44790497139674, 291.18409465341244, 0.6309612135615058, 0.20184285896650814, 232.3529894971119, -111.3611284102167, 204.90546695613943]"
17.862154389334894,21.890262852424975,0.9974541573928359,0.5510861104891935,True,False,"[0.8370866151609623, 0.7354591798105043, 102.77770647342997, 104.51720465458476, 292.0162412188814, 0.6284257696934562, 0.15456582393206586, 229.8316465525994, -108.17564578962617, 206.2663844817226]"
17.77284361738822,21.88119139575655,1.0,0.28709473143407305,True,False,"[0.8602525647593573, 0.6783905516046946, 106.0936835364752, 98.70638049762114, 294.6876814655145, 0.6154005891263844, 0.13563168927804967, 228.7318622272767, -113.89482797618786, 202.5315187908675]"
17.68397939930128,21.84501674730366,1.0,0.9821774705855243,True,False,"[0.8150387679196991, 0.7446609628754373, 103.87260746771611, 103.63335314789384, 291.46759093143055, 0.6201209430493877, 0.21345645802929492, 226.9599665401756, -115.16855736854357, 199.84430773291544]"
17.595559502304774,22.059938107720967,0.9878597718146666,0.9115201780993507,True,False,"[0.8518643169900196, 0.7904701461916749, 99.94131164476549, 105.03829697400626, 289.5132033126248, 0.6430493135238501, 0.24826810763195772, 224.23949274039614, -115.33633447169811, 196.98538943085316]"
17.50758170479325,21.84770976351402,1.0,0.6594130858185312,True,False,"[0.8329943067156176, 0.7276394044989735, 99.93916277539778, 98.2438398589136, 289.0845278309315, 0.5976405679413425, 0.27774389756117807, 223.74171739539472, -108.10808806580296, 194.25894026052114]"
17.420043796269283,21.89696954843283,0.9971762296607168,0.727748872793282,True,False,"[0.855993639330557, 0.7421791273580793, 103.92497385163885, 95.55876543562901, 287.2556944456678, 0.6687550346341077, 0.31618829833642287, 220.26568427994334, -113.39328356396497, 193.92222630900739]"
17.332943577287935,21.942238034371236,0.9973917053808586,0.1616433874927331,True,False,"[0.842003195351002, 0.8159528722130432, 105.91634689771075, 98.16380296063566, 284.703645426701, 0.6218586747113578, 0.2620504433336186, 223.69419356783104, -109.84157840892883, 195.6021220238891]"
17.246278859401496,21.77896682457124,1.0,0.4538478381258211,True,False,"[0.7884419025350535, 0.7488356971020871, 107.75819231291989, 94.2428643209527, 288.2962649097273, 0.6693153886365434, 0.22139144687500156, 221.43486591378542, -109.5198485516102, 195.79423642544674]"
17.160047465104487,21.752679801513803,1.0,0.4935274390218328,True,False,"[0.7522225867024268, 0.7355365689928007, 108.56532966423553, 89.31905059627306, 290.6115878321616, 0.6291687205235927, 0.1710776525027534, 218.51256358685788, -107.52435455061323, 192.63711784203628]"
17.074247227778965,21.697843003928867,1.0,0.17727873939420624,True,False,"[0.7221040611887515, 0.7987311800123914, 110.41659236500904, 84.01003997344556, 293.8267593247779, 0.6032965016273266, 0.14620161427958245, 221.3366003977698, -106.06448621459803, 195.61419219483614]"
16.98887599164007,21.773319078119993,0.9955671779369915,0.788403054342599,True,False,"[0.7338875641498361, 0.8655827053423298, 106.68845247328446, 89.92338606711668, 294.3681674702713, 0.6354774975280455, 0.1156833441896582, 221.59312464408052, -104.41142524102533, 198.7858223213687]"
16.90393161168187,21.696418223106193,1.0,0.13821142562644473,True,False,"[0.6801891576333654, 0.7877038002560515, 109.91841321159342, 89.28864609898653, 297.29596252174156, 0.6331140592547732, 0.1086063387670943, 220.0530022383812, -109.90843710593167, 196.21082092936746]"
16.81941195362346,21.668217568847034,1.0,0.17329453735329103,True,False,"[0.6947837467272134, 0.7560154412641166, 112.24656426315867, 84.20070058082543, 296.54631626825227, 0.5657615429964705, 0.14204919710042377, 218.91482248283177, -115.10997326537907, 193.95837602217736]"
16.735314893855346,21.739032048057304,0.9957775000260334,0.23931131100981806,True,False,"[0.7626553762726938, 0.7849159451905782, 115.05470338320634, 91.35037825477205, 299.90128343970196, 0.6345513637737044, 0.175335930458421, 215.68946891113063, -120.44060799373086, 195.98757730322873]"
16.65163831938607,21.707191986677785,1.0,0.507885648947104,True,False,"[0.759260641368753, 0.7946198173794073, 117.3694425869281, 96.95905653736206, 296.6674857652921, 0.6036763165617827, 0.1590616409568267, 217.47274408813948, -118.64986045287228, 194.00134256905434]"
16.56838012778914,21.705395336479302,1.0,0.5851337677735212,True,False,"[0.7427098072599893, 0.71708936372531, 116.15282488733408, 96.5184797402763, 299.8990071950029, 0.6263940343794457, 0.22918750141720762, 215.03054974729716, -110.83626387051174, 197.36989555033858]"
16.485538227150194,21.692269185488676,1.0,0.33113436586815304,True,False,"[0.6750135629711829, 0.7532521269749584, 115.7060378337777, 99.12468156103881, 296.7439715411207, 0.6683569064978939, 0.15518549417816824, 217.89776696651174, -104.99732886792057, 194.83221983233094]"
16.40311053601444,21.673903943580147,1.0,0.7581153582643552,True,False,"[0.6658597852133332, 0.743023553930496, 116.22160498434982, 101.22844224852085, 293.62369991031403, 0.6814841777607769, 0.1609266263941132, 220.01212150402694, -97.64355959635184, 194.29028983624247]"
16.32109498333437,21.709553724752,0.997818107482718,0.34181556085780973,True,False,"[0.7441659164813217, 0.6684288592482894, 118.17807231970147, 96.67397478420618, 290.27782235043367, 0.653753110669016, 0.1791820737384961, 218.24745629859535, -93.95173941494993, 192.71722826133285]"
16.239489508417698,21.73478532354269,0.9984474876798478,0.6284842906942337,True,False,"[0.7913811241281579, 0.6426155183105275, 121.08984095550208, 96.25466845660632, 288.7140464420829, 0.6528365606987027, 0.16967659421063264, 220.9733178065511, -92.99807704753887, 196.33256430475788]"
16.15829206087561,21.709176289059346,1.0,0.7111558147285363,True,False,"[0.7819751677995704, 0.6584263149113537, 123.49896112314366, 100.38459278501962, 291.07141417362243, 0.6951294440507364, 0.18436648030843442, 220.31292152343116, -96.93135737458908, 193.26956682486298]"
16.07750060057123,21.699527214407503,1.0,0.013931805161361166,True,False,"[0.7329995229817612, 0.6746744254694546, 120.22527504210535, 97.71237534432701, 291.29687695546875, 0.7375848497645913, 0.192418691816789, 221.12264295229397, -95.39404622402382, 190.89796063916344]"
15.997113097568375,21.764411495953297,0.9959522150297022,0.9643408348153657,True,False,"[0.7997711176527253, 0.7077859206415238, 117.02882662521907, 100.67884499616657, 291.9525417539458, 0.7077279567564445, 0.2038086057513081, 220.08698650853827, -94.35567571346695, 192.10719264381146]"
15.917127532080533,21.80225798983724,0.997625103195308,0.5520785328980349,True,False,"[0.8475581109922933, 0.6347877943815734, 115.6439035961728, 107.50422825669449, 295.03902246918017, 0.6742924283695789, 0.24106185916300632, 223.31455182716786, -93.6347221080992, 191.5684531700296]"
15.83754189442013,21.801438148761306,1.0,0.5602607405480824,True,False,"[0.7734295085253753, 0.5551860552635957, 114.76721254553911, 111.37727726917784, 293.5732777607729, 0.6609514404242435, 0.24059542704567974, 225.44206551024374, -86.23508750146316, 193.06021006934824]"
15.75835418494803,21.839301361401326,0.9976001452374658,0.5178549313654429,True,False,"[0.7614206222676723, 0.5992938254977662, 111.05270304572355, 118.96845883427741, 291.2739313896567, 0.7369874840733665, 0.17017192065985465, 228.45538826820416, -85.56477682071746, 193.0821266094743]"
15.679562414023291,21.74526117105061,1.0,0.8989185829453472,True,False,"[0.7004102571452521, 0.5885161690153975, 111.11261197054543, 110.9695828851418, 295.181796631245, 0.7803116380833728, 0.10892850223272338, 227.78981882384502, -84.5815055275601, 192.39076596473134]"
15.601164601953174,21.75453919368399,0.9994054761555422,0.5724586151454509,True,False,"[0.6555141576762532, 0.5831245359650491, 109.37516993597352, 111.01435548147273, 293.04316487241096, 0.7187559981951613, 0.10728655343568579, 225.00669801129695, -89.78101542954883, 196.02752920892087]"
15.523158778943408,21.712236196611777,1.0,0.026017341918370906,True,False,"[0.6637608183741746, 0.5969255841160975, 112.5394459784344, 107.41554450077021, 294.9701007444167, 0.6727047503300575, 0.12745809099823463, 223.93980051506207, -94.38589238128156, 194.98958182100594]"
15.445542985048691,21.741105020515825,0.9981326741452264,0.3162950305971798,True,False,"[0.6972805063133882, 0.5711554972073771, 109.93357281813573, 111.28449992878612, 293.6749998044107, 0.6128107346184744, 0.16155721602599687, 223.5344377131002, -88.33224849661678, 198.34728270121894]"
15.368315270123448,21.789639769727984,0.9968468768330139,0.6133348440365773,True,False,"[0.7015878620257567, 0.6483664505805257, 109.9560227989197, 117.4941032755528, 296.2405319690254, 0.5889262829723229, 0.16000697405244863, 224.87834453810655, -87.09102498876511, 201.90842670920327]"
15.291473693772831,21.728514252498147,1.0,0.31519578940480364,True,False,"[0.6388050862575125, 0.5928519180719471, 112.16950535336242, 111.1932569931279, 298.6541888223213, 0.5824516219530562, 0.21858599248103738, 226.93412044485527, -85.59467579574859, 201.71885327021025]"
15.215016325303967,21.76785938752977,0.9974173996324192,0.5095185014620824,True,False,"[0.5739061118686656, 0.5410429281054044, 111.70797672076435, 103.99297749156302, 298.27257300730406, 0.540590870220024, 0.2485040745980815, 227.32028949480218, -84.58734303607996, 198.98350570467767]"
15.138941243677447,21.75454451372372,1.0,0.7090305920365244,True,False,"[0.5407981883258449, 0.5654942531079824, 111.51743396589657, 100.92756359475503, 297.45825138223677, 0.6086853152331146, 0.2762619642758697, 226.10776178231637, -85.571409276108, 195.6066258699905]"
15.06324653745906,21.735357451662665,1.0,0.783801747758767,True,False,"[0.47927306824622035, 0.583834860483467, 112.05455777973884, 101.85546537703831, 297.1825542517216, 0.6309843722843849, 0.2314934590888785, 222.99496065596017, -85.96875844417616, 192.42207452982703]"
14.987930304771764,21.647663621668308,1.0,0.962828281487418,True,False,"[0.44041676830268073, 0.6307671970855929, 114.38110580784993, 98.32419623743307, 298.83686792898715, 0.6935137394364368, 0.2224809393668442, 220.23215995087077, -92.53800298152039, 188.8150565763373]"
14.912990653247904,21.72028663224491,0.9951420563558402,0.05385150269161809,True,False,"[0.5094370790663441, 0.615989516705453, 113.31866427912868, 95.72354681103538, 299.81095423327224, 0.7381250993212511, 0.20314614263509345, 218.13463968592418, -89.31025062677465, 189.5983411918654]"
14.838425699981665,21.731630858762493,0.9992357753156861,0.47186715531966894,True,False,"[0.4855760418876609, 0.5786951422667581, 113.44429332481734, 100.24272687024711, 300.8869894288182, 0.7505700641425648, 0.24922523349050063, 221.86149055323762, -86.69860300144747, 191.96676769630028]"
14.764233571481757,21.739625671132515,0.9994586479459313,0.854994563227724,True,False,"[0.45506449570635343, 0.5475889496218014, 112.69117095394222, 99.69015187566104, 303.0496717094372, 0.6881049544434131, 0.32728512128491427, 224.08384488221415, -82.49463201543352, 194.0903640030849]"
14.690412403624348,21.74939924372675,0.999334918458785,0.5693957767693056,True,False,"[0.5153248846786849, 0.5378045941258973, 109.09713006855326, 104.08057437345252, 305.4914709311933, 0.6305010908358784, 0.3181763384978093, 225.66993473908678, -82.40431151067537, 195.74553335012118]"
14.616960341606227,21.750209657084483,0.9999445581794579,0.1445418709737184,True,False,"[0.4845274208557638, 0.5409646948909816, 107.43571962210733, 101.42033676030475, 304.40132379631007, 0.6825936289477129, 0.3873848169511087, 227.82935694882124, -89.18269060557168, 197.6619193296226]"
14.543875539898195,21.753099724904622,0.999801306007938,0.9626434910565154,True,False,"[0.4279530081712422, 0.5676022993357398, 111.31633891828257, 107.23134005391215, 306.0345075671797, 0.6289887458682416, 0.3504515379913278, 225.39634944586555, -94.50896597271426, 197.0421587832933]"
14.471156162198705,21.735610089520566,1.0,0.8460141124168759,True,False,"[0.44336286085718934, 0.5333828328687045, 110.89297270283157, 101.0027773535202, 303.25033837829926, 0.5756657349036396, 0.35708449798030245, 224.61873810945912, -90.93753014210033, 198.51419907149372]"
14.39880038138771,21.741941408486976,0.9995603850997528,0.7776995239337154,True,False,"[0.4364107916433077, 0.6095325723890563, 111.0923596283128, 103.70234880530617, 305.92436119379073, 0.6275856831561422, 0.3364651169533508, 224.09919442534292, -96.76458559624805, 199.1578341662446]"
14.326806379480772,21.71971020907617,1.0,0.3891234252953678,True,False,"[0.3643143787825839, 0.5644795917762964, 114.37584726950706, 106.48543357178654, 306.73022273827553, 0.6905453509989806, 0.40619924391190165, 225.30524115871418, -91.34983392135494, 198.84441166482506]"
14.255172347583368,21.669563843642177,1.0,0.5108167976640794,True,False,"[0.3277428372219017, 0.5878024017853674, 115.93303968763036, 101.44380570154158, 307.48944268322896, 0.725122862458198, 0.4156784277571574, 224.30349531267348, -98.02126945234988, 196.06786408038568]"
14.183896485845452,21.677919838904756,0.9994110550356419,0.9190986387008088,True,False,"[0.2937722325221942, 0.5803485255350567, 116.15269544243021, 102.1534257450747, 308.4913302167494, 0.694803875617919, 0.4194400440894832, 223.0753100125603, -100.01550074518175, 199.47907092558052]"
14.112977003416225,21.66425656594697,1.0,0.42507894774360755,True,False,"[0.34390051780399394, 0.6447258345737875, 113.57047206602623, 108.55236455452004, 305.7616444783676, 0.6678406155773574, 0.4010673513240997, 220.55496198797698, -107.36081039644036, 200.01687141040625]"
14.042412118399143,21.65705633414896,1.0,0.6896098263524049,True,False,"[0.41066086618313546, 0.6925017449977733, 112.00699569913644, 111.74904307915673, 306.9155222600304, 0.6649680564425673, 0.34210106987248884, 222.55344456957675, -104.40398732540464, 200.29912904332946]"
13.972200057807148,21.65577984597379,1.0,0.9445409325673857,True,False,"[0.37154774642591015, 0.6810002009224756, 114.70468805901757, 104.10210037950283, 303.63818802396486, 0.6740545150267119, 0.36016512315385313, 221.4734470073656, -101.50263714432715, 200.90836036785038]"
13.902339057518112,21.671213230764497,0.9988904873219726,0.07474567658418463,True,False,"[0.38031053152147826, 0.6251422816201944, 117.49433353926933, 107.76132962161535, 302.42429337316304, 0.7346726745816302, 0.31348920493827803, 224.96430477755848, -96.62662074148056, 201.51043459858747]"
13.832827362230521,21.66193523502129,1.0,0.7732997997010188,True,False,"[0.42079191035890057, 0.6606104591775066, 119.5510727194797, 107.86641215014212, 305.74911868997725, 0.6934150895078048, 0.23564903605773438, 225.8881358381368, -97.42509650753354, 201.32167143650832]"
13.763663225419368,21.658327413368895,1.0,0.6206156953978201,True,False,"[0.4308869592560255, 0.663208049758906, 122.14165011602832, 110.78916895967026, 307.7204411662941, 0.6634135763355558, 0.23217991760501439, 224.425506686432, -92.14474285089496, 197.77775094934012]"
13.694844909292271,21.723684391140974,0.9952389916136657,0.4187035419029569,True,False,"[0.43975520476142316, 0.6175678092782063, 119.30884921372324, 115.82149928314814, 308.37518876292916, 0.5942222110038714, 0.2767168268595025, 220.60328997865727, -98.10779423814809, 195.08771171551246]"
13.62637068474581,21.718577245382793,1.0,0.812283896593373,True,False,"[0.4812661693619084, 0.6663749122428492, 120.51910812607117, 113.1468909628847, 310.5280812605145, 0.6721767152042505, 0.29703558735606017, 219.14734678393427, -94.94062093986801, 198.96436209367909]"
13.55823883132208,21.704379188074395,1.0,0.5348500798319327,True,False,"[0.44441990046028373, 0.6348988435863284, 123.90837660980439, 110.09418216273511, 308.09930071750506, 0.6417365244995155, 0.3149046792145312, 221.84373331055625, -102.36693709795294, 202.37346991806174]"
13.49044763716547,21.736795968635352,0.9975999414721475,0.4999073830117282,True,False,"[0.42280410603982366, 0.5857712179197958, 120.41402322830339, 111.60450601317005, 309.63714846448033, 0.6254682681969631, 0.3860248054673726, 223.23171935302616, -94.65293265752956, 204.90608656568526]"
13.422995398979642,21.702590157116095,1.0,0.8216575729061625,True,False,"[0.3950758559825976, 0.6481186885202913, 122.95107917266769, 104.56894283163781, 308.40344528088565, 0.6147667585976939, 0.37206112508471606, 219.4483494945393, -97.74414390474767, 204.04054446941703]"
13.355880421984745,21.704130622077233,0.9998846668225978,0.15263275665964438,True,False,"[0.437963014036551, 0.6286038991768693, 124.90219666727728, 106.07050070626336, 307.4343770812573, 0.6633738858484146, 0.3173034268217828, 218.88842563135026, -103.61145788599525, 207.55294991994225]"
13.28910101987482,21.684236845426867,1.0,0.1028151813465018,True,False,"[0.3673593025574241, 0.6643369934242328, 122.57770347190129, 110.0276421254394, 308.55963919991706, 0.7030185208773202, 0.3686535757473672, 222.0734090617206, -98.29393418431566, 207.49652672759805]"
13.222655514775447,21.678546983529003,1.0,0.7625543339823623,True,False,"[0.2880160550791027, 0.7266242940256572, 121.4028286786636, 106.31518042271463, 306.6654993404555, 0.6378510957374878, 0.32593612755923723, 218.36184247502572, -99.56042284517699, 205.75830606941685]"
13.15654223720157,21.701028275479263,0.9982927052576553,0.7120027404320141,True,False,"[0.23344033102347772, 0.6611986674704664, 120.08814188794334, 105.07710674346069, 302.8824706860657, 0.6739348582921594, 0.2586093361699468, 220.83294696902604, -99.30478878150605, 204.7124362306686]"
13.090759526015562,21.68918150454811,1.0,0.7182083716586675,True,False,"[0.3122201979362812, 0.616461701752476, 116.31832124780051, 97.49723367365776, 303.6929390519432, 0.6009462537559214, 0.1965384797369893, 223.91101313941206, -104.22327587548854, 200.92594822728552]"
13.025305728385485,21.67930698201783,1.0,0.3211945281812193,True,False,"[0.3212380320777014, 0.5926049100162976, 115.12572170544522, 93.75792051093141, 306.86048865695585, 0.5699718418893145, 0.1463897547404031, 227.74713761686047, -97.95552680927291, 199.61593251936887]"
12.960179199743557,21.693558987202472,0.9989009278699917,0.736355117080308,True,False,"[0.3433981191448468, 0.6409693330567612, 112.76661623633687, 87.02301776442783, 307.28911064421897, 0.49270007032137864, 0.1416502776864246, 228.31133910708013, -100.35802692606583, 201.62407249990852]"
12.89537830374484,21.746481958883223,0.9959043837090672,0.8123842386762478,True,False,"[0.34726577062740327, 0.5820405788942565, 112.29027413810233, 87.8671704877741, 306.0034360013305, 0.5088633144038912, 0.19576470314818395, 231.03728687053072, -95.60385026824866, 204.84547734947722]"
12.830901412226115,21.713336874606945,1.0,0.8497068574531977,True,False,"[0.31007989129359675, 0.654036729582774, 115.37412594387077, 95.3955775124013, 304.0104672656997, 0.5428411601860439, 0.20273264334193075, 232.9582714842208, -102.35961475640303, 202.06981614137237]"
12.766746905164984,21.672016950441453,1.0,0.5811616833369323,True,False,"[0.36589862039168847, 0.6421361683371788, 113.66257621143626, 97.99108690059876, 302.75548330473015, 0.5999145627191678, 0.13399876000546668, 231.06449749356003, -104.94922243839798, 204.09497030638659]"
12.702913170639158,21.6759516223785,0.9996903023288141,0.4908060950268801,True,False,"[0.346460717372371, 0.5779030778713287, 117.52218568710435, 96.46854788904601, 306.6753114179073, 0.5868676224986772, 0.13078363331324755, 230.99045968133404, -104.55557508807001, 203.51000673857402]"
12.639398604785963,21.676155343080346,0.9999838822188895,0.6014201792396243,True,False,"[0.377124250640939, 0.5367507061795582, 119.23761601535712, 100.24788182408193, 308.21128418180865, 0.6668123005249241, 0.13882276125319692, 230.41876091964673, -100.10280752366086, 200.7604960774366]"
12.576201611762034,21.673770875934927,1.0,0.5356708685768397,True,False,"[0.31236197660336207, 0.5648608334697304, 121.10075372826759, 98.0508499168946, 304.7526754995287, 0.6033227431716741, 0.12918139707015924, 232.80594052927503, -106.68711053208254, 201.0804047502112]"
12.513320603703225,21.700017217983046,0.9979047259615029,0.48730849337320425,True,False,"[0.31345002129615507, 0.6096116966791296, 117.99351669938424, 94.99079558821948, 306.6013800557834, 0.5550056982432453, 0.11450734548363452, 233.42330113185855, -103.69970634600782, 200.8407652805833]"
12.450754000684709,21.672278525043193,1.0,0.2243131327062745,True,False,"[0.3616178577434091, 0.6405269173796736, 114.93699218617289, 96.86048464566022, 306.49335902142093, 0.5568193403305857, 0.19349926997559258, 232.79458109546337, -100.25697629099895, 198.767065074377]"
12.388500230681286,21.679974677181733,0.9993789593626167,0.2968429062167549,True,False,"[0.3821005736421883, 0.597347049173863, 113.1180378196191, 103.77348871466401, 309.35860458855274, 0.5750501854017038, 0.24598203730012602, 229.47978545791824, -105.28231129049767, 201.15757429946325]"
12.32655772952788,21.743591864330867,0.9948523093876666,0.44444227662994285,True,False,"[0.3506623951119056, 0.6194327025668511, 111.64508260114825, 111.74564284930484, 307.8119248323673, 0.5839504059174827, 0.2623300489609977, 226.95727503996903, -101.78866638044597, 199.42082780403018]"
12.26492494088024,21.727409482046028,1.0,0.34809037222873207,True,False,"[0.4191152629468367, 0.6131565386950888, 110.95976089462627, 104.58833977620434, 304.87629211605, 0.5928163242946469, 0.2699235904251434, 225.5663600213273, -107.69071150317488, 199.89244625721193]"
12.203600316175839,21.692821304825998,1.0,0.8459809946205548,True,False,"[0.3954707264436059, 0.6842533444448013, 114.01375077400797, 106.66250811715304, 307.2363821804122, 0.5600921251705278, 0.3102422306652591, 223.61767815704576, -110.86778491461395, 199.26495287875403]"
12.142582314594959,21.650411733367644,1.0,0.6697454180419544,True,False,"[0.36964630174108604, 0.7471614402695936, 111.05983012368038, 112.57191476076257, 303.76700215863633, 0.6235016608628274, 0.310802332057868, 226.82548939400155, -113.03463699534586, 200.71974879574813]"
12.081869403021985,21.64523386061291,1.0,0.14818142464597706,True,False,"[0.37536122601352273, 0.7986770211023633, 111.35417485824388, 119.52121344532557, 304.10377261370326, 0.6771923347337536, 0.34071465462660666, 228.1889541992049, -118.70449290851535, 204.48512939006517]"
12.021460056006875,21.56913289303816,1.0,0.972494485709378,True,False,"[0.4293164571810068, 0.8495307852415585, 110.6410756113813, 124.58930898417692, 302.8857757476253, 0.6733104285258599, 0.3407729969201815, 231.77315253269305, -125.79095232453413, 204.97533942663483]"
11.96135275572684,21.579102689317843,0.9991668465330731,0.7103157806924608,True,False,"[0.44584021528495066, 0.8201811972792834, 114.38730895657213, 126.76235536999218, 302.2071383944124, 0.6048924890164549, 0.4011345600874423, 229.53104129277378, -129.81640950873185, 202.58138687816566]"
11.901545991948206,21.519573924947608,1.0,0.7274523227041676,True,True,"[0.44951892876533694, 0.8861975749641035, 114.25433843663077, 124.30629844331553, 301.55566624306414, 0.5569776679290663, 0.44326306168858337, 231.7680187186781, -135.65854023219774, 200.30521429590152]"
11.842038261988465,21.520447159317584,0.9999262625102869,0.8531283393460072,True,False,"[0.4202217974777419, 0.8569853307617046, 112.95787186966176, 118.86922683412692, 301.92106644845677, 0.5730138733860954, 0.5159234797497286, 232.24917808288123, -142.6205331620091, 198.68022374051645]"
11.782828070678523,21.5262343485726,0.9995089660775086,0.6371663728967953,True,False,"[0.47674989296301895, 0.8632463998595542, 110.79878803921166, 122.33411799751387, 301.0267656828832, 0.5754982750597837, 0.5155283888558702, 234.32335668016898, -146.07947328320037, 201.7397231633911]"
11.72391393032513,21.538374778986004,0.9989650088884626,0.9660431240103101,True,False,"[0.420125387180332, 0.8241641994222996, 109.99444419319427, 117.90498405531184, 302.5189500241393, 0.6190286637904232, 0.44978505587689027, 233.11405036776569, -153.81914371991772, 201.00101625001182]"
11.665294360673505,21.65092685505502,0.990397941291767,0.2463794971493487,True,False,"[0.37117679092033173, 0.8178456650778768, 109.15051768674988, 123.07376572783035, 300.08505114548393, 0.5484419327346662, 0.48889057215648457, 234.66662928733732, -146.49302994259338, 204.64838981395147]"
11.606967888870138,21.57263143035614,1.0,0.6271144096627296,True,False,"[0.41457990300545905, 0.8258622552854368, 108.34198800466893, 120.87824570553096, 299.21881086912447, 0.5415801767124341, 0.4228240937820764, 238.5885297408456, -147.37723813908258, 205.31476972237238]"
11.548933049425786,21.61648565337503,0.9962099472455905,0.4838387854011451,True,False,"[0.36772921383546836, 0.8135357968860264, 105.60446081725993, 115.21553302752233, 298.89634206378463, 0.48914737457377755, 0.40529268550296504, 234.71118996394563, -144.49292909948994, 206.74470015204503]"
11.491188384178656,21.67504868915231,0.9949166214708075,0.6464530038239603,True,False,"[0.35394259378474613, 0.8168679820096184, 108.81992751956894, 110.82996251459365, 295.7947978967031, 0.5540694646862087, 0.3898069229768462, 238.55461165701175, -141.03251642057685, 206.93811933110598]"
11.433732442257762,21.61633641754698,1.0,0.09471310863728122,True,False,"[0.3659791284724155, 0.807429278552452, 105.60390852748688, 117.67398908563695, 291.8196416915055, 0.5686017201446025, 0.43218972650690757, 240.12891356317795, -146.18114348491375, 204.50550149954725]"
11.376563780046473,21.644860243120927,0.9974958961343575,0.45455286768011904,True,False,"[0.3399154343941765, 0.7772921303068328, 105.37138404377069, 116.98941054009656, 290.2874418942404, 0.6477298460400229, 0.48165696516442086, 241.93491599859226, -141.99165533160473, 201.21930269274125]"
11.31968096114624,21.622491310193418,1.0,0.8978744631738307,True,False,"[0.34713207245453936, 0.8433693932809806, 102.00709797040497, 111.27269981942871, 288.24217060569765, 0.6162403962665876, 0.51671755622538, 238.75930397629736, -135.13014488828253, 200.4919142531303]"
11.263082556340509,21.496555914164,1.0,0.2384980321000436,True,True,"[0.38916041121634887, 0.9016092905102154, 104.68689776126627, 105.8508317934753, 287.21490943391603, 0.5544663737513646, 0.46331111136904457, 236.22648477621314, -142.3441422866728, 199.00968376319906]"
11.206767143558807,21.489144166578413,1.0,0.5600683543291102,True,True,"[0.4562158748592176, 0.8663276112375974, 108.15952502296349, 100.13432843670564, 287.9176922935809, 0.5181361284520595, 0.4037041807620556, 234.66491765364185, -142.75104505587095, 195.1354977745767]"
11.150733307841012,21.57081821127154,0.9927022143922719,0.5636206777200783,True,False,"[0.5067866888945539, 0.8545743122246452, 107.79748426634889, 104.6018098197099, 283.9927888209558, 0.5642235496540056, 0.3695107610402732, 235.28305190936084, -135.14849315777846, 194.58428126403317]"
11.094979641301807,21.58719414912112,0.9985251114408321,0.8587412528991526,True,False,"[0.5203599811458371, 0.8329929626679281, 109.07665564776039, 103.98510052823023, 284.8137841462292, 0.6092739048828405, 0.3635746203057677, 235.5364044524622, -128.10485522890775, 196.1257325463705]"
11.039504743095298,21.597473572753906,0.9990692844000209,0.0803288579291902,True,False,"[0.4653194674295793, 0.7842183905311295, 108.36534515010474, 104.84858390615834, 282.4834604787503, 0.6479473302444679, 0.32664424796124786, 234.5778165594546, -120.19806597565213, 198.5803957266053]"
10.984307219379822,21.642827909574756,0.995879500604377,0.6140067827186305,True,False,"[0.5391176646254284, 0.7586023260010889, 110.80052828519571, 102.60621799401864, 281.0497382705007, 0.5832239845719126, 0.39945420498129436, 237.9284803870836, -113.94717620056653, 199.84758519496833]"
10.929385683282923,21.66905475749338,0.9976032133892522,0.8196370696333625,True,False,"[0.5838768680860641, 0.7377386886738766, 114.3352684148533, 99.97077792829633, 280.8163991529026, 0.6198952994622653, 0.34063372436928263, 237.35277837844876, -109.59080946605587, 202.5916151592818]"
10.87473875486651,21.730185983630776,0.994394373274954,0.49599396059787215,True,False,"[0.5738789217183133, 0.6583233104680085, 115.31803651552916, 92.73898041928273, 282.1543084228393, 0.6024068828256313, 0.31283494346133667, 239.1906185656284, -104.30061666455444, 205.48539602268804]"
10.820365061092177,21.750809785909695,0.9980957980638608,0.30142803778475546,True,False,"[0.6285871438119344, 0.5930110862377809, 115.85233266073736, 98.81260886929468, 280.4770955115267, 0.662382669264505, 0.31083729300295293, 235.88855620488113, -108.6018190767456, 207.26361132824462]"
10.766263235786717,21.748024009130553,1.0,0.03152083877244505,True,False,"[0.5686143360003459, 0.5245506228297505, 117.58251512244642, 103.21582955190985, 277.64825683935817, 0.6619390145372789, 0.273313345326364, 232.39833091834106, -105.313871919966, 204.25384770810206]"
10.712431919607782,21.731496841564656,1.0,0.9492086236439986,True,False,"[0.6054973450675739, 0.5866736561293765, 120.54200224452336, 101.89439336053, 279.01675118445417, 0.6638085193908985, 0.23701679255584904, 230.16160989993864, -97.76442723203932, 206.56905429359074]"
10.658869760009743,21.71990991800509,1.0,0.0652542651376764,True,False,"[0.590324534411821, 0.6511110469574957, 123.88630469118206, 99.05489491868266, 279.00325133425275, 0.7267280338482819, 0.29237620997371294, 228.3571870989363, -90.23373302673261, 210.35687058857366]"
10.605575411209694,21.671282042648485,1.0,0.7447519112180133,True,False,"[0.6145485331897866, 0.7139684822050082, 120.75475254678291, 98.41005624679475, 279.91137579858815, 0.6803398372896807, 0.2582019531456099, 227.47875830478554, -97.42218501252032, 213.53444970542267]"
10.552547534153645,21.72363617425631,0.9950510078988424,0.3414304095675438,True,False,"[0.6855876101098799, 0.7449968650817904, 123.66616920370589, 103.42050032857175, 283.7413711063831, 0.6725639654124045, 0.22641870099631412, 226.73354442200264, -92.09095835970459, 215.2926021083195]"
10.499784796482876,21.699983790570997,1.0,0.08709817196139424,True,False,"[0.6577797931834242, 0.6820543043895969, 120.58938185370944, 96.23033780012614, 282.45925074753444, 0.6264744921564721, 0.2891715579129698, 227.56573354584611, -89.35962453879927, 216.89119325500215]"
10.447285872500462,21.730517970775992,0.9970815766849331,0.5345899986449718,True,False,"[0.634152615549026, 0.6387260446884031, 120.63421858058774, 95.9382849173789, 281.184776158686, 0.5685119534861645, 0.35416682381740466, 230.8472831138942, -84.02251450478497, 217.00014482609205]"
10.39504944313796,21.751535623403996,0.9979801520561512,0.6513317373003102,True,False,"[0.5991896300085963, 0.5999895242822864, 122.32199332073473, 97.80432851193288, 281.3532806858897, 0.646693604314891, 0.36778918342525224, 227.85127588020313, -78.60811835253989, 217.4694469418114]"
10.34307419592227,21.70422865676729,1.0,0.12451214606105787,True,False,"[0.6464707847579525, 0.6765416937599473, 120.2182977575768, 94.59505851835937, 278.41345860431943, 0.7186891110915259, 0.29153348576557925, 231.15676292196565, -81.06967770483465, 220.8341206265004]"
10.291358824942659,21.715231659839315,0.9989314216493567,0.6729725448133204,True,False,"[0.6924315083691704, 0.6950915508754671, 119.14744066429265, 89.73889297661636, 279.08209831022293, 0.7094016465570449, 0.3226894880127623, 231.89594733144966, -82.41616609236515, 217.41106876487873]"
10.239902030817946,21.773594397762686,0.9943166709131558,0.7065141309362784,True,False,"[0.7143847662694542, 0.6651448317641917, 120.28689566749782, 88.66768592211712, 277.09626100445155, 0.7506032288069695, 0.39770801745777945, 234.56070911230287, -84.5412049329379, 215.72235044652882]"
10.188702520663856,21.71979888441244,1.0,0.6092063274506653,True,False,"[0.7007728295730782, 0.6727376114255541, 117.4835457728669, 90.32442796540508, 274.0642442012683, 0.7641590694817908, 0.3562839836276112, 235.4570823167873, -88.89375433920964, 213.80080796891218]"
10.137759008060536,21.69201812005028,1.0,0.03350511963232006,True,False,"[0.6289881930760772, 0.7018313718057805, 115.7588634936319, 93.99492074835482, 276.466116173376, 0.740166929403172, 0.319319747450542, 231.49348675782903, -84.5917507727345, 210.66606242901105]"
10.087070213020233,21.706174599292567,0.9985975561002725,0.8862621779714935,True,False,"[0.6796588976598819, 0.7150416201216223, 114.12203970926676, 92.06576913493817, 274.22483834718565, 0.8099283906481798, 0.2575115650355759, 229.71104678566226, -82.69233754021926, 208.0253288306715]"
10.036634861955132,21.701625700096713,1.0,0.9849940222361934,True,False,"[0.6517244840443265, 0.7699410199037439, 111.69031630937671, 95.29180328853161, 275.4386797530922, 0.7760273984623175, 0.3118290307639189, 231.49014553995562, -77.49288220153579, 209.70658816885847]"
9.986451687645356,21.721547874197867,0.9980070683404415,0.11498165214640765,True,False,"[0.6913596066539514, 0.7183127780002486, 115.27708448846973, 92.78493649156162, 274.52786398373195, 0.7091895935328896, 0.2786478663614873, 227.97783175871956, -82.56947060754916, 207.62751851959595]"
9.936519429207129,21.716273287148667,1.0,0.1767523349196125,True,False,"[0.7067967935185989, 0.6900319267146179, 115.32270442907681, 88.98324200449485, 273.9135551392521, 0.6358925072609478, 0.24420387117719317, 230.37751676657, -83.75904687353503, 204.91741359740226]"
9.886836832061093,21.709789160571194,1.0,0.7196944135504,True,False,"[0.6612153788373688, 0.7550127796709752, 114.10063868693867, 91.89228088364874, 277.2132893770131, 0.6627488650964545, 0.20310521378316837, 232.53309623117482, -75.83750342634245, 205.53843416943081]"
9.837402647900786,21.71319999510916,0.9996533390545961,0.5666099594212167,True,False,"[0.6333309673343843, 0.7751848168159101, 110.63166374405039, 97.02535002410642, 280.62865844892843, 0.6632269057767013, 0.24385740617190202, 231.67113917129402, -70.6005438543967, 202.87202080273406]"
9.788215634661283,21.723394350278472,0.9989590494612249,0.18904472493920377,True,False,"[0.6558306988983804, 0.7480395695358025, 113.80024512820162, 103.88998153435645, 283.8003160810795, 0.6001399188017329, 0.21841019308632523, 228.5068901653884, -77.22843386720933, 199.42884770159947]"
9.739274556487976,21.694303336121447,1.0,0.829128394038809,True,False,"[0.6166440737346948, 0.79083694176816, 113.87326048513047, 98.8697929769398, 283.5179836406318, 0.592610169779473, 0.14846775612003812, 227.6976417181547, -77.55961284730925, 202.14687758432765]"
9.690578183705536,21.63927444882718,1.0,0.9919970017820705,True,False,"[0.5372313228460724, 0.8262797789752065, 113.43771113621654, 101.06545525777645, 284.965635758002, 0.522168340346557, 0.13085599874600712, 230.5262518185021, -80.17170425675819, 205.39032801818502]"
9.642125292787009,21.66524708497922,0.9973099616539333,0.6640566249641382,True,False,"[0.5827846237190132, 0.7930323317588426, 115.7080655561258, 98.12784108786926, 288.75873707379895, 0.4968429600706083, 0.186161120110322, 232.80490355311386, -81.47386626559289, 201.91790496794383]"
9.593914666323073,21.668186652736086,0.999693647737709,0.03147723745329489,True,False,"[0.5689616391238811, 0.7746370120086117, 114.7776475859329, 99.02388954399581, 292.0687016402385, 0.5747899043604716, 0.2432252468893828, 233.145047810996, -82.09679406422892, 198.14594449786944]"
9.545945092991458,21.69609929176876,0.9970802398508473,0.6844991598553435,True,False,"[0.64040775900338, 0.7952681431119917, 111.1478180289353, 95.02283999060938, 289.3265831820053, 0.6125666519175379, 0.17969971056350215, 230.44762816639553, -78.84706943806586, 198.7826075463463]"
9.4982153675265,21.756831962825864,0.9936262849298777,0.929533620568858,True,False,"[0.6696536548631506, 0.7228888534898029, 112.28043920402789, 100.5150664620538, 285.7278636142199, 0.5545054213718368, 0.11894268339366354, 233.86524120252076, -71.21112737018123, 198.42023919468295]"
9.450724290688868,21.712807341486076,1.0,0.5559021654669296,True,False,"[0.6605137602268424, 0.791141422942551, 111.01538210316924, 94.91398148743569, 288.6960271070119, 0.5504344390213376, 0.13510891008259204, 234.14766033775132, -77.2022940160747, 197.35945645165185]"
9.403470669235423,21.770496603955465,0.9938838895595957,0.45801533693752217,True,False,"[0.7197507252999984, 0.846859528227883, 112.78543474185534, 95.22920993340806, 285.8726898917636, 0.6105576749830406, 0.14725007865454742, 235.17829764767734, -69.74617812640791, 196.5363723627825]"
9.356453315889246,21.818517887666456,0.9948807245799793,0.039186032529209935,True,False,"[0.7774722378364709, 0.818640552209268, 111.9556768852477, 92.29851598305152, 283.75412190557313, 0.6030184249558448, 0.19555835436841867, 236.83546413843573, -64.8910933596601, 196.54023098044712]"
9.309671049309799,22.102558559217343,0.9699504608076398,0.6984994195914899,True,False,"[0.8561291680554866, 0.8723111033275307, 110.69531446177486, 99.55107864009716, 283.9378255899905, 0.5622665741745716, 0.1528580547506822, 233.40683840038437, -64.33140005275372, 195.5847197291237]"
9.26312269406325,22.095486707959587,1.0,0.15808770700221064,True,False,"[0.8107045110043857, 0.8881242712119336, 107.18496349621019, 102.03531747737601, 287.41586839896786, 0.5451173750313228, 0.2180397159214269, 230.8799735776297, -61.06915385737915, 195.28168944125633]"
9.216807080592934,22.239120709765636,0.9845368790690153,0.3366721870808145,True,False,"[0.8441675613635712, 0.8959393596644257, 110.8966889058442, 107.37701479136467, 287.9954059734887, 0.509781622021799, 0.17117711797328225, 228.5859263482947, -66.04053363037379, 197.82063042674207]"
9.17072304518997,21.97114340529407,1.0,0.3118208760357758,True,False,"[0.8220860181271005, 0.8348549289792025, 111.28724668916534, 110.48777003202018, 290.5469530642876, 0.5896612182563098, 0.10002815341593738, 232.3721920461967, -68.43217764969854, 200.99058334893064]"
9.12486942996402,21.87357958290571,1.0,0.9183444606667319,True,False,"[0.7978415872009726, 0.7701298355889751, 112.28821073474623, 114.80064506606824, 293.64064846375163, 0.5514780081109968, 0.1145547662823367, 228.58681154343066, -64.64094429532291, 204.10162522051]"
9.0792450828142,21.924875912620312,0.994366085109116,0.47707852552539587,True,False,"[0.7956462715394477, 0.7907219874445118, 109.61876464528792, 113.21758860052827, 294.5382727031997, 0.5508042098638241, 0.14729272476085764, 228.88501116480262, -61.39909111051159, 200.5273009250012]"
9.033848857400129,22.051889334252905,0.986038652327429,0.7566582401391675,True,False,"[0.8456828513129436, 0.8466136410479337, 111.00311166607989, 109.10496365200473, 292.115926674318, 0.581007350177235, 0.19836559350507743, 225.17438538989583, -59.924162584147474, 203.3426868120266]"
8.988679613113128,22.061814084812816,0.9988964704660264,0.6624939565637229,True,False,"[0.845578960486572, 0.8373980123156521, 111.91475109351364, 112.07020505112541, 288.23489164693603, 0.5302210297302936, 0.1438027942565916, 227.10901395763418, -56.73860304410613, 199.84418613559583]"
8.943736215047561,21.97717805634469,1.0,0.5294098868770543,True,False,"[0.8376121818008984, 0.8000486086078001, 113.95083336365434, 114.07626806058516, 285.82029145653104, 0.4920153485909446, 0.19857901045836457, 230.66930513624732, -51.820797183338954, 201.01999873173997]"
8.899017533972323,21.88074548442734,1.0,0.24816764440262873,True,False,"[0.8172793476655377, 0.7317671585253874, 111.36587616631284, 112.68221989837237, 281.9945582385735, 0.4968213603798626, 0.19237559790926478, 229.1595421894757, -46.219374642437, 200.37967476034214]"
8.854522446302461,21.961904729694822,0.9908760260384005,0.17805425004987618,True,False,"[0.816209293386074, 0.6846441619613852, 108.16444484206065, 120.24199749025458, 279.54138718346155, 0.5254988280418357, 0.19446385275216754, 232.47399675976212, -41.85047833598556, 199.54411425917246]"
8.810249834070948,21.944858907987054,1.0,0.7553255166502681,True,False,"[0.7964922678055276, 0.752146899840002, 107.48512677014584, 119.06096414506564, 279.77876238724673, 0.5494343796968097, 0.26586812856234004, 232.59130804974905, -34.433462559793895, 203.49866502162186]"
8.766198584900593,21.921107691956387,1.0,0.6268567941985731,True,False,"[0.7873283714518573, 0.7493904137582443, 106.40848416048034, 116.82691827328121, 278.3659567415033, 0.4837107729586465, 0.34151726639086843, 231.48769679948376, -27.777897819076422, 204.58932051246532]"
8.72236759197609,21.933224452530737,0.9986118048470977,0.23600768142669704,True,False,"[0.7861630846292086, 0.781764933796951, 105.76944315938876, 113.14365365573704, 278.6798730873432, 0.548036931494619, 0.34536966790583173, 228.56676579167436, -20.940479672237505, 205.44537983105727]"
8.678755754016208,22.243687138033675,0.9648595634059528,0.4297206933494735,True,False,"[0.8542150633147212, 0.8614288420869539, 107.23689615057107, 108.85467102639826, 277.13063150234666, 0.5157856552928264, 0.4238168623604871, 230.38765065576854, -27.532016390707746, 205.48990564816486]"
8.635361975246127,21.944673491846856,1.0,0.9503392102842023,True,False,"[0.7833676033730989, 0.8186387766639743, 106.30076938966693, 106.78135851304717, 273.8390151092275, 0.5174833838140928, 0.4251068947609403, 231.1025509130847, -31.87203167227757, 204.28809084641833]"
8.592185165369896,22.138460818432637,0.9776985330900372,0.3539560688231015,True,False,"[0.8519864902789865, 0.8493833680079521, 104.77291463675132, 101.36739101228179, 271.43240145164935, 0.46855830337325266, 0.4708125657030398, 227.1304269016686, -31.246174590618267, 206.271063150416]"
8.549224239543047,22.130405561423352,1.0,0.01120315920564996,True,False,"[0.8071821523945935, 0.898144889204175, 102.62283866458989, 93.43889951947412, 274.5624231943003, 0.3935370785537658, 0.4317924749941452, 223.8316503623653, -32.21448766069529, 206.52263247003378]"
8.506478118345331,22.02115988166576,1.0,0.9964479734123425,True,False,"[0.8235032433078613, 0.8384595246098031, 102.85382720239114, 100.73633871392178, 273.19407383751377, 0.3174174761125494, 0.501904824852329, 224.98550295465066, -32.21364995578314, 209.91387391236742]"
8.463945727753604,21.97907644793873,1.0,0.28791594737137594,True,False,"[0.8143083729215356, 0.7990467382146059, 100.59728600823851, 104.66823553637852, 276.487527504228, 0.3696250899886721, 0.4552219517683432, 227.84768404852744, -34.01618866248333, 209.02559870217854]"
8.421625999114836,21.89369312410192,1.0,0.2980746809078818,True,False,"[0.756686747324608, 0.779886999431306, 101.60724446964151, 110.19960765503018, 278.7901809952889, 0.32531257875931363, 0.4168242635409972, 230.76547113496122, -37.70418930615955, 210.63014964387858]"
8.379517869119262,21.789771633223957,1.0,0.4898824475224093,True,False,"[0.6949038412332642, 0.7221628578626188, 102.56950811644953, 105.3549225045821, 280.446918688944, 0.34469099908141315, 0.3608050535799661, 229.17498211155996, -39.462159955342386, 211.49691840098365]"
8.337620279773665,21.827431216794064,0.9954933590980227,0.004277803303448069,True,False,"[0.7565049543671654, 0.744190430644678, 105.71094258932703, 103.49212303054442, 281.13381179167504, 0.3755575540314783, 0.3756698642228772, 227.47455412216271, -31.717174393099544, 215.09366826815352]"
8.295932178374796,21.872005401116407,0.9946413918742976,0.595140166839103,True,False,"[0.7400164149199637, 0.7861860822169989, 102.75843264406554, 110.54699315015422, 284.4501873812073, 0.3712540978830865, 0.35649428298481767, 227.39416661103994, -28.59436540352217, 216.84717826239202]"
8.254452517482923,21.80701165667312,1.0,0.21319348437692998,True,False,"[0.6822957341899367, 0.7365184484330195, 104.06634099592449, 113.49225255299031, 281.0143358737267, 0.3303353912103295, 0.3728253966398643, 229.5770500480909, -29.127765346692435, 214.21835192676323]"
8.213180254895509,21.840600829958774,0.9959186841743706,0.41037962148418095,True,False,"[0.7087277897382073, 0.7687522111463831, 107.04300720769771, 116.65539247132985, 278.0859213387108, 0.3906278770796111, 0.379869728685288, 231.1972210567654, -29.085618293532452, 214.18469059473668]"
8.172114353621032,21.87370417752426,0.9959574242885288,0.8836134764795419,True,False,"[0.7494865013655634, 0.7075209545568756, 105.63210730281348, 116.5759738290627, 275.6188708734796, 0.4250111869366861, 0.34593325797357766, 234.8721906638457, -30.07092562624119, 218.12889203742355]"
8.131253781852926,21.822603725420763,1.0,0.2949816983890773,True,False,"[0.7055234276855998, 0.7013944909035511, 108.93179634134543, 118.20604544719671, 276.8983246214257, 0.3794511393420279, 0.3773584226728907, 231.2047385660479, -27.949110084603287, 216.06960857234807]"
8.090597512943662,21.811525958503854,1.0,0.789884668966397,True,False,"[0.7569401993260638, 0.6301363396997546, 111.82740582822956, 113.45519343860897, 276.39727527766104, 0.3491658232722421, 0.4448237095483396, 230.00455708649037, -30.35746615991311, 219.9302027724074]"
8.050144525378943,21.801755003178855,1.0,0.2548817378032794,True,False,"[0.7455226008975824, 0.5531488717709938, 111.61020094369202, 117.08063617865585, 279.17143820539974, 0.3705896803468959, 0.5138110361723922, 228.1705867777414, -31.556334917747208, 220.99924583433423]"
8.009893802752048,21.777235286523577,1.0,0.9025663388270533,True,False,"[0.680702491736435, 0.5665460839135326, 113.5338268090912, 112.43917841354926, 276.48118349808254, 0.3741224639473246, 0.47973689474275344, 228.31329089931856, -23.756291727926765, 220.77569729355363]"
7.969844333738288,21.8108947331868,0.9957855552264777,0.4443670718827374,True,False,"[0.6937336807148087, 0.49220412198674224, 116.85110536942872, 108.57932213560304, 273.61938409913733, 0.3343937783387389, 0.508887839284415, 231.423760477692, -23.630249632248933, 224.26816806563372]"
7.929995112069596,21.7396364729093,1.0,0.9919644068488767,True,False,"[0.6505724232215312, 0.5597438825781157, 120.35811050589606, 105.63661025622702, 273.8097233320083, 0.26768208321836673, 0.46923883318354104, 232.65985498370011, -18.479094807866893, 226.8763703475738]"
7.890345136509248,21.762436593590206,0.9971145482079116,0.43499983275101295,True,False,"[0.6402576152977474, 0.5796769899554961, 118.41626534636423, 111.89485791571866, 273.95628743695534, 0.33582239225449406, 0.507127637465556, 229.95314890427161, -22.965927268479394, 223.21073855888943]"
7.850893410826702,21.78627435774967,0.9969682926432057,0.31157425118203497,True,False,"[0.6103599983999716, 0.5203608752768786, 117.23463079965458, 108.58423155044306, 277.5949747127776, 0.26837951240505686, 0.5762201154114619, 232.49273893167634, -29.177178126966226, 226.71504064192428]"
7.811638943772568,22.02403146311751,0.9700222554103295,0.36873323269375735,True,False,"[0.6864130728060136, 0.5311402940266858, 115.51663291180358, 109.31372703723156, 275.1232420144663, 0.21917436646679753, 0.6245852302157882, 228.6401580947713, -34.247108424195076, 229.74109393570626]"
7.772580749053705,22.017161917174164,1.0,0.7568820544987195,True,False,"[0.7388047948504001, 0.5716586767536879, 119.29008999814812, 107.585690184045, 275.0145333703072, 0.2712582603068029, 0.6402317400787012, 226.18487918400822, -29.434751753262745, 228.3962187869963]"
7.733717845308436,22.013504639871268,1.0,0.08032107342488615,True,False,"[0.7405562275750384, 0.5454352027904747, 122.18438271412398, 109.80001457167461, 272.5926190753217, 0.3290767464414581, 0.6110517602901221, 227.20055140647065, -35.950539345039374, 227.73145765159143]"
7.6950492560818935,22.024027033105703,0.9986335107317315,0.2840624229711449,True,False,"[0.6994158693080967, 0.5616873637300327, 120.6626598550979, 113.06481865839723, 272.90643575920546, 0.3653509059363849, 0.6246962901404617, 228.28281102599473, -36.436707201279596, 230.34960488025655]"
7.656574009801484,21.78192303053481,1.0,0.3658343263848366,True,False,"[0.7425695624424471, 0.6214942309331206, 120.03289660680633, 115.65083663751415, 275.7650765784423, 0.342011297283828, 0.6195287197560865, 226.67071559247736, -30.108456851665665, 226.49089122115043]"
7.618291139752476,21.753300918981147,1.0,0.37493626603216046,True,False,"[0.7430740119113683, 0.5981263642451118, 122.12369272810339, 108.25211050809338, 277.56911274941854, 0.36527874006257866, 0.6271988124884861, 223.29140267566746, -33.16026402184163, 222.6992002879451]"
7.580199684053714,21.760180051924024,0.9990928982453261,0.10438042847020923,True,False,"[0.6756475821568652, 0.6274100576672884, 126.04404109315382, 108.0333185876294, 274.98160313370965, 0.40562677091800203, 0.5607613310078758, 224.480716630655, -26.958510653358292, 221.13311971146123]"
7.542298685633445,21.7264732493206,1.0,0.7913542416282667,True,False,"[0.7216778742215043, 0.5617679622725696, 127.3675595441639, 103.36200874228774, 271.9673481864959, 0.3666902122841683, 0.5435540806351143, 223.4542262880308, -32.70059470622072, 221.33843914754635]"
7.504587192205277,21.735500166481504,0.9987978698791009,0.590972231868127,True,False,"[0.7556397142340234, 0.49578469322228036, 129.1418122711592, 105.17094076669233, 275.7007838104767, 0.42170637188335836, 0.5985303032839597, 227.40184191155402, -37.27049238568205, 223.58572046077276]"
7.467064256244251,21.743620920659605,0.9989130480648251,0.7360609730822458,True,False,"[0.7155458923559173, 0.43002399841469696, 127.56724594191041, 108.51943043216092, 275.48072543004014, 0.41929328059531573, 0.6704474245749581, 229.6227853015868, -42.38481571073584, 226.2258159503089]"
7.42972893496303,21.739780170461888,1.0,0.5780466979025047,True,False,"[0.7341563422576787, 0.4284853722319123, 126.82891017361061, 105.7492881454373, 274.267025473268, 0.4819758181005787, 0.639404885989664, 227.94354216326101, -34.9380968139253, 222.44544714358193]"
7.392580290288215,21.78542081571339,0.9938451739684266,0.8504193607025539,True,False,"[0.6964783825460998, 0.4314780509517921, 128.58110003291912, 108.68963587877067, 276.22553607870714, 0.5191946908369195, 0.6891728079095668, 225.36617326303107, -36.25284224343724, 220.36095691617243]"
7.355617388836774,21.759900357207954,1.0,0.7756135487188793,True,False,"[0.752197835773263, 0.44886104074461053, 129.8034514138129, 104.52177394847371, 275.8657061522995, 0.5011124809524765, 0.6638653247902607, 225.6948910034499, -34.9371696711889, 218.49251601989994]"
7.31883930189259,21.74743290901313,1.0,0.35252698739933763,True,False,"[0.7354468234875794, 0.4023558544148155, 127.18780190941477, 111.76142790269797, 275.23453418053816, 0.42921766964341634, 0.6839930441548527, 227.82930946454593, -40.92021868126249, 218.53576291126953]"
7.282245105383127,21.7488329628493,0.9998077626830324,0.9253292870309607,True,False,"[0.7681356726187369, 0.38162748916035516, 128.77748631725302, 107.96310819315656, 278.8551998274911, 0.4065758612614633, 0.6726981817474014, 224.39404137942577, -37.9471434666777, 218.80612245144704]"
7.245833879856211,21.730701244092728,1.0,0.7748606743763854,True,False,"[0.7201242829286719, 0.4071042835545434, 130.35740173613885, 100.33812863246504, 279.88609583725, 0.4105105523744846, 0.706611437499856, 226.1678665373433, -39.03825167088376, 221.52659771078473]"
7.20960471045693,21.727431936392986,1.0,0.7907281464665494,True,False,"[0.787059427210799, 0.352882433935335, 131.71178073880924, 95.51370839614819, 277.4824414303344, 0.347416594527992, 0.6646599407113857, 227.76014489784396, -45.14199477205385, 220.53871424450028]"
7.173556686904646,21.725722852653142,1.0,0.17337681482276923,True,False,"[0.7814108499686042, 0.3256816801837468, 135.35654574107187, 103.39212942473537, 280.2908708485913, 0.38294441065577367, 0.5898405346487313, 230.45795108799592, -42.090058718353376, 217.45885020089858]"
7.1376889034701225,21.742177115374407,0.9976973903188026,0.3169428047034034,True,False,"[0.8077213717532906, 0.29561649625744446, 132.22218882941, 110.88763784314861, 276.87887209654014, 0.3553996410225212, 0.5546789492449873, 232.5733128793406, -34.61413525082236, 214.35281423454637]"
7.102000458952772,21.739493208227486,1.0,0.11791515253443019,True,False,"[0.7854650258830752, 0.22119859648589651, 129.97563728123126, 112.28386679063487, 275.0379249403758, 0.2882727495773268, 0.5033955101954078, 231.38156000403382, -36.49253915419813, 216.40523784078653]"
7.066490456658008,21.73192739677642,1.0,0.896611152596284,True,False,"[0.7802943861773091, 0.24818675376118737, 129.90919255587647, 107.80271539672458, 272.8691863965226, 0.22574153944846553, 0.43922303260281126, 232.20565717778865, -34.63118656270546, 217.83601707031235]"
7.031158004374718,21.746385165644387,0.9979458696989117,0.2537331824621327,True,False,"[0.8189528817034163, 0.27833855214975745, 126.45314461213141, 106.2200634100914, 273.1628330074948, 0.26487326357559754, 0.4749444680631875, 229.53754331654574, -42.27046634126796, 220.69067020714505]"
6.996002214352845,21.7252445049671,1.0,0.7962868205428357,True,False,"[0.7893138760848284, 0.33903531255118735, 129.26142482802126, 101.11274795807573, 270.52328279142034, 0.3414735317622328, 0.4658288095970177, 227.12048988880446, -39.228260163438, 216.74232578207133]"
6.961022203281081,21.723054734063695,1.0,0.8648215080738763,True,False,"[0.7289309373438031, 0.29341744667984015, 130.14636596544858, 107.19285013046829, 272.88716077523605, 0.366384710315688, 0.517806399136996, 227.22124819806365, -34.4660578524362, 214.93212739684336]"
6.926217092264675,21.719122078780977,1.0,0.3293999924068519,True,False,"[0.6985128306914553, 0.2911731045503062, 130.77851366683564, 104.94252684213839, 275.0035483463532, 0.296002779975392, 0.5834089213909535, 227.51307642164784, -41.377625980705524, 217.64323579481322]"
6.891586006803352,21.72522685029887,0.9991145625381227,0.6577947287889763,True,False,"[0.7063070782268794, 0.22613529492498224, 129.30928717600787, 109.24215697570162, 276.89120467057637, 0.25849825841748264, 0.523278296351923, 231.09330080428683, -38.09336636851838, 218.16952099934457]"
6.857128076769335,21.74948789592959,0.9964681748378752,0.9016854535505123,True,False,"[0.7219674091016169, 0.28575973569159735, 125.67448004693539, 116.31259260177464, 277.68116128680873, 0.19435618082525283, 0.5280627049454002, 232.58221258083066, -33.10177448994039, 221.70034227495168]"
6.822842436385488,21.752371552652825,0.9995774418871713,0.8983023144388189,True,False,"[0.7175355357884445, 0.2966956364759772, 121.98916828123383, 112.03451541641213, 281.25698140467597, 0.1788823083647968, 0.5722018943098663, 234.71826941081147, -31.006563196534696, 222.8985420791623]"
6.7887282242035605,21.779207130829878,0.996054841626536,0.7558938395691948,True,False,"[0.7402103811673955, 0.257277660854615, 118.28700964566005, 119.61543757222442, 283.16042288959727, 0.24936287687906372, 0.6039542948554538, 238.2260039499691, -33.00351674330725, 219.83439531605077]"
6.754784583082543,21.783448827769718,0.9993722426866164,0.8165490009963,True,False,"[0.6693963225986697, 0.2609008034331973, 118.90734444007936, 125.43006643176872, 281.309998798848, 0.3128791977142107, 0.5565899205006439, 238.06243518738253, -32.726373769726024, 219.684915689259]"
6.7210106601671304,21.753224919169767,1.0,0.19108473581421526,True,False,"[0.6246911817421832, 0.1979042898409326, 121.91814236575307, 120.25091917717126, 284.46335439607896, 0.37323547360344533, 0.546556868573785, 237.43335955433508, -37.16299051555329, 217.7430072162553]"
6.687405606866295,21.757354063893473,0.9993827396666805,0.2585553240208328,True,False,"[0.6572556872368638, 0.22348926631223592, 121.30746136040533, 115.72839802490229, 288.30566226259674, 0.3385902119494695, 0.5203026813378697, 240.97746499396322, -36.68299824156213, 221.59531940757222]"
6.653968578831964,21.76286634102238,0.9991719235738582,0.5604896200098702,True,False,"[0.7070034343068167, 0.19058092426062578, 122.93126013115094, 122.7594204431463, 287.141615722054, 0.30787508942683794, 0.5869734055227047, 241.13639443706114, -31.60964350862009, 217.9698166950034]"
6.620698735937804,21.74259083923353,1.0,0.9248480461948311,True,False,"[0.6933736945111001, 0.20208154735725803, 126.45126944755566, 115.70479505189492, 288.86708951038, 0.29826962268628776, 0.5464020464782061, 239.9380827121244, -34.38240373574512, 218.00897509752014]"
6.587595242258115,21.782887411028923,0.9939016327804882,0.9373737756223975,True,False,"[0.7148193497414046, 0.2503723314214992, 125.9010603571307, 110.00967695662072, 286.6253737483413, 0.3390334147491729, 0.6069813993428265, 239.19080107804712, -31.37009280573118, 221.70672554670492]"
6.554657266046824,21.763540863724227,1.0,0.05569963874234307,True,False,"[0.6889591879834798, 0.19587898501225742, 123.45966660535083, 116.36051118544599, 287.180025279824, 0.36738469789528644, 0.6687351487642682, 238.05252238172963, -28.277573968598475, 218.4229840106557]"
6.52188397971659,21.745348167217706,1.0,0.494650235630573,True,False,"[0.6447264325414755, 0.21854181925706567, 122.27642497895228, 109.55480505438815, 289.22752867075394, 0.3160601296723216, 0.6817193048469744, 236.10252118839009, -30.00910711819067, 220.71263010797063]"
6.489274559818007,21.76715903024583,0.9966445786795093,0.23196992605348044,True,False,"[0.6653686026125248, 0.211698751855391, 119.40703437921589, 107.52891838107364, 292.0317622590864, 0.2669882315581699, 0.7581078375884889, 235.7306994067171, -26.815262167070053, 224.11928783937554]"
6.456828187018917,21.752590889478217,1.0,0.14310877591286308,True,False,"[0.6807853195821938, 0.2218159544157484, 121.08269643902082, 110.05686611151773, 291.85663561836066, 0.19984718487635147, 0.7722338263289656, 234.20845897465904, -32.554871925050094, 226.8115583204889]"
6.424544046083822,21.718944418279918,1.0,0.6337893105945778,True,False,"[0.659892891987928, 0.14528022047252853, 124.5909896366723, 106.19040212661633, 294.29337676799787, 0.16730396761812164, 0.8199535146834054, 236.2152483679628, -31.34188266308147, 225.54891265730657]"
6.392421325853403,21.727508683534023,0.9986611441300157,0.6388088743318961,True,False,"[0.674311946235179, 0.14664623898353513, 127.00388376542477, 102.28972420660469, 291.39506591654555, 0.20350909214512228, 0.846486289281727, 237.96650096499647, -27.023201503683474, 226.59173870133918]"
6.360459219224135,21.70306636447436,1.0,0.27140730878025443,True,False,"[0.726398347215208, 0.12261136210607843, 127.61669096422311, 96.8983287616276, 291.3470423991001, 0.21798522483364352, 0.9069840916433616, 235.18601360845548, -27.08192072530136, 225.02300712313544]"
6.3286569231280145,21.752473554525515,0.9922234949599661,0.8412440705883982,True,False,"[0.7488113786928317, 0.14911517045989164, 126.2632756232998, 90.94820755157403, 290.30063391128806, 0.2956558019739678, 0.8671662914793409, 235.70222832384638, -21.876207481349617, 224.73854839246184]"
6.297013638512374,21.722004290509744,1.0,0.5764292965085184,True,False,"[0.8053084823203279, 0.16917418346332383, 129.8668648137717, 87.04110501802771, 288.8716057809172, 0.23907716868362022, 0.8189670397908654, 234.8982880724862, -21.607508470837605, 221.5824152604683]"
6.2655285703198125,21.735390138493777,0.9978658529661041,0.5075083896902424,True,False,"[0.8442342787901004, 0.18890446587070514, 127.96017845366583, 90.77507057761832, 287.6618499189222, 0.22344291334929717, 0.8730729590615587, 235.4670874750664, -25.949448922038762, 221.93980546307662]"
6.234200927468214,21.71390240287218,1.0,0.9008316461505055,True,False,"[0.8102516769192707, 0.13018743803682076, 127.40915743823037, 92.32162159128643, 284.632827709922, 0.18046621027515408, 0.8123376002326781, 232.60118962805157, -19.61288062222266, 222.9193186762777]"
6.203029922830873,21.70680272691679,1.0,0.41734801342530536,True,False,"[0.8079530898345416, 0.095039831808887, 125.32565531899151, 96.64246754426436, 284.9899635901168, 0.24861289846851653, 0.7798168342406318, 228.94128997697575, -18.83473266041083, 220.2899088779046]"
6.172014773216719,21.749071496564447,0.9931749415477684,0.0728626436997799,True,False,"[0.7743982049378053, 0.14235603713985984, 127.93035096815207, 101.47597281570874, 287.0222961733593, 0.2745766276151849, 0.8373565546662348, 226.11253485193816, -25.88915734322306, 221.40956524529426]"
6.141154699350635,21.73981797763019,1.0,0.493077309295913,True,False,"[0.812780984851409, 0.20350845028301656, 130.16901931639148, 102.8220975568954, 283.566506085577, 0.2315665256306986, 0.8236598255392905, 226.3486893036122, -28.585969677528638, 217.75718717749842]"
6.110448925853882,21.739697940604348,1.0,0.9456140443622482,True,False,"[0.7526272285920398, 0.20310536085654793, 128.32548767257012, 99.12823110295257, 286.73617707537267, 0.2859005272106006, 0.850052638647091, 225.60576962708276, -24.775302870980134, 216.31733768817506]"
6.0798966812246125,21.719821995224926,1.0,0.3212718555466866,True,False,"[0.8226225731719279, 0.2416835930212421, 126.37233128051308, 92.00809738228337, 287.0929388337609, 0.21539864462747776, 0.9112276000026411, 223.28868248668599, -23.055325678337518, 214.0460256432484]"
6.049497197818489,21.703727193633352,1.0,0.1963529942447686,True,False,"[0.7975035337993202, 0.2017976794961363, 128.79876328026538, 90.58368712183372, 288.920025687305, 0.16585771161966278, 0.8593692117760314, 223.1100091205602, -18.051696250797455, 210.53786913092608]"
6.019249711829397,21.73399059010361,0.994984849179603,0.8529447368320132,True,False,"[0.8685150438164645, 0.1509258840819624, 125.75862287023597, 93.94986652097505, 286.5100509421797, 0.18516491994775652, 0.8229191275500483, 225.2508745758143, -15.901385265605697, 207.96700869315032]"
5.98915346327025,21.704746035228347,1.0,0.8228334778720948,True,False,"[0.7953222353565857, 0.1785043582356075, 127.19826091025567, 95.24483001292064, 285.54897697025484, 0.10853524901566558, 0.8393302398456963, 225.87841968087866, -16.847355147963935, 208.00685847431444]"
5.959207695953898,21.70352931243203,1.0,0.7270611704128028,True,False,"[0.7870118789470439, 0.1970721122636448, 124.35402808673362, 95.39773408995539, 282.39831682632024, 0.11679513201463056, 0.9064250401852441, 224.10666135152482, -9.435255949831891, 206.29353875790378]"
5.9294116574741285,21.707945969018088,0.9992554046967737,0.09472903767333485,True,False,"[0.8128265035589282, 0.14397663109257425, 124.3499090427603, 91.47684511419106, 279.9065819347764, 0.1729933831473593, 0.8969202876484555, 224.1632716311143, -3.1655207143813744, 210.10749176584122]"
5.899764599186758,21.719606577862677,0.9980254986596986,0.022259832228114007,True,False,"[0.871566204757279, 0.09466886976577556, 120.73517497487933, 88.35846886448132, 283.26388764778926, 0.20260207946467865, 0.8919514747516955, 225.55868386125286, 1.7794410890306782, 212.354167538336]"
5.870265776190824,21.71187026999177,1.0,0.1718639965869052,True,False,"[0.8119015158503861, 0.09615777986596481, 118.07359661599929, 88.91450288772668, 284.03749091050855, 0.25423466378992315, 0.8798129251411545, 226.85040673550532, 2.9201899035311882, 212.18568594302428]"
5.840914447309871,21.710636665993196,1.0,0.5251636546169578,True,False,"[0.7537144685184183, 0.1365785139699549, 120.91156940122144, 85.63440831218104, 285.59398027524423, 0.2812457640128291, 0.8700448442633062, 227.17441094298542, -0.8430495079489706, 211.4878274765994]"
5.811709875073321,21.704191358113103,1.0,0.755405789708512,True,False,"[0.6883226890578346, 0.19589450644392525, 124.64074842838525, 93.57023464975107, 289.3724513236569, 0.20884214411056456, 0.8800004888087676, 224.6058510529233, -2.8212681842213225, 209.73182574437706]"
5.782651325697954,21.701932545116264,1.0,0.5183751169915808,True,False,"[0.7270495218254549, 0.21722267981678134, 128.41691904636605, 86.11133408354308, 289.2908278641366, 0.23046680560836394, 0.8343311627502545, 222.19160512632612, 0.8890731856320162, 207.92135684457284]"
5.753738069069464,21.765888052251764,0.9889460778495326,0.4225371625974338,True,False,"[0.7704356958632296, 0.251610700111935, 125.74710106816227, 78.8955402807983, 290.6819449695278, 0.28579127225382367, 0.8349755335147124, 221.922077224227, 4.937080624789857, 204.13719772918813]"
5.724969378724117,21.748929353883824,1.0,0.8199811928373761,True,False,"[0.8367684058254449, 0.30472089097549865, 128.73680847615373, 85.91088618449577, 287.98289454372383, 0.35904426501746717, 0.8636080874747083, 224.16364571696653, -1.9753315878231898, 206.03462772925798]"
5.696344531830496,21.776426080189864,0.9951845489120277,0.1823563935150273,True,False,"[0.8629482289360189, 0.3743438765042789, 130.83451097171888, 91.30043677463185, 284.59606199686294, 0.4389192080706471, 0.8456105620460805, 225.68961282835795, -8.034371386751538, 203.94279028917109]"
5.667862809171344,21.755482206950596,1.0,0.6856369033404421,True,False,"[0.8086343915686777, 0.4061070228130555, 133.18768906950913, 95.97160409256941, 287.2887736250087, 0.44466131037259093, 0.7767932171905579, 222.73818067980545, -7.667484256951482, 207.13558713597038]"
5.639523495125487,21.731006498714645,1.0,0.2042505595186318,True,False,"[0.8087896855810991, 0.4501734151085827, 136.8997284758644, 101.62180576334171, 285.8378213486058, 0.5070467492501933, 0.7138896025200899, 221.02181876864935, -3.897903430727215, 204.74592256723204]"
5.611325877649859,21.753579124772173,0.995985389901718,0.8576151186848093,True,False,"[0.8248422383721058, 0.5271081107379637, 134.64977259412842, 109.32601669780684, 289.2898409329769, 0.4441248373679614, 0.7375013722604152, 221.62546552883637, -8.68116382980141, 203.28823443802625]"
5.58326924826161,21.77349244254128,0.9964397474680875,0.08787497006753608,True,False,"[0.8415899904587143, 0.5697991142664098, 132.0380195864076, 102.74841537122887, 286.0557322401705, 0.4164656808768528, 0.7336865897637588, 222.1354240940179, -15.886041531233436, 204.62979933027555]"
5.555352902020302,21.74133266186713,1.0,0.6548033405889728,True,False,"[0.7664383546349999, 0.48979937751612995, 131.38905293020352, 105.78821284569008, 285.1789335718018, 0.4875632380094474, 0.7160256880810559, 221.8444288212504, -15.067569915313703, 204.33543640848364]"
5.5275761375102,21.736621851940914,1.0,0.5096045847238898,True,False,"[0.7270276633213821, 0.4249017401984211, 129.45500519188298, 99.59404418437353, 283.5944942860044, 0.5629427027745645, 0.7898614831843641, 221.1601232532301, -14.780385458629093, 208.30317438546464]"
5.49993825682265,21.77226763656995,0.9935398326795747,0.98501848141215,True,False,"[0.7289927652303632, 0.47224357728623517, 130.12271377214145, 101.54972866516833, 283.81049778657393, 0.5520410895246352, 0.7121051669066073, 221.07906044494266, -9.946117416396314, 206.18578741727154]"
5.472438565538536,21.735110711326367,1.0,0.4483100556974723,True,False,"[0.73744776103281, 0.46773690611736785, 127.75946749574258, 97.54581315438358, 280.97564285791276, 0.5031507844758832, 0.7745183843732752, 221.90582707083882, -16.74379406233941, 208.5354079647018]"
5.445076372710844,21.73511362587456,0.9999994647370919,0.7978091056845185,True,False,"[0.7970053869968309, 0.4723532273102323, 129.64810709730043, 93.74465527143681, 281.6722008685595, 0.5476945492333227, 0.7578824444919504, 220.0685709084881, -16.608454775137655, 207.42412375730675]"
5.417850990847289,21.737565855580748,0.9995474820497107,0.4640194455298211,True,False,"[0.8141046222887384, 0.4499954651283001, 126.18286017787722, 92.55824421827872, 284.048924899156, 0.50204021469842, 0.718392487722361, 217.16141024884382, -20.480788502232315, 208.64076081869928]"
5.390761735893053,21.774646219969977,0.9931451009295696,0.4727593135712792,True,False,"[0.823873682377526, 0.3984610454804816, 125.23381320992901, 93.62614752292713, 280.6841225996746, 0.5057767291743269, 0.7250567645759141, 219.62804399894594, -28.288830157966615, 206.44707144235915]"
5.363807927213587,21.742023732382282,1.0,0.4942275714060561,True,False,"[0.8558820891383859, 0.4265558904749095, 128.49103292999166, 85.97526821805775, 280.71597236182106, 0.5310691834124899, 0.6794049528301832, 223.44103400797601, -25.3214934111796, 205.34800182312736]"
5.336988887577519,21.736691930271554,1.0,0.6961864852846154,True,False,"[0.8451965868006114, 0.40863355122657474, 131.65736499457805, 92.61247985760956, 284.1011539378199, 0.6031123215403471, 0.6006260308460035, 224.6456326540515, -26.719547111641162, 206.1267434851514]"
5.3103039431396315,21.74020447474122,0.9993387604433641,0.27726653013543856,True,False,"[0.837502125876208, 0.3680366962992838, 131.6838506294287, 98.24510596897466, 282.6387350207311, 0.6016507008356912, 0.6350171704445375, 226.33872405732203, -24.163619457233242, 210.0370303203503]"
5.283752423423933,21.745309170820402,0.9990343546384457,0.7081110760699048,True,False,"[0.8367231707012499, 0.3966776457252102, 129.45625716507485, 91.86635451695575, 282.83490843179817, 0.6284192743559726, 0.712010280873156, 228.5650432235543, -23.569574259429164, 212.24150157330806]"
5.257333661306813,21.765983827852406,0.996075185697801,0.3447084115423811,True,False,"[0.8756117907789435, 0.42049953921368066, 131.35512199649506, 84.10969829264077, 279.6894064644315, 0.6056413186411982, 0.7669479392044645, 229.9259631428067, -19.909398579774663, 208.65995439933474]"
5.2310469930002785,21.73422315914251,1.0,0.9287736385113613,True,False,"[0.7970614347134661, 0.44641593718042094, 131.39508533034848, 86.42850288641363, 276.3119289384068, 0.591648967581273, 0.7498773091175881, 233.4175334869557, -16.39246790606363, 210.3288487514958]"
5.204891758035277,21.742667663315565,0.9983788985409378,0.7006571574989529,True,False,"[0.8429880601502298, 0.4683067647654118, 128.51132489331985, 79.90588702341594, 276.6806881477916, 0.5891977213145018, 0.7547845439222045, 230.2693358898154, -17.380197954406693, 207.0811860035466]"
5.178867299245101,21.728241791229884,1.0,0.9412389153834936,True,False,"[0.8105437675867919, 0.5257725514172895, 131.4229532488475, 75.50383205215199, 279.6088621418148, 0.5991049040283557, 0.7831232658469615, 228.18165235660294, -21.101316396239426, 205.92899080052402]"
5.152972962748875,21.715970782693443,1.0,0.8156074146547704,True,False,"[0.7453304506959004, 0.564202645362893, 129.5294346061522, 68.78063318986051, 276.981657797489, 0.6192165861326822, 0.8200030595023162, 225.0400156236505, -20.755323655256035, 203.71748255980486]"
5.127208097935131,21.74722090797851,0.993923577168021,0.18863492794686265,True,False,"[0.671935301531811, 0.6242843602803301, 126.06043583400147, 71.06510989470587, 276.92267867185365, 0.6099404204431513, 0.8840267478865076, 228.2517622183064, -13.703912743375895, 199.72918907861492]"
5.101572057445455,21.73750506913595,1.0,0.6259945262198596,True,False,"[0.5984597444434407, 0.5880196196045934, 122.5837813658319, 66.13542809755876, 280.8279392726297, 0.6240720877662925, 0.895343239851953, 228.65145816624934, -11.43038686112502, 201.78094121383432]"
5.076064197158227,21.73658954566121,1.0,0.5547725762000358,True,False,"[0.6429137702378127, 0.5488857742558647, 121.98493536473798, 58.58528367645188, 278.67406241111127, 0.6217965281140746, 0.836971243432676, 231.8098745978349, -3.870111098210545, 204.30825744881903]"
5.050683876172436,21.74752663504718,0.9978368759075447,0.5888452384771903,True,False,"[0.5798098933047673, 0.5293868606857752, 119.08365824700857, 61.524886580190135, 278.734208999636, 0.6738820394628416, 0.8960983272859102, 229.6871421617686, -4.9754522170762545, 203.6425949579296]"
5.025430456791574,21.729366356714795,1.0,0.07434671695555706,True,False,"[0.5094619336273293, 0.5050009007265065, 121.08928744295355, 69.38696093528297, 274.74860423482727, 0.7426785109726507, 0.8924011790318275, 232.83553096065168, -12.124681750386374, 201.690215570468]"
5.000303304507616,21.69779034204896,1.0,0.7910314865831982,True,False,"[0.4769117638179956, 0.5731455532100302, 123.54743951499563, 77.34643867960986, 271.5741683806792, 0.6768409263799307, 0.8879198251654443, 230.6610344068536, -7.152610412482552, 200.71121020417598]"
4.975301787985078,21.746276510595173,0.9903019598958325,0.6375803517177157,True,False,"[0.4411202967665493, 0.5192914325309554, 121.57960988967248, 72.04583308367559, 270.68460225691155, 0.6285537135657743, 0.9052865318912616, 227.81979938327672, -12.285027418961473, 202.9870529106275]"
4.950425279045152,21.718629192348118,1.0,0.8147815638023433,True,False,"[0.4280519720178677, 0.4439112529551985, 121.90851766160587, 73.46837331888578, 269.35934923140223, 0.5990433530559149, 0.8733696290047329, 226.0219099326098, -13.836503225104748, 205.34754826488432]"
4.925673152649926,21.72881491457548,0.9979342522900002,0.9784148620217596,True,False,"[0.38267937500549104, 0.49583379862186905, 125.18278031833792, 76.41787351300607, 270.43664473564945, 0.5497558778471613, 0.9078260832214138, 229.8606891478939, -16.834230480320528, 204.82231563528535]"
4.901044786886676,21.729975243035433,0.9997632767773736,0.522067534761945,True,False,"[0.3670098319816768, 0.554664020554385, 123.37155276503319, 83.07200326207595, 273.4740900745155, 0.5280927426456139, 0.8885959260782647, 228.36574468535463, -15.09696958073285, 208.02068655389954]"
4.876539562952243,21.737536984999632,0.9984505647625869,0.44637310714787726,True,False,"[0.41738313189851023, 0.6208351881186135, 123.43801346140306, 90.24662820366324, 276.5481939857804, 0.5700258282751195, 0.9017987715229988, 226.73501392165883, -19.632409706419146, 208.45404506232273]"
4.852156865137482,21.729472811018045,1.0,0.5754479984540074,True,False,"[0.44973616430475216, 0.6250794333941587, 122.83519048162857, 94.54380530218772, 274.71820407638944, 0.6468523574995775, 0.8464363981964466, 224.26911972887558, -17.795802756505303, 210.79268056780361]"
4.8278960808117946,21.72925759193138,1.0,0.9228182136847807,True,False,"[0.3744708920069255, 0.6165790390804413, 121.66421352424935, 98.48385841682125, 271.60948800624993, 0.6206483677251435, 0.8958864570950543, 226.14289730754643, -10.834487686582913, 212.19164708771478]"
4.803756600407736,21.718786982083955,1.0,0.4519955075647225,True,False,"[0.3759913966368463, 0.6938387828727377, 125.28722558761008, 101.59194962444882, 272.0755185472402, 0.5870174143926248, 0.8344862254507808, 225.7554081573484, -5.717937646223943, 215.625463023525]"
4.779737817405697,21.732683646734742,0.9970968109374175,0.9739513695090954,True,False,"[0.4520212795286995, 0.6496696625454866, 125.45047454809378, 99.5488082719353, 273.3053245178362, 0.5259308274696959, 0.891388434640696, 224.50576868332976, -13.266627249937804, 218.59979584156173]"
4.7558391283186685,21.80130753172797,0.9856742090458313,0.36883137076867845,True,False,"[0.43066938484641587, 0.7107630504093561, 121.5061132463505, 106.6241866702779, 270.1794818919081, 0.48268635564340723, 0.8694140952626567, 221.1360915109134, -15.587843916064532, 221.72052902014386]"
4.732059932677076,21.829989831686092,0.9939570609581868,0.5488125853879885,True,False,"[0.44407666747470836, 0.6413700972286303, 123.68867642044907, 109.7588920341262, 273.65237213097436, 0.4811556414773132, 0.7929516704585621, 218.31407126617594, -19.555371497466062, 219.7558264004484]"
4.70839963301369,21.808833650672035,1.0,0.19729936900007128,True,False,"[0.4364890627906496, 0.6928401113553794, 120.02634282373097, 109.9963953321784, 275.1405504385579, 0.47012089342312, 0.8718940368037484, 221.29127311087174, -20.121220620953302, 222.1399522478232]"
4.684857634848622,21.808399293085778,1.0,0.31598810604811634,True,False,"[0.5020571570359422, 0.679003014903744, 123.86221022758167, 108.52997777038735, 275.7169411305661, 0.5432196152314702, 0.8671447147962693, 219.60179316474395, -23.249788104945388, 220.85486135312897]"
4.661433346674379,21.798359453221416,1.0,0.2335256338756364,True,False,"[0.44780027070438044, 0.6868335275212001, 122.64909888832511, 104.66869255331997, 274.2120713457786, 0.4636722101290365, 0.9024095878911754, 222.95948263296222, -19.84590971330632, 224.71967583760397]"
4.638126179941007,21.84654727330716,0.989664282692808,0.2814573762039855,True,False,"[0.40896566788118827, 0.6564394740462279, 118.87843319269656, 99.94509989084159, 274.9521745489292, 0.5280998225929782, 0.8530004518272403, 222.35341472363228, -24.391066802457214, 225.8616538786435]"
4.614935549041301,21.868288345825952,0.9953000553843355,0.4874032621896761,True,False,"[0.46941114781985055, 0.6998936505434163, 121.39603087372326, 101.10178623591554, 276.3144304584949, 0.5896149285275651, 0.8112727047408786, 226.2430293705649, -22.369937861495316, 228.09768660572476]"
4.591860871296094,21.85781644780412,1.0,0.38516821608347185,True,False,"[0.5223253015659612, 0.6207359672082725, 122.05983389099039, 104.33023051149176, 272.7442719380777, 0.5997255372915141, 0.8332864341924093, 224.12777284978745, -22.10005643120117, 231.19117725039897]"
4.568901566939614,21.89771792752566,0.9913047479956171,0.2273539115852704,True,False,"[0.5419631834739922, 0.6476610062706448, 120.67631582175589, 97.86267406860522, 270.3593203673704, 0.6679205707187678, 0.7795934814474791, 227.3357935981982, -16.065095199594435, 230.51130168473915]"
4.546057059104916,21.911200945140095,0.9970385231095847,0.18483174377947442,True,False,"[0.5606520736663257, 0.5842256711159083, 120.42389064344626, 94.70522414576473, 268.99823228660586, 0.6680193551158822, 0.7050689285568457, 225.1236330692287, -17.004936608219037, 229.9881292128758]"
4.523326773809392,22.026139568766226,0.9749099250413663,0.7854092067911539,True,False,"[0.4850515446043168, 0.650660745223267, 124.23852520373319, 90.70615893177249, 271.7828621813254, 0.677979143257153, 0.6462148183525802, 225.75603865606595, -18.308898520334722, 232.89633272519424]"
4.500710139940344,21.997935946403352,1.0,0.5900749746075815,True,False,"[0.45536429815284246, 0.6261507585790792, 123.26840369751237, 92.12123608359322, 273.29759577778043, 0.680310005268395, 0.5773838460998804, 223.6629242168115, -16.648678965356716, 229.8309377479261]"
4.478206589240643,21.953092855415033,1.0,0.1787669417440806,True,False,"[0.3827185937017279, 0.659937416547662, 126.96237181818425, 99.35926460182554, 269.9783043544687, 0.7531535831592525, 0.5992521585858057, 226.9999345724943, -10.447847002311896, 229.04712864900114]"
4.45581555629444,21.931565885147428,1.0,0.12374968678626574,True,False,"[0.3935584726143201, 0.708063426675395, 128.54727424565112, 91.74868368621297, 266.55623397822677, 0.78197691128435, 0.595404243280037, 226.05706250265774, -7.766884941608808, 232.7313200917654]"
4.433536478512968,21.915855850105327,1.0,0.4077296685079761,True,False,"[0.42538608536676226, 0.7409071627600203, 124.55684141881012, 84.04102333767152, 266.6624877753211, 0.7052131944071844, 0.613123605256231, 222.355954191101, -8.683667185405906, 232.65780977433653]"
4.411368796120403,21.883079475837,1.0,0.940418262894531,True,False,"[0.40539802986312456, 0.7782144836172458, 123.35524252131185, 78.06586313602573, 269.2779761079292, 0.6512889818245491, 0.5632683788022034, 225.189303005282, -1.4935629222056281, 230.65086302945167]"
4.389311952139801,21.8136732715843,1.0,0.4279300907142397,True,False,"[0.48420884676134607, 0.8451996205232607, 122.86808180478373, 77.04176759524177, 265.4855394753765, 0.6024240454342226, 0.5156368322396533, 227.56440874757806, -3.921112019328346, 229.17037801222722]"
4.367365392379102,21.79698228809038,1.0,0.7706135178994727,True,False,"[0.502229957953961, 0.8709452126627613, 120.63576534211721, 71.11481302863577, 261.61821294180737, 0.5743840947267641, 0.4578691618927743, 227.01907016171012, -3.281042558166929, 228.72626330668035]"
4.345528565417206,21.77967989592347,1.0,0.45217402498891557,True,False,"[0.5073790332322248, 0.8993824205560749, 123.9428079880418, 72.82840096864689, 263.309138595134, 0.5437864888245593, 0.39098657955769917, 223.293061257344, -7.647331603273482, 227.94075759906164]"
4.32380092259012,21.554282487374437,1.0,0.8469985496540635,True,False,"[0.4588267139742993, 0.9040728874342054, 123.61881418809533, 75.8759973192494, 265.13021985235036, 0.6209232114274442, 0.4492093364262618, 224.6379662681739, -7.204729774466596, 224.61435775419193]"
4.30218191797717,21.774395026289938,0.950123786529681,0.9182067627591758,True,False,"[0.5114473077768291, 0.9053172630701758, 126.87146542800652, 83.03776346535933, 262.48170457130345, 0.613586443264289, 0.506911356281921, 222.69182701786082, -0.6428786281288801, 228.35160305975273]"
4.280671008387284,21.797725788174237,0.9945645675987879,0.9875481274720155,True,False,"[0.4757665706475402, 0.850950160292181, 125.5165011383453, 75.15244776928286, 262.6629861949932, 0.5437303098208897, 0.5592481165459524, 221.93125128612397, -7.132186218295743, 230.2806068103626]"
4.259267653345347,21.775037959277114,1.0,0.7578250364202624,True,False,"[0.43035902732369824, 0.8966699985088984, 129.4283480538541, 76.00221636115003, 259.781323527363, 0.6068622405925418, 0.5989079513191837, 221.1131190587313, -1.910843917571535, 229.68156000340213]"
4.23797131507862,21.834650218324356,0.986032241885972,0.7185264058830079,True,False,"[0.40586783438621105, 0.8442796724321473, 127.13424257649118, 79.57444041554187, 256.37615473566143, 0.6545897562249687, 0.5787234082253244, 221.7036803410919, -3.0588142414988884, 226.9111585859124]"
4.216781458503227,21.84435604514354,0.9977009324626369,0.9407437522824076,True,False,"[0.3684510405367909, 0.8598982589909101, 126.45354986603355, 87.16670212172738, 254.82717196232392, 0.6097258194871514, 0.6356170250766571, 221.60632038041206, 0.225682310944757, 230.8975915687473]"
4.195697551210711,21.88177100634692,0.9911221835386806,0.7575991283228817,True,False,"[0.4154977900604444, 0.8075879849157731, 126.27719856715693, 87.49434157856659, 253.91348149586534, 0.6405702551743783, 0.6854351836317505, 217.84806917879814, -5.831101300772305, 227.20449725979023]"
4.174719063454657,21.905435051569963,0.9943476189461201,0.5881015621812749,True,False,"[0.4179726528607344, 0.8046539422126303, 122.45045536003758, 91.83761427362003, 250.23157322831608, 0.651502918360266, 0.7374854595935998, 216.3622769836983, -2.398631651618219, 224.54468689483784]"
4.1538454681373835,21.899170013600468,1.0,0.00014055475207508383,True,False,"[0.4242592953299773, 0.7977962009975602, 119.39492490920966, 85.10342108217885, 246.38931248503297, 0.6743959226224371, 0.7120796458014365, 216.10880144367798, -8.152078222209916, 227.58309117267703]"
4.133076240796696,21.859843827177755,1.0,0.03883906824639416,True,False,"[0.4569059873635175, 0.8180816987418503, 121.78433105267071, 77.96318325125824, 249.60602731006762, 0.7082711233612584, 0.6433125935472284, 214.98179010646192, -14.671495752300762, 229.0523915193831]"
4.112410859592713,21.8476145691532,1.0,0.877915368402801,True,False,"[0.5018730100200364, 0.8531208503444792, 122.66369590943751, 84.61883466092902, 250.18296301652924, 0.697936042932284, 0.6943897005382815, 212.86964895048573, -12.224470815311063, 225.47245292820784]"
4.09184880529475,21.88271464098311,0.991458639359052,0.23369168067700308,True,False,"[0.493062623291787, 0.8108783925120223, 123.92489987833234, 83.47267069997002, 247.97926963540084, 0.747999311067794, 0.6624016034836384, 212.0050191526345, -5.194187596482603, 228.19933278271566]"
4.071389561268276,21.80623476826971,1.0,0.2686596874301074,True,False,"[0.4655039486101102, 0.8848714996249523, 122.65690943518038, 80.3243400433285, 246.83588340567897, 0.7976241189012845, 0.6182504505202308, 209.84223522929443, -10.12113497969712, 226.83049993946213]"
4.051032613461935,21.885965129163367,0.980510925379895,0.5968357056797617,True,False,"[0.4986956460305362, 0.8137484845937968, 121.3920247372289, 79.42919304540776, 243.49556223682873, 0.7760529300561891, 0.6754650531491837, 210.1217956829045, -8.335691787354737, 227.2088537129083]"
4.030777450394625,21.944274419650007,0.9856381142363964,0.6129093653933683,True,False,"[0.49702264114572947, 0.746039974216808, 121.31014120777837, 85.72342453454884, 242.98575848743934, 0.7712936110540198, 0.7522258431293308, 210.19113423126646, -4.081954262060032, 230.29662158148267]"
4.010623563142652,21.919845530243727,1.0,0.3054870062309817,True,False,"[0.48243778243433527, 0.7791651902689287, 124.86403333076932, 86.2504741886877, 244.38416100021772, 0.7784238602137454, 0.7986027546076948, 213.32591083399484, -10.876257712278889, 233.08468375205098]"
3.9905704453269393,21.930301251321133,0.9973833226045522,0.9723532608052796,True,False,"[0.40305641149403215, 0.7254848803921492, 128.57719800481254, 87.16836774134188, 244.07827276948882, 0.7896708726601585, 0.7623033105969089, 209.7256589844182, -6.760224616526775, 234.97035665511694]"
3.9706175931003047,21.929231325965045,1.0,0.08051421230673417,True,False,"[0.4450672515167172, 0.7608884739670069, 125.55462061327027, 94.08152495195567, 245.275670416622, 0.8314309447948323, 0.7132617295767886, 208.70323245459196, -2.8219236838782464, 235.14261827384163]"
3.9507645051348033,21.958594079353524,0.9925953802913803,0.9566828667119854,True,False,"[0.4805761241907476, 0.7200613720783073, 125.1468202563397, 101.56252550483666, 247.5088258117011, 0.7586940738612312, 0.7342028261450833, 209.1025482705678, 2.5371900083794205, 236.6932306460276]"
3.9310106826091293,21.966072930007307,0.9980992824970081,0.2837534838166407,True,False,"[0.4738532385571092, 0.6796711713903559, 126.83037525081032, 100.71291764177232, 245.82673008832967, 0.7860317465402198, 0.6557281612625672, 209.56722660481554, 9.385040984303881, 236.0081035047726]"
3.9113556291960836,21.96435741994322,1.0,0.27599714628963046,True,False,"[0.4446862244058193, 0.6544081192687446, 126.75710879737534, 97.31654930848715, 248.71238692440096, 0.8265552760074533, 0.6583404763902583, 207.8704968308816, 16.71640500943542, 235.71429349738833]"
3.8917988510501034,21.938760008502523,1.0,0.13160404843661266,True,False,"[0.41108337166323944, 0.7217531386562962, 123.79664564854117, 99.85718975599049, 246.10644649957104, 0.8005577280355378, 0.5803213645243988, 207.5420578632476, 21.292976427096562, 234.22699075043073]"
3.872339856794853,21.943417628224708,0.9987979309815351,0.7488891324109838,True,False,"[0.3730800603283766, 0.6820874372675738, 126.7014569275482, 96.14832654437839, 247.31577270146653, 0.795322464902941, 0.5081372595639997, 206.84028117180782, 26.268259485055225, 234.5468464529889]"
3.852978157510879,21.936464324986503,1.0,0.8090824693474605,True,False,"[0.41883344083147644, 0.7163014411937417, 126.71761638828639, 97.61844961477448, 244.66318602475513, 0.8154704892831922, 0.5812638077787164, 206.7530571849555, 32.55386307785514, 233.43034176795004]"
3.8337132667233242,21.92300563864388,1.0,0.48750487373947793,True,False,"[0.38058238003943756, 0.7350618162172219, 127.38076113333007, 93.10812726934823, 244.42161765095784, 0.8124922292007688, 0.5312875071237384, 208.0630778581119, 38.54060709713644, 231.1162087571137]"
3.8145447003897077,21.92004497824095,1.0,0.4308961156783716,True,False,"[0.4123101388078091, 0.7332386881653755, 128.80848928084126, 97.31828658479262, 241.39071257867914, 0.8313349290253274, 0.5122689979290017, 208.83710973067846, 44.28305274811689, 232.08868227005348]"
3.795471976887759,21.95706138851656,0.990294622276771,0.8197433240871863,True,False,"[0.34600352478531443, 0.6652067732552992, 130.92719480837295, 104.43825582376903, 241.87537792467302, 0.7595907797908803, 0.5903140738656113, 210.40572576636902, 38.16084197656882, 230.2633901592808]"
3.7764946170033205,21.969907198669553,0.9966042617336441,0.9901167718433653,True,False,"[0.31319489929191574, 0.6589529512892721, 129.4670257122075, 110.62005723432449, 242.04834882380734, 0.6855465268324056, 0.6612963565687607, 212.85159375585906, 37.74459569720335, 227.57489097875202]"
3.757612143918304,21.978070834190554,0.997829798915964,0.5504255837575822,True,False,"[0.3193748391985602, 0.6896795472083892, 127.85768178064845, 113.20073767339692, 239.60231026588085, 0.6498016497369135, 0.5844866214900567, 215.16773925598264, 31.570673412671248, 224.25675452566955]"
3.7388240831987125,21.967584290838726,1.0,0.5138018770685483,True,False,"[0.3258293868060765, 0.727941018054502, 124.13051112976827, 109.35940782611934, 243.20982849135822, 0.641014537834788, 0.6372417963566392, 217.89905647353064, 31.606921035228297, 222.06292219096133]"
3.720129962782719,21.96615634462433,1.0,0.7958722278642837,True,False,"[0.33580934583766986, 0.6685808684687665, 125.42483071442005, 111.9786137583375, 243.71563200360518, 0.6740566300061436, 0.7062789176379526, 221.16644220632966, 34.53604182186211, 225.1707618944864]"
3.7015293129688054,21.99746513914085,0.9915773308281688,0.6301356671356586,True,False,"[0.298239939217537, 0.602583312962722, 124.02408501106159, 118.0504331454696, 247.33865138489196, 0.6851182023805875, 0.680274202786264, 221.8534567353954, 32.21878778328514, 225.36182671448807]"
3.6830216664039614,21.97330230564835,1.0,0.7673041929424372,True,False,"[0.3588672705217319, 0.5389248857595873, 123.98120246528187, 111.72084048499735, 246.8153650414567, 0.7020416573216134, 0.6720049109824584, 225.7655506863734, 25.435552928887525, 227.46937123860178]"
3.6646065580719416,21.97725245684571,0.9989226611569707,0.981211544860264,True,False,"[0.3289867328987359, 0.5324616161383507, 125.81626186869109, 113.39954938909158, 245.63733759387642, 0.7360036826351097, 0.7263290383017803, 226.57223529063933, 19.883230818919905, 231.44839447422862]"
3.6462835252815817,21.97380250592714,1.0,0.9391378473812625,True,False,"[0.33428060144237126, 0.5818499236222856, 125.45065051033093, 114.59348367654363, 247.48198368320277, 0.7300270611900797, 0.7809510968719597, 225.84953201121797, 19.347911055542724, 234.68990632816386]"
3.628052107655174,21.967197036199227,1.0,0.17398973694704534,True,False,"[0.37961028387081425, 0.5636981222330253, 126.39673166479734, 116.97652928853343, 247.04245647633414, 0.7278625834261865, 0.7838611471485029, 225.9783492649774, 23.737637584399206, 231.7445062298114]"
3.6099118471168983,21.974442393194064,0.9979949397152051,0.4219267563168495,True,False,"[0.41790783562130457, 0.5528791986631286, 126.79155834208615, 124.71501450825704, 250.82772160670964, 0.7211356517712888, 0.839568880212265, 228.0031843047761, 24.864700963182926, 233.24558251349768]"
3.591862287881314,21.986130131838074,0.9967513388149538,0.8548080910650607,True,False,"[0.35671404619453273, 0.48954409885934924, 125.16508476414562, 117.40999877719527, 253.07459650856958, 0.7414501445787477, 0.841607331744271, 229.13550978142092, 29.18489015559006, 232.9691310658846]"
3.5739029764419072,21.987842005921017,0.9995211218178199,0.2862717573635396,True,False,"[0.34483182142248475, 0.463027649266916, 126.7848102407466, 110.97031606230202, 250.28478201182364, 0.8015338483157437, 0.7751021484015281, 232.0067812526709, 22.108099978707447, 232.20733840890748]"
3.556033461559698,21.733505319605253,1.0,0.7808959503014902,True,False,"[0.39662075598311164, 0.38777683352422265, 126.4638594230447, 110.9459631258093, 250.00934244463565, 0.8595129956495692, 0.7042637543987442, 235.86582482865091, 19.21043032214997, 228.95557577825667]"
3.5382532942518994,21.74391165186777,0.9970632277019269,0.3387961934655418,True,False,"[0.43473772416272183, 0.3394070606470436, 126.40692996339344, 116.22155460338594, 251.96209737746508, 0.9018336974192971, 0.6739024367577946, 239.70007838956334, 16.085096858453042, 225.7652308883771]"
3.52056202778064,21.732566961973323,1.0,0.8998121285573413,True,False,"[0.4303478989113125, 0.3833952515611688, 126.6419512397304, 108.57897842615448, 250.2254186117596, 0.9049953174833045, 0.6811865210096467, 237.73135974070655, 12.888617623944643, 226.15213847894324]"
3.502959217641737,21.750891903215198,0.9947823847841408,0.04364617128922488,True,False,"[0.482222850828336, 0.38334350123509137, 130.57518443209386, 106.16172993078, 248.59202028825405, 0.9082525012954812, 0.6563287293934975, 236.26261610184721, 5.989996715921027, 225.21219102575137]"
3.4854444215535283,21.734365775374325,1.0,0.5307516428138132,True,False,"[0.4448741969549823, 0.3067108209277198, 128.04011439612094, 112.0259834116263, 249.3740862925321, 0.8571629237654206, 0.5889198956984133, 236.2941361022626, 9.576737902632884, 227.91969318246123]"
3.4680171994457605,21.73237544644204,1.0,0.9230280919433698,True,False,"[0.49234643072733497, 0.2834414479531751, 128.67537894453474, 106.0887123601846, 253.0937035514993, 0.784231661991958, 0.5689126596798992, 239.2881615572726, 9.791213228615783, 230.6056639663104]"
3.4506771134485317,21.737449868618313,0.9985305223523429,0.767814327173031,True,False,"[0.5533873902490097, 0.24843998493018293, 126.12893761802697, 108.36980568748578, 256.36816133882337, 0.8470023156193962, 0.5851005530821294, 235.68379710992383, 5.065829452154414, 230.93697108260213]"
3.433423727881289,21.765140249316076,0.9919674873447046,0.8609165579762897,True,False,"[0.6045239536332334, 0.32841863503450586, 123.25284731599862, 113.36754661868817, 254.68461617345827, 0.8565785938927973, 0.5393870724391295, 234.67004381139586, 4.335904097855213, 232.2431593246082]"
3.4162566092418825,21.798906503271077,0.9901646938344686,0.18612688652543474,True,False,"[0.6104944090853893, 0.34670749847800214, 125.1724275811706, 110.07736390550672, 256.18481017561373, 0.849347107728311, 0.5564923131622751, 231.94549535331203, 4.980524380080036, 228.5545747398035]"
3.399175326195673,21.78609869762526,1.0,0.06604952431302502,True,False,"[0.5306795636370978, 0.3535467234841281, 124.13921486308975, 102.44552017709505, 254.55817922769444, 0.8067143905323148, 0.6079315711816198, 232.34682615692216, 0.06331606875850326, 227.29925039829897]"
3.3821794495646946,21.741802913369913,1.0,0.23204450592467052,True,False,"[0.5700365341865706, 0.2926192966423941, 121.65182718733585, 103.73886783057483, 256.5851574476196, 0.733394604571098, 0.6177111557836429, 232.15457503104037, -0.9096232033865892, 225.30610467038767]"
3.3652685523168713,21.7978441412939,0.9834850669038364,0.5447858677628418,True,False,"[0.6147764339087756, 0.36979221871162854, 124.81118271919507, 111.32275417551878, 253.58037959629866, 0.8055456265875487, 0.5610491951465586, 231.01041929854833, -0.015519704637254605, 222.75774103631335]"
3.348442209555287,21.786126480914913,1.0,0.20817577220581474,True,False,"[0.6501667340032132, 0.4369721176794993, 122.66937824858489, 108.58812705035717, 251.31288865625754, 0.8713857876878591, 0.628999497870198, 228.6972346883949, -1.963431868987275, 223.71989565343554]"
3.3316999985075104,21.788493024418266,0.9992899411074476,0.10723307434565021,True,False,"[0.7204622710977879, 0.4475710622174123, 124.52081513044901, 113.32942893956456, 249.54034638317168, 0.8102539166960413, 0.6596601546387996, 225.21290159008984, -1.689177762897085, 220.92650898646968]"
3.3150414985149728,21.79476063925882,0.9981111266291172,0.9011688645673808,True,False,"[0.6736725062815585, 0.39798515167646165, 125.86748173479327, 115.16257565663489, 245.5771297549475, 0.8133771098186748, 0.6223989127641295, 223.73177415252613, -5.029443533389346, 223.0680130583164]"
3.298466291022398,21.776567689620098,1.0,0.8424886765525617,True,False,"[0.6965310794531749, 0.4361158320074255, 128.895031600024, 108.57216789536014, 249.55829648754164, 0.8195321967649174, 0.563780071496903, 220.45056720553262, -8.54628927394825, 219.78213011494995]"
3.281973959567286,21.974723201576772,0.9414096211891425,0.7143892463687979,True,False,"[0.6734143240854673, 0.36136387163529016, 128.1585697767812, 110.04767895989764, 251.19062005153768, 0.8210061842238454, 0.48948648104243797, 219.17681955621768, -13.086212212217314, 222.99201170286736]"
3.2655640897694496,21.905443158596796,1.0,0.2804493217494999,True,False,"[0.7436465208322659, 0.365529944422754, 130.99033137448126, 108.72623451894614, 249.47364632478917, 0.781447641063697, 0.5368861010443665, 215.6911082075768, -5.64128868211785, 226.69067485989467]"
3.2492362693206025,21.925107452015077,0.9939663023078891,0.2359472148443209,True,False,"[0.78378485495582, 0.3789154996334179, 131.45197233259253, 110.41576829922528, 245.78760713830687, 0.7787291680938615, 0.5851956359639295, 218.03355480057934, 1.2736719639789609, 225.81321953607278]"
3.2329900879739997,21.941088148422146,0.995069188394192,0.16717714883973755,True,False,"[0.7224925261290815, 0.37585879341654815, 128.45794592674656, 104.44080074673374, 243.90362495032, 0.8264529322607619, 0.5981416487569948, 217.56347908068764, 0.7534800573521103, 225.74817270753712]"
3.2168251375341295,21.976764187248744,0.988970822171303,0.44671339326897486,True,False,"[0.7971539905981115, 0.4313919130664462, 129.05511869866936, 101.01604978883475, 244.11143383226886, 0.9027507434944378, 0.6593992208321435, 216.69824378703456, 1.9117593314318864, 227.82666519387456]"
3.2007410118464588,21.912908889521923,1.0,0.13503851432956437,True,False,"[0.8147240090184077, 0.46146928839272605, 132.5519505477756, 101.46597939345698, 242.06574620119042, 0.8310226681703836, 0.6235853146148435, 216.88200563545382, 8.231422207971995, 229.14004813563398]"
3.1847373067872264,22.024165277102757,0.9656689134743138,0.9410900804443906,True,False,"[0.8634016814343253, 0.522743977434353, 129.24448180723226, 100.77573220409808, 240.22170465996996, 0.7889656626104627, 0.7012130471793224, 220.12179824162757, 5.713226179582321, 229.43562043261912]"
3.16881362025329,21.966413832184706,1.0,0.12795099451425151,True,False,"[0.8468896042434649, 0.5407860772007453, 129.76001113447256, 107.84587888033208, 241.61367239235463, 0.8605416241333051, 0.7037869475832824, 217.5588595983615, 7.851052936171898, 227.1452416069482]"
3.152969552152024,22.017689921818302,0.9838687327404004,0.6457753515688794,True,False,"[0.8407985260185082, 0.5241610654944702, 127.05462336086008, 107.13685611818282, 238.31798463705263, 0.9098827171394716, 0.7310122645517255, 219.9780080961009, 4.587960048499479, 226.8760814375614]"
3.1372047043912636,22.00955349503502,1.0,0.5843085417557632,True,False,"[0.8069463306364658, 0.5470402007371814, 126.7330800257281, 104.89375160354909, 238.07244931024147, 0.8812788724149445, 0.782860627949584, 216.37831681697358, 4.068922462463695, 230.10719865581663]"
3.121518680869307,21.966058841122667,1.0,0.6827940547049697,True,False,"[0.7662676515493864, 0.5578757549403449, 126.79138146395806, 99.80965718822783, 236.51542713860297, 0.8312279311067802, 0.7812866412955255, 212.6273267002166, -1.9715391899113417, 227.52355239514054]"
3.1059110874649605,21.996827136782088,0.9901425392475726,0.08916265323767603,True,False,"[0.7581422900280976, 0.6054523362081731, 127.66664785781347, 97.27398154301768, 233.99803929292932, 0.8768911920033008, 0.7627948492523757, 210.34046952180069, -0.9141586368514663, 227.3325641992767]"
3.0903815320276355,21.993237099726038,1.0,0.5085549410878623,True,False,"[0.8254940068318345, 0.5824555688715216, 127.25174853328883, 94.17100462965419, 236.24677186109233, 0.8105119956827221, 0.8213633276451378, 210.75987364861132, 1.739638992558648, 224.01753434729662]"
3.0749296243674973,21.90568438691758,1.0,0.3319669854266796,True,False,"[0.7582312803451187, 0.6147657455127354, 128.71785506499378, 90.16252830652506, 238.5220488770923, 0.7604171538522642, 0.7870350611321573, 209.6737673341967, -2.296110935526384, 222.5873856390664]"
3.0595549762456598,21.876440109070504,1.0,0.48764577799438746,True,False,"[0.6939685613856293, 0.6056983802702115, 131.3554898859159, 90.60460571101667, 236.8711999018945, 0.7072579434144777, 0.7914288991092708, 210.760392254482, 1.4157661292418897, 224.94488525351997]"
3.0442572013644313,21.91463746508451,0.9875310412783068,0.6295552538131405,True,False,"[0.6806220709141834, 0.6263147304421617, 128.80567576779353, 88.53210405416202, 239.73320119949355, 0.7496677200316146, 0.8431402278512303, 212.85628198484918, -0.2642178728028295, 221.72355586038637]"
3.029035915357609,21.91901291494181,0.9985565403228968,0.47446230554816404,True,False,"[0.6198452237003391, 0.6709640897014544, 130.67582841330236, 80.72006587831716, 237.6380459271006, 0.7670356285988691, 0.834466917656967, 210.80870756244224, -8.122403190098533, 222.18820519230763]"
3.013890735780821,21.96419237956223,0.9851213846505642,0.8161702016238568,True,False,"[0.6663753354513374, 0.7218592879347877, 129.7750755059826, 73.70135572857214, 241.0818690358926, 0.8073188326372996, 0.8402551453148557, 213.62234856261216, -11.552960481369466, 224.3249101869543]"
2.998821282101917,21.89603764984417,1.0,0.008828289677067946,True,False,"[0.7013289780218159, 0.6988280055969562, 127.38650623338174, 74.66570501298803, 238.69117632055884, 0.734804450065358, 0.8790926028346222, 211.50646039923578, -4.537042054284477, 221.9421259946516]"
2.9838271756914074,21.963600847937826,0.9776112979197666,0.799842099996153,True,False,"[0.638570848091457, 0.6918423033458642, 128.12395607077582, 81.64745935780135, 239.55147545751626, 0.8105349904792967, 0.8190332861548592, 212.7505750347967, -6.4332382566933575, 221.85637173087073]"
2.9689080398129506,22.013102729338357,0.9834648019602122,0.03180085208991146,True,False,"[0.7166853803542708, 0.7315812565236883, 125.24087789173268, 85.23444035353874, 239.445932440916, 0.8373411837794495, 0.8421433073509239, 210.66991251567097, -13.826209458820792, 218.65325229195565]"
2.954063499613886,22.000725494979193,1.0,0.6231233720696825,True,False,"[0.6406216684610082, 0.6768595629839259, 124.6666472825408, 77.87184578587971, 238.04030383908463, 0.8637142029021327, 0.7988086578227366, 212.57557517710006, -9.142666735451591, 220.90373360617633]"
2.9392931821158164,21.98757514513534,1.0,0.28802975542850373,True,False,"[0.5703819571077935, 0.6168223585369733, 123.984426187726, 79.63654787782534, 237.4217448960741, 0.8804056341877313, 0.7599029796233581, 209.31240305063972, -4.537025788143028, 221.13175144234538]"
2.924596716205237,21.99573006215109,0.9972154936832061,0.7379892076135535,True,False,"[0.5654102136700474, 0.6692674827986691, 124.13078306558978, 72.50353292392191, 235.74044088780352, 0.8834717849732625, 0.839457516284518, 211.2528410689421, -2.8660545109612503, 217.6251742645868]"
2.909973732624211,21.991273319229556,1.0,0.15797269509174972,True,False,"[0.5417499261494235, 0.6141184219622249, 127.64702585396589, 73.78641777997785, 235.17942924162296, 0.8841603453960958, 0.83337930420605, 208.3565250257999, -9.439876312478379, 214.73389558123398]"
2.89542386396109,21.951637908176878,1.0,0.6511949435832318,True,False,"[0.601784849734699, 0.668209101329049, 124.72895598125936, 73.895926935462, 233.39005454184175, 0.8053415327390379, 0.8560785431874883, 207.51200489538508, -7.232540696908215, 211.7968414159805]"
2.8809467446412844,22.0128386658,0.9789807694059348,0.09872145050900905,True,False,"[0.5286827697941368, 0.5986100887049578, 127.77017862693691, 71.97302021211746, 235.27306399023956, 0.8823399669572805, 0.8755196184308709, 203.95377388628887, -6.270525435800076, 214.28412505468057]"
2.866542010918078,21.99208060189784,1.0,0.4703278372663976,True,False,"[0.4720325750978623, 0.6178628078017575, 127.58479214149878, 68.63069791039356, 238.4899675611256, 0.8914596928761223, 0.816027400541322, 201.20822306713467, -0.2739842635170753, 215.09568679008632]"
2.8522093008634877,21.978745025448028,1.0,0.18067980608220569,True,False,"[0.5517804535478611, 0.5458601095555129, 127.09555552246611, 63.43278938787424, 235.60674134078425, 0.8896747807134524, 0.7459612059728034, 201.28243849926423, 1.5075621186408679, 217.7030542514481]"
2.83794825435917,21.977197630808313,1.0,0.5507451237956436,True,False,"[0.5840470659017372, 0.49110893888560053, 125.83014434606307, 56.798485505052895, 233.4194986974436, 0.8995047505423454, 0.6744729752008881, 203.31612569888995, 4.249760097705282, 217.52369790922322]"
2.823758513087374,21.955374052695724,1.0,0.47663821741205703,True,False,"[0.6296198006285137, 0.4864225679545862, 122.0711395279799, 49.98493254609355, 230.96858475646172, 0.827827094637243, 0.6144116013265659, 199.50766269211053, -1.656605135455246, 219.7466341650396]"
2.8096397205219374,22.029713298955002,0.9738883228973252,0.9258405024172994,True,False,"[0.6245461253749581, 0.5659543403615256, 125.86926412577031, 46.51937013017561, 232.93183290136813, 0.8255692996167555, 0.5386930141414898, 202.8957334401073, 5.848606046432273, 220.51526047790847]"
2.7955915219193277,21.990253134353598,1.0,0.1557742537569432,True,False,"[0.6027726000988977, 0.5636967632065543, 123.41176406317783, 49.089929303326144, 231.19301096997273, 0.8876895272009923, 0.585676136463871, 206.19086771803825, -0.773106277880883, 219.04080568445934]"
2.781613564309731,21.97945112087691,1.0,0.4401038831102241,True,False,"[0.6454147000238151, 0.6408793816227507, 124.98775492244916, 53.357705193419065, 235.18195102913495, 0.8752621675820189, 0.5104366288473061, 204.92732890201628, 2.1751115016786713, 222.93157061683388]"
2.7677054964881824,21.951124868372506,1.0,0.31365700914149497,True,False,"[0.6711405386537437, 0.7123265982836244, 123.42231840438161, 60.78870873040201, 234.3885899531771, 0.8953891898282306, 0.4477997175756045, 208.6706945674806, -5.166175910982911, 221.98870637177342]"
2.7538669690057413,21.971405874706477,0.9926624963172468,0.7753186988924238,True,False,"[0.6409121466457146, 0.6822889643629771, 121.87553478053009, 68.71910235336112, 234.1270441383626, 0.8473076508717206, 0.5257555408718237, 206.38836265068915, -4.20332526251428, 224.12357997551754]"
2.740097634160713,21.960185278993627,1.0,0.7661004858432467,True,False,"[0.6848497509295806, 0.7379590350341241, 119.77117026592406, 62.1300433025913, 236.02550546699945, 0.8689223663322504, 0.5180021939248718, 208.33271746943043, 1.5261883372082163, 224.6867851075132]"
2.7263971459899095,22.011369141421223,0.9814016801142236,0.7536445016983186,True,False,"[0.6437060819654215, 0.663024253563305, 117.4166589357595, 55.79953570230666, 234.76974584284764, 0.8892072781634026, 0.565338098766321, 208.2535409914036, -2.095658309245456, 225.66883637510523]"
2.71276516025996,21.968424278809746,1.0,0.895511422581982,True,False,"[0.6312361563104462, 0.6791191619651356, 114.4978120571905, 63.296921382863104, 231.7276588358748, 0.8449569322094449, 0.5155313008056596, 205.78584638752773, 5.433273305926402, 224.61379169853066]"
2.6992013344586603,21.982447134014144,0.9948182848211016,0.4446119024922509,True,False,"[0.6162011233406152, 0.6449069524275535, 113.2653079729357, 60.45260717708779, 229.28852141075814, 0.8855388423687647, 0.49593856699118943, 204.9957930520031, 7.152006807424867, 224.6122167069737]"
2.685705327786367,21.94765423085511,1.0,0.0698137431617214,True,False,"[0.6231848081632926, 0.7220769593184896, 115.85037823114507, 55.61340632301727, 228.4754681874715, 0.8826643181341309, 0.5112904458250385, 203.24891349115893, -0.386123598401527, 224.12328022695488]"
2.672276801147435,21.898262367383985,1.0,0.8429135435863365,True,False,"[0.6092493086293914, 0.7530791649446194, 112.922976714665, 49.480117958629286, 224.60509273530687, 0.8320598646940678, 0.4480794195901737, 205.40241531458693, -0.8320712461060236, 225.20453220740646]"
2.658915417141698,21.891478577780788,1.0,0.7217307535635625,True,False,"[0.6466848434694505, 0.790881215693631, 114.44424297469888, 50.051638671896185, 227.7192679861284, 0.7865510376462501, 0.3790920686549606, 207.64513583825914, -5.565450598519423, 222.58403619874315]"
2.6456208400559893,21.89274764396371,0.9995204294447654,0.023382704471356264,True,False,"[0.6667464931285341, 0.8217038268394301, 116.77990440764884, 44.59822801256409, 228.84104134579982, 0.7416467480503262, 0.32513961784402856, 209.35445629123825, -12.851595007392998, 222.76726398656146]"
2.6323927358557095,21.933867665781893,0.9845005938264552,0.7725240829182405,True,False,"[0.7112869636373773, 0.8431005507568617, 116.10246671071442, 49.27326246449256, 225.50181824518148, 0.673198293768592, 0.30128805276686993, 210.07505441710208, -19.211525116965237, 224.74197634503474]"
2.619230772176431,21.958816970006907,0.9905197913698419,0.13103289008441255,True,False,"[0.7072645932043828, 0.8923763008741028, 118.21589855084335, 47.33041996040698, 226.22205184446244, 0.7436592716619997, 0.2226008582543408, 208.98047592788038, -14.920388659511048, 222.6498465996725]"
2.606134618315549,21.972373135606837,0.9948118683384554,0.41088799815865196,True,False,"[0.7386476913015793, 0.8606364991207806, 117.12640821676055, 49.167235181981745, 230.0030148703988, 0.8074690292987823, 0.1441376793341547, 212.34699828155232, -21.128825296423287, 225.58620919776655]"
2.5931039452239713,21.946475461614575,1.0,0.38417701605675514,True,False,"[0.7470315655910086, 0.790625933725441, 116.77211897823022, 54.90130039318837, 230.2700260838739, 0.7959882145206933, 0.11552373499960289, 212.88120331407623, -22.346018811391254, 226.61634297632327]"
2.5801384254978514,21.999420601097082,0.9796888370867156,0.23132053431631538,True,False,"[0.7565471839704836, 0.86479331492848, 119.75422613933756, 54.965409795469405, 229.88395006491137, 0.7758311510986801, 0.17034230723682686, 209.45898940364066, -17.135974468276846, 225.32289398118053]"
2.567237733370362,21.943413103916356,1.0,0.7354320577171908,True,False,"[0.7448004183894753, 0.7911597310669958, 118.89585599400944, 48.87147412457225, 225.90124452176997, 0.7651655025959868, 0.18279758305815536, 205.71412867470065, -19.60010977646454, 227.94214473664266]"
2.55440154470351,21.999955340243133,0.9781079678174321,0.20478908694398368,True,False,"[0.8117493603392414, 0.8155418673325576, 120.91886870312743, 48.76568995102706, 222.39387241598803, 0.7250943248088578, 0.20731042860767313, 206.43348002098466, -17.31665434627275, 228.15065447252846]"
2.541629536979993,22.09175003091226,0.9645279469492326,0.5169687551209907,True,False,"[0.809804821867738, 0.8940028045494487, 123.37852406548693, 47.33354755455203, 222.47236328092325, 0.6714530179419581, 0.24925262961524006, 205.2195813929719, -13.349919340582511, 224.6249468867583]"
2.528921389295093,21.974080231612707,1.0,0.7654559795062351,True,False,"[0.784249266814018, 0.821029184568312, 126.03290351435018, 50.76415087335786, 219.2353333097214, 0.697244114372372, 0.2861832031475058, 204.63984863166368, -18.803954150796965, 221.22203780587589]"
2.5162767823486174,22.095119386818155,0.9530361143227611,0.9505176140558979,True,False,"[0.8266264491725546, 0.8811176161858594, 126.11686924763143, 56.55895955170666, 215.9839466807635, 0.7226601357281667, 0.32033908908619035, 206.8669962312493, -24.152405852450464, 224.64403478497135]"
2.503695398436874,21.991381977381884,1.0,0.22826284457375245,True,False,"[0.7692052379042051, 0.847936906293719, 129.20070456688038, 60.256307831412734, 218.8734519702914, 0.7875998217062515, 0.3457251339027634, 207.14652125284712, -22.121663861485267, 226.04023523662335]"
2.4911769214446897,21.919223759487892,1.0,0.3772432551182916,True,False,"[0.7085499259127166, 0.7702677091463331, 132.59629923964428, 67.91153192574913, 220.4614506617622, 0.7815335250658368, 0.40977563009765744, 203.9884149760132, -21.561722346239602, 229.75992230960094]"
2.478721036837466,21.972563098153202,0.9787109841794998,0.0557439028925073,True,False,"[0.7435621480828404, 0.8261717001248059, 132.00089566993142, 66.53725564779526, 220.74704842097486, 0.8578076456600382, 0.4393911410361544, 205.4069758965421, -29.007391456506166, 231.86262107186357]"
2.4663274316532786,21.91639675630602,1.0,0.11533340263543446,True,False,"[0.6823544626252019, 0.806941744338775, 133.82982889682813, 68.41284928347179, 220.2465055760093, 0.8120179209711308, 0.45861626640506464, 205.10731920538439, -25.649143253255197, 235.7214009092146]"
2.4539957944950124,21.942200369927455,0.9895401507107313,0.7419604334675375,True,False,"[0.7272675660705897, 0.8487337034344449, 136.49352168047906, 61.05111685740167, 217.07890886642642, 0.7439334543036024, 0.4275394325270687, 208.6523757448559, -26.419998159085544, 231.7500472524441]"
2.4417258155225374,21.994616587471633,0.9787619005533401,0.8999381716935869,True,False,"[0.8068780980175515, 0.8428117498512984, 138.57656771277647, 56.25054971172332, 214.6543316943821, 0.7303227613409649, 0.47822576991267374, 207.17448814805226, -23.711197994078823, 231.60014389556915]"
2.4295171864449245,21.950974972595105,1.0,0.783727709977438,True,False,"[0.7380508165147516, 0.8507826403882005, 136.03993535191265, 53.96682545690948, 215.80809628370517, 0.7882407315392435, 0.4199646273613188, 207.6215924790851, -28.335756173235918, 229.0350756424818]"
2.4173696005127,21.88693928807363,1.0,0.6542696151253171,True,False,"[0.6702510763814661, 0.873244396760769, 132.13059901771993, 51.550768621419074, 213.66392009504847, 0.7245696514972898, 0.4056824435472638, 209.62032262863082, -31.695794800915973, 227.37469563120928]"
2.4052827525101366,21.930242670565843,0.9821576460639592,0.5674030643545287,True,False,"[0.7175538266164256, 0.867274476300094, 133.4512053040107, 50.00816445497541, 213.80340824007538, 0.6552795708562728, 0.3954517699916443, 210.194418179669, -32.86099353774778, 225.42727169946681]"
2.393256338747586,21.941992765804514,0.9951023642304688,0.3286820721147491,True,False,"[0.743776293289649, 0.8432243116260335, 135.22186969204765, 54.34688805634492, 212.33974897087728, 0.6845329438829251, 0.43476010246175245, 206.56987412988224, -40.40319299364332, 224.389996092523]"
2.381290057053848,21.935402755738664,1.0,0.17351911496456884,True,False,"[0.7018409835546041, 0.8957753137621859, 132.07832276732321, 49.95650625062966, 216.23822286456985, 0.6864384840237028, 0.46563308272913556, 203.58831210551162, -42.08584486770003, 224.45266695663457]"
2.369383606768579,21.928811629886944,1.0,0.7043245231947852,True,False,"[0.7098840347851574, 0.8717667244504115, 128.39791961607392, 47.656214601639256, 218.4866189567463, 0.6280017585378269, 0.39007400252957375, 201.3441850774284, -49.236677031075885, 225.51864352175252]"
2.357536688734736,21.884311571030928,1.0,0.8804621584549572,True,False,"[0.6696306574672405, 0.8046088863985581, 131.84105911053595, 55.51812557885062, 222.45010947816996, 0.6651275098170505, 0.36852554173077795, 199.88022444664352, -42.50392938619505, 222.0782744471416]"
2.3457490052910623,21.96928182763951,0.9644251244047726,0.08430633078489602,True,False,"[0.7415190373808175, 0.8738959661527992, 132.32812909830434, 51.172051161044166, 219.90959168188857, 0.7302350989244273, 0.3172918222988684, 200.59255821469023, -38.3602121889444, 218.10706550980694]"
2.334020260264607,22.027871279652192,0.9752100697108388,0.21889544358565827,True,False,"[0.7935996979262684, 0.8715152047195188, 131.70604370844484, 57.043586403938, 221.16647786304378, 0.6763659610820051, 0.319001383582534, 203.21647159541212, -32.227738161295605, 220.88534829021913]"
2.322350158963284,21.98381655577821,1.0,0.5003090893397043,True,False,"[0.8066184406068397, 0.8173160771917605, 130.58883764791003, 50.46459311076426, 222.13099369778007, 0.7371208084169805, 0.30722025439389894, 201.91063801616497, -28.23894880381615, 223.2740019364299]"
2.3107384081684677,22.018683872973128,0.9850240190164747,0.630691275098299,True,False,"[0.8728463958765346, 0.7774929032039468, 133.72793467980597, 56.27971954404763, 218.34002741698106, 0.7305422781588554, 0.28826868316739673, 203.4009366857597, -21.01139838548756, 219.8898529031475]"
2.299184716127625,21.97383756583036,1.0,0.3638226334072041,True,False,"[0.846201854043588, 0.7418177313886692, 136.39129785794682, 59.71066040807279, 215.89740880134937, 0.7052847752419471, 0.23796343941613596, 201.41274199016513, -25.18276752341804, 223.83057759865326]"
2.287688792546987,21.926825236876518,1.0,0.3499365564749386,True,False,"[0.7887858908442226, 0.7078330163771411, 139.66404977833542, 55.30316544291898, 214.33683427638283, 0.6361178356751747, 0.2803923459582877, 203.18262801499287, -17.410571287581284, 224.46008421265915]"
2.276250348584252,21.933023338513124,0.9972807601090784,0.9275838828058631,True,False,"[0.7775973423252518, 0.7547024878503326, 141.56012274170095, 61.857442401193616, 214.0829638934259, 0.6369390637177117, 0.35023365033273285, 206.80859576961777, -16.24083896806414, 225.15175050482245]"
2.2648690968413305,21.888586717123623,1.0,0.943774108735435,True,False,"[0.7039055023104666, 0.7027396928540458, 145.18558667840404, 64.51732346519391, 211.2774590975873, 0.5928279572696012, 0.3675689082853272, 207.002120315595, -17.8002821468189, 223.57058568593007]"
2.253544751357124,21.896031247673868,0.9967019746727293,0.7870096259864564,True,False,"[0.7121332301752014, 0.7038309431857867, 144.78422304985386, 69.28051241295859, 211.29120637734954, 0.5773451685556253, 0.380356203685057, 203.29512813870804, -23.362838550276564, 226.26747549665762]"
2.242277027600338,21.93352175827186,0.9834191618701177,0.6344013825386522,True,False,"[0.7860890954810681, 0.7405917824812407, 145.7668881690212, 63.088636185171225, 213.4718711049714, 0.5736492299336765, 0.3822677015769642, 200.21324575633642, -29.721839129984538, 223.21436960384852]"
2.2310656424623363,21.892026755446857,1.0,0.018907279009012123,True,False,"[0.7124600470489145, 0.7360980050594688, 148.59007125955253, 62.325013710725464, 214.58780529686777, 0.5649797262083823, 0.4149151865837672, 201.561943050647, -32.56251183919615, 220.3140022991471]"
2.2199103142500247,21.917627789432082,0.9885337807666124,0.06476619283117979,True,False,"[0.7618762504162755, 0.7721575371218319, 151.53540545818038, 62.95537610426522, 218.00458582233068, 0.6150750374644582, 0.455918999735484, 200.07335248590238, -27.235908821146086, 216.99800556514444]"
2.2088107626787745,21.918014178681737,0.9998250844017763,0.925756354761583,True,False,"[0.7516512916925188, 0.8062762111556766, 149.9314623770439, 62.760857460640366, 214.3334548907767, 0.6861873901710727, 0.48705370105555174, 203.6272923038561, -23.39958574760021, 218.54580268053098]"
2.1977667088653807,21.90957036651676,1.0,0.5004756434390545,True,False,"[0.6938532471693821, 0.8819870303972621, 153.43707318140594, 57.08061469943796, 217.9717005742355, 0.7509392397680563, 0.4286302016417076, 200.80430165179118, -22.67454652243579, 220.4384077008203]"
2.1867778753210536,21.883620173910465,1.0,0.9975276225734347,True,False,"[0.6844543126476641, 0.8361440120543928, 149.91317350581772, 55.389728273148435, 220.00227141434584, 0.6846867501876092, 0.4203393230764252, 204.16697522743917, -30.105135552612207, 218.35430178123843]"
2.1758439859444483,21.901851361569413,0.991656101279019,0.9946933177240918,False,False,"[0.7488979056579046, 0.774193725483201, 151.88321458689623, 54.626784493046046, 216.46324119745935, 0.6851927217001474, 0.46082938079642916, 205.87522052175467, -32.530126718740966, 214.45449345759877]"
2.164964766014726,21.846498032494125,1.0,0.11898583596287482,True,False,"[0.638154892021419, 0.7863336336306058, 146.00412466402113, 56.70755600384276, 216.29225775307015, 0.6202666556122229, 0.49212874801747913, 204.32101613581244, -26.789122277427268, 220.9323570389182]"
2.1541399421846528,21.812452331283865,1.0,0.514289734304477,True,False,"[0.5816802793921831, 0.8549269905900974, 146.68369503881817, 53.031083409171345, 213.9445625813372, 0.6489750839727186, 0.4297364974098915, 207.82412723168403, -22.25670240633941, 219.68946841391994]"
2.1433692424737294,21.831920660929736,0.9909580764498177,0.6594542217752065,True,False,"[0.6229854374337871, 0.8817567763964419, 146.23717290965612, 60.18599310493606, 217.20928086148132, 0.6242040106317597, 0.42588589284795464, 209.65839959116957, -19.42287580838976, 221.259769554451]"
2.132652396261361,21.880362144087805,0.9775418298454969,0.9713202398993739,True,False,"[0.682808311238436, 0.872939262816532, 150.15181115302812, 53.261086091303504, 218.25650486471136, 0.593177558682966, 0.4678705894992047, 209.78504363643015, -14.7804476615984, 219.90564298363182]"
2.121989134280054,21.8392457686697,1.0,0.5213215187062655,True,False,"[0.6423509823564854, 0.8381906214663152, 150.2377782013654, 56.64506664153724, 217.09363627529086, 0.5477956260724911, 0.5325282635056628, 211.9782735561578, -9.96655317289658, 220.79318133461172]"
2.1113791886086535,21.833022876647764,1.0,0.46726170208810014,True,False,"[0.6335969224331874, 0.8580368675826866, 150.81801352581897, 55.633353969663794, 216.4168846001996, 0.5140842817571614, 0.5111570233844027, 214.84573674744922, -7.163056705304667, 220.70022805806633]"
2.1008222926656104,21.812019524468546,1.0,0.6061890017024606,True,False,"[0.6201408050386505, 0.8822872462180303, 147.5055285701917, 52.39682678765196, 218.8083996330789, 0.46703010153853197, 0.5869686220398045, 212.59949449068213, -13.364759609506603, 219.16925891277555]"
2.0903181812022824,21.83547511175555,0.9888416605384435,0.06832780613739542,True,False,"[0.6200223708248375, 0.8340256284521892, 149.21371811692958, 47.481420503319896, 222.52883184255535, 0.4204057992690631, 0.5716062268256474, 208.8483257765255, -16.267157993238264, 220.5764290941092]"
2.079866590296271,21.83778893170599,0.9988881337901108,0.4761904471975279,True,False,"[0.6279602951566388, 0.8236008166717405, 148.398639347299, 53.72510858062188, 221.62163718651996, 0.47270548119016675, 0.5712333010883749, 205.05564778768823, -17.303689017005546, 222.87070790972186]"
2.0694672573447894,21.81667553454373,1.0,0.5408036451206711,True,False,"[0.5740163332905966, 0.7495725722693185, 148.52014463123604, 55.30454773330766, 222.2170601663376, 0.49877266998561887, 0.6080232545228919, 206.71047898665307, -20.460191627576613, 223.07123491320652]"
2.0591199210580653,21.83582282254264,0.9907443272438465,0.4359531863626296,True,False,"[0.6152829730240131, 0.7799457160876464, 147.28600796384504, 48.93703729038412, 219.80833191689035, 0.5242032039736941, 0.5285770166250257, 202.90788118872499, -23.238615268644256, 226.20649734242065]"
2.048824321452775,21.808728568980097,1.0,0.9692649285678473,True,False,"[0.5854416174250153, 0.8361659648942579, 143.4928727447772, 50.606317045220855, 223.5777272098212, 0.507522718350573, 0.5579092161341282, 202.23414068320943, -21.654079542624437, 226.08516058074505]"
2.038580199845511,21.7689830155793,1.0,0.9119135211306695,True,False,"[0.5313761826946675, 0.8920810116736599, 142.68847847676327, 52.557704814885916, 226.56378973961424, 0.45858159538626125, 0.5282863984634623, 203.69724060324435, -22.378350650219943, 224.5169567583257]"
2.028387298846283,21.779418139554085,0.9948686683337885,0.5823449570002219,True,False,"[0.46843264843509413, 0.8646326663234962, 145.28292006155937, 51.48719751248049, 230.07939322030637, 0.3891898385658536, 0.5753122049003868, 203.28655113452945, -29.319676044722456, 224.9133312992019]"
2.0182453623520518,21.810818470698393,0.9845621712950652,0.13486206178412385,True,False,"[0.437198625843401, 0.8284599511558571, 143.79063574354828, 44.100790882728475, 227.57279307880967, 0.32605571859883187, 0.6240431927162523, 206.9926857389328, -34.328892396747236, 223.53200239124467]"
2.0081541355402917,21.826188659149473,0.9923753276174487,0.6474228484059635,True,False,"[0.4239402148511468, 0.823391383651717, 141.3652045716244, 50.37188029904721, 228.95873378036754, 0.27871971592321726, 0.5789680298840554, 203.2651828037318, -32.52126298044118, 222.2622263341125]"
1.9981133648625902,21.801570632909705,1.0,0.09648478354572187,True,False,"[0.494988876695462, 0.8600634925399127, 144.23935103275275, 51.52241370044496, 227.67443899434917, 0.29435710242042284, 0.6110708264559871, 204.2732294757356, -31.931615120643947, 225.23595298425028]"
1.9881227980382772,21.824636445706886,0.9884652365322233,0.30316886994255,True,False,"[0.5438421901698904, 0.8488016967898214, 143.48131425717608, 57.203049392219626, 229.71758306820306, 0.2655165306122587, 0.6090760232468803, 207.61325951435958, -36.858617291371246, 224.67220074464606]"
1.9781821840480858,21.859146823865032,0.9827057912409338,0.7779470669149908,True,False,"[0.48375387966871103, 0.7821370774161809, 146.73007706670052, 50.98852918106877, 226.8785113368602, 0.3172992564683022, 0.654486361734968, 206.84279075504043, -31.4323905487251, 222.28284893216113]"
1.9682912731278452,21.821587741708257,1.0,0.025547531508424925,True,False,"[0.43839585697021866, 0.7804808126131211, 145.14441774227117, 55.742442415020555, 225.1738084139293, 0.3519430327277704, 0.6323659573072956, 206.01496731198404, -33.73060844054365, 220.81982503292525]"
1.958449816762206,21.86003649102347,0.9805592212264752,0.9874528118817582,False,False,"[0.47060356057966135, 0.7279459062619164, 148.76951368654915, 61.655301891863715, 224.81829863121402, 0.31907345262318126, 0.5670131888985921, 209.7072062361623, -36.05266290311667, 219.45350537689146]"
1.948657567678395,21.84163214940662,0.9897664579177458,0.9584139541729823,True,False,"[0.48889629488297204, 0.8158023579233127, 142.99920858916437, 55.03659444510297, 226.13479442662575, 0.2744122931781557, 0.651305563498128, 205.62778334496684, -36.85470034400477, 220.44053646887167]"
1.938914279840003,21.868688665258503,0.9861424450011048,0.7458447188609729,True,False,"[0.43578627937757786, 0.7757139840315387, 143.4591212322871, 49.17227549551074, 228.33011780490247, 0.19516815864248832, 0.5722197305092145, 205.6264541729357, -33.911529763476864, 220.45215271144136]"
1.929219708440803,21.90320965494641,0.982265385114054,0.9766399457267094,True,False,"[0.42707825212622813, 0.7562729384028068, 143.44064205614237, 46.17877273931104, 230.60367807949595, 0.2268054531045735, 0.6437947079328529, 207.78782201705823, -39.35966235784273, 217.6625556581126]"
1.919573609898599,21.912192962602084,0.9953310880519003,0.4753757059297664,True,False,"[0.4020216190148418, 0.7675138768084079, 147.09882330158499, 42.32333752856667, 228.73815278714048, 0.1670383264590251, 0.6561393253296681, 211.72597055026588, -38.27321361057286, 214.22559172214764]"
1.909975741849106,21.893102558551167,1.0,0.7285779442393944,True,False,"[0.45412110940791395, 0.7613922414577059, 148.4054512475587, 48.98215553113219, 228.74549969172057, 0.1391487479377554, 0.6266642102188213, 214.59519162648232, -36.015712054440385, 215.36013792431328]"
1.9004258631398603,21.58680290915484,1.0,0.35663395382621976,True,False,"[0.4835563646946575, 0.8095944432484647, 152.22913373485235, 54.744310872536076, 230.4055175209497, 0.16497748832261783, 0.5557190222815468, 213.92123120091057, -39.10512799056178, 212.2044878555818]"
1.890923733824161,21.879984757164486,0.8563750193724309,0.7753164715904547,True,False,"[0.44245936880723635, 0.7547657634938916, 151.3632030293817, 62.46671609182778, 231.52092336489653, 0.14536139286578917, 0.5473643429129972, 212.5481328185471, -37.742361579295064, 212.81198090275174]"
1.88146911515504,21.898033056365346,0.990453199807644,0.5376304632032859,True,False,"[0.48457603773440683, 0.7205687907180176, 152.5104672303462, 62.96739164029787, 228.23433257670266, 0.18779140140114747, 0.6181418890315814, 210.8066568020752, -36.82485850884678, 214.41327413306033]"
1.8720617695792647,21.88021033765461,1.0,0.017316594898340143,True,False,"[0.443007009039742, 0.7646655846750152, 152.77100908813333, 65.19580264867443, 224.4372276800783, 0.14727512529443754, 0.578695085784353, 209.4597779407543, -39.595949277874254, 218.23533500310367]"
1.8627014607313683,21.83919839841034,1.0,0.27984235073746666,True,False,"[0.44082532490454274, 0.8121957742741523, 150.95859317681746, 57.20072280966867, 227.1717392575417, 0.1867988169283282, 0.5068142743178763, 210.9068232563794, -36.350804686098286, 218.5798489070636]"
1.8533879534277116,21.851133340616887,0.9935811620850284,0.0078113170030199575,True,False,"[0.46333075204498614, 0.7572148101254578, 149.89783063334272, 58.88158746785622, 223.280281821764, 0.23273530951691385, 0.44501700176744496, 209.32877962442458, -41.854537194943376, 222.25242307370536]"
1.844121013660573,21.871139348395786,0.9892101000578498,0.11786887273960134,True,False,"[0.5429947389879909, 0.7152535881263204, 151.94719012572352, 56.34047101443584, 220.149458507105, 0.23699269024834074, 0.45285088981465865, 208.80969443311838, -47.77988808006734, 220.04070966150226]"
1.8349004085922702,21.881125219702746,0.9945725947871653,0.8277107965861316,True,False,"[0.46528714329314974, 0.6591041640671128, 150.63019638275424, 58.37920208878971, 218.19379692813263, 0.2106944263885774, 0.41125586865635205, 207.46596508962975, -55.69413374401775, 216.68894122802467]"
1.8257259065493088,21.91539919270162,0.9814023192066027,0.2722464738549405,True,False,"[0.3858982249851062, 0.5832153723864101, 150.1801295671574, 56.929780641199706, 218.98852544780044, 0.2262203453967343, 0.44658309698828613, 207.52751337342215, -58.10165642687593, 218.43972631832523]"
1.8165972770165622,21.89046764861891,1.0,0.5002810488777626,True,False,"[0.42628332449854034, 0.6178286436572353, 152.30579659894283, 63.4545615034226, 221.10149385692986, 0.18813794998101585, 0.36901789165714405, 208.15038054118722, -52.23157603507456, 217.88818781794816]"
1.8075142906314794,21.930033661644917,0.9783481043870332,0.1340655634563983,True,False,"[0.3463358750608192, 0.6205942364840602, 149.71028113218205, 57.525169767465854, 224.843637642394, 0.11340259966225007, 0.43691619212006194, 206.4805778130882, -52.172203425717, 214.835181690161]"
1.798476719178322,21.904957191323827,1.0,0.7764540847467564,True,False,"[0.34588448885952183, 0.6855900241938067, 151.46035070222268, 54.856849004014826, 225.35862254938667, 0.11995847000371025, 0.428877457183977, 206.36051604131947, -49.23546260029883, 212.19656634614046]"
1.7894843355824304,21.663342231315298,1.0,0.6649035070769742,True,False,"[0.4103874124494339, 0.6162539888447539, 154.58861963207403, 60.90434858893983, 227.8715912493868, 0.15822638381477283, 0.36272633805924737, 210.34853563979334, -43.19395001870116, 208.70369023110862]"
1.7805369139045182,21.631776596713756,1.0,0.9430011386971068,True,False,"[0.47987105126033913, 0.6064056126183668, 158.0419521715106, 65.95902826970679, 229.31807205467115, 0.09632263657211011, 0.316064034877922, 210.8343307262756, -46.76906548477281, 205.50636149411943]"
1.7716342293349956,21.62448136375049,1.0,0.7727654105621381,True,False,"[0.467246780579297, 0.6332203579179932, 159.629417246301, 68.06067198219368, 231.08181252541343, 0.11552084857512705, 0.3127721841751394, 211.62779597742997, -41.88279293699231, 202.76873495912258]"
1.7627760581883205,21.66724721267586,0.9760314091768578,0.8240287681301506,True,False,"[0.42525355341368404, 0.6496221834915171, 159.67020707301046, 65.13833966057351, 229.35764616734625, 0.1625159719935736, 0.384508206332478, 211.12512269327905, -39.504686637179276, 200.5118585624434]"
1.7539621778973788,21.62208201558066,1.0,0.8133998522114085,True,False,"[0.5011092680192116, 0.7172342159498916, 158.71202168237394, 59.20945828835019, 231.19949559760562, 0.1562582026107495, 0.4456654497788088, 210.6384047770358, -33.883101101277994, 200.50684776442586]"
1.745192367007892,21.58559562651743,1.0,0.33456245472054236,True,False,"[0.5149327654568107, 0.7949568488776961, 156.26828728976758, 56.3869362406507, 230.46057240403385, 0.09092950057132274, 0.3725236203765202, 211.29475658987877, -37.2092578649342, 202.20953286438507]"
1.7364664051728524,21.60001116214962,0.9917327139392188,0.25526015567325744,True,False,"[0.44151168044825023, 0.7617920074618775, 153.47303919700062, 51.03853103621186, 234.1885438473229, 0.09292813430617564, 0.31260063044327496, 207.34995162629804, -35.89696745236946, 204.80025935040285]"
1.7277840731469882,21.614942909623494,0.9913950984595389,0.7172082647853215,True,False,"[0.4249918702660954, 0.7203102835828928, 152.8372992024521, 51.70820326470435, 237.6760768732355, 0.1424363255615428, 0.30585188488885023, 208.11652425156726, -34.34981804364398, 204.99294747826363]"
1.7191451527812533,21.644737156394484,0.9828184653492659,0.7652626875204296,True,False,"[0.42483646214759807, 0.691021376078255, 151.35764976965984, 54.891888945201345, 236.71391173627606, 0.20159638260678614, 0.32836448979031274, 204.79980990965356, -27.381148790759866, 203.36775094182025]"
1.7105494270173471,21.604179240100855,1.0,0.6866616264197373,True,False,"[0.4440366499276471, 0.7306434025426488, 151.12760785448805, 47.079056582995, 238.26101677592644, 0.17597553111711528, 0.37128306756083695, 203.8363202256882, -33.65582601126849, 201.54611442105622]"
1.7019966798822603,21.886615802520705,0.847093458395879,0.9101050459619946,False,False,"[0.4678373844034013, 0.6607054287711648, 150.06287757704393, 40.86884445015948, 241.69812763553333, 0.14907334515052362, 0.33259171189092, 201.3716818931799, -38.542073413503914, 204.21808344126816]"
1.693486696482849,21.846596876813706,0.8666266159921877,0.27642099980707435,True,False,"[0.48006576096430376, 0.766049114354301, 153.2638498935962, 54.447050274832215, 236.76841662563442, 0.19586206350172589, 0.31225494506627155, 200.60887633373045, -33.86215740853002, 201.8620684945172]"
1.6850192630004348,21.851812102358174,0.9969097307807999,0.4939158148312356,True,False,"[0.47847397864003754, 0.730721820131737, 156.37519943095862, 62.231540008932704, 237.54539471085846, 0.25044189812335294, 0.24230325640045866, 199.29536568963385, -37.81243659534387, 201.09025089554828]"
1.6765941666854327,21.87069244091167,0.9888020429075539,0.9033020513684664,True,False,"[0.47660346799855335, 0.6802039060571224, 152.60387591098845, 66.5309242849835, 234.4011244978897, 0.19485554076542738, 0.27163620335236344, 195.85305839319406, -44.09059066431626, 201.46648578069997]"
1.6682111958520056,21.874007109963884,0.9980150126177804,0.8209160019710181,True,False,"[0.41037905583206546, 0.6523845206014417, 156.10213997245134, 62.4375572665153, 230.96742686106313, 0.20881193455193928, 0.33252879107053523, 196.42205677880858, -39.93245451929927, 200.39757242897863]"
1.6598701398727456,21.865559444162102,1.0,0.18097629758227396,True,False,"[0.3537212257109707, 0.7150989903743071, 154.820704028206, 54.70513379275956, 227.88889955267177, 0.24012039645858008, 0.2753827276877751, 196.7146566298966, -40.574123693032845, 203.60431466344212]"
1.6515707891733817,21.871422110757482,0.9964565409916923,0.6925036851522235,True,False,"[0.38879322742307265, 0.635505592840042, 154.83495332107046, 60.97502432230095, 229.6750264369668, 0.23801492023469856, 0.2077493126728104, 196.45930999480416, -48.08709373959925, 203.58788813354448]"
1.6433129352275149,21.867450523156933,1.0,0.9391512523654297,True,False,"[0.37972791856288646, 0.6836746547252877, 155.6614679436804, 64.3356994818871, 231.5656552521248, 0.19496819993942963, 0.18230819287326655, 200.41746470784574, -43.82266961454964, 201.6850632260342]"
1.6350963705513772,21.63467828313114,1.0,0.13956864271531655,True,False,"[0.3135446170894536, 0.6811037574546273, 153.04895259974575, 65.78115467770701, 232.9442888537488, 0.20516820373525166, 0.13653966308357116, 204.17869862204176, -41.6005672703264, 203.63637620939116]"
1.6269208886986204,21.631766386150048,1.0,0.7002204968547628,True,False,"[0.36125856632784814, 0.637479134091474, 151.6448687321941, 73.56260277815282, 235.57833476463358, 0.1511936159947386, 0.1557002758380403, 205.91930568163528, -45.746796914260884, 201.5059754466778]"
1.6187862842551273,21.655314355748043,0.9855586096318852,0.5601466244403738,True,False,"[0.3925285715022121, 0.618466688079162, 150.1485060027574, 72.59022801719011, 236.34356859235865, 0.14606768191166913, 0.20414314595709837, 207.53162381184467, -39.17634811408052, 199.84137876928312]"
1.6106923528338517,21.62774105036141,1.0,0.7469828951430324,True,False,"[0.37926376382840443, 0.6166672375136176, 150.19889547026432, 70.12317732059938, 238.0595690572563, 0.13273106352185637, 0.16356949237916865, 205.17888674022004, -46.67027151571696, 197.09419823842725]"
1.6026388910696825,21.636025903582098,0.9948438317480369,0.9397741891104977,True,False,"[0.4279319454175845, 0.5795625862065241, 153.71113728328436, 76.78156341007161, 237.68238695334483, 0.13650630721281926, 0.10963308238368911, 204.04435969635034, -51.44810235276891, 198.53507270826162]"
1.5946256966143342,21.624819549146792,1.0,0.6424811463412491,True,False,"[0.36547796769049057, 0.6240344481570558, 150.4364184558397, 69.98808454855217, 235.09254292969644, 0.14676981126032584, 0.13272443632899977, 203.15214398617232, -47.01009504970503, 196.04406996016877]"
1.5866525681312624,21.640101715864475,0.9904145330270816,0.37473967160882526,True,False,"[0.2901456743177272, 0.5615692461972822, 152.3444283663488, 77.34091645553735, 233.3177253953308, 0.186031055987341, 0.14812193575663157, 201.6444949185314, -50.482410432320464, 197.01343685662826]"
1.5787193052906061,21.642851227516243,0.9982599067833693,0.9457277006061829,True,False,"[0.26596638977408354, 0.5357329875808011, 155.47597849600416, 70.5697967996037, 236.5834069579289, 0.2461783040776266, 0.21860639507154755, 205.32298563328527, -55.90311244352674, 195.3859171127037]"
1.570825708764153,21.646246194913147,0.997841070902422,0.909482879500025,True,False,"[0.22240908477485302, 0.5358381251830039, 153.10355853122294, 78.06799615303011, 238.6025419915457, 0.3050482615683577, 0.1526154614602489, 201.68169879733455, -55.369709390303, 193.80746796858472]"
1.5629715802203323,21.686804983847544,0.9743840093018309,0.28957084048182935,True,False,"[0.26060914624281756, 0.5171917436152106, 155.8248289836011, 71.72111151792575, 235.06796634011306, 0.27171694126156787, 0.2266434021861395, 203.7000318465931, -55.5497616486968, 189.93299651018287]"
1.5551567223192306,21.659381660466902,1.0,0.43794014358186806,True,False,"[0.32816425714326813, 0.5643179525200259, 157.1494964613367, 66.36313044447233, 234.53837858850738, 0.26829170293930643, 0.2332322757381259, 207.15064846976685, -63.1824701587222, 187.22909679133465]"
1.5473809387076345,21.618908997879263,1.0,0.01004522788307638,True,False,"[0.28009619779163997, 0.5784902816235182, 161.06823529828492, 60.22149279190365, 236.82064715761692, 0.2965440947529908, 0.18705499294631076, 209.12923828516446, -69.77262648887769, 186.0352971813961]"
1.5396440340140962,21.648677405990192,0.9808511103610333,0.5204520180288247,True,False,"[0.2612642975961984, 0.5131555423063747, 157.94785175648008, 52.78451166582226, 238.2241927468736, 0.3520963885704317, 0.15099493359026273, 206.32185362402575, -67.98210905019603, 187.9473222763754]"
1.5319458138440258,21.682201011613742,0.9783546732601304,0.4141128246002521,True,False,"[0.30514626677842804, 0.43746316551257863, 156.45345252460461, 46.38309620993256, 234.95176706926785, 0.33137992683983547, 0.22066140069733198, 208.58482639499232, -72.81918462397198, 187.99832382568187]"
1.5242860847748056,21.665969638634003,1.0,0.12150775067055453,True,False,"[0.23398180405279684, 0.47012514181759213, 155.76584473473156, 42.91450611529955, 232.06293227013975, 0.3684116428758066, 0.2729514688279673, 204.62939457600234, -69.01887767123102, 185.64295341837106]"
1.5166646543509317,21.605954853960668,1.0,0.35688095259977604,True,False,"[0.18545385646181525, 0.39807419307769887, 155.91872519291317, 40.99919557526149, 232.0936994480623, 0.4156805920941429, 0.23860761688218096, 200.8806815706191, -76.71916055025976, 189.53413586122937]"
1.509081331079177,21.641980689935014,0.9764100052568353,0.7033033645537585,True,False,"[0.19135274997695248, 0.41419231110657473, 156.6775762335748, 44.70881400553464, 233.74742157357113, 0.42104324793181797, 0.31516592699469537, 201.94368862118858, -80.80750028347458, 188.34307539303214]"
1.5015359244237811,21.67102384682617,0.9808435629500655,0.8475802519324172,True,False,"[0.22843890740027378, 0.38484673050915386, 157.76299217643887, 48.44880529295551, 234.37636642379346, 0.4679567608588874, 0.3258414159054317, 203.734895696166, -78.32344816469761, 189.16615217983892]"
1.4940282448016622,21.634873165418174,1.0,0.659201177755042,True,False,"[0.2722308467654681, 0.4416382274767203, 153.91987144108097, 40.80622384983121, 230.45559705358238, 0.456041978018617, 0.3037140382071194, 200.08270104831138, -85.16633662713235, 188.87887631043307]"
1.4865581035776538,21.659328507638193,0.9836835953420308,0.18650451471420149,True,False,"[0.24301804762456408, 0.452020209357164, 154.9367381384161, 34.63383616033241, 234.3860064066643, 0.5032143065147331, 0.33025560090277617, 200.96629183670586, -89.01411381225012, 189.75764527681275]"
1.4791253130597655,21.606082906560665,1.0,0.29321331893845404,True,False,"[0.20086414151144033, 0.5236997412350867, 158.72844256774226, 37.75747491174346, 232.4603765985482, 0.5685631149790465, 0.3108599039038682, 198.6940487603208, -83.94698106231644, 188.172709216156]"
1.4717296864944667,21.60861835857594,0.9982787129378471,0.27495779020929123,True,False,"[0.24782591869642734, 0.5441800646767613, 159.12210951201695, 40.8408531846777, 228.829445772289, 0.5861694068349127, 0.37369402763210696, 198.94480358981866, -80.33732133533991, 189.53824517889458]"
1.4643710380619943,21.592483125553436,1.0,0.23043476193182333,True,False,"[0.3053222263653792, 0.4970988696673309, 162.70517858262957, 43.72371009792206, 229.03304307838212, 0.6448919342236552, 0.3329224320025663, 198.55057607235375, -77.39170831442496, 190.68984063953184]"
1.4570491828716843,21.58069801551761,1.0,0.3990490741674545,True,False,"[0.3313413729720421, 0.5142814528999514, 165.0082446079461, 43.509992450891914, 228.43510897540972, 0.6843778339743694, 0.29213725121000444, 195.3713998175166, -82.9045120219427, 189.4254008915621]"
1.4497639369573259,21.591171178865885,0.992801983345343,0.8151517470902478,True,False,"[0.27734759447830265, 0.49713771579470245, 168.69874553159954, 51.122489859095694, 227.07581644235086, 0.6231151357437924, 0.2769338866898439, 192.18542378298622, -85.74400364270667, 191.7471509078681]"
1.4425151172725392,21.8998476289007,0.8073605778009924,0.21851959186064163,True,False,"[0.24296058625406314, 0.5718530905550044, 172.1997540579719, 45.815326722453435, 225.13024083124284, 0.6453110779967899, 0.2431256307150317, 189.90626340488674, -93.55388829829248, 195.0024231188846]"
1.4353025416861764,21.89345105176995,1.0,0.7156727248538799,True,False,"[0.2746549079859426, 0.6273479999766518, 171.46251585531343, 44.25744010257442, 225.19700253314718, 0.722240110096741, 0.2204406694124213, 187.32734215416968, -85.84983986690952, 196.14482191383914]"
1.4281260289777455,21.876468330905,1.0,0.48102335096473703,True,False,"[0.30955722859478074, 0.6608065563609195, 167.96955293443278, 42.59992373237662, 221.72565624333336, 0.6685629787075525, 0.16659233085935937, 190.0686239462965, -87.08234086267348, 198.29858725729056]"
1.420985398832857,21.895637010013154,0.9866008696634168,0.6995068823229872,True,False,"[0.26648599500687886, 0.5963940302610661, 164.35918574177373, 49.74781488828421, 223.8560901125099, 0.6453851843351279, 0.2332239153632507, 189.22021297894906, -92.63216044797814, 194.79873406220815]"
1.4138804718386926,21.89726902902808,0.9988463823474881,0.34651831195597105,True,False,"[0.2376378543917757, 0.635838782613365, 163.7682633653608, 45.57753220754111, 224.65291719730595, 0.5890034896300151, 0.20534058567515567, 192.9207086796471, -99.86806523926118, 197.55977751873564]"
1.406811069479499,21.90038290347763,0.9977890202242412,0.007578221909492755,True,False,"[0.237475300747789, 0.5898937975862325, 160.03324893734398, 38.92494008738503, 223.06591689092218, 0.5796780069681428, 0.23676444916635456, 191.76553505844842, -100.88720903337456, 196.54579530761322]"
1.3997770141321015,21.8837477572539,1.0,0.03358723036287703,True,False,"[0.27668393840049577, 0.5981924245581338, 161.12143635841556, 32.46252957272307, 219.65159302261884, 0.5210461588019193, 0.23685009063817264, 190.5763775161293, -93.57836329159977, 194.3966191911605]"
1.392778129061441,21.910273630697112,0.9811349185423043,0.28699865401074365,True,False,"[0.19684595306159824, 0.5975431307322092, 158.3565763453073, 39.221797030153006, 221.0161251374606, 0.5399087823635323, 0.29780938691486564, 188.3343702565839, -90.81145066698227, 196.3802860787447]"
1.3858142384161338,21.88644680491326,1.0,0.3271370156376717,True,False,"[0.259699452871575, 0.5506433271995507, 155.7432415062292, 36.21704917189889, 218.32342246785134, 0.4665605801380325, 0.21803279873375045, 186.79376604836378, -91.83077014298514, 198.099614830596]"
1.3788851672240532,21.87343091083154,1.0,0.10679106225857893,True,False,"[0.2918820751755943, 0.5738497411754698, 157.55281775099596, 41.12716683889843, 214.99980709504, 0.43050642115478865, 0.18601003978630826, 189.19849867088044, -94.00769170577937, 197.59577588653897]"
1.3719907413879329,21.863723123351768,1.0,0.9248942553104896,True,False,"[0.3639173034879553, 0.5213087607120098, 156.40099900890212, 35.251698164673996, 218.80778534083788, 0.4779642350873294, 0.24080821261729146, 192.54342910800574, -96.85758901212029, 196.02806215933583]"
1.3651307876809933,21.876591105412476,0.9906180973525484,0.5544943480882796,True,False,"[0.361674337784089, 0.5333973605983054, 158.28141417889256, 35.40467982825592, 220.15410413866326, 0.5547136904398403, 0.24847994928617229, 190.99759549588035, -92.87522629827274, 197.95765125511912]"
1.3583051337425882,21.89079343345366,0.9895985544023108,0.4972904495517073,True,False,"[0.3468010457269971, 0.49538634166775514, 160.8873892550277, 31.770327975654745, 217.62951194325305, 0.6069727435052894, 0.2516478188311243, 193.89349806919296, -100.28557711850696, 201.79276395083824]"
1.3515136080738752,21.893940367494185,0.9976742571277953,0.4166198816824358,True,False,"[0.39253192240338214, 0.4991113849181953, 160.76051522368675, 31.925889832809844, 221.3105611079222, 0.637482120437761, 0.2914027667520295, 190.7549870629952, -102.72412340052728, 199.1057328388483]"
1.344756040033506,21.877382765608253,1.0,0.38560691943914027,True,False,"[0.410793529390704, 0.5717642763745113, 162.33163392186245, 29.453394207748257, 219.1165091796609, 0.6966224201922055, 0.22352723241845407, 192.65114754046817, -95.98826302501492, 196.76272987665726]"
1.3380322598333383,21.882853883969524,0.9959194196963418,0.4445113493956414,True,False,"[0.37584017218301613, 0.5067578629253637, 158.98449716750574, 28.290929983625013, 221.65195140595023, 0.6983728684981474, 0.17791944376424138, 195.09941318385765, -90.23321103994463, 195.21119555169014]"
1.3313420985341715,21.88878984300114,0.9955512970204109,0.11343272121851744,True,False,"[0.3180857087839161, 0.549188132406033, 156.9240969697298, 30.9549232228979, 222.30079753104673, 0.7534407289781475, 0.17105498892270454, 193.99192066245215, -84.30162038015074, 195.3911117998802]"
1.3246853880415006,21.886318239969196,1.0,0.8515092102629792,True,False,"[0.390741652588592, 0.5541989252724513, 157.56883763056075, 34.72051895882768, 223.7800519160929, 0.7312518637662015, 0.22999332329802225, 192.284884553722, -80.08857408606372, 198.68912288009338]"
1.3180619611012931,21.8811376487588,1.0,0.16026510658874982,True,False,"[0.4228990310664851, 0.5621221690533973, 156.93417382263598, 27.569167744476022, 224.9447129330975, 0.6551120831462428, 0.3023610494600646, 191.1452218580395, -78.90826750889914, 202.5752021677249]"
1.3114716512957867,21.881006529514863,1.0,0.07533286325230959,True,False,"[0.4565472641981143, 0.6004022561969358, 153.91997587133991, 19.573174384921018, 227.954564650189, 0.730765995687573, 0.3010975751663424, 194.00675409882726, -72.93548529094384, 205.23878377005778]"
1.3049142930393078,21.880036701619446,1.0,0.5308925064903449,True,False,"[0.4180041394985517, 0.6045251991472311, 155.46034674545615, 13.794932956238542, 228.84362820307447, 0.7366191410885992, 0.22894802022156682, 195.87072494473665, -77.79788658173996, 203.7158114431915]"
1.2983897215741114,21.859059340999906,1.0,0.297292631004871,True,False,"[0.4222160540989267, 0.65499801552928, 152.0093124985413, 7.661991511437616, 226.14766385699596, 0.6575598872712917, 0.15021218605025913, 199.76786746983407, -83.6275700187294, 200.3830331177208]"
1.2918977729662409,21.869477413604706,0.9919682663759328,0.5276550739924792,True,False,"[0.4096836136172414, 0.5909127576356893, 151.1418279525307, 8.49004966696118, 227.12567746790066, 0.7296220182367389, 0.13202249667289906, 198.58154102368596, -88.27647967532809, 199.99984147850057]"
1.2854382841014096,21.585369726485908,1.0,0.4296900360685616,True,False,"[0.4837230857154153, 0.5299819306163459, 150.71860696239833, 7.269879018867879, 227.559638710319, 0.7160865244603214, 0.12304755984088163, 197.7103626160779, -87.29697110403336, 196.89648291815644]"
1.2790110926809026,21.595276481223912,0.9922842838482553,0.650665911332038,True,False,"[0.4242146921937152, 0.5160744517070278, 150.65350197308237, 4.1112474737282, 225.9697454778717, 0.7610070134718254, 0.16677728441671028, 200.8525669286055, -91.72939454014445, 197.59885657278244]"
1.2726160372174982,21.590666674829848,1.0,0.8708138927560607,True,False,"[0.5029473104087377, 0.5378819770369222, 154.36026239543438, 11.860491885429425, 228.9883463058254, 0.793063793588934, 0.19721974493062233, 202.83844086949972, -84.41556510129185, 195.28745199576156]"
1.2662529570314107,21.59608956538572,0.9957265292270318,0.06910419868897011,True,False,"[0.5783283726249283, 0.5377581782117817, 150.85631257285286, 18.05602132423077, 230.85293966946557, 0.8014801841773944, 0.15413994481063747, 201.42803632255627, -85.8409888330433, 198.28679514939117]"
1.2599216922462537,21.87163280117305,0.8035637957151021,0.3371585465988738,True,False,"[0.6379848993242138, 0.5283926546365819, 149.80507273349264, 24.6031857874126, 231.95630571264232, 0.7533837389403153, 0.14143333892163495, 198.2555045739559, -84.06339330872555, 198.31023983726635]"
1.2536220837850225,21.867992337921454,1.0,0.34022605426544716,True,False,"[0.5996991131290152, 0.47213748870259026, 150.37564929824703, 16.87015278875996, 231.88606828760496, 0.7025859483516639, 0.15460399640194805, 199.50577680800433, -90.49422612913384, 200.95738489032604]"
1.2473539733660974,21.671473680490728,1.0,0.09546579583902193,True,False,"[0.559537815885287, 0.4953629744044489, 148.87733992001458, 22.183244038871088, 229.95413441396173, 0.7007085761655868, 0.13564458839916024, 202.7253023177585, -85.27868122648124, 202.42126566321969]"
1.241117203499267,21.86906577162292,0.8528214942575276,0.17422484055902399,True,False,"[0.6232338912898959, 0.5535849641062576, 146.74885090118164, 25.22556272558085, 233.79250210339399, 0.6461544345808996, 0.15167618867881744, 201.39242360617888, -83.126111204634, 202.31745033621698]"
1.2349116174817707,21.877167466073473,0.9934609274147723,0.805975135022395,True,False,"[0.6648527471420784, 0.6161469883377999, 142.85012290389474, 19.969915954442158, 231.32404184868727, 0.6870160674274297, 0.19950789525276585, 198.46028588187818, -81.59653706094856, 203.76756188499732]"
1.2287370593943618,21.867772603950225,1.0,0.3716456634179298,True,False,"[0.5854692693756223, 0.637807185943651, 143.19133460568008, 17.059808881154886, 231.41107186661765, 0.7321572564769393, 0.15285297011982155, 195.4220683272028, -87.02397069728657, 203.34825266233358]"
1.22259337409739,21.870083156078906,0.9981119068516893,0.3853133589949057,True,False,"[0.6526578240689239, 0.5614536021916349, 146.20236754129832, 15.618697729176532, 230.5034900084056, 0.658327622857559, 0.15487890495847847, 196.28996418172707, -82.90994185174006, 200.94380833740883]"
1.216480407226903,21.874616553424485,0.9962802848213744,0.5925348212926841,True,False,"[0.6490211058764378, 0.616948644527759, 142.89160999444152, 8.86585321405595, 231.00360830655936, 0.6927909845017963, 0.22327390921108525, 199.8232537239142, -88.9031125911698, 203.56789353527682]"
1.2103980051907686,21.883017086281356,0.9930837220418509,0.26597941460204233,True,False,"[0.7128825361992592, 0.6419625296792968, 142.95676091255186, 7.2923943739929005, 230.80515807162675, 0.623460466948167, 0.1679643001650994, 195.9621963715232, -88.484331462962, 200.92276365510938]"
1.2043460151648147,21.88535967445501,0.9980567782662239,0.32067767784086487,True,False,"[0.7164594422200792, 0.7135978128116084, 145.13947420553203, -0.20284884082663623, 233.76212829546327, 0.6835571385974678, 0.18036730205728213, 198.99650822694994, -89.47216156730593, 200.29803566312424]"
1.1983242850889906,21.902659826890304,0.9856667592397832,0.4452938384696322,True,False,"[0.7705180666101862, 0.6624750167501781, 141.280765389805, 3.4582234309229882, 237.17028509789876, 0.7417792566375345, 0.25358527790906354, 196.62912619971027, -96.13917376869298, 200.02965097123595]"
1.1923326636635456,21.899004786820605,1.0,0.7505864231670897,True,False,"[0.7445483410248241, 0.654284606154967, 141.17422565324856, 1.3167120186616348, 236.6060045506249, 0.8073064911312628, 0.27157169301292683, 200.1264923659194, -93.39213668274067, 202.44050643027117]"
1.186371000345228,21.90050692687329,0.9987346374146167,0.16859896643445493,True,False,"[0.7127409944475367, 0.7091463910711896, 140.46806731565766, -1.8919316377680921, 234.84928859059252, 0.8414008466626205, 0.30662714257398327, 196.84463248223804, -87.77888874467352, 200.3262824256063]"
1.1804391453435017,21.93616029500921,0.9702480890090159,0.6311100262720285,True,False,"[0.7836089411247313, 0.6466835608473718, 137.92909780448906, 3.629852653082457, 231.43931038651272, 0.8944808325564538, 0.2965106648240467, 193.7832468534143, -89.37742315875516, 203.30957539188336]"
1.1745369496167841,21.913956314456346,1.0,0.4777086836863822,True,False,"[0.776834070782604, 0.6384142366901688, 138.02952033813088, -1.7122171209524986, 231.88549585595723, 0.8605642790734147, 0.2933828656542083, 192.1819254953373, -82.88075626682797, 206.3995439845367]"
1.1686642648687002,21.89956264816113,1.0,0.5627195652166044,True,False,"[0.7184916761196688, 0.7179140050789085, 134.54288565885662, -2.7829829629146996, 229.10840244749508, 0.8109243050470047, 0.36166565480580715, 195.36331903838712, -86.82538293511861, 209.10700308970857]"
1.1628209435443568,21.89780247169086,1.0,0.34181612427860364,True,False,"[0.6523837412789893, 0.7218839325124715, 130.9524386664128, -6.97152876403376, 226.79754366384148, 0.8550917619873581, 0.3522851464948207, 192.5603747909638, -87.12809310249492, 212.09892195623624]"
1.157006838826635,21.90870070816467,0.9906248867252297,0.14516468666170823,True,False,"[0.669889192170648, 0.676557940878571, 129.70795908123714, -9.670312550897279, 225.38150399542423, 0.8642529142726572, 0.385112875500921, 195.52002029903002, -80.94693960480049, 210.84863243504128]"
1.1512218046325018,21.899843164350255,1.0,0.22636876065027112,True,False,"[0.6850352595029823, 0.7453078230112429, 129.84524119825153, -3.8065643220721643, 225.1685628928173, 0.8435170209970475, 0.36130913280336013, 194.82374260548, -84.976384104228, 213.83687429869104]"
1.1454656956093392,21.902475007114024,0.9977050193617499,0.16941395075481502,True,False,"[0.717760050944153, 0.7213643613082885, 133.32524167388635, -11.767203471872476, 223.492517053234, 0.8354965229058023, 0.29589854794088577, 195.75506546983064, -79.3361336338182, 217.22760924759712]"
1.1397383671312924,21.9084192095656,0.9947981670095036,0.4545863808341206,True,False,"[0.773302104623062, 0.6768454319197477, 136.56394380724734, -9.967619403141384, 219.934110341311, 0.8009668979530579, 0.27160496770892, 193.70232016790203, -83.8479664613066, 220.21977340921686]"
1.1340396752956359,21.938680772252326,0.9736681442079957,0.799893332100721,True,False,"[0.8114138406739602, 0.7563670160128798, 134.41399042986694, -4.3689941694856795, 219.64297750520012, 0.7384008457957049, 0.3064530254560817, 195.71813402144184, -87.23906886177116, 222.28716764636908]"
1.1283694769191577,21.918222122860854,1.0,0.007201303708337381,True,False,"[0.7757913662536406, 0.7550860828798007, 134.80407175947985, -10.785070666267783, 221.55900513522948, 0.6882848004835246, 0.3843516168239224, 193.29987208065987, -90.03248123981945, 218.49133681733895]"
1.1227276295345618,21.888071281000794,1.0,0.8579274456440007,True,False,"[0.7111287964400934, 0.6928978377471391, 135.84147957745108, -10.602706981144053, 219.50763066538246, 0.7364936188574985, 0.3176685929445193, 196.7499355923154, -83.10915191695767, 220.78359691188535]"
1.117113991386889,21.919046489186666,0.9726530043523252,0.671731122161291,True,False,"[0.7738867097027411, 0.7559856172023642, 136.6780297392449, -14.816840214479255, 220.4843736101533, 0.794941783885004, 0.36061998368240333, 192.83131695961237, -76.64424098533996, 222.93138108315355]"
1.1115284214299546,21.912995781121072,1.0,0.6049756461359906,True,False,"[0.7652760425162676, 0.7787897648740494, 138.9982389103818, -19.880339450903897, 219.6061031050249, 0.76238409862161, 0.427592837732331, 193.82672879001458, -78.45876133035748, 224.8460751125514]"
1.1059707793228049,21.925717017549996,0.9885635728654264,0.5064290946063379,True,False,"[0.7660411972514021, 0.8184431971083619, 135.65851150015794, -12.588775573551374, 216.26856030500616, 0.7460872026923739, 0.4519547363049637, 190.0172272987888, -82.79382141890683, 225.50715390992826]"
1.1004409254261909,21.913223132183134,1.0,0.5234475237710645,True,False,"[0.7302034806407187, 0.8668003658246903, 136.92751714849283, -16.518894564256488, 213.63423008635098, 0.7053749795653478, 0.4752877995860557, 193.02768515352437, -89.61937120987608, 226.20672963345686]"
1.09493872079906,21.950706483218358,0.96634604276011,0.12923273425545556,True,False,"[0.805294524474898, 0.8218637723485054, 133.86998952177393, -9.00359437933922, 211.8980368028128, 0.7092428917239018, 0.5280617513367277, 192.57377104468839, -94.39524753506645, 229.1474426018668]"
1.0894640271950646,21.935371976630684,1.0,0.22711202460133995,True,False,"[0.7868745281643242, 0.7933106179917166, 131.91266318326265, -5.4303440841237745, 214.149781307099, 0.7724801363957658, 0.4594719861626553, 190.904378335894, -99.40492428868492, 226.19544770333422]"
1.0840167070590894,21.961856481786707,0.9758642173890056,0.09603582446791614,True,False,"[0.8268051362471889, 0.7903314525076192, 130.48339831674582, -3.028003441878198, 210.59788235620425, 0.7467106012045732, 0.38927119266254445, 191.41543204566554, -94.89805221103705, 225.065270085966]"
1.0785966235237938,21.96401466526141,0.9980010824316405,0.30195449199576163,True,False,"[0.8182243782206295, 0.816279208427462, 133.0261376767924, -2.1890421484770854, 207.0336575803428, 0.7032056957592554, 0.4127981501537532, 187.80586812227492, -90.025573853605, 225.06551388214854]"
1.0732036404061749,22.07388961429657,0.9026861625508936,0.6173389364663792,True,False,"[0.875911632629344, 0.8762975538053364, 136.43286395255114, 4.117799845985342, 207.54998956272203, 0.6963628670290049, 0.3408841678591696, 190.4872898456884, -86.91775407534915, 228.576094218102]"
1.067837622204144,22.021045900516306,1.0,0.3848178762229927,True,False,"[0.8327104841392055, 0.877689696548301, 139.54701480570023, 8.317680256139587, 208.64491925545687, 0.6794911308525181, 0.3259000624559429, 187.03998794175746, -84.40967200111434, 225.70070334659968]"
1.0624984340931232,22.017532390428645,1.0,0.6280578640855502,True,False,"[0.8512699903659436, 0.8602891830067517, 140.8889286448943, 2.973316362730916, 210.26014680226592, 0.6892487510417835, 0.3732958221289737, 183.43473871129018, -89.25194059701391, 225.67985485596643]"
1.0571859419226575,21.942013077373062,1.0,0.33724446752781434,True,False,"[0.801508630716764, 0.7877755427287971, 140.09488129624987, -1.6409734502198283, 212.01414841287988, 0.6447746912661394, 0.4426601369987868, 182.69678328951954, -93.28827470000996, 229.0551463173496]"
1.0519000122130442,21.904435378537894,1.0,0.929324902398081,True,False,"[0.7319502816681771, 0.767357302262572, 138.94355040659843, -6.948966601099379, 214.48568987630898, 0.5785477584345391, 0.40213330733857117, 179.74511693970123, -90.13433981131718, 230.59539844898464]"
1.046640512151979,21.876863925256792,1.0,0.8851240220680338,True,False,"[0.6641508368651051, 0.7611160897387977, 135.30669212874272, -8.49471979337544, 215.6507077903013, 0.5462661690404689, 0.3754230041573547, 175.99306351191342, -82.90695107338098, 233.7678143676255]"
1.041407309591219,21.87304255406981,1.0,0.030447697750681457,True,False,"[0.6704918176084598, 0.8248919237112654, 132.95065700466498, -11.82237795117207, 219.11929837478453, 0.5872953105773572, 0.3964926406809394, 179.55560765388188, -87.28639640162287, 236.8656408914312]"
1.036200273043263,21.87253922136417,1.0,0.05553165718873898,True,False,"[0.6723058364495391, 0.8559169604750907, 135.2317370976162, -16.866125043293255, 220.9837641391451, 0.5183807022750471, 0.3407338367807419, 178.58569123993007, -79.99384548107179, 235.79383359693674]"
1.0310192716780466,21.92076281808445,0.9543042477701476,0.3352018281213196,True,False,"[0.7513970396587141, 0.7883396286438218, 138.61718423042709, -24.766313917468864, 221.0325997624737, 0.5668054344915618, 0.319788885994927, 179.4551059222357, -78.72817865405949, 239.24230950554002]"
1.0258641753196565,21.88407615426067,1.0,0.9983693143835922,True,False,"[0.6892893625648042, 0.8661566671625344, 142.10398227500434, -21.38799410269316, 218.34694717826923, 0.49862873624283877, 0.3477838928950955, 178.5493039271894, -83.66748395700911, 236.82304230508504]"
1.0207348544430581,21.94774393554684,0.9395310078720762,0.22470256122851662,True,False,"[0.7503506077152562, 0.8823057031321981, 140.02373376711182, -28.447587351682223, 215.6140136121405, 0.5560851146509952, 0.42710316289814126, 176.79099652612044, -85.9373659174475, 234.19462595223558]"
1.0156311801708429,21.887547969557545,1.0,0.6975165952595186,True,False,"[0.7064250756988187, 0.8073049288006036, 143.06794961747377, -36.085211188086475, 214.40327477499605, 0.5805800177050247, 0.4489685515775656, 175.09566904619976, -93.78241828731304, 231.97503360682703]"
1.0105530242699887,21.906660797876704,0.9812644965155566,0.394903470127288,True,False,"[0.7377357864579985, 0.7533652522275067, 144.6223610374309, -36.1951265220132, 213.23525278636512, 0.5623447899818439, 0.39067766165286594, 178.24379802884965, -96.31188042097502, 229.74281452383457]"
1.0055002591486388,21.901724007435213,1.0,0.6263413021891636,True,False,"[0.7220255126174233, 0.8215147140174043, 147.8548977823617, -40.09246895756428, 214.0318321668854, 0.4909637413520974, 0.42072247721344963, 174.6671431962794, -89.40202534874015, 230.7564208515137]"
1.0004727578528956,21.89773338070444,1.0,0.9905145404566446,True,False,"[0.7119476861317959, 0.831411951826905, 149.48059711389604, -45.229740656187076, 217.7430548505544, 0.4276577523854904, 0.4823265694615724, 173.27810264258514, -82.14132878981795, 228.68182447259537]"
0.9954703940636311,21.90893213633575,0.9888133289984963,0.47064681124246976,True,False,"[0.7157937888443415, 0.7902164758631203, 147.59995775689006, -47.350412071957734, 216.40665422107503, 0.39352524961828006, 0.5546549999442714, 169.92301430078504, -76.94885735821971, 226.12775127031617]"
0.990493042093313,21.917975957298275,0.9909109321478021,0.6286036082013546,True,False,"[0.7316499538370167, 0.8342176816817896, 147.2173541772704, -50.368776179039315, 214.50710459606262, 0.31381926983365654, 0.4815730642735281, 172.6238849529057, -76.91416912428127, 222.5584379192594]"
0.9855405768828465,21.854326123277467,1.0,0.03885401554138823,True,False,"[0.6522394480585417, 0.8472584533495758, 145.97845011710615, -57.671088576832716, 216.81349211356144, 0.3850336005210389, 0.4882518946514032, 170.33464563059235, -80.55221764305998, 223.04997372157413]"
0.9806128739984322,21.817606907260416,1.0,0.546709294787391,True,False,"[0.6205971651600738, 0.8716367646730425, 145.50475261175794, -59.057453859323914, 212.9232408442138, 0.3972947789341713, 0.42746198437004906, 168.9701385897859, -85.09092396052712, 219.78397266549345]"
0.97570980962844,21.833510944172232,0.9838321594002826,0.12335762993049171,True,False,"[0.6025909900136197, 0.8310509114776655, 145.3816520466815, -54.218097794835245, 216.8795354206534, 0.4229146164098097, 0.3990179122088826, 166.89501309862453, -89.25691408369912, 215.80103552241624]"
0.9708312605802978,21.791805256530203,1.0,0.13107263871025154,True,False,"[0.5712247610468686, 0.8805650359112865, 145.71050147376107, -55.167984185802496, 217.28025448426493, 0.40399160798651523, 0.3780930599025486, 167.561574503993, -84.36021229029674, 214.7586514626441]"
0.9659771042773962,21.77056906191546,1.0,0.05136707968667753,True,False,"[0.5323743420924467, 0.8955166175805898, 143.30832009910065, -47.294593060476004, 213.6546312321774, 0.4168687851231588, 0.4527345226686632, 169.51393561904422, -85.73154921494313, 216.48773708527568]"
0.9611472187560093,21.78158121734666,0.9886080814129546,0.6805580866239578,True,False,"[0.536229816617176, 0.8802392804406698, 144.79058856915813, -42.66024769231626, 216.63081577341998, 0.45584137685679016, 0.37918383690610435, 172.36892154645082, -79.03547591642482, 212.59839581227405]"
0.9563414826622292,21.76705402695206,1.0,0.35671082556854217,True,False,"[0.5563950241287142, 0.896768640746546, 142.28217511191946, -38.89290243145449, 216.140204784235, 0.5345907442252379, 0.43675473677625687, 174.318596020275, -77.63294703748493, 214.25771444770848]"
0.951559775248918,21.791956446516103,0.9741693640941804,0.43334677324315807,True,False,"[0.485774943168184, 0.8663456276276631, 144.4657427952449, -41.43995592072261, 212.90328061811599, 0.4707422973913336, 0.3637766289654059, 177.05914111657293, -85.28414502922355, 217.52583590148222]"
0.9468019763726734,21.792804651892244,0.9991045376197009,0.361705316526305,True,False,"[0.4631889104511828, 0.8684202184090911, 142.49202517173563, -47.40662907575465, 210.4559998620477, 0.5090260946231056, 0.3631390781390047, 175.25864187577713, -86.34206670567463, 214.4316587699242]"
0.94206796649081,21.768829821135373,1.0,0.728612133774614,True,False,"[0.4959066231381931, 0.8990037243749508, 141.07925916765944, -47.787739574675584, 212.44645081327184, 0.4907936617975685, 0.3023567612625881, 174.4532051105519, -90.39354837935495, 212.29306176408645]"
0.937357626658356,21.810397426382977,0.9566233741161817,0.5215871503988609,True,False,"[0.4253262506515101, 0.8635239415165423, 138.68601474359596, -40.924648894937384, 209.73619127278945, 0.4234590870073687, 0.2888688254531381, 177.92886904694936, -83.17239077828138, 214.12577523526022]"
0.9326708385250642,21.797747030382126,1.0,0.9236930039899531,True,False,"[0.4573090067615539, 0.8584309756354673, 137.18485835396208, -47.16672923087524, 207.64304007561478, 0.44991075873177316, 0.3361141688895626, 178.47660201361717, -75.46116661633022, 215.65169505155265]"
0.9280074843324388,21.806758587479443,0.9903363448162449,0.9144085536763471,True,False,"[0.40147990337790534, 0.894088607626505, 136.48379603606935, -39.24905001571342, 211.00717427877422, 0.43160622486586203, 0.35093657402586736, 176.32507356709417, -75.13888064080314, 212.08748622169142]"
0.9233674469107767,21.8567786446221,0.9472697820244114,0.5377633262704042,True,False,"[0.3610888250581412, 0.8186874231988177, 133.6371525242152, -31.794983668228078, 207.75134453878312, 0.48279183480133464, 0.2719620668700038, 174.1262749584087, -81.78546149200075, 213.94606022056706]"
0.9187506096762228,21.883222249855194,0.9716281239500468,0.5745888910772786,True,False,"[0.31562854642731136, 0.8168044029774356, 135.73435012995893, -27.937296238070115, 205.20137832300213, 0.448827530681493, 0.31843919558342015, 172.62742849283148, -89.52352828085056, 213.83735293800257]"
0.9141568566278416,21.83514256583971,1.0,0.9629064764511944,True,False,"[0.3723561670036502, 0.8809854018670306, 133.05191319729926, -33.8028186209172, 201.82472672539515, 0.4654288842781603, 0.27186455753516786, 170.2218326294797, -90.13153405742368, 214.08387254249183]"
0.9095860723447025,21.804964416042935,1.0,0.3151599880242184,True,False,"[0.4012113167661089, 0.8854031243531253, 131.56646869552878, -27.134536433703936, 198.41758973029977, 0.532788000723882, 0.25193327359863227, 172.77042835502508, -90.83391043991699, 212.78539231856374]"
0.9050381419829789,21.81304955253026,0.9911063089723054,0.8136292344469984,True,False,"[0.46033798681421173, 0.819211034105495, 134.41090346414921, -35.05205641105832, 201.96502662208553, 0.5733325967430017, 0.1781817529756721, 173.3052218882672, -91.80028821788551, 212.7958348364557]"
0.9005129512730641,21.824992843254467,0.9868247989483243,0.536851556450401,True,False,"[0.5034986824397207, 0.7847821438776923, 137.1841609548933, -42.413505211452424, 204.52311977259066, 0.5202652296938327, 0.19069015558192323, 177.17443036480043, -96.71363491559723, 210.7300410099087]"
0.8960103865166987,21.850540372016702,0.9718901100645279,0.749556469757786,True,False,"[0.5147333614120295, 0.7100587513558878, 137.65745266749008, -35.108591866780515, 208.31695370168387, 0.5686089380266885, 0.21923192051501622, 179.17316810098444, -102.72688115154523, 208.4692189002574]"
0.8915303345841152,21.85741104909621,0.9923230092378033,0.3879391994867807,True,False,"[0.5926053947045762, 0.7243431435705889, 140.39114129913546, -38.42971646312223, 207.4894836151036, 0.5357718890059671, 0.2146157919168452, 176.45894139372285, -105.09627798321281, 212.2989429575018]"
0.8870726829111947,21.857077840426058,1.0,0.5500969088647225,True,False,"[0.6322821587824032, 0.7310187493779161, 141.06879427637875, -39.180412032253486, 209.82192823661603, 0.5451386632600702, 0.14483411260496504, 175.90315222320146, -98.83561208896964, 214.8803760623048]"
0.8826373194966387,21.833958931001906,1.0,0.020328282438264123,True,False,"[0.5672180301110542, 0.7229227918136147, 140.73494164594987, -46.223803659883956, 209.80200974176304, 0.49792745868678545, 0.1044407131499458, 178.00567846355537, -92.1504761851271, 216.163578248612]"
0.8782241328991555,21.844421247430127,0.9881576424600725,0.49316431380547965,True,False,"[0.5651009038784728, 0.7125332674627219, 140.78925109791803, -53.9598499642874, 211.91234429399546, 0.48319629937193653, 0.12393629748914904, 181.86984929980272, -97.87103992728893, 215.1241761579284]"
0.8738330122346597,21.819803876682514,1.0,0.04058323324739199,True,False,"[0.5339259150272919, 0.7797353143859133, 144.46653719716377, -56.31983132883218, 215.59469527606254, 0.4096214910598932, 0.11320071076300504, 179.86687156532378, -91.86250834360496, 214.72653072475617]"
0.8694638471734863,21.85236154019718,0.9632467415002488,0.6534551714002698,True,False,"[0.5046087157026408, 0.7062952164370494, 147.46289265225423, -52.18394756891266, 218.96112273149996, 0.36464588785778107, 0.13146818977267213, 182.8832791957649, -92.42424538451901, 218.5660449821787]"
0.865116527937619,21.851692685248672,1.0,0.3732200485463334,True,False,"[0.47432529731241796, 0.7544246676193351, 146.58598989546238, -55.70248485315961, 220.32294986542382, 0.33765855282122126, 0.19431286278395138, 184.5616357659707, -91.66430212795974, 218.27005933365697]"
0.8607909452979309,21.844178120523694,1.0,0.6287246164302839,True,False,"[0.41623637365089816, 0.8098674823125408, 148.56145461244176, -54.15427495217017, 216.9606557727546, 0.3640719973914389, 0.25627629462662005, 186.8640378574215, -96.76352106660133, 214.95181564491085]"
0.8564869905714412,21.79920480013412,1.0,0.3824669424397281,True,False,"[0.4877588703450818, 0.8574014258089483, 152.54803684978145, -54.726844122626474, 213.6236997898294, 0.4053585509403076, 0.2822603979522197, 184.55491897434322, -89.4876620445628, 212.854915561172]"
0.852204555618584,21.81889811552127,0.9771562886647894,0.8712389334837519,True,False,"[0.4164932122477573, 0.8719639343089383, 156.00661442674067, -56.7623921832516, 210.65786752283532, 0.3606179750836936, 0.2925374692240657, 185.2179617275557, -96.85471394314729, 214.67626665805983]"
0.8479435328404911,21.822461682278863,0.9958062194268545,0.5746553308084944,True,False,"[0.46660742237125113, 0.8334762914286518, 154.45742592501503, -52.965216299144565, 210.12421985923322, 0.2824287878289491, 0.32078012124361377, 188.73514796931647, -94.34284302610187, 213.44699252552763]"
0.8437038151762886,21.806812544605183,1.0,0.5051289120440454,True,False,"[0.5145114613379259, 0.8635796434515108, 157.63054964160312, -48.21123782481356, 210.31772593313357, 0.20638972304592268, 0.28564529301049185, 189.11651698411453, -100.15668167507616, 209.6210096967801]"
0.8394852961004071,21.80793291431527,0.9986662989453506,0.6520125438411818,True,False,"[0.5877891212373475, 0.8641651434788984, 157.47292916583774, -47.36235066074104, 207.25019525462915, 0.2841255113169637, 0.2760745846645228, 190.15321447395178, -99.85640337371977, 210.4445898610603]"
0.8352878696199051,21.776194807974647,1.0,0.8903118974501402,True,False,"[0.5156250764593635, 0.8985330785538216, 160.0020160335565, -54.20374543892441, 207.76230523856952, 0.24146708308464365, 0.2564204184473029, 186.82086202999656, -97.30380241793601, 208.10792780955595]"
0.8311114302718056,21.792511303056095,0.9805593165498468,0.5273926176125423,True,False,"[0.4796394384099345, 0.8689167932405835, 159.5705307869807, -55.00616309114712, 205.2691784677772, 0.2699574166647023, 0.20402401159804703, 188.49203029226237, -92.93354577582386, 207.28729054375677]"
0.8269558731204465,21.775172735695946,1.0,0.06788030082332441,True,False,"[0.5066368762686679, 0.9024348357622675, 162.79024829050147, -60.603171307078256, 207.99236564793503, 0.1932071291023496, 0.2092437446576212, 188.80086718193772, -95.42682247200739, 207.79161296440373]"
0.8228210937548442,21.8057744135266,0.9634919285673912,0.736490124311559,True,False,"[0.5325335515318871, 0.872543538808069, 161.36223437803994, -56.78955675617714, 211.69845520561861, 0.14231131618475945, 0.16946399211266663, 191.29524122103783, -102.42524860603302, 210.6612961539508]"
0.81870698828607,21.825386588672735,0.9763295848812785,0.0661388811959901,True,False,"[0.5207354923317397, 0.8017999641279486, 158.32037173379794, -52.98240606794455, 212.37778568363905, 0.2113191442134556, 0.13201216533486884, 194.05421694841843, -107.62419851129951, 209.5554224252433]"
0.8146134533446396,21.85626025093003,0.962809438756444,0.8095068190453723,True,False,"[0.4779351814338346, 0.7583220850746151, 155.50363994297857, -50.35992553397253, 214.87635113618737, 0.14217471030609335, 0.1165548233399003, 196.94678276348338, -112.66385101591446, 208.99361581166542]"
0.8105403860779165,21.84691599180475,1.0,0.9790966693950056,True,False,"[0.46899497674350915, 0.7771845031044542, 152.623580934727, -49.799039858609255, 216.6420360551711, 0.17254285714798334, 0.12369029718766618, 198.11816301531502, -114.71358698646024, 212.76895222751958]"
0.8064876841475269,21.8604693728821,0.9833349828370382,0.5398850494211586,True,False,"[0.4919131647420153, 0.6978752875825658, 149.3046757349666, -47.07310161792682, 217.44591188359604, 0.24635514939695813, 0.12304113069985473, 200.13102513718604, -121.56884343320667, 216.47312968975342]"
0.8024552457267893,21.862918027743476,0.9969531974607443,0.4358928402790119,True,False,"[0.5107192991048859, 0.7468008446539133, 150.31125368211323, -43.888170058105075, 213.4583359851125, 0.17966213911109816, 0.1474454859492393, 199.182818878761, -121.8400988460226, 217.24697562149257]"
0.7984429694981553,21.84895564951033,1.0,0.6112205841235583,True,False,"[0.5604502794834031, 0.8072740737548839, 152.23625048748647, -51.14978347363599, 209.81103499052293, 0.18883274835559594, 0.17037133970631912, 197.06549317085765, -129.79667647147613, 214.8169947601064]"
0.7944507546506645,21.835352147995632,1.0,0.47269673180611493,True,False,"[0.519579105166529, 0.8073203984172937, 153.43848723656265, -50.660314263305764, 206.8212565929565, 0.26523436304039155, 0.20377191804390735, 199.1815506995071, -127.8274884299568, 214.81510291823415]"
0.7904785008774112,21.827558999079493,1.0,0.2846492972416592,True,False,"[0.4701936325021516, 0.8133397938425331, 154.90097286001995, -50.08227728743221, 207.23535357177275, 0.295216892139438, 0.1761488356029208, 202.8507165242524, -123.75414445008582, 216.65648477380563]"
0.7865261083730242,21.78566081918037,1.0,0.5335688355854997,True,False,"[0.5011895361331535, 0.8770134562114483, 151.5814556250645, -56.77234940583273, 209.11723062177722, 0.3283275156854241, 0.20412295919771783, 206.78518776564113, -117.27613773065593, 216.49766039198812]"
0.7825934778311591,21.7987774439966,0.9833792174252551,0.9399085433302932,True,False,"[0.44254135616106605, 0.8785750513817306, 151.4228796204252, -64.19433659309676, 207.879305964489, 0.3495258937300264, 0.17302716239878624, 207.65606442896885, -121.88008711569444, 218.81296725245664]"
0.7786805104420033,21.78147462125056,1.0,0.06120151262630669,True,False,"[0.4459915145084222, 0.904008402735942, 149.40326876930175, -56.448494139364314, 210.9219284236417, 0.3457157634406165, 0.15632593243885395, 209.43692141326173, -126.18182671628325, 217.38407563972484]"
0.7747871078897932,21.811408124401314,0.9621023049127444,0.19619739767820488,True,False,"[0.5235805668073491, 0.8435338870955551, 151.84063468103267, -50.406097047862, 208.15159952591114, 0.2942120632758337, 0.19997781788152658, 209.44948370372424, -128.88735469872606, 219.09120843746808]"
0.7709131723503443,21.797293043939895,1.0,0.06158705203242043,True,False,"[0.47453580764336, 0.8861549907648825, 148.58289383322725, -53.51958479644381, 208.36867300446278, 0.24902645980605284, 0.24264519096911463, 207.17752911461443, -126.82167080665194, 221.77850889256533]"
0.7670586064885926,21.83894641340118,0.9471453423603658,0.004286072844253197,True,False,"[0.39816590746795566, 0.8787695198626774, 151.3252753618909, -48.26002222079029, 208.25626426916978, 0.214846236035197, 0.1858195718589188, 207.30566006072246, -133.74903309708134, 223.76736305472969]"
0.7632233134561496,21.861113892156055,0.9713731874703211,0.9456927880858095,True,False,"[0.4244457803597119, 0.8143570213311266, 151.7457193881323, -47.16214127694651, 209.99898995537336, 0.16690054992974038, 0.26373378602665404, 210.9894631144745, -126.85458637660498, 226.4304107145748]"
0.7594071968888688,21.835352438443344,1.0,0.6333428961855674,True,False,"[0.4217624137603443, 0.8515962032931825, 153.18863305335444, -46.18484206314526, 206.35983632471832, 0.18543451502519206, 0.20097691303190174, 208.55885330487848, -120.47969555895196, 226.2453776810216]"
0.7556101609044245,21.842176337065904,0.9910096789531831,0.6439799240690077,True,False,"[0.38336629365482283, 0.8596646100845733, 150.42892998777066, -40.703066531454894, 204.7908441529736, 0.25972577283661236, 0.2715105644364836, 212.01923029605163, -112.7882596928673, 226.6124528495459]"
0.7518321100999024,21.85267971124702,0.9861267608967099,0.905610466659245,True,False,"[0.37125393012024277, 0.8742255598175668, 153.65655155198309, -39.26813888444224, 205.8028745950578, 0.2271965974399871, 0.2781336281724519, 209.4794451564153, -120.59301109393286, 226.57330951795245]"
0.7480729495494028,21.893971287146123,0.946298464219669,0.011091317281622493,True,False,"[0.31480226425284646, 0.8326217783073803, 154.87195813833708, -36.13586301152929, 209.61051707609047, 0.24146538248470673, 0.27914738923683885, 212.33561701649185, -123.13274950990204, 223.4811642238669]"
0.7443325848016559,21.964519015457967,0.9095731579225022,0.17783516406780697,True,False,"[0.2453442174124265, 0.8811083274768056, 154.46190264709062, -35.34689437522215, 207.41002665906336, 0.27879255037691836, 0.23462857033078827, 215.01573628518864, -117.94990538951805, 225.07391407539734]"
0.7406109218776475,21.96824379780073,0.9949832883610474,0.6669088960740875,True,False,"[0.18214567483353195, 0.8156815383267545, 152.3010671002727, -35.94213595209473, 205.69821794646415, 0.20670120144489446, 0.27205099141132544, 218.842788232096, -124.96757563071526, 226.38673921967302]"
0.7369078672682593,22.01315760817928,0.9408712066720926,0.562068338645424,True,False,"[0.21341858066897063, 0.892734947894051, 149.85831020740602, -32.20003365786362, 204.79553093199155, 0.24974880118111412, 0.31072261128870626, 219.6574226715359, -117.52720947644718, 224.31161491513276]"
0.733223327931918,22.02951517397197,0.9779378900527452,0.6089368777287013,True,False,"[0.15150917758001264, 0.8747117333890241, 148.5733655669497, -24.545356888299224, 203.28514807253043, 0.2898691088437099, 0.3027619194412918, 215.66650620562194, -119.22158563046042, 221.2933257343557]"
0.7295572112922585,22.03152645571349,0.9972469439645495,0.6524720647577001,True,False,"[0.16232960353432407, 0.8885901911385125, 149.80205909216525, -19.35664791249891, 205.47010750265542, 0.35641411530365696, 0.3365688829026039, 213.15524885320525, -112.15082020706109, 222.07110508754684]"
0.7259094252357972,22.05048914412629,0.9742155805584047,0.8037288761651782,True,False,"[0.14711044810525814, 0.8941276849006414, 149.27401026661866, -12.596897643644265, 203.38232828303208, 0.3932384847652722, 0.34279550872913056, 215.45754603762063, -115.42680008622368, 219.93414304610246]"
0.7222798781096181,21.934416807474094,1.0,0.08598497803863203,True,False,"[0.2175885187542172, 0.8264665343467981, 150.4255026508262, -14.109226433636584, 204.02783783608524, 0.3705603730991308, 0.3422922296375667, 213.87103421439477, -118.8242759868236, 216.12970285506404]"
0.71866847871907,21.932590608507304,1.0,0.9395360496035678,True,False,"[0.20304405711511603, 0.8031256514703182, 151.4685752375461, -16.053671774916012, 204.81730433025496, 0.31792325774124197, 0.3895579831597206, 210.43305665374902, -117.68299878089027, 213.5527078691078]"
0.7150751363254747,21.905340502828043,1.0,0.8692540366566301,True,False,"[0.23306518705145454, 0.7476633461576677, 151.585307009863, -17.956682336092854, 200.87943477882004, 0.2484427256105326, 0.4015555789489298, 208.54774676856593, -119.55716856917296, 216.1194904994819]"
0.7114997606438473,21.91435595555594,0.9874088846425225,0.2742522807764489,True,False,"[0.22586737714983773, 0.7783745547318851, 153.26619385352808, -14.414130618872273, 200.38063022251478, 0.266480589405785, 0.40075780174697584, 204.61175221282247, -116.84046114335278, 217.61689204888722]"
0.7079422618406281,21.89175827500553,1.0,0.7178150297100453,True,False,"[0.2810675702794284, 0.708668090355101, 152.94648482501896, -10.084746271097332, 202.70309014525913, 0.22177304904676753, 0.347818735465693, 200.7365203767346, -110.15785892457464, 217.02534717870324]"
0.704402550531425,21.88333029629448,1.0,0.8000363823437205,True,False,"[0.30594372651390445, 0.747816842628483, 150.36499560307075, -3.4126384299954307, 204.17394868613823, 0.27514774936660136, 0.30686187128092957, 199.62897869607337, -111.28808572269294, 217.97836552935792]"
0.7008805377787678,21.886926330716715,0.9948824017351016,0.9085248585614982,True,False,"[0.2931660477657733, 0.69946818339374, 153.41289250801125, 3.35594335349645, 205.33147145461575, 0.25088682233764054, 0.3032995555631889, 202.5471368397491, -114.98477498942108, 219.96118111549973]"
0.697376135089874,21.903129187683703,0.9770338033033213,0.14180383317309475,True,False,"[0.2951445081397823, 0.7727547464460612, 153.94104710781787, 5.39032076011695, 209.09336250475195, 0.1777068058869749, 0.2764338553770002, 199.2922285708454, -120.05136206147881, 219.5120452162913]"
0.6938892544144246,21.884726306516885,1.0,0.10048974792511067,True,False,"[0.3437617174505989, 0.755956291407299, 155.79387181013848, 5.16140561333634, 207.30110578461893, 0.18327945326619416, 0.26206496519404154, 202.13541506471856, -119.3941435282552, 220.53105592600897]"
0.6904198081423525,21.856809220362187,1.0,0.9078522586701978,True,False,"[0.3865252541711752, 0.7941038017108423, 154.29079402709107, 8.965396646593913, 204.70728699294267, 0.24989089095784128, 0.326175156787935, 202.14518786794096, -118.39492995448525, 220.6516418432571]"
0.6869677091016407,21.873051381137813,0.9766340454872883,0.24188265121611663,True,False,"[0.3347015799607084, 0.7622706932055004, 155.76117795432972, 4.249446876856473, 202.17473356088735, 0.30961417678482067, 0.26545874866799296, 201.60104666365015, -124.49119058373121, 218.1397516934539]"
0.6835328705561325,21.861679941730507,1.0,0.42769156783930673,True,False,"[0.4051585035358838, 0.7070465776542971, 158.84074937512815, 5.281566296725211, 203.09955859570334, 0.32307957755272443, 0.3064885501562453, 205.1823975666848, -122.07361808474867, 217.86000735696095]"
0.6801152062033519,21.848492817921173,1.0,0.876844236724145,True,False,"[0.37940439303605944, 0.7629870008692075, 158.53020708046, 9.84572867139107, 200.27327865827468, 0.366830485639975, 0.35348112578272556, 201.5194134873657, -114.66315392997925, 216.63244496101228]"
0.6767146301723351,21.863308351330094,0.9783445942812464,0.7751750269936468,True,False,"[0.34026552637541546, 0.7088114256649511, 160.9878798920588, 12.613053252278618, 200.6473312478757, 0.4303130726219654, 0.326186514086554, 201.29176007046465, -115.93932103160583, 217.69560726438445]"
0.6733310570214734,21.86512590205731,0.9973042980586707,0.9718806330628812,True,False,"[0.3408286563857133, 0.6820490722047132, 162.43195809553274, 7.81360047397113, 197.1894217677049, 0.38791821823250994, 0.27564912209514586, 200.18039610971698, -116.66036959916566, 215.31914009499226]"
0.6699644017363661,21.881947753153785,0.9752040239862103,0.5005587012265942,True,False,"[0.2717936213904811, 0.6524666539850468, 162.45652744513802, 0.9973753514315931, 199.23588931022104, 0.3862015166766559, 0.2447147226728588, 202.96969565117752, -123.59515231543574, 212.76980992803172]"
0.6666145797276842,21.890737320250544,0.9869011655096995,0.6459933133593676,True,False,"[0.232155503255953, 0.6601798450638856, 166.3704937710047, 2.1309067386868445, 202.74263600395162, 0.3629377417559066, 0.31610530739172454, 205.06594710754192, -121.77379903203615, 216.5800308066479]"
0.6632815068290459,21.86624280924158,1.0,0.3542755183947356,True,False,"[0.30803563766568004, 0.5914617874857375, 168.74285786027644, 0.7915124857524987, 200.06122458088768, 0.35873153650629463, 0.3079758869519371, 202.29532510442934, -129.38810088720447, 214.571062807921]"
0.6599650992949007,21.858664499992972,1.0,0.3775035267167083,True,False,"[0.3740080708197054, 0.592259278868357, 165.35741159381377, 2.0339610441600335, 201.198400822521, 0.42480131350898886, 0.28737261979266704, 200.3506889302137, -123.82145920122122, 211.20922653609603]"
0.6566652737984262,21.85922824038957,0.9991418786623245,0.6070811918354108,True,False,"[0.3439803070150229, 0.6210429376498399, 168.65389076533245, 3.2333931804401868, 201.13981106365165, 0.41236724826089366, 0.31165564028097315, 202.80485232849418, -120.31366309380326, 207.7761546871887]"
0.6533819474294341,21.874483443973503,0.9769223929861474,0.2678136613862563,True,False,"[0.29388348739489123, 0.6267511955007175, 170.84527610350506, 6.475167905543769, 203.25531035879038, 0.35051304778798764, 0.280492444415562, 202.0722866607144, -127.68040885381188, 207.99489920812562]"
0.650115037692287,21.856034271659723,1.0,0.2588312455470029,True,False,"[0.3240557030962576, 0.5862197692998546, 170.2916431088441, 11.46678912873606, 200.20711972307944, 0.38497693403680483, 0.33777451699141087, 198.85018353645148, -128.34004200521431, 208.09230139308912]"
0.6468644625038256,21.852557030283222,1.0,0.015106892310025821,True,False,"[0.3453371137440622, 0.6626803890829666, 167.16866435242304, 4.82364277150551, 197.1303139497562, 0.38152881816170503, 0.3876754035553801, 201.10460709813424, -129.50724650790082, 210.7586640156829]"
0.6436301401913065,21.826823297074732,1.0,0.21330995595313396,True,False,"[0.381163802718029, 0.6775287183572779, 170.24329478978547, 11.615517313043023, 193.59125646428038, 0.4317286702821139, 0.4577095092588202, 199.8304754413532, -130.17950987125892, 207.33274123554088]"
0.6404119894903499,21.823914997212487,1.0,0.7609938821105183,True,False,"[0.4155720713909743, 0.7418974237418446, 167.3569621459405, 15.74902643740184, 192.72027061645295, 0.4337246909064562, 0.45122918596534173, 200.79775991690062, -123.8255897516168, 209.2110415684282]"
0.6372099295428982,21.82581943877561,0.9970157425559285,0.8644204581634427,True,False,"[0.46175292109032706, 0.665804832184262, 168.97158186789375, 20.76244592450456, 194.49273584349868, 0.48395291541433877, 0.41189708429256694, 200.12055897315955, -121.00426516604212, 209.94720024333282]"
0.6340238798951837,21.80717794970724,1.0,0.23914264948675457,True,False,"[0.44540224297075215, 0.6126857785065366, 171.1051238419311, 15.23691789318415, 195.2688300752011, 0.4595527269273038, 0.42774890676152216, 196.90505830754992, -119.07934275748524, 206.0281108764733]"
0.6308537604957078,21.84523222571354,0.9414614603778524,0.2778411915800648,True,False,"[0.3658657006624798, 0.6239624852380566, 168.9076254097528, 22.001683451319884, 193.73640091217834, 0.46771759162006593, 0.4044434459893759, 197.57261111362723, -124.9080565815914, 204.0909683521464]"
0.6276994916932294,21.871543195806467,0.958949842897376,0.9872791393268296,False,False,"[0.2975369152630376, 0.5769815119072138, 167.9673910529795, 20.87244359982519, 195.7597894818228, 0.44428486601302325, 0.37262665588091926, 195.43938138802986, -124.61171223179784, 200.71562448286278]"
0.6245609942347632,21.817999372111746,1.0,0.2930344809019676,True,False,"[0.3752015394185196, 0.5506081333560306, 165.37217794770825, 25.14626105345422, 195.87101150486583, 0.40029217671951733, 0.36937048986333587, 200.41440773605675, -123.16279925130743, 207.0913201184464]"
0.6214381892635894,21.845369442962948,0.956912703579389,0.0019212218088892064,True,False,"[0.3402109384825957, 0.5330488858894061, 164.87656671902192, 17.38408148146206, 193.63738242437438, 0.393831206084041, 0.29061555721975524, 204.02828114899359, -116.5267380702126, 207.0430364242686]"
0.6183309983172715,21.851092841411592,0.9907865018437899,0.7463748603624331,True,False,"[0.4151305974477767, 0.5996678136141592, 163.0976086670889, 21.879788186750275, 195.890256662385, 0.4002056314995742, 0.30003549750705727, 201.15505012675607, -124.22050699614431, 208.5676207913945]"
0.6152393433256851,21.850407121954305,1.0,0.650027036604373,True,False,"[0.4753762964151644, 0.5509095729186702, 162.69579768300275, 28.89569899725013, 196.96273371943371, 0.4266162050826443, 0.2778924139822506, 203.6794068123246, -122.58149564353872, 210.14101313264425]"
0.6121631466090567,21.85911050020731,0.9858831739618455,0.3517380250790765,True,False,"[0.5213482838819872, 0.6100103472773347, 159.86491393134682, 25.792385757601807, 199.43149429906015, 0.42072802264979053, 0.2731167729022272, 200.80593225261114, -118.7469580535984, 206.30473337184478]"
0.6091023308760114,21.850606071630196,1.0,0.7331424414628374,True,False,"[0.4548595231035111, 0.5365569835630072, 162.58780830176372, 24.584733524676704, 195.52783613937004, 0.4689207963625135, 0.21487889859042036, 203.49140946057133, -124.02349927084391, 206.330589091156]"
0.6060568192216313,21.83788864277372,1.0,0.7267031169742696,True,False,"[0.47235633420849515, 0.4899876896732702, 165.74145527197683, 24.094579034567218, 195.90360621951933, 0.5298310093596997, 0.2722528753782219, 205.83141980759754, -124.85811771262047, 209.34851931560942]"
0.6030265351255232,21.888782715493083,0.9190656403277401,0.33713430881391304,True,False,"[0.40649299126940164, 0.42527351580289074, 169.29078041008162, 22.723659087764027, 196.2396221584365, 0.5745155164115028, 0.27773103755771206, 202.15311231579742, -124.23177835838155, 208.3109356575915]"
0.6000114024498956,21.925233226664965,0.9410587596962192,0.1876365929997118,True,False,"[0.32681158493535656, 0.39570574323033303, 168.8983152817483, 29.718510923799244, 193.17724811029095, 0.6233414389521115, 0.33591085801314824, 201.90037710375307, -123.73073736830277, 206.68860338727282]"
0.5970113454376461,21.946419363828383,0.9651352881044578,0.4413919920424344,True,False,"[0.38069656006514796, 0.32686699830898425, 170.51507395930716, 28.303076968392347, 195.838685266367, 0.6451863916500052, 0.30159884761843, 198.1715355326414, -127.15060919674201, 203.09165410898044]"
0.5940262887104579,21.94211354135349,1.0,0.28393746930897945,True,False,"[0.3525491353723184, 0.257044244940983, 174.1502390346787, 20.360581197403803, 199.67536404903873, 0.6417680562182819, 0.2945465642207424, 201.39455683737683, -126.56412116282469, 202.98295613537667]"
0.5910561572669056,21.9248134841621,1.0,0.6467726647622853,True,False,"[0.3095181045533987, 0.22130379577634263, 175.25613835476847, 26.101991414914092, 196.41456594392693, 0.6672313355149201, 0.34778407402226863, 199.68660870420396, -127.3851510867525, 201.9699489087782]"
0.5881008764805711,21.917873229628714,1.0,0.5378761711521646,True,False,"[0.3158546554752475, 0.2793630794336726, 173.58135882410218, 24.260717109946178, 195.78932615019852, 0.6677195796136713, 0.40812607490788966, 199.53115055512464, -121.06274256002892, 199.78757567707123]"
0.5851603720981682,21.546798995424723,1.0,0.924834070979145,True,False,"[0.34837959617981756, 0.209391846330194, 170.16566739554148, 32.14720317046479, 196.2059859221713, 0.5993540158672475, 0.40674278691775123, 201.60344777221061, -114.56014993036725, 197.49375345813326]"
0.5822345702376773,21.89581385249885,0.5491188998471931,0.3514765625606153,True,False,"[0.28020841168336824, 0.16949034481962313, 170.91526634082234, 37.24312403339913, 195.27937380715025, 0.6786884429669838, 0.45173635788015576, 197.77104805710925, -111.90836489822603, 201.26157424597312]"
0.579323397386489,21.903153018478953,0.9874113948357056,0.8367752479093916,True,False,"[0.272209881931519, 0.24327656865623248, 167.8591858630654, 36.30435981049011, 197.6166970402045, 0.7057080605358801, 0.522706604693647, 199.71025253749164, -118.27349305558197, 200.0193108490706]"
0.5764267803995565,21.582257867924238,1.0,0.6744107937278595,True,False,"[0.20966912770428792, 0.21850293991287206, 168.87620717957157, 28.360386427722617, 198.55365391124013, 0.7708220993426861, 0.5549263989939565, 200.18087392452534, -120.38600686360975, 197.31720729852316]"
0.5735446464975588,21.916497658768026,0.558354289174019,0.14922438472180166,True,False,"[0.17031209080266038, 0.2862341870429411, 166.1375183351822, 21.505567284346228, 200.10693756396566, 0.73367082584477, 0.4769257903633742, 200.05841998953477, -113.5181962186279, 201.0586682180659]"
0.5706769232650709,21.913043081488304,1.0,0.02039871120574943,True,False,"[0.20984723502461883, 0.2701710563384253, 169.5769012255296, 22.596853784388298, 200.27342204014656, 0.7586228611737166, 0.4712588252639911, 202.00125328306677, -113.22900701291871, 203.21627869625317]"
0.5678235386487456,21.6324380848407,1.0,0.8674085216644264,True,False,"[0.26364937702918234, 0.20216514426759896, 168.2189036406244, 30.210239837200696, 201.05301424523412, 0.7916290483337446, 0.5005565227204716, 202.22218215839152, -107.58986861407399, 201.1146054241674]"
0.5649844209555018,21.905087161745783,0.6171901953792798,0.8326421749472097,False,False,"[0.1984261105768073, 0.17692344462083404, 170.5792478416906, 32.60259401559885, 198.68737789638865, 0.7495063654615864, 0.44558926018534994, 200.9010511275696, -108.08523023124165, 202.65427566624308]"
0.5621594988507244,21.553877902212697,1.0,0.17706734699929816,True,False,"[0.21249735523590316, 0.22459898595095987, 171.57942664405581, 22.46028154383589, 204.17517811446731, 0.8047801572791614, 0.5211225009918368, 200.55416788376368, -112.74879941062107, 197.28776019393]"
0.5593487013564707,21.54431722272518,1.0,0.9083707094660904,True,False,"[0.26341993736514174, 0.274440870568699, 171.18210297190728, 21.42199343701315, 204.60993833041417, 0.7689768211378002, 0.4616394074870027, 200.39075521098908, -115.04989066333451, 195.09473841424892]"
0.5565519578496884,21.56320921428071,0.9666249535043223,0.17011103820381368,True,False,"[0.29724637607218973, 0.3155528603444563, 169.19309779507645, 16.319463675218273, 203.42369891935041, 0.7390300936710947, 0.4197295479813957, 201.83349485764768, -118.7608989597635, 195.40872814738552]"
0.5537691980604399,21.541764046882026,1.0,0.9153696846103004,True,False,"[0.27044094561419746, 0.34774903092103115, 171.10877155326173, 21.548625256685465, 199.42850436205882, 0.7815596140127463, 0.47498472818104986, 201.96582481384453, -122.09168351254775, 192.8922745741138]"
0.5510003520701376,21.55056003066811,0.9841630812024337,0.9227732732953086,True,False,"[0.31267946647128686, 0.38079962586421134, 172.1215433032097, 24.223580302853478, 198.5272205841539, 0.8369062001698998, 0.45821572556618273, 200.91369251257132, -120.27940373642912, 191.79660343318832]"
0.5482453503097869,21.521048977245602,1.0,0.3313295588959154,True,False,"[0.32586906520461567, 0.3691990891900524, 173.2577204832616, 24.670055842165908, 199.2293516289867, 0.8365117020084737, 0.4821125522403225, 197.08587802150944, -117.65862815112162, 190.31895763054206]"
0.545504123558238,21.532395900043056,0.9794140432959033,0.9435452635969299,True,False,"[0.28288045327345956, 0.3286777324457636, 174.21037735731605, 28.277266237569183, 199.45619906132038, 0.8460093644499477, 0.420976248220739, 197.93410203946598, -110.29990040453937, 186.555415724431]"
0.5427766029404467,21.583405698115918,0.9103015501584409,0.6349995260058959,True,False,"[0.30531491766438706, 0.3029139990655806, 170.31608101996352, 30.61267576860549, 203.1539124846678, 0.7832954124443717, 0.3470185448254439, 200.9716679325049, -105.94691794496036, 188.5469761186717]"
0.5400627199257445,21.57510420774069,1.0,0.45207776515302245,True,False,"[0.30645996570901646, 0.32746665532533475, 166.44081854079707, 35.077785330340724, 206.82462723052666, 0.7294278518045345, 0.26876544915271106, 204.38497179470346, -101.21857979730362, 186.15282960727575]"
0.5373624063261158,21.53981792985442,1.0,0.7535274070450652,True,False,"[0.23866140506937344, 0.27155413144471174, 168.5263196500102, 40.50499727747655, 209.6574378939531, 0.6833346109324648, 0.3255085009905684, 201.5627062975924, -108.29018281533236, 182.8293827771774]"
0.5346755942944852,21.566122077223604,0.9519940809984877,0.9981877849904418,False,False,"[0.2943412504332657, 0.22462516361806764, 170.028281250322, 37.19201684088871, 213.40050686402466, 0.7135601612001438, 0.3557864608454551, 200.76111692853485, -104.15831696647639, 181.55067647361903]"
0.5320022163230128,21.566468358336095,0.9511394598744182,0.9598492189158264,False,False,"[0.2217667741496268, 0.30230183677178074, 166.2929462147538, 43.085035346794406, 207.55026054917698, 0.6891881613151052, 0.30412239376521377, 204.1097571723008, -113.36255815334891, 186.14461018749606]"
0.5293422052413977,21.580436645999526,0.9261358732412932,0.9123147871916683,True,False,"[0.21484008564993531, 0.3146006992677845, 167.14034519310195, 46.596818735171865, 211.8605829651633, 0.7579585915543188, 0.3362704877524497, 200.55744936374785, -104.37792324850821, 179.37107199138174]"
0.5266954942151908,21.552340849333213,1.0,0.9991055061106093,True,False,"[0.15349566339154194, 0.23750630224730285, 169.3886154909231, 45.79400390790448, 213.25978469032654, 0.7571287933227369, 0.37186936931671993, 200.10357234140102, -104.71673235878204, 182.08984460954363]"
0.5240620167441148,21.577029989859913,0.9539813999092573,0.09364214422690909,True,False,"[0.20164069300729254, 0.30386243103384963, 167.8950794765544, 43.74848779429094, 211.22111511193313, 0.7918065422930448, 0.39424757906239594, 201.6279694369912, -96.81780865471404, 178.78505208844913]"
0.5214417066603942,21.624454915405224,0.9130637090630618,0.030157863843903066,True,False,"[0.13503662979993583, 0.3723457741764386, 165.41185720873543, 46.704324770855095, 211.5536479021573, 0.7171505628605158, 0.4393605008848888, 200.3192478549484, -103.32288557490489, 182.09172384866255]"
0.5188344981270923,21.59436202681517,1.0,0.6650933235989962,True,False,"[0.20721426756558226, 0.32865061583789656, 166.83497829166592, 53.056433841648655, 215.1290393602081, 0.6812215991844697, 0.43335013923803534, 199.29726251956097, -99.7143917798608, 182.7114854708488]"
0.5162403256364568,21.56573642769056,1.0,0.7364416258184706,True,False,"[0.19190886364294762, 0.39621173768798945, 166.76693435901285, 56.543721840092715, 213.3949894746649, 0.6073863331097206, 0.40117058205502415, 200.9273392025787, -97.04223983864996, 181.8795782772616]"
0.5136591240082745,21.631961312470104,0.8790375256403368,0.9263700889770147,False,False,"[0.2610551181853522, 0.46460202906652526, 168.1788886848048, 52.69939127063526, 209.48247476156033, 0.5344063173429644, 0.3787955422761138, 199.30995402032465, -97.64616858930921, 183.02853276369186]"
0.5110908283882332,21.642017059119826,0.8613532013191701,0.7130680413994648,True,False,"[0.11942063052978223, 0.39302737192825965, 162.89414256756868, 61.5191602697409, 212.84412234936877, 0.6552928561837364, 0.329056886622049, 204.54938877642812, -96.07809605748629, 182.68627965811973]"
0.508535374246292,21.58795095714527,1.0,0.7153062979446084,True,False,"[0.11936947517583286, 0.4723271089882507, 159.6253921072853, 55.751687108074606, 210.0075005315731, 0.7261770679802155, 0.29640020110542115, 201.27036867227076, -100.25083922837398, 180.04253921630422]"
0.5059926973750606,21.64268441506458,0.8974746085836804,0.4914836505745026,True,False,"[0.1835523730258207, 0.4737158304598381, 163.54136740978208, 62.33989215856404, 207.41558944592566, 0.654006044039752, 0.2699393817063536, 197.66912948513277, -97.89582117413866, 181.97719753239593]"
0.5034627338881853,21.61330122373002,1.0,0.6966776191492323,True,False,"[0.13715630026137934, 0.4084680435242172, 164.12984739358285, 62.518356375111175, 207.8927364869321, 0.5878590577966519, 0.2416898388383007, 199.15755909201587, -91.02081885679374, 178.46596494270054]"
0.5009454202187443,21.561506239663522,1.0,0.2665138993823699,True,False,"[0.2005088908277297, 0.4304606129605225, 162.51590615406587, 65.11770435170165, 205.65691409482915, 0.6505732720254656, 0.2598658490426466, 200.12281518351872, -96.8563603183985, 179.35809343836902]"
0.4984406931176506,21.587695218965756,0.9488146443693408,0.6655004939590328,True,False,"[0.23666299511143174, 0.3505463285083905, 159.22127062071112, 64.18224556936372, 207.09213023530955, 0.6451855565259329, 0.3344865729332941, 199.45827892907502, -94.3243410311324, 181.54791028391818]"
0.49594848965206234,21.563526989872624,1.0,0.8508034213493314,True,False,"[0.2206355558558621, 0.3811001003559169, 158.9305700145027, 61.06806664631982, 209.4639497690429, 0.6526963331588775, 0.3054322458402847, 202.26004122293105, -98.90005052682493, 182.91635824991812]"
0.493468747203802,21.587377232720694,0.9528175703380829,0.6420934814107382,True,False,"[0.17876324002944072, 0.393939112595044, 156.69631449482574, 54.60674180306672, 208.21697795943064, 0.7303943307979305, 0.2715572503907098, 205.91867418369958, -100.78589439752503, 186.60371557927544]"
0.491001403467783,21.587211854233534,1.0,0.4129788764221517,True,False,"[0.20056325685022075, 0.4408992899270327, 157.40478122819084, 51.87441494728989, 205.4582702825046, 0.7089736562271062, 0.3269929161427454, 203.99503069676493, -95.15653298238207, 190.27581912782145]"
0.48854639645044406,21.584680100253436,1.0,0.8800519086277965,True,False,"[0.20694351301322156, 0.44025922434245807, 153.7895856737433, 59.66131671988519, 202.81136371083159, 0.7888218076873822, 0.3072086744473497, 202.34640181936356, -92.14144199433875, 186.5913957484952]"
0.48610366446819187,21.603611986820646,0.961802460581238,0.23303899305304854,True,False,"[0.23592388982059934, 0.439715619528001, 153.88226227025933, 65.73507062813958, 206.11848192727538, 0.7587400161231446, 0.3024699411948565, 200.37796714794803, -91.49138304800856, 190.30802879525598]"
0.4836731461458509,21.565788061140893,1.0,0.6694094418491325,True,False,"[0.2873644660585608, 0.42106394737024394, 154.54820733496223, 65.06947528328254, 204.12942137026, 0.7095829355749386, 0.34872638769153325, 197.734806911991, -95.60744317857142, 188.95436874071834]"
0.48125478041512165,21.559455585050927,1.0,0.762345501441133,True,False,"[0.3192452914895516, 0.4937879835515516, 154.71573962159684, 61.1890057681713, 205.91906939409552, 0.6849378361719186, 0.30040495091034203, 198.30883099152123, -96.27206981862531, 185.7757700203696]"
0.47884850651304606,21.57429419618031,0.9694870983136219,0.7326526946950699,True,False,"[0.24383112509927146, 0.5689948268350279, 155.87590953016112, 57.717508700248445, 203.8105524463925, 0.7433448289319384, 0.3707612788112136, 198.20904031827448, -91.48867819576171, 186.68572568714487]"
0.47645426398048085,21.581460732541572,0.9850711626122701,0.5657808775810337,True,False,"[0.21405328517261682, 0.5603095559928459, 157.84892902401856, 53.18370526576241, 205.86669564077826, 0.6710865690596844, 0.4003088868624014, 200.46738849893765, -90.34033325036805, 186.03233860612764]"
0.4740719926605784,21.572869722087937,1.0,0.23050797075420992,True,False,"[0.2463199953647224, 0.5206095243665505, 156.56628662342465, 55.755991811226124, 205.1157718196611, 0.7478304722189277, 0.40668277114903023, 201.39732729369297, -94.37801338280805, 186.75302367760216]"
0.47170163269727555,21.566813755080325,1.0,0.940655700807133,True,False,"[0.2622711382629085, 0.5177209447895816, 153.57453644522226, 50.54492106377579, 205.27577939034435, 0.7833077388552263, 0.4465676793856422, 197.54159491048185, -92.22448034203252, 184.79679858176692]"
0.4693431245337892,21.5584687466556,1.0,0.3462415198832878,True,False,"[0.2729986885795237, 0.5421485356752324, 150.30870818710483, 52.00667660301352, 209.2660090326236, 0.7164532506400717, 0.5023704086655943, 194.57844833009307, -91.84837656136955, 180.96810703533095]"
0.4669964089111202,21.56810092751859,0.9795854435900954,0.6490250271550111,True,False,"[0.220212782736737, 0.5460013515608904, 152.0776087633996, 57.549912673659435, 206.80254439558365, 0.6456582951976276, 0.5453730390053625, 194.56051814338517, -91.19523161666243, 178.261777316489]"
0.4646614268665646,21.576352582192005,0.982398327471346,0.6275037942169998,True,False,"[0.189718535393821, 0.505902681177801, 150.05547287738926, 52.381505079832216, 207.11802280033183, 0.6483457920089437, 0.5394623886504301, 193.84568492049397, -91.76627446171858, 176.76569435788053]"
0.46233811973223177,21.56075306147412,1.0,0.6794265647173379,True,False,"[0.1881764595382094, 0.523823982702289, 152.7717395624275, 52.775975380072865, 204.13077761311854, 0.5719525454975406, 0.5679560107453758, 195.21000569735617, -93.49832398542551, 174.7015459554075]"
0.4600264291335706,21.561644318252128,0.9980644721325918,0.6524729278131242,True,False,"[0.21775583416421032, 0.45803876535326715, 153.20929300315476, 58.71951330769126, 207.07545924754766, 0.5000193881046814, 0.6389076606368522, 196.7374639753701, -95.4656009186128, 173.47080124628008]"
0.45772629698790274,21.597325562121398,0.9250076870034307,0.24089286097813378,True,False,"[0.2914955603807845, 0.5135812721349169, 151.31111441065377, 60.745846379666375, 204.92101680260078, 0.4886690102154548, 0.6717568427119696, 192.74218806285938, -102.06772406625599, 170.12993518393952]"
0.4554376655029632,21.623011533286952,0.9451624758957158,0.3773067289721779,True,False,"[0.24693565095355308, 0.5917948723148762, 148.2680486191238, 53.965932937633596, 204.32525930125277, 0.5302440069594043, 0.7210058733312289, 195.7312876118511, -99.09394931530095, 169.3225162709529]"
0.4531604771754484,21.6074975949381,1.0,0.9879193951523544,True,False,"[0.2237770916989797, 0.5599990847952567, 148.1619790081433, 54.07579308842253, 200.68994680916796, 0.49564804118433503, 0.6947237341534203, 198.98956137868907, -102.63040136330892, 168.83192666132902]"
0.4508946747895711,21.599972037590074,1.0,0.265485227790493,True,False,"[0.2475857997550504, 0.6340580240470928, 147.21158492597863, 55.842912434408895, 203.77499055550956, 0.47401952170043504, 0.6754681059514936, 196.29098649417136, -98.98710409470215, 167.91581293535484]"
0.4486402014156233,21.63015233121655,0.9349421757255654,0.6388004264287496,True,False,"[0.21619892994010653, 0.6360609312313353, 143.27883248989352, 58.13368750602649, 200.0321497748071, 0.4501880537842976, 0.7436498208704175, 196.8579012303799, -96.05793646951356, 166.65864403637653]"
0.44639700040854513,21.59936901746489,1.0,0.27923823303575945,True,False,"[0.23687958639846374, 0.639380399809711, 140.98970362582824, 55.7004370164759, 196.6083711482148, 0.5006757514770234, 0.7348499845439497, 198.5447381939753, -96.1107063082791, 165.0977394585996]"
0.4441650154065024,21.58311227355319,1.0,0.045626919347662276,True,False,"[0.29912784718447855, 0.6208057664893506, 141.64451216203634, 61.847280876639964, 194.26873042739754, 0.5610223115637327, 0.6807251038944391, 195.50711988158335, -102.59664999891159, 166.58654340471747]"
0.44194419032946985,21.58334811201062,0.999466503808552,0.23800351458949232,True,False,"[0.2320852827412174, 0.5766735670720345, 141.15264433310668, 67.60526902457626, 191.19481617064315, 0.5900795468264505, 0.7025196274867936, 198.70829125342826, -99.23426103860241, 168.11909583557866]"
0.4397344693778225,21.611282007550464,0.9384511627347517,0.9994898042964391,False,False,"[0.29401415604556325, 0.6444393202091245, 138.52788149716125, 61.236714689787256, 189.39365546554754, 0.563312896949422, 0.7187678770763244, 200.5862745106655, -98.07678767958794, 167.43461688506176]"
0.43753579703093337,21.529595587404614,1.0,0.241961942942982,True,False,"[0.24292218386394906, 0.5427136684195195, 137.67792622384644, 62.88464288573517, 194.45392847797297, 0.6452990995422456, 0.7219966577518382, 197.89379992896852, -105.82595171706679, 165.44008218046167]"
0.4353481180457787,21.506374377945114,1.0,0.08700483587577312,True,False,"[0.2797931278406972, 0.5793519562229954, 134.12803503961442, 58.220885321157525, 194.17605371495793, 0.6662837189684808, 0.6551011507946078, 197.30772657748548, -110.4564439697853, 165.80540269822436]"
0.43317137745554984,21.50837429720403,0.9953937177704777,0.37952760620748616,True,False,"[0.2518669621827543, 0.5699944721406459, 131.0454703864799, 57.469302341032076, 196.1343417814827, 0.729947604543364, 0.7173246353824054, 199.5590040127855, -116.75803363138664, 165.38549576555792]"
0.43100552056827207,21.478465358707655,1.0,0.3058369106557812,True,True,"[0.3199150479998656, 0.5800822649066966, 129.54193790225787, 55.51383064605691, 197.93774180279684, 0.7272745565596769, 0.6670609991149091, 197.2225423209349, -116.41286243283972, 164.55892394312974]"
0.4288504929654307,21.466197261883455,1.0,0.6203424525060156,True,True,"[0.3605134462964707, 0.654184309524877, 128.59006534292647, 51.57270294226052, 194.50093645389342, 0.785013524045856, 0.6162424269129343, 197.6013332003052, -117.98514624824767, 165.1161949379764]"
0.4267062405006036,21.474181102489645,0.9814635617582561,0.7957025967572668,True,False,"[0.3685595529994186, 0.6610327886328496, 124.94971066960174, 45.77371110258126, 196.31646895714064, 0.8429553787463805, 0.6378395353173182, 200.75932019140518, -113.60811316541681, 165.18237181290166]"
0.42457270929810054,21.504466170168108,0.9311539105304144,0.5445272947361126,True,False,"[0.4377647053163083, 0.7028550655951895, 121.07625965698317, 50.00011606860849, 198.44204669616946, 0.8508723030142135, 0.6928041565684656, 199.18132805065355, -121.30505455656518, 162.1107936639341]"
0.42244984575161004,21.47465376626483,1.0,0.658300168417309,True,False,"[0.4945257889301062, 0.6567145496526681, 119.35238945201948, 46.397597250626816, 201.62629222135487, 0.8698999619217258, 0.697002044031666, 202.1854430202399, -116.39164217219245, 165.92300854666482]"
0.42033759652285196,21.540654891799527,0.8546875421130128,0.5816060423391426,True,False,"[0.46493290325853986, 0.6706818682476492, 121.23071410712988, 44.395096236407724, 204.06214936015778, 0.828937198045725, 0.6883515190831802, 203.6509370140802, -114.44878820928197, 165.9657480569697]"
0.4182359085402377,21.53974132267301,1.0,0.9578760309721417,True,False,"[0.4661281635186092, 0.6921841199236488, 122.62769148349408, 48.029400632061765, 207.86812961120395, 0.8717571495138001, 0.7294911495609059, 204.77776223000265, -114.33852619287234, 166.51007671973014]"
0.41614472899753646,21.58329683250479,0.9006267839731402,0.9033495970316965,False,False,"[0.5083235274858001, 0.6161011507611638, 125.56813590891173, 45.73205913341756, 210.47170230673623, 0.8381667318819798, 0.8019179221632519, 204.08986707126556, -109.95287732162771, 163.18897378951326]"
0.4140640053525488,21.459312493249854,1.0,0.9115243978223694,True,True,"[0.4337983391957547, 0.6916004831814501, 126.07877721280951, 49.71011999930896, 207.27278105849717, 0.8502797803744546, 0.756719375515884, 201.11933900173352, -111.12689620592637, 162.8865635641211]"
0.411993685325786,21.56523462201847,0.7732935981274952,0.1300630380389045,True,False,"[0.4319142611209805, 0.6559595553903435, 125.05344786647217, 43.06039306425065, 208.95535676573505, 0.800971323560583, 0.8363989043668997, 199.92604607979337, -112.26746689250682, 162.13436279749266]"
0.4099337168991571,21.42159025093892,1.0,0.35421654818268034,True,True,"[0.5046755819347439, 0.7160075459812495, 125.47678510035901, 46.75236513311769, 206.25768317238285, 0.8454262408083777, 0.8295241797799559, 196.953008756384, -117.81692799358926, 165.1735332180341]"
0.4078840483146613,21.563494738059084,0.7061666733132749,0.7638900593919085,False,False,"[0.45597083531303123, 0.6512238452854547, 123.94668222764444, 52.551104625219864, 205.94325001995693, 0.8192905625985594, 0.7603904453733259, 197.2439655628318, -117.46423563014442, 165.92004574949922]"
0.40584462807308797,21.409943491359392,1.0,0.20518064766959687,True,True,"[0.4583866317970715, 0.7557774865720686, 123.38861393368101, 54.64859777708413, 207.18833690039557, 0.8076284972877245, 0.8747348374872245, 200.3287106298475, -125.20220243314904, 168.6501926900522]"
0.4038154049327225,21.385009829887462,1.0,0.8738525111880594,True,True,"[0.4245429189370157, 0.8164904879331984, 121.52631422820807, 52.470471590380356, 203.2824454022662, 0.7782421708312269, 0.8648975520960214, 198.58153719320603, -132.73848211822457, 167.79125357558846]"
0.40179632790805886,21.372730093498813,1.0,0.7621409838420757,True,True,"[0.36846331873846855, 0.8313094321717253, 122.62588756715479, 52.712745894516324, 205.23656452190284, 0.7992206816681899, 0.8358180664789147, 198.87655438846835, -131.69948830092764, 168.84450593012255]"
0.3997873462685186,21.436830945445596,0.8518563490944195,0.3787151107626855,True,False,"[0.34992045918447207, 0.8190988983277206, 120.66346244900298, 48.67911226903952, 201.82681612535197, 0.8150648457850034, 0.8045852021274921, 201.94130242280144, -137.60770216239442, 168.3214506420144]"
0.397788409537176,21.421362286255103,1.0,0.6048711159833561,True,False,"[0.2898546715899974, 0.8215469310769784, 122.88227874018342, 54.1997235783269, 201.4939825096997, 0.8289460535555799, 0.7768746151795111, 198.33387706914212, -130.88649835107924, 164.43482953761074]"
0.3957994674894901,21.512531976750488,0.7942610163379111,0.1499875474607787,True,False,"[0.21496093488728651, 0.8449219338724401, 124.44744677165338, 51.78466963824354, 199.04159358464915, 0.8390674166506125, 0.7442578380224548, 196.76452763177662, -125.82484795447735, 165.70773074748706]"
0.39382047015204263,21.546469617733216,0.9174332889647271,0.3453667147945304,True,False,"[0.23294978600072075, 0.8844832163520328, 123.45536401377463, 57.3018674109211, 201.4624839773975, 0.7608319601993827, 0.7510126189482921, 199.57549443776279, -126.76187563395074, 164.7137125447879]"
0.39185136780128244,21.570622228528464,0.9402239629568753,0.24130634940475115,True,False,"[0.18340157288356626, 0.859054588975606, 119.85578819223272, 54.35662213076956, 201.8870655317242, 0.7683383566148605, 0.7713288899629414, 196.94791702328502, -126.79804094237724, 168.0468590951855]"
0.389892110962276,21.535954385589584,1.0,0.8648209861741321,True,False,"[0.25209148575096035, 0.8930721437150924, 115.89015410694651, 62.01006088387783, 200.7924683002169, 0.7914195188266975, 0.7543263538929611, 196.33088261466318, -131.77433499419732, 171.9103061918933]"
0.3879426504074646,21.500755395138462,1.0,0.32821306804014105,True,False,"[0.3081090551589348, 0.8917083649842568, 119.80841109117065, 69.14532639451346, 198.9189786625502, 0.8070860050744523, 0.6898514517693879, 194.960050948208, -125.91359691542951, 174.3360572474044]"
0.3860029371554273,21.43784362700288,1.0,0.33337338859947707,True,False,"[0.3612923679599895, 0.8284784094139409, 119.30253444440635, 68.86304246777507, 201.38003153486798, 0.8013522288425461, 0.6925574444581345, 196.53784557101994, -127.66217754203292, 175.13446279358755]"
0.38407292246965014,21.46915147539595,0.9217185381049663,0.8649871111834624,True,False,"[0.296106914976082, 0.7653472945809007, 116.92203823192757, 66.66349328351673, 203.97344117107383, 0.8262188235581438, 0.6567210774466523, 194.44338322956847, -128.66776354772318, 176.70674151352458]"
0.3821525578573019,21.526594195430864,0.8604381157758881,0.6821573442122743,True,False,"[0.22663144654909406, 0.7374916974089327, 119.5884005663046, 66.30662079839287, 206.8848719550129, 0.7949409143602585, 0.6583736411471486, 192.3712299547385, -130.754112557357, 179.3846590236442]"
0.38024179506801536,21.520807659745167,1.0,0.8586349916116008,True,False,"[0.1894087361312454, 0.6875252905815588, 116.10708540562347, 66.62150911434438, 202.9162222056115, 0.7395713667297868, 0.7091024159789405, 188.7591382235052, -126.61085203389344, 175.9401013184502]"
0.3783405860926753,21.540464858778986,0.94937029811432,0.4795983133374043,True,False,"[0.2108228573569239, 0.6659373129145943, 116.27746272520395, 71.73426263743487, 205.52892480415855, 0.6712920904054942, 0.7227185208368934, 188.61769530099923, -132.92468628823002, 176.19927049777976]"
0.3764488831622119,21.5078638432337,1.0,0.7318123122963504,True,False,"[0.20054518593079257, 0.7394994520266566, 119.8461384654334, 69.58127186479486, 208.48071858029653, 0.6529133743138734, 0.7715908296210692, 184.97630857027974, -131.11831731289402, 176.98902605833038]"
0.37456663874640084,21.536980729295184,0.9252097020570192,0.024744123705023102,True,False,"[0.1847784510833084, 0.6909506579134923, 118.81378410676723, 67.1096565015469, 210.53672957177784, 0.7228251702666394, 0.7244851586376272, 188.35623733074058, -124.43106908904564, 176.79565157584227]"
0.37269380555266884,21.51919416943259,1.0,0.4296517872527117,True,False,"[0.24387434735113972, 0.6161256230043279, 114.90262869505689, 71.84442841008598, 208.1381717567544, 0.6526974185733456, 0.6724568580576309, 188.87256239929891, -119.62011364410294, 174.07474004219173]"
0.3708303365249055,21.52972276722869,0.9720073101326865,0.2719988891064202,True,False,"[0.2194869689274993, 0.5749508982662543, 116.50791700510396, 63.89311157189677, 211.67037120135393, 0.6462811861073073, 0.6629637277759555, 189.16798521345294, -118.21668771117317, 175.45816062840385]"
0.36897618484228095,21.6003571905163,0.825774490721857,0.8870337564645593,False,False,"[0.24578316750191548, 0.6099730149742719, 113.32950391159154, 63.65893583091873, 207.73566514791185, 0.58463636860179, 0.6958363234608846, 192.70544618820063, -120.39891170463859, 178.9060638109244]"
0.36713130391806953,21.602783890631564,0.8195454422957297,0.3513056404342415,True,False,"[0.2821280404595048, 0.607412329262732, 118.80465700638209, 60.72444587133482, 208.45216755799004, 0.6332231898001112, 0.7411272116272973, 189.82779937491847, -118.38221589746195, 174.42647629930184]"
0.3652956473984792,21.526388960851623,1.0,0.9337802263853254,True,False,"[0.22128018445256545, 0.5719462895647295, 122.61029962853894, 63.702910964175196, 209.99579499677014, 0.6334982361518459, 0.7154647428883107, 188.98704379233476, -118.76986831313413, 175.72684498886287]"
0.3634691691614868,21.554333435719364,0.9259985081901024,0.4109104370381883,True,False,"[0.27483734226479345, 0.5119163622713047, 125.78998249425415, 61.694826768970955, 206.34385560665027, 0.6818668385003724, 0.7874134887235885, 191.1995982523208, -113.7646978765525, 177.02285341788706]"
0.36165182331567935,21.529781400020212,1.0,0.464853159390198,True,False,"[0.2782371096168695, 0.5864586628963495, 126.87029660415087, 54.32870922232844, 208.86154844485552, 0.723938315724208, 0.7119215721710109, 188.7693480772589, -106.65485008921338, 175.9845818682912]"
0.35984356419910096,21.520683214955387,1.0,0.9701661205578347,True,False,"[0.22448106861586659, 0.5895398860812999, 127.99099489816079, 59.020404537680164, 212.36855017511792, 0.6563575759412876, 0.6349951660921891, 185.98987381499302, -111.41292978891695, 173.08623624683545]"
0.35804434637810545,21.523246408014664,0.9928666933125188,0.28438535396890396,True,False,"[0.3039737255857977, 0.6607558831803375, 129.44300061841778, 65.50623353419735, 210.0810274865344, 0.7263316824574415, 0.6629851231545691, 186.556649414655, -114.26203225945054, 172.21290929919218]"
0.3562541246462149,21.47377673391764,1.0,0.27412629389473253,True,False,"[0.31705560637290514, 0.5873346359973297, 128.65440282422722, 57.816566787199946, 207.0968404434997, 0.791424560967256, 0.6213145909976864, 190.3550676833519, -120.96996306679657, 172.7173421133179]"
0.35447285402298384,21.457643872194517,1.0,0.5479991720052734,True,False,"[0.39316904869839836, 0.6477248921595523, 131.15789716240377, 52.058760844985855, 203.5749384019098, 0.7974570559593035, 0.6520242777622132, 187.08675350365553, -116.93933875416646, 173.9051534899857]"
0.35270048975286894,21.50672099968567,0.8701003303388968,0.7238444987892896,True,False,"[0.34973215835335525, 0.6070882145941411, 133.73080539053154, 45.33759181212589, 200.58840533078236, 0.7531341983913787, 0.5818574464666486, 186.64448136507482, -118.88561008405972, 170.4754825760786]"
0.3509369873041046,21.480068098551527,1.0,0.5328650490124865,True,False,"[0.30584679304062923, 0.642673896219189, 130.60827871505143, 38.122368094289406, 199.1451113516125, 0.7518492255501265, 0.57713329304185, 186.82522834976064, -114.97741152904968, 173.98679896661122]"
0.3491823023675841,21.479966062980694,1.0,0.9653810836971445,True,False,"[0.34710580578699707, 0.6788739068145199, 132.9323095883716, 41.40724790895186, 195.8923728435371, 0.7918129136294954, 0.5396931137606221, 183.71176994381318, -118.49961634123841, 173.64667027236118]"
0.3474363908557462,21.470930715347883,1.0,0.607405020967087,True,False,"[0.3187367745026099, 0.722417620975591, 134.6396986305735, 38.18729645341217, 195.4208284179301, 0.7868550776366758, 0.5560695458834394, 186.54383164433196, -118.00641796435411, 174.03700284580663]"
0.34569920890146744,21.44123436863576,1.0,0.7701181753846522,True,False,"[0.3299886016320931, 0.7377783808322214, 136.41214530095604, 39.99661587934119, 192.32962352409916, 0.7824547555764249, 0.5787777564628809, 183.32298589336614, -118.51212751225654, 173.03882683423234]"
0.34397071285696007,21.44705711630865,0.9832144408120568,0.1557394662063284,True,False,"[0.3450019073468741, 0.7529497438327393, 137.19205060047943, 38.33958813467614, 192.57260277775973, 0.7681295955524892, 0.5878462742159922, 183.94037855652607, -111.49082718998437, 169.53135952288193]"
0.3422508592926753,21.466223281983492,0.9455388111218415,0.3230196714836111,True,False,"[0.337596316929898, 0.7745498808640334, 136.62739340538107, 42.911009402677834, 189.87054045650842, 0.8369884532106157, 0.5624670951984702, 182.2734499812468, -112.96393388818188, 171.91104438005092]"
0.3405396049962119,21.497521895954275,0.9121882636031102,0.9157232377016684,False,False,"[0.26446336602303466, 0.8500809136149838, 133.06269497504942, 48.16932983267463, 192.84268049641918, 0.8259532731915297, 0.6122728887276859, 184.58873259556498, -119.74817938049651, 173.3055735469827]"
0.3388369069712308,21.518746995332098,0.8564050857641056,0.8369793693160636,True,False,"[0.3075883060313504, 0.7891339030163972, 134.6479895044511, 40.10279210901745, 191.99211614591636, 0.8678856946520337, 0.4940003267570382, 182.91523748481026, -106.08698395585591, 172.50464910475944]"
0.33714272243637466,21.522824083271697,0.987979764934249,0.11543265032744754,True,False,"[0.33416098829867646, 0.7245831055465978, 138.00375952830709, 35.38085140580741, 191.96585614058804, 0.8691706749221926, 0.5154519457033254, 181.81072689576465, -102.67961242499706, 171.97555756962905]"
0.33545700882419277,21.543590955959594,0.9399710407094597,0.6858513074590511,True,False,"[0.27091682926085026, 0.672799707983503, 137.51615816082554, 36.043709510602596, 194.25927335331474, 0.8262255282368216, 0.5101207495796836, 185.75094634004836, -107.69954773077336, 171.24523324458758]"
0.3337797237800718,21.566794643444435,0.9328433737822244,0.8307676192258368,True,False,"[0.22197829120585996, 0.7185432630533686, 135.7575221233899, 31.159805623834036, 196.3256765181858, 0.769147961044013, 0.4863847938203979, 186.72487686186327, -101.22192475956945, 175.21505253909822]"
0.33211082516117146,21.526261483564554,1.0,0.8851342110671544,True,False,"[0.2739792883594608, 0.6681402680944083, 133.60016520706196, 24.723524866014255, 193.02123258870586, 0.8131381974634241, 0.4482520412869471, 185.99593113840578, -96.49125395684287, 174.32886627128525]"
0.3304502710353656,21.553878844445446,0.9198221545476141,0.39775748531154187,True,False,"[0.2722360095881781, 0.726044464632523, 134.25800196642842, 24.54980400942737, 194.16767229612222, 0.7767885480643804, 0.3993610659920798, 182.97167378701926, -95.56121990046402, 176.03655414081013]"
0.3287980196801888,21.57645560724674,0.9336398319697127,0.8429441570865137,True,False,"[0.2042756960428012, 0.7395064953923242, 135.21206242008972, 29.4863568728493, 196.26792052776054, 0.7878875758444015, 0.44955283958305947, 182.11580247734636, -90.10770988944157, 175.07827151829756]"
0.32715402958178785,21.578302984075805,0.9943691027073591,0.3065043752909363,True,False,"[0.17912200176688597, 0.6842798554823097, 135.6078567381131, 34.986922960580245, 196.89244361064698, 0.7374929704713024, 0.45155840671490116, 180.82642569849224, -86.06530325375437, 176.9363572860645]"
0.3255182594338789,21.97193084566964,0.2984256809307152,0.8720393013974799,False,False,"[0.15322099340294437, 0.740200118221007, 131.9832220943828, 30.315379030632297, 194.7937482074251, 0.7901907809926171, 0.5105242167644306, 178.3513563907581, -92.14437524740161, 179.95795688902183]"
0.3238906681367095,21.56031326242913,1.0,0.9464348355194631,True,False,"[0.2005612584175864, 0.6193612476424311, 134.71314981565786, 40.3214839842071, 193.29126247171396, 0.6789953098226965, 0.4106535245020971, 181.4567787228438, -89.07106943694262, 180.20369745066532]"
0.322271214796026,21.935330629217017,0.3123377735956162,0.7996383918544485,False,False,"[0.17530241213603087, 0.6238037542527787, 132.3583891423913, 40.041258896283836, 195.76932750033075, 0.6268688626455964, 0.4706517205011978, 179.3699438721414, -90.93492587473303, 181.5481713570201]"
0.3206598587220459,21.90819217627504,0.3379408122784131,0.4099329067279368,False,False,"[0.2662943460148738, 0.558857608992735, 136.18994703336384, 35.6900976441449, 193.98993436429328, 0.6662313400026054, 0.41336803916447024, 177.94498778784126, -83.05956074650886, 180.63699969169866]"
0.31905655942843564,21.551947563857343,1.0,0.34237758479966296,True,False,"[0.2624527810949759, 0.6581791932656076, 134.41846435379733, 36.24249359567891, 196.71101152513035, 0.7412522496880131, 0.48733985124718854, 185.4292152193585, -88.98947715606245, 180.9261848404342]"
0.3174612766312935,21.535711616694865,1.0,0.1800945187187385,True,False,"[0.3284858663065909, 0.6421462970169284, 133.97815813074106, 41.060560461647796, 193.6588326692756, 0.7627526153781047, 0.48105778604298677, 186.96718376953473, -93.06905394894675, 183.58409953177062]"
0.315873970248137,21.907675858685366,0.3080258162398055,0.031299001826378126,True,False,"[0.36446052608991064, 0.591290187168446, 130.52946585904135, 34.426813269345175, 193.21108709280907, 0.8019177832979071, 0.40366626096512226, 184.77701522631187, -96.99734283850307, 185.13184265955616]"
0.31429460039689633,21.557047697669983,1.0,0.622650061896458,True,False,"[0.3340669805692138, 0.514817031325834, 127.067996823871, 27.321489743574773, 192.08623571169767, 0.8639334648776942, 0.4571018765781628, 185.80367634779893, -101.21095128669074, 183.76684218925394]"
0.31272312739491187,21.92358229191864,0.3097239593514726,0.8041653472100662,False,False,"[0.3984402753847161, 0.5221781456209675, 130.49353770008153, 33.41419864571422, 188.66942502997992, 0.8163173977689642, 0.3924829400737041, 182.6836608107833, -101.77293058020769, 185.15712131991882]"
0.3111595117579373,21.57475340390745,0.9446863171438308,0.9190468381959149,True,False,"[0.40250681896535057, 0.501560547753309, 126.7472295412269, 30.402426164298056, 193.1146525048095, 0.8145420666381444, 0.4606120923393379, 182.07823636284706, -109.11647923936516, 181.0087212678976]"
0.3096037141991476,21.604283274126132,0.9090278260890547,0.4912480394249883,True,False,"[0.4057263306803684, 0.5137001049743438, 126.68903468993913, 32.221156595329155, 196.09028141201455, 0.759360784464771, 0.4687934067489475, 184.93429024020912, -102.68926084334282, 183.29919475358824]"
0.3080556956281519,21.596615865533778,1.0,0.29255709868546254,True,False,"[0.3753421355047522, 0.4603818718410256, 124.67006467932057, 25.35290970279003, 192.72400101926232, 0.736579620722681, 0.402542062429932, 184.1633352445475, -99.55806729140554, 181.5482487527638]"
0.3065154171500111,21.931098065175274,0.3357994976260228,0.07563027667881606,True,False,"[0.34219261823749975, 0.44963832501095785, 124.93830102526542, 28.331691248294035, 191.6362630801901, 0.807901492506522, 0.3797051750882613, 180.64277384530263, -95.74472251846507, 182.2536677380554]"
0.3049828400642611,21.948633196795267,0.9441261676132414,0.002008817529811635,True,False,"[0.4147122226384385, 0.5077952824297884, 123.51761297775529, 36.25094103781056, 189.63716531366927, 0.8312072829549418, 0.44980712089414704, 178.4904980541155, -102.73261761985526, 184.11676272711145]"
0.30345792586393977,21.95196213720746,0.9890899283255961,0.8665150177794253,True,False,"[0.43457863467256436, 0.4870134977399738, 120.61353820242414, 37.11299571760014, 186.95458888661142, 0.8194518761027586, 0.5023495765384665, 179.50326099586934, -98.61302671993856, 180.6939114254881]"
0.3019406362346201,21.96280887158409,0.9647141873605912,0.08299289354933703,True,False,"[0.46791989248671384, 0.5259053626170429, 121.67971143931553, 39.983572307892246, 186.05187654603097, 0.7425970727329142, 0.5462218767028292, 182.50403811312015, -96.19571123071466, 183.78753303804547]"
0.300430933053447,22.02017010218747,0.8261905499297071,0.11576096771113553,True,False,"[0.5394548011506826, 0.527491456639126, 118.26192332522456, 41.44054735681435, 186.7295947683612, 0.7696028127070285, 0.5329731707941806, 178.978900314586, -91.21208702526268, 185.71376819025204]"
0.2989287783881797,21.943155444474268,1.0,0.5348920963312772,True,False,"[0.54286234172983, 0.6009346832992044, 117.42920063725161, 36.508751956430444, 187.18291973811083, 0.8206413318608617, 0.5045377115227285, 182.57956004569212, -86.37931694136306, 185.45997716099268]"
0.29743413449623884,21.872527829943174,1.0,0.4694555519214759,True,False,"[0.5623865648899351, 0.6707828841208103, 113.44936003011637, 33.583537608053526, 184.76624745787856, 0.7758102965930009, 0.4293488825703848, 186.19373628665446, -91.13424652305399, 186.2515290846221]"
0.2959469638237576,21.851337546164523,1.0,0.21756131849736293,True,False,"[0.49906006398417435, 0.7358401679346906, 111.03942986483597, 29.75902733744436, 186.93640704650144, 0.7748404449115247, 0.4527360190150262, 183.16580485539058, -88.04382107059205, 186.3780761966337]"
0.29446722900463884,21.87055375061005,0.9368261701453806,0.29483131461525214,True,False,"[0.4359008791235562, 0.6999217487222821, 113.01525590867726, 34.02780047308578, 190.37685849145444, 0.7787373554985227, 0.375559975307638, 180.91136388822443, -92.28761397841481, 188.13729494447608]"
0.29299489285961566,21.532202397379102,1.0,0.4935706383311099,True,False,"[0.4186416543780525, 0.6365039760768214, 110.01238423206841, 38.2944650646921, 191.50832111326406, 0.7375406210676625, 0.3352546190303055, 184.44539086896665, -93.61559951980253, 184.36703777395428]"
0.2915299183953176,21.902611296615053,0.28067185252023924,0.0780388585709959,True,False,"[0.3774519662600413, 0.6453778590366659, 111.93025096745461, 39.66348573504595, 189.49291530236562, 0.8046705278172327, 0.35840053764416185, 181.68510659718572, -97.21792921919052, 182.94834492201124]"
0.290072268803341,21.902150337849026,1.0,0.23812674614463503,True,False,"[0.3843999802433348, 0.5904652590725457, 115.16116173862603, 37.93136503047543, 188.24901868887875, 0.7905319180809169, 0.2937592679614476, 182.3656404534905, -98.6427370342762, 185.9165260335696]"
0.2886219074593243,21.887167725596388,1.0,0.7004997687369253,True,False,"[0.3702165017067342, 0.5570005335103656, 118.00970131325224, 32.7736261938479, 186.98740961569007, 0.7136407173099121, 0.2142850791569378, 185.98548961584393, -98.95184865958849, 188.558330907427]"
0.28717879792202766,21.88236486442632,1.0,0.9940158796625096,True,False,"[0.37590119196690086, 0.5317578211322465, 114.16344272238169, 36.59021276710121, 190.13576167199196, 0.6817170831430941, 0.15363260520378913, 184.6194570036279, -103.94593708561916, 187.50872439428204]"
0.2857429039324175,21.879160995603467,1.0,0.22582119733525818,True,False,"[0.43662803989311444, 0.582985613514881, 114.10223683715, 36.229005215812826, 187.07300877307912, 0.7300740273354251, 0.20048381593137066, 188.45178697176905, -107.20210911744445, 191.43202067989583]"
0.28431418941275544,21.87028299043676,1.0,0.5475941902899197,True,False,"[0.4597292694390096, 0.5886759895301715, 117.07149115948042, 35.63162722096923, 185.64352475931068, 0.7061256385914119, 0.19504138239048147, 187.14045966518313, -113.92941792701772, 187.60230935847935]"
0.28289261846569164,21.56186931050724,1.0,0.41309329709928655,True,False,"[0.456201945805085, 0.525058508939831, 120.93004062703551, 29.591049647095407, 181.96666985335585, 0.7229431178137405, 0.2567202284452509, 187.20425724363102, -110.97172189819406, 186.43054415437447]"
0.2814781553733632,21.576138176904283,0.9505708079387216,0.24789257816460564,True,False,"[0.44264127228259775, 0.5681225335476948, 119.20614346107381, 32.179519505938856, 184.6398566200103, 0.7740949491285104, 0.20458833738188087, 188.22367449045115, -105.4663072294897, 184.22164750608954]"
0.2800707645964964,21.90756783179352,0.30624242170841093,0.07337172948629433,True,False,"[0.4516805369289276, 0.5398259830384318, 115.23434699799049, 34.64353636661817, 184.66490538117742, 0.8314892028792453, 0.23398823427721116, 186.11643419217276, -109.04910974033085, 186.30078084082245]"
0.2786704107735139,21.509178441483968,1.0,0.6788718980841772,True,False,"[0.446678685645778, 0.5883346858552505, 112.67072454705789, 31.616554900739178, 183.5106966838415, 0.8081887056909631, 0.17791922278710168, 189.8535536723869, -109.42977945506534, 182.421743835278]"
0.2772770587196463,21.511202530559757,0.9927267000522623,0.8668853715701322,True,False,"[0.48925179666387186, 0.5646782446764165, 111.41956805167685, 31.56008296204769, 185.9223422486996, 0.8841526258218031, 0.16870320947669792, 190.05195040263538, -113.79440846218901, 185.52532018140096]"
0.27589067342604806,21.567098579586368,0.8166030462757161,0.25050442556087804,True,False,"[0.5271308467429932, 0.5558683769234657, 108.67314109748611, 32.53757987755301, 182.7045686372818, 0.8396421236355738, 0.18215459876685933, 192.91549570398783, -121.72312933469087, 186.4132363786295]"
0.2745112200589178,21.580025712585158,0.9540001447096852,0.0663090829311207,True,False,"[0.5370600697626411, 0.5209742255696538, 104.86331427920365, 38.61938139006973, 180.4071037948849, 0.7707630918066845, 0.23359790922413987, 194.55038350841204, -119.04824031727019, 184.49821872524294]"
0.27313866395862324,21.51880107775267,1.0,0.6594767332446209,True,False,"[0.5016899545175384, 0.5709591866252905, 101.63797018931123, 31.429806737316802, 177.76649792433446, 0.8494384254951496, 0.27481623322927123, 194.35554662253622, -113.1674217232445, 186.54104764377254]"
0.2717729706388301,21.596231503041633,0.7520830781628715,0.43600462842590737,True,False,"[0.5135251375369931, 0.5711459880922055, 102.55812437188516, 38.30087838565076, 175.19333216646442, 0.8766591505765139, 0.34139562594224765, 192.8935164986362, -113.256313320683, 184.83161553081666]"
0.27041410578563596,21.49238033588573,1.0,0.017139476730429815,True,False,"[0.5083622367530021, 0.6101881647550403, 105.56270961952619, 35.20313294980299, 175.16693038528578, 0.8794777174345126, 0.27301171314986805, 189.8641399082517, -117.48708338913734, 185.51333130845782]"
0.2690620352567078,21.485178429300795,1.0,0.12659565683690055,True,False,"[0.5294726479968539, 0.6411996942497316, 102.74505674870346, 43.10532113072696, 172.5247542870466, 0.8237725816087818, 0.30250598305451215, 190.49476565517912, -121.98903179919523, 188.51926017930688]"
0.26771672508042427,21.475488414325493,1.0,0.6082770583650212,True,False,"[0.5338489408430291, 0.6668324990134946, 100.05705057306247, 46.853064784138994, 175.41713136858976, 0.8168794785663538, 0.36512890503840006, 186.62846927300407, -119.78277083567507, 185.73802520219013]"
0.26637814145502214,21.594497665044138,0.6396922487226527,0.7196224808057889,False,False,"[0.6114540907818689, 0.6327343895952171, 102.979436006612, 50.773625507361416, 177.3741019746306, 0.8869202928644657, 0.37054393382458073, 187.6205102120415, -112.1139293008625, 182.68811383964135]"
0.265046250747747,21.54188547573138,0.7784027410740637,0.29338226517249144,True,False,"[0.5874328307587714, 0.6921660730935879, 104.04469802610865, 41.8630232223265, 176.49305486604834, 0.8126068953062573, 0.44363327842297157, 190.3948052132698, -126.52089448441625, 185.93326155786463]"
0.2637210194940083,21.46874778186964,1.0,0.7810242508817136,True,False,"[0.5883771326920204, 0.7307347447560267, 101.49038411065989, 42.43556815213955, 179.3896863638962, 0.8159388516331345, 0.47709190634262477, 192.6981826708624, -131.44213310328104, 184.38220301066204]"
0.2624024143965382,21.43731120784437,1.0,0.2724410474567618,True,False,"[0.5193883479859552, 0.7594298976783751, 102.5843891599451, 47.822081849505324, 180.90533656794375, 0.7778624368817812, 0.44285930664193807, 192.91096401733134, -125.99481325596925, 182.66332679012802]"
0.26109040232455555,21.515944377255984,0.7399503464509114,0.9506772400952276,False,False,"[0.4483043884307476, 0.6991989293082919, 103.59806586794058, 43.46436274810621, 182.0662719528962, 0.7895429794484238, 0.4435383235159127, 192.93391056129292, -127.17126605411828, 183.99649891427106]"
0.25978495031293275,21.55226210765345,0.6424380861030197,0.047026429454097296,True,False,"[0.5867414210971114, 0.6917704262582542, 101.17071077779298, 43.771685434644866, 184.59134918473745, 0.8328147351100111, 0.48657906566162795, 189.19957471313808, -127.35754771974945, 184.6070777969259]"
0.25848602556136807,21.560784371720118,0.967567661779441,0.88043322285148,True,False,"[0.6639484501932261, 0.7400253679168098, 100.30299048822194, 45.08141311053754, 187.45015798488944, 0.8018206815404737, 0.5048169446378605, 187.8673045091703, -130.19105395394539, 184.40973078250857]"
0.25719359543356124,21.509468143709487,1.0,0.32222334789772555,True,False,"[0.6346421360482786, 0.7975998320810689, 103.0712399415319, 40.559453040857626, 184.40771436244162, 0.873978463007408, 0.5239262725268511, 186.33386966856153, -128.16889602271613, 181.9084330601656]"
0.25590762745639345,21.516395279282598,0.9732941883872812,0.9801883084579035,False,False,"[0.5582813093918478, 0.747689455180021, 101.89759759492765, 35.77307949534024, 181.37452762049412, 0.8341988280918309, 0.5771085330520566, 189.72480978758432, -124.28802478489395, 182.41514872391173]"
0.25462808931911146,21.459639625081056,1.0,0.18480401235256427,True,False,"[0.5714160481502054, 0.8585587532953239, 103.00563132778088, 34.46725959557601, 184.81272516605998, 0.848057939913175, 0.5825899268390645, 185.16082465185642, -127.52597160521192, 184.1642269332861]"
0.2533549488725159,21.480784831330812,0.9199271488046584,0.24293755753769353,True,False,"[0.6253646111580747, 0.8694920830363462, 100.1833991121157, 39.262937870194435, 185.98272879937355, 0.7851203859617177, 0.6375113454306474, 184.73008787574358, -122.07653960621954, 180.52051601726322]"
0.2520881741281533,21.875444644483608,0.20897041679322428,0.14566038363949585,True,False,"[0.6013385448561077, 0.9000073266330559, 96.6453095648015, 36.154821136875285, 183.9870460417534, 0.8170760205748074, 0.6535509463093546, 183.39407673789793, -119.22116454919333, 183.9838652755931]"
0.25082773325751256,22.07429366406291,0.45258881188191363,0.7977806455123989,False,False,"[0.6582922142293367, 0.8730651564848326, 99.85455135563167, 41.17292722950269, 185.72493019085056, 0.863631440198816, 0.6982279681857473, 185.06705911009882, -124.62154307039091, 187.92749327744733]"
0.249573594591225,21.859047526908906,1.0,0.7642053130960538,True,False,"[0.5231904117997762, 0.843497307230603, 93.85409964808954, 40.80021986540035, 186.40730707337946, 0.7923406154723641, 0.6647049391208067, 182.66317978793174, -114.79248352100024, 186.61362856585333]"
0.24832572661826888,21.83608337143413,1.0,0.6090022911388556,True,False,"[0.5897219708200085, 0.8617370358550344, 97.48734943634578, 39.500369032365256, 185.99062842851671, 0.762183939058412, 0.6067811805557592, 178.91272716307452, -116.91954075264374, 187.54969705442133]"
0.24708409798517753,21.842635918661593,0.9738290520488717,0.38502803211221936,True,False,"[0.6126012244310993, 0.8685940064613343, 97.07792981314752, 38.40655105107302, 184.74002806327218, 0.7313217356582167, 0.6825735859466733, 177.64511737934794, -121.86599732955511, 186.72037924859944]"
0.24584867749525163,21.866911361204927,0.9059769635994219,0.933710064134715,False,False,"[0.5494862018278586, 0.893448690210414, 93.79230032640669, 30.92432233829467, 185.5242004048078, 0.7928398341071712, 0.7253204192512164, 181.2219662183231, -129.3365708610677, 190.48090848766742]"
0.24461943410777537,21.90567129194331,0.7728366968251213,0.9375771321249556,False,False,"[0.5828900982011229, 0.8583978021540505, 98.71454121911856, 41.51024854803314, 180.94880013734883, 0.8023186676086685, 0.6557137882926727, 176.79964331080194, -128.85158667237357, 190.44618299597826]"
0.2433963369372365,21.75944908609461,1.0,0.5968042957155586,True,False,"[0.5939102262502065, 0.90201514140376, 98.89254224297292, 38.47329047898643, 187.4319097625363, 0.6605764940551931, 0.6419862515852849, 180.05690661111504, -122.97424728113145, 190.71955301774247]"
0.24217935525255033,21.77639525126352,0.9324184206578643,0.37029775040163815,True,False,"[0.5971134553704609, 0.8615234546045445, 96.80010790038307, 43.19985435268865, 188.9038716368774, 0.6628821819330897, 0.6172980290622745, 180.19999433400844, -116.0932856447254, 188.43688259747313]"
0.24096845847628756,21.82734478329115,0.8094206623267612,0.705423022410137,True,False,"[0.5338140077731657, 0.8013088853343824, 100.61636710498684, 49.361481849239226, 190.28967746968866, 0.6922371950267497, 0.5961816805702305, 177.97426521889534, -114.94443060113846, 191.4961067288386]"
0.23976361618390613,21.798978142612135,1.0,0.6258635216660547,True,False,"[0.5398725791019996, 0.8555750948998961, 97.00071028051607, 56.28138860224338, 192.25794630656196, 0.6961245298933716, 0.5572083887749801, 174.278997177466, -119.94273568123904, 188.47250665974173]"
0.23856479810298659,21.76346226723031,1.0,0.6019321776889879,True,False,"[0.594430879048815, 0.9006516928007773, 96.42002946407631, 49.84569674651701, 192.79945071273806, 0.6320024259024045, 0.6287379823278457, 172.67662841566414, -125.85224775203201, 185.60666872917804]"
0.23737197411247166,21.740579929711867,1.0,0.09704821551131004,True,False,"[0.5315516317148078, 0.8780958435389292, 97.62433890706525, 43.98425753510486, 189.7320902900579, 0.6284553352034591, 0.6288986977425649, 175.06694472645592, -130.941621981453, 188.24621698414893]"
0.2361851142419093,21.737491824264065,1.0,0.5954943350158998,True,False,"[0.47168174549347414, 0.8832306709804711, 101.37613469663582, 43.0507608047973, 193.71311916343956, 0.6038437479621943, 0.6550773328228553, 173.86892711720878, -136.30960068487428, 185.12380387404815]"
0.23500418867069975,21.725837601905965,1.0,0.1870384561746481,True,False,"[0.41434208290471297, 0.8807578993232303, 97.48990493018032, 40.53147030013036, 195.6937850349362, 0.5329389109693758, 0.719868104391899, 174.99594058304174, -136.85318728006965, 188.13180324279716]"
0.23382916772734624,21.873779183775532,0.5311605869248133,0.3722652324788135,True,False,"[0.34567178443983937, 0.8218761403414968, 99.85803477430102, 35.858325970963335, 197.39267016116736, 0.5786252836966287, 0.6583188596982967, 174.30710096516086, -130.35498092550625, 190.19271593874075]"
0.23266002188870952,21.765583558815408,1.0,0.8635926001356792,True,False,"[0.3952705283787386, 0.8593459656098266, 100.55370653812787, 37.06877638147191, 193.70471092817255, 0.5195816507060455, 0.7033147942133331, 171.0713206109833, -134.47950233166122, 192.7100624664699]"
0.23149672177926597,21.75023180458613,1.0,0.5649218866748482,True,False,"[0.44536918604596776, 0.8302015182454173, 98.57985847295488, 38.73366065203324, 190.2636006955694, 0.5312996448981324, 0.6340478529384811, 170.01668205265923, -132.72613187573927, 193.1846865874351]"
0.23033923817036964,21.755274714066168,0.9783445193065645,0.6608460338182177,True,False,"[0.4776964152795089, 0.8563717951436073, 99.46370537285493, 34.612165926141735, 194.13620787333122, 0.4945781296190934, 0.575778789904623, 173.6001955064443, -138.05128967206488, 192.33984349272959]"
0.2291875419795178,21.822472545734144,0.7458728068237533,0.5992895039110769,True,False,"[0.4398971916869607, 0.7982158343289534, 101.92219178112204, 38.52614351350316, 196.99174986880152, 0.5641132615797907, 0.5312879403995204, 170.02724928780594, -135.1243589517249, 191.52708839151776]"
0.2280416042696202,21.806237562068254,1.0,0.5181068495080818,True,False,"[0.4374671277840379, 0.8265112995058097, 103.48681548887309, 46.11951423278528, 194.86635581291245, 0.5807138214147576, 0.5027620803711363, 171.87455820802995, -127.46530599138296, 194.88024355587746]"
0.2269013962482721,21.75982910217425,1.0,0.3883995808548778,True,False,"[0.4212651939433517, 0.902434594683299, 100.71222507742063, 39.87036873017784, 193.4584437919505, 0.5424752123079125, 0.45663287289721166, 169.4107350975948, -127.36560227620157, 195.0836840218369]"
0.22576688926703073,21.81297428087992,0.7902558992327936,0.3032070646310575,True,False,"[0.4644478598519798, 0.8413175286462681, 99.56054788614873, 40.91801709945051, 194.93193462069334, 0.4654455624418755, 0.37738319548126725, 169.18367547188342, -130.46715166918202, 197.66333923653076]"
0.22463805482069557,21.828855237652515,0.9317453283414189,0.828696759055696,True,False,"[0.5429355542534011, 0.8547286241364667, 101.64605434667962, 48.25800881776589, 195.76239973123774, 0.48873470851813694, 0.30470454117581885, 166.3973242851081, -132.99371391411495, 197.5517059538112]"
0.22351486454659208,21.78282462911351,1.0,0.6525587904175372,True,False,"[0.4891780941546014, 0.8853328952930959, 104.92191182519717, 55.253768768710124, 196.6375059423238, 0.43630997753345224, 0.24646188473391584, 168.26904219377988, -130.81338953200117, 197.06370387256277]"
0.22239729022385912,21.832060492861924,0.8014064944938304,0.5228671245416002,True,False,"[0.4189073665334124, 0.8263449952680775, 103.47657805106294, 50.205610384328615, 193.63778846103662, 0.4262556634682075, 0.19366255222889453, 171.20063973814624, -133.2190440738862, 200.191339636641]"
0.22128530377273983,21.85679800142575,0.8942319276845422,0.9866416175471786,False,False,"[0.35691067996986714, 0.8580111320481437, 102.52972242674132, 48.03726728915935, 192.51245639744695, 0.3726490712701267, 0.24084626637179551, 173.34583986725767, -130.57184043970952, 199.39950664557466]"
0.22017887725387614,21.871201816268282,0.8371344694195838,0.565709420482221,True,False,"[0.36434659306560735, 0.7814250741409172, 106.801570253173, 52.20649983898825, 193.91021923944209, 0.38557866984484324, 0.18857733476639144, 170.06237366312774, -129.49924102672313, 197.91370245958413]"
0.21907798286760677,21.866977417491128,1.0,0.9240395366682604,True,False,"[0.37767251752292413, 0.7632281875888626, 108.80339304319668, 56.28294706881461, 191.06007680437497, 0.3146961671344444, 0.1923826798617418, 169.784641776453, -121.68927062733266, 201.3816316120508]"
0.21798259295326874,21.886777276591936,0.9131708417397376,0.18595186206216585,True,False,"[0.33301096497523075, 0.8177749228130223, 111.11784547136388, 59.33858216901421, 190.35420070986208, 0.3262083800287572, 0.24489014134459142, 167.23781402036104, -126.62231684336507, 203.87322900400352]"
0.2168926799885024,21.862912282591616,1.0,0.3459382085448509,True,False,"[0.38782153070041514, 0.7688956727733973, 114.87780766197518, 52.55545512689133, 192.81856557370244, 0.3764080975613093, 0.20376088564261996, 164.45141538985408, -121.96279730782018, 205.3652074960109]"
0.2158082165885599,21.852144865241335,1.0,0.0950379906546065,True,False,"[0.3726579667392781, 0.8352190872964226, 110.8824077019396, 49.47286714490837, 189.5782838460721, 0.41210791545516184, 0.27384742638281, 164.9864232752488, -126.30671945710831, 206.72003724868668]"
0.2147291755056171,21.826136398934814,1.0,0.35325703515807105,True,False,"[0.44628164195387254, 0.8448166698998584, 112.45193994902706, 43.560778674937936, 190.4783232242164, 0.3395456053398191, 0.3170936507757124, 161.6247061160727, -125.05334433244155, 205.77320343773542]"
0.213655529628089,21.83724791394563,0.9493225242310133,0.8209983083026542,True,False,"[0.48755600425717216, 0.8350639843233391, 108.7344159913915, 44.045106121277634, 191.59994586701885, 0.3795794155943454, 0.2936686307076077, 157.64227795300764, -127.83317256792876, 202.8709407761278]"
0.21258725197994857,21.829598859430888,1.0,0.9474383993086816,True,False,"[0.47861344254454835, 0.8404441310439122, 109.72514078753744, 49.22999600475525, 189.88484571498807, 0.34955217025693547, 0.3725338552701933, 160.0800286660022, -127.3032254351177, 205.59552216521908]"
0.21152431572004882,21.81896523446936,1.0,0.45457401116085205,True,False,"[0.4840249217966085, 0.8583220031166903, 112.29095974207459, 56.20171013013861, 192.87413616032933, 0.3724521224549596, 0.44149987844322763, 159.17335272666136, -130.84490079886018, 206.80573188525875]"
0.21046669414144858,21.81826896931519,1.0,0.14272327345352376,True,False,"[0.5245037668770872, 0.8797589434741963, 108.67336971897814, 59.65978390005901, 196.002670859003, 0.2993547338578638, 0.5059143384758175, 162.2893849455295, -125.40112338449359, 205.44922931061632]"
0.20941436067074135,21.8709525398446,0.7775745701361568,0.6227426869829938,True,False,"[0.5663154397159128, 0.8093303868189883, 108.9844903776599, 57.141871484187185, 193.58065275588766, 0.36218741267472415, 0.5048544451712097, 161.30548009528414, -123.5457278133123, 204.12340539216135]"
0.20836728886738765,21.955477039905283,0.6665424272835457,0.3507324673052664,True,False,"[0.5257167752193823, 0.7339830545266459, 111.92794594176647, 52.32529338409329, 196.61707288956973, 0.3685350299566253, 0.5585034917004519, 161.87932114401454, -130.1946766369679, 204.33522716440964]"
0.2073254524230507,22.078821920740076,0.5515991827151719,0.3305488526529341,True,False,"[0.5213307729326164, 0.6715458775165543, 111.45167885684268, 47.36201237575226, 194.33784918805173, 0.31970647909888467, 0.5284117339037746, 163.5840393675911, -133.77438762797917, 205.7933160009722]"
0.20628882516093544,21.938703524166016,1.0,0.967248431644968,True,False,"[0.5794482754432655, 0.7077329191862783, 108.34357580602713, 41.05023933943811, 192.41598459554052, 0.3630932762941935, 0.44963934930366634, 163.13857583320865, -131.2959032387081, 207.78559413497769]"
0.20525738103513078,21.90368668104309,1.0,0.0774094355624414,True,False,"[0.5257886180784317, 0.7318486332041729, 107.38388715642972, 47.678942025675916, 195.33118639708238, 0.38837820564568976, 0.5283356524502182, 164.30636500738228, -132.074088650453, 211.00569460121918]"
0.20423109412995513,21.90634128619424,0.987086063808647,0.15358334355746195,True,False,"[0.5359881523740132, 0.7517230439735159, 107.04354459869928, 40.37359729776641, 199.05129454768775, 0.34684064951628457, 0.5204483224866386, 164.6592215604687, -125.26382618051171, 209.55202403792495]"
0.20320993865930537,21.880170852435576,1.0,0.7748042587740043,True,False,"[0.4955583095770836, 0.7622331379470532, 108.95202974353838, 44.344690015874725, 201.09144681868978, 0.3153723404467698, 0.49530004867905664, 167.52552506285585, -120.37776940203628, 212.71826313247442]"
0.20219388896600884,21.879279947180244,1.0,0.6663516239215228,True,False,"[0.473713165601243, 0.7609948601632834, 105.184785599429, 46.602255343618125, 202.67288489120395, 0.3026119583657024, 0.4342697781113296, 163.8650559461464, -119.25617296641889, 214.31949247221698]"
0.2011829195211788,21.88198673937033,0.9866357219772135,0.7578401730934087,True,False,"[0.4343989906224311, 0.7409890819823337, 108.75525878000823, 45.55020087894111, 206.17218754603272, 0.32356958756983817, 0.42010422186229956, 165.29986161496208, -125.1379052650258, 218.2498867135746]"
0.2001770049235729,21.890659403520896,0.9576001413961885,0.042403573200285316,True,False,"[0.42886249868248183, 0.7444801774776642, 106.72797741118782, 42.98183796426575, 204.52397375187147, 0.29125121118117503, 0.44893823971002966, 169.26562675093788, -126.61770941943622, 219.96309588773536]"
0.19917611989895503,21.891480096244635,0.9958880400041157,0.9777834160644625,True,False,"[0.41991501340137694, 0.790399466844329, 107.22859564040125, 47.87607222769433, 207.91247834897206, 0.26625453363825224, 0.44351314875580405, 172.36763973840476, -134.57232253219448, 216.02286155448994]"
0.19818023929946027,21.900295420965403,0.956493437886043,0.2407727235548418,True,False,"[0.3826842409130644, 0.8408297631066945, 106.4673308600621, 48.933083113174405, 208.76925718734114, 0.20741710502376132, 0.40147576423063974, 173.57542143395884, -137.08314461660194, 213.63240269740925]"
0.19718933810296296,21.95346671477815,0.7636498654543786,0.9662182094183992,False,False,"[0.3289727511326197, 0.7642976197441291, 109.00317903510438, 53.51687558345259, 208.53150347809066, 0.19085195235762786, 0.40572668093150294, 173.09243992370793, -137.24888313281318, 215.81679481788393]"
0.19620339141244814,21.937514402376316,0.8272106399427425,0.0431089953044671,True,False,"[0.3436489188859649, 0.7792379279597997, 102.69527714355127, 42.92351823297503, 209.3317421239163, 0.24097275349129865, 0.4344360257040697, 170.72239105917166, -139.25907145511385, 213.66893326182864]"
0.1952223744553859,21.887473872618365,1.0,0.5981990545798397,True,False,"[0.3790741710447125, 0.8110400562503233, 102.16687171704802, 45.618778406712735, 210.1132932086658, 0.2844176912902355, 0.45649378415350267, 171.53932044398402, -132.99235116410472, 213.33011660632573]"
0.19424626258310898,21.82147724016138,1.0,0.65742395067153,True,False,"[0.43917972874601136, 0.8681142544260393, 101.89951472487107, 43.04230105139451, 212.76018546035795, 0.33607081484595286, 0.4692346315425948, 169.07027460327407, -129.8242123855114, 212.76272597951046]"
0.19327503127019344,21.847215634936635,0.8753164620057885,0.6065025218234569,True,False,"[0.5178098819641701, 0.8219782128825859, 98.67876183617085, 37.82371410657009, 216.54247068604488, 0.3663888212911738, 0.39791061677598705, 172.74518951557852, -126.39779825428992, 210.47106471396654]"
0.19230865611384246,21.86435538778649,0.9147300650209821,0.4495936010020356,True,False,"[0.55768054895152, 0.8086347444166091, 99.28664681584229, 34.12531132172559, 216.39501281605553, 0.39627356505862554, 0.3292511695264121, 172.38637395135265, -126.6535630087878, 210.90732927164507]"
0.19134711283327324,21.815337539733843,1.0,0.912184181778994,True,False,"[0.5377387845427927, 0.8583127961659089, 96.55364436957495, 32.48001789084475, 216.2185889472974, 0.4251911075339363, 0.39580090925684963, 176.15829675970002, -123.53898804341674, 209.2631691389834]"
0.19039037726910688,21.873220715121988,0.7378434241303933,0.2436464964187285,True,False,"[0.5667964488994165, 0.7817973633945654, 99.60551749489096, 39.97508240988387, 216.69371923308847, 0.3758010030375833, 0.34549133392386544, 174.7748818314805, -116.66213311885576, 211.12080923909815]"
0.18943842538276134,21.91814136189048,0.7888924197848644,0.7984422934524656,False,False,"[0.6014156642713839, 0.7231358951423699, 102.73970876213946, 38.060515816520464, 213.14949001125117, 0.32549154952158244, 0.4176105011361364, 174.02381671313967, -114.82780110881826, 212.4486306644326]"
0.18849123325584755,21.841939233510026,1.0,0.22547019396886048,True,False,"[0.5542778487610625, 0.8526524221119618, 102.77178173223892, 39.11463608242834, 216.2929142939745, 0.2993548864283493, 0.38536646838001365, 176.81620215494092, -123.91099872622596, 209.03625576986707]"
0.1875487770895683,21.818431258790042,1.0,0.20200323051086255,True,False,"[0.4803503870718237, 0.8501311726934839, 102.77011673204096, 41.778150201251755, 213.65590423281694, 0.3208275968492146, 0.36604893551376766, 175.90643612874285, -119.875591091123, 212.54098326084429]"
0.18661103320412045,21.792649693363582,1.0,0.25319805269174445,True,False,"[0.45990551938888174, 0.894768580799541, 102.57937384751031, 45.36965271513202, 213.66999126322824, 0.26803649983303196, 0.41594636794626616, 176.82064766905734, -125.5646517328071, 209.0127674702919]"
0.18567797803809985,21.816466207502437,0.8796177462228884,0.9819625797171263,False,False,"[0.4391295473718063, 0.8682573885894369, 102.79946384695073, 51.13336450940626, 210.8801401449519, 0.25787510153126075, 0.4021090003076722, 174.37303299813772, -120.28771116158414, 212.87461741463747]"
0.18474958814790934,21.807923358883436,0.9206528348637928,0.9779489186163844,False,False,"[0.48269046026657497, 0.8760296306430229, 100.9575069765265, 53.34718436236192, 211.86411988821945, 0.2527643301772238, 0.3668319991364003, 176.20665230530122, -124.57263165476493, 212.4102455115332]"
0.1838258402071698,21.85059211357829,0.7296408854360475,0.6341942646433184,True,False,"[0.5134356801655979, 0.8512864717568843, 105.29362505422235, 38.66523842900589, 216.17578364015748, 0.22473840606984946, 0.45982184934321374, 174.10202889430647, -122.81183465858454, 206.18942295923299]"
0.18290671100613395,21.82546846756697,1.0,0.5779930724853017,True,False,"[0.5168781751678665, 0.870457652823409, 108.85464384809433, 40.67538566451502, 213.09646097849463, 0.2967553822743782, 0.43431699391649503, 170.8821549624973, -127.46499861713099, 207.695555997157]"
0.18199217745110327,21.847196674338996,0.8874608395660388,0.20244976797385617,True,False,"[0.49272700723019336, 0.8448381616565264, 111.69336977522227, 48.123685763083294, 211.15023723444773, 0.24234697302980387, 0.4550082443642878, 168.45988059833041, -121.00610471215127, 204.5478671660223]"
0.18108221656384776,21.81969809921789,1.0,0.21642292881948544,True,False,"[0.49017566131442547, 0.8680588159740888, 108.3245526736416, 43.34986277070205, 209.512013913964, 0.25591017045293707, 0.39798483717105865, 168.36559998290326, -120.42597681134652, 208.4477334331715]"
0.18017680548102852,21.893489460622046,0.6639491415518848,0.04884877607500515,True,False,"[0.41278003312528627, 0.7962415764890318, 104.89435319117646, 43.90304222044453, 213.16818509927978, 0.20023352739555106, 0.3898373441665397, 168.63295876182377, -120.05216310682313, 209.5755803625218]"
0.17927592145362337,21.90159075513836,0.9558168425640905,0.40883809600018517,True,False,"[0.4172268704658275, 0.7676846185672477, 106.10007141309353, 43.992356766577345, 216.07424759380388, 0.2005838853947329, 0.32348056358652744, 168.25232137284596, -120.37082662525094, 207.64794350067288]"
0.17837954184635524,21.881506947482357,1.0,0.5448048278607182,True,False,"[0.38700966506192797, 0.8027809532335363, 107.89778861062902, 49.97090779915279, 216.53011772533694, 0.2339253998317684, 0.3890198619527627, 171.47893511621874, -117.91649646760538, 207.67517569241315]"
0.17748764413712345,21.89477856263648,0.9279523746290623,0.9974010039704222,False,False,"[0.43024718575379894, 0.7550598910666514, 105.28082178930299, 47.58936175112926, 219.2267044664983, 0.2505836250098969, 0.4214801227225428, 172.7545440138111, -119.11828766617782, 207.42596281841656]"
0.17660020591643782,21.88727731368091,0.9678533102493501,0.3550057540568302,True,False,"[0.3661552468660774, 0.8259637945970917, 104.53333974787117, 43.65517574186123, 215.06923569980458, 0.24518822148137287, 0.3504880215065675, 170.2522389815207, -122.91765697198785, 206.7795765545749]"
0.17571720488685563,21.828365863686713,1.0,0.21159856829896917,True,False,"[0.4216266161024928, 0.8706845483505135, 104.27001270592196, 43.42937146116863, 214.92881648096426, 0.21801361394063706, 0.3201480598941434, 168.50751698145004, -115.51980496509542, 204.58623990541696]"
0.17483861886242136,21.864076046315255,0.8152613534253336,0.8831340518998093,False,False,"[0.41140749095793366, 0.8086453829484718, 107.1726000140926, 41.40298501158801, 211.62591577078283, 0.2597909204350021, 0.3992701538540445, 171.95792626300332, -118.41010361341598, 203.33208783023224]"
0.17396442576810925,21.840211982074056,0.9341716649742716,0.9331906128761512,True,False,"[0.48684530366789164, 0.8434370970014274, 107.95951440702873, 43.02937023610754, 215.90057734156278, 0.23348871186975384, 0.3876790692869726, 168.80341495662185, -115.58418010579392, 205.46367920824966]"
0.1730946036392687,21.881455394574072,0.787989170839845,0.00045672196377022356,True,False,"[0.44195654808051754, 0.7918319492314102, 111.75531730968243, 50.51366611488142, 217.0875884186032, 0.21663038050507727, 0.38549904423543196, 169.01206544441237, -118.30213104573401, 203.52079874011457]"
0.17222913062107237,21.87429248246722,1.0,0.20550656608087758,True,False,"[0.4844196743122051, 0.774941668287875, 112.29765952105201, 46.262154533547005, 214.7895209983319, 0.272220040532383, 0.334145205104912, 169.62652563715656, -120.58869565905971, 199.64337954769925]"
0.171367984967967,21.899359248493475,0.8639205259161126,0.03600529526384144,True,False,"[0.5176160274100439, 0.7512917315736773, 112.50267001166588, 45.108602541866304, 217.6354965098513, 0.215819648242787, 0.38388113047158323, 171.34409677420138, -115.60975914864123, 197.01687646682288]"
0.17051114504312717,21.89226572373335,1.0,0.21703423936614785,True,False,"[0.4725854951375898, 0.7492219968937477, 108.72504942064184, 48.6485970096099, 220.6191879501601, 0.29415127078170716, 0.4501697633126423, 173.51656496612813, -123.38406747254929, 193.05406733783326]"
0.16965858931791153,21.87257095005878,1.0,0.6460397386507025,True,False,"[0.41833481904740455, 0.8062663742412104, 108.11388345498207, 56.19333554199568, 219.74045233189523, 0.2527764314453906, 0.3858937925606628, 174.91861094905587, -125.12140590388651, 191.54818985238782]"
0.16881029637132197,21.863446911890417,1.0,0.5291926564338176,True,False,"[0.4538396548556841, 0.827681710824273, 110.72461949181367, 50.92778603000079, 217.77538820042744, 0.22493025975445452, 0.44039955613166754, 177.35447408088143, -125.61218743551937, 194.38924657184413]"
0.16796624488946535,21.872039444931673,0.9501301455064318,0.12385964957616824,True,False,"[0.38390197857416763, 0.853939459627682, 111.7932518506879, 44.576220642613116, 219.4619754307708, 0.21990313043148482, 0.4579640153557123, 179.25009300970493, -126.22830578571148, 190.87834309724107]"
0.16712641366501801,21.89203972745965,0.887211764070763,0.7190785124605297,True,False,"[0.4086134256623407, 0.8231646366850085, 115.16139049309476, 48.90167387705209, 221.2319895611309, 0.21441628920817268, 0.4728140165846546, 176.95568941658328, -128.10784945106002, 189.10073758813306]"
0.16629078159669292,21.900148360526856,0.9524079935602835,0.9109736545009737,True,False,"[0.41462472103539333, 0.8229023576563124, 113.67352320954595, 53.885671233288214, 218.67284711024544, 0.20728415066878003, 0.5041848654652266, 173.2449048948918, -125.76818649393766, 189.39666435635604]"
0.16545932768870944,21.801549831581468,1.0,0.7963375230945395,True,False,"[0.4496457973773978, 0.8951785510911504, 115.76234128148207, 46.260871446213955, 221.97992138747645, 0.2675633349916108, 0.5347207039148405, 175.78985389025573, -119.63742725084599, 190.43562549528878]"
0.1646320310502659,21.925233228176015,0.4717661951810933,0.7642780005121561,False,False,"[0.38532109422391686, 0.8212783232420244, 115.65225569886582, 49.812067500379555, 225.86640869127956, 0.20876741863577175, 0.6128960461552042, 179.1863200480285, -113.76217138886587, 191.67186165522054]"
0.16380887089501456,21.868028322276707,0.6664237076312547,0.16973243575007602,True,False,"[0.5011187935895951, 0.8300787839187564, 118.16646879362662, 52.98288602199928, 218.63794915752658, 0.2213002173661754, 0.5592474754343703, 177.092793615343, -114.1006564915865, 189.2256226244838]"
0.16298982654053948,21.877514229484152,0.9434618192017376,0.327028612138042,True,False,"[0.4458119795672079, 0.7862429812380373, 116.43612915252788, 51.781714168347236, 218.06403892693925, 0.3011078700832138, 0.5772127204421411, 179.77587307650393, -120.45315609879756, 191.68905880189993]"
0.1621748774078368,21.794433846601656,1.0,0.46387850502088535,True,False,"[0.37300638483986914, 0.8331599982739335, 112.69139121191768, 44.431168140966804, 219.1399951422008, 0.3515037474739566, 0.6217940770297494, 175.85075313189589, -115.40452838615138, 187.71307978450815]"
0.1613640030207976,21.857466457937363,0.6766346946352407,0.18364601596612007,True,False,"[0.3290428304871105, 0.8028996242313187, 112.10337887923713, 46.35489944429179, 219.1205715085846, 0.28257946560557057, 0.5859302866998599, 176.8192320884515, -116.65374952631771, 187.8732556967021]"
0.1605571830056936,21.884813714952113,0.8433888062542898,0.7017217388216915,True,False,"[0.39742683742652485, 0.7811599821695152, 109.26733734778946, 54.007402946553086, 221.43023183392836, 0.2589185782496766, 0.5127095271582537, 176.37650834875043, -118.24552747234772, 191.6519209031635]"
0.15975439709066513,21.870270313111703,1.0,0.015570462047762024,True,False,"[0.37375107096896243, 0.8455368891688547, 108.94306189328347, 53.358056207235066, 219.3199731165871, 0.2542208068123872, 0.5584727233490434, 180.0261838708679, -123.53434117321359, 191.7890292451637]"
0.1589556251052118,21.886605702949716,0.9023372099455391,0.3137744435958283,True,False,"[0.29823818825063014, 0.7864585685066324, 106.0782759157122, 58.19853959045495, 220.3579830612916, 0.3012459855531595, 0.5096720724870096, 178.63739153538106, -123.16690394243525, 191.9272044363791]"
0.15816084697968574,21.887392398780825,0.9950383260834382,0.6819621715390365,True,False,"[0.2937141121933179, 0.76873416564578, 108.60626293224783, 64.02207773261404, 219.03515016060416, 0.2742344549527797, 0.4943359739699401, 181.50937849066753, -117.74618830166463, 189.9443619944061]"
0.1573700427447873,21.876405075162204,1.0,0.9566292749046712,True,False,"[0.28299141197525535, 0.7762369366258351, 109.08615077096034, 70.59368685949681, 220.06883717564443, 0.29153374245677066, 0.530946175714361, 182.66543259857812, -117.15111766826097, 188.580031874076]"
0.15658319253106337,21.941492241915032,0.6598970269025818,0.12593788034277453,True,False,"[0.2511735009354181, 0.8243133493579109, 109.42596187396194, 68.28569070925764, 219.10454882034588, 0.35739565933699635, 0.46300423220554987, 181.0509211464994, -121.90172548949681, 184.97859046286393]"
0.15580027656840806,21.932990939767905,1.0,0.8958128355111266,True,False,"[0.25649792756122824, 0.8298420913348249, 113.19036456019701, 61.75532073149009, 218.98470968807018, 0.3541010770792102, 0.42494789728922816, 183.06281428271708, -120.51041047550261, 185.6481452217358]"
0.15502127518556602,21.995345236871525,0.6688265113016615,0.2963601342476284,True,False,"[0.18676093425068746, 0.8019798494355701, 109.47704306783422, 57.797399963619384, 222.76510405347878, 0.28046807121784867, 0.4004705889622584, 179.5497202316235, -122.0716388875117, 186.23288547020044]"
0.15424616880963818,21.93606862629543,1.0,0.572396479561048,True,False,"[0.26532654387584453, 0.743331547697899, 106.84478037218817, 65.60488540060653, 226.0730892671536, 0.3558719694559717, 0.35913221980429283, 179.5981710255953, -129.0413487002013, 188.23869289566102]"
0.15347493796558997,21.945769245256997,0.9387495694919333,0.5795913928092443,True,False,"[0.25736676069974374, 0.7479270729345537, 110.0355391790844, 61.16026164038884, 222.6893446917061, 0.3038608444256605, 0.347748371726533, 179.89615051958148, -135.458665419801, 191.05633841736227]"
0.15270756327576201,21.951049170959585,0.9660154954541312,0.5834599813711383,True,False,"[0.26649001753005236, 0.7803840479240564, 109.11450501110508, 56.253449167198454, 222.38214944493308, 0.2954046620321242, 0.3316145235935556, 177.91950277460256, -135.07652752547108, 193.43882079957356]"
0.1519440254593832,21.930864393408285,1.0,0.039122024468946304,True,False,"[0.30577056930832663, 0.8218225163224937, 110.04450848791093, 51.64229975971426, 221.2650224781322, 0.3627782159875744, 0.31893607230960835, 176.49483570634956, -138.44384105603515, 191.9398084278847]"
0.1511843053320863,21.905030613336386,1.0,0.04054335608683812,True,False,"[0.343083937271009, 0.8536321838863865, 113.31200984942308, 53.47905515246229, 221.19215162944073, 0.2981068540382758, 0.3390002056386914, 177.35724290323694, -139.19792784410285, 192.94783910830108]"
0.15042838380542586,21.888461147793137,1.0,0.36600932504117767,True,False,"[0.3682543050651164, 0.808062060057193, 110.1752741140955, 59.792683858580794, 224.9806714942876, 0.3265869397904861, 0.3184896913894833, 177.47767821791876, -133.88448163405744, 190.9636871064689]"
0.14967624188639875,21.91453972176899,0.840100944252552,0.4923415860722916,True,False,"[0.32537075141138816, 0.8654238284197774, 112.83457544765935, 61.85590964961878, 225.99654706336804, 0.26583017765429356, 0.323156909941125, 175.8348164044496, -132.4799280713871, 194.5089848955532]"
0.14892786067696676,21.951513240341985,0.7801534726156568,0.37903397143924333,True,False,"[0.2813888503789098, 0.7987095080768198, 111.2856002579329, 58.47427800363753, 229.06134411305166, 0.2683523774074759, 0.2992053537048148, 177.3932583725908, -134.95739429756097, 194.4110278435215]"
0.14818322137358192,21.9162326841436,1.0,0.7680578170500227,True,False,"[0.314333545002943, 0.7250276664467477, 112.00857126941132, 53.55984137101045, 232.82069395348103, 0.32536299420614684, 0.3264797582328874, 177.5181483264214, -130.74916479147927, 195.52504036195984]"
0.147442305266714,21.95370964454927,0.7755517942541164,0.6547437838330792,True,False,"[0.23986969015052828, 0.7279837515148585, 113.5049475981807, 51.95160418927045, 231.55121042611054, 0.2845424585644134, 0.38463580765471345, 174.83119232221776, -137.17017738340243, 192.87367241441834]"
0.14670509374038043,21.92455292117011,1.0,0.1355151013750936,True,False,"[0.3103125879001905, 0.7560180284251808, 110.68109860818271, 51.951455923561895, 233.01989393210712, 0.2886888499216485, 0.321440999605061, 178.27758870912805, -131.3361011498231, 196.41463135558294]"
0.14597156827167854,21.93350280148617,0.9405292878777359,0.4879036463350477,True,False,"[0.3025198035487501, 0.7806856983893692, 106.83056330095624, 44.298047092141005, 229.9096825838613, 0.23956506674652006, 0.30543643469041126, 179.3463489162778, -128.9261427280109, 199.96220171995174]"
0.14524171043032014,21.94217398644667,0.9420454523700901,0.13911941795493765,True,False,"[0.29063022786236586, 0.7201913054485194, 110.15049059757067, 44.31476102179025, 227.74587916949972, 0.23142515949788084, 0.22611378330004306, 178.9334259836588, -134.4860669895943, 203.64131019552596]"
0.14451550187816853,21.972997169268737,0.8079247609409462,0.3354307096736182,True,False,"[0.27183330862114724, 0.7709343203871519, 107.14127190628788, 49.09520138428424, 224.14193065116376, 0.1983773879881514, 0.26458158409532273, 180.58286011240597, -140.60452426538941, 207.5805457237682]"
0.1437929243687777,21.972307079300833,1.0,0.6829526470726981,True,False,"[0.26034661994618746, 0.8421120766899226, 107.43382277588135, 46.24625973198947, 227.77062468812673, 0.2685329038765248, 0.22467944317297342, 178.35556957926977, -132.86624017293232, 205.43655867119227]"
0.1430739597469338,22.101416236202606,0.4055972861401292,0.8223487372724058,False,False,"[0.1876083671843673, 0.8910732534486626, 108.06820156450571, 48.29430734997261, 225.50146393002004, 0.3210550117897776, 0.224275540501776, 182.09582036392436, -136.56059600246715, 203.69540080717942]"
0.1423585899481991,21.9609789991367,1.0,0.45566228982671186,True,False,"[0.28041923918295686, 0.8824007019989236, 109.01515853501083, 48.61836351159604, 229.76135057295716, 0.33413640391373794, 0.2401654806514477, 175.6826204706025, -125.62768303498815, 203.0876614635624]"
0.1416467969984581,21.88538956938933,1.0,0.8230256283134778,True,False,"[0.3425770155950522, 0.9105364129194156, 109.74851623461392, 42.806638708083455, 233.25913846450266, 0.3167237811487813, 0.31734038908652346, 176.1670202243989, -129.61439716470784, 205.890616905673]"
0.14093856301346583,21.879116769832553,1.0,0.39566260971520784,True,False,"[0.38568657445597404, 0.8630494834269381, 111.68192944433719, 38.84235207189287, 232.4387572586591, 0.26398758460844207, 0.3736749811840706, 175.82319202749355, -135.64812427802747, 202.49509117899976]"
0.1402338701983985,21.85938543260062,1.0,0.8287565928833179,True,False,"[0.44750366385324775, 0.8311794810168981, 107.71136070952714, 38.24361291525021, 232.73667175159068, 0.305285970265611, 0.3156917145698469, 172.60480777255006, -129.2659951936918, 203.43234865813506]"
0.13953270084740652,21.880967507858998,0.8566944494178445,0.9852542524709033,False,False,"[0.4020043429403236, 0.8090844114658968, 107.24135595063657, 35.65265532267547, 235.18098688902592, 0.26260325500708653, 0.2793379925190242, 175.78982383804123, -126.16184132593791, 200.37203590800078]"
0.1388350373431695,21.799080855029487,1.0,0.9174893174695479,True,False,"[0.5120969972824605, 0.8928697150731917, 108.72642695145463, 40.41461036318356, 230.88806106432736, 0.3579468390474356, 0.38232054749333066, 175.44571578883335, -125.9743345607003, 199.62272304968272]"
0.13814086215645363,21.835277578684025,0.7694897571893946,0.21243776390493263,True,False,"[0.46563647406085684, 0.8265307221868935, 109.85480668599129, 43.31947270601208, 228.59797337974712, 0.3931119267487237, 0.44063741202826556, 176.8204142212712, -130.30600847146232, 198.9372048868457]"
0.13745015784567136,21.879585026301342,0.7244425388433536,0.45392671982277166,True,False,"[0.45851895758168637, 0.7529557746275016, 113.23637764131604, 41.25568826482372, 229.74593057187846, 0.3518540486563402, 0.42966072440078473, 177.8162613091506, -133.93467945641734, 202.08542419537872]"
0.136762907056443,21.835479428572935,1.0,0.6895664080844363,True,False,"[0.45702562857125734, 0.8019090541883352, 112.3370820285542, 40.783265327615105, 227.0595313014787, 0.42160569457663516, 0.4700137102925458, 181.3865809921551, -133.73031869282636, 203.5207870961318]"
0.1360790925211608,21.85693872268052,0.8541083527804194,0.30885070595515174,True,False,"[0.47830314418623004, 0.7856862273662802, 113.68302454429056, 38.07243674026106, 225.48359657732206, 0.3594838915649218, 0.39904834410905166, 183.790067450783, -130.15666688405963, 203.91882229487948]"
0.13539869705855498,21.805028422305,1.0,0.1846674397533069,True,False,"[0.45197771296545475, 0.8647892582118806, 112.74371641991252, 37.55494823641564, 228.5814721572071, 0.4186857233513074, 0.4017896983411693, 184.90697540753695, -124.87832054517631, 205.34011735661275]"
0.1347217035732622,21.809794634963406,0.9652402841312328,0.49810594189300095,True,False,"[0.4354959080806736, 0.853963877184067, 110.22520030271733, 41.64802970744201, 229.16542222620902, 0.36324868108875236, 0.47734494604782496, 188.5019122344231, -118.59722686585948, 206.92044979171783]"
0.1340480950553959,21.871811216635646,0.6296165727975289,0.6180086642982818,True,False,"[0.49592142008646073, 0.7908003268954715, 110.23044648775043, 39.575811265635586, 231.2572433361071, 0.284313919483265, 0.43078841213818664, 185.09554388939756, -125.72356682894355, 207.7556153709906]"
0.13337785458011892,21.847616032424867,1.0,0.022450442714752383,True,False,"[0.5194337958425549, 0.8328617878789801, 112.87440044737902, 35.56205824217999, 233.22869608303193, 0.29447071912439515, 0.3825380585549234, 188.61549627976703, -128.79819564192874, 211.36872402024824]"
0.13271096530721832,21.820349420319147,1.0,0.00393209975085429,True,False,"[0.5393963731100806, 0.8736227918818047, 111.66238339971214, 34.27745475882651, 235.29911298623557, 0.35355261441372327, 0.3885557336042362, 187.4153660940906, -129.04365180151618, 212.66045195604877]"
0.13204741048068222,21.807318052935813,1.0,0.30266060192892663,True,False,"[0.49675575882922873, 0.8714553500261539, 111.20602766842838, 41.49484749178648, 232.96784824000036, 0.3706244019461857, 0.4402168171805996, 186.6658858279554, -128.3815791995035, 213.41573875937482]"
0.1313871734282788,21.825817090047835,0.8686648576945002,0.5950047584805136,True,False,"[0.441888990585551, 0.8420888849463606, 109.54792529720572, 44.858433765104465, 230.5640092059054, 0.3925750062709161, 0.3814665421904679, 187.96208002485685, -127.09320515729847, 210.3533440354312]"
0.1307302375611374,21.862175467903874,0.7572077805873129,0.5764928213355422,True,False,"[0.43064752236494674, 0.7735473360884529, 112.90954312016392, 42.73324084112538, 232.8818389171717, 0.31310373881627207, 0.4252640999837332, 189.95161877410922, -119.207095253181, 207.79998690701348]"
0.13007658637333172,21.839600275930025,1.0,0.7825511132475992,True,False,"[0.48271078831359665, 0.8044322966827069, 111.67683696261143, 38.97216253138788, 232.90517851239147, 0.37661281165839966, 0.36746926824636017, 189.54344885670864, -118.18203337502213, 207.03425075288538]"
0.12942620344146505,21.870507083859685,0.7875734122338269,0.10593154552220996,True,False,"[0.406201598081821, 0.7657077202282531, 110.91217494807732, 41.935378930425834, 232.337042141607, 0.31317185440029616, 0.35977493258548776, 190.7842637414033, -119.7266480126972, 208.69032696945897]"
0.12877907242425773,21.894612158358772,0.829293112284837,0.24340261731416146,True,False,"[0.4100368649028415, 0.6982732057832386, 110.95992681278454, 43.708869267046026, 232.46992874018144, 0.28394848554923574, 0.353707718744758, 192.35662716595698, -125.38245531257253, 205.51556942297208]"
0.12813517706213645,21.89368157161958,1.0,0.24456083441156284,True,False,"[0.36518033686773865, 0.7226468391476083, 110.0313749765806, 40.74449002461839, 235.7527561211164, 0.3125432540760254, 0.35906390533863874, 190.36085352119838, -129.89446240737067, 202.2933787660491]"
0.12749450117682576,21.914976491777463,0.8461774537720702,0.19812369777890015,True,False,"[0.38519994581327044, 0.6538533297639616, 111.1557526499341, 40.27307381840828, 235.97622902947109, 0.2597808991392894, 0.42424143944365994, 190.72069959291264, -122.96395942393801, 204.94289423067622]"
0.12685702867094162,21.89006202835496,1.0,0.9199854761718793,True,False,"[0.4158069579081816, 0.6182561431513786, 113.31322762807469, 35.03574176856264, 237.65967350241672, 0.3392864186056086, 0.35938401822336974, 187.56691384097664, -128.46012989071934, 207.45775007962848]"
0.12622274352758692,21.88449190768208,1.0,0.5184625032247604,True,False,"[0.4013129833811826, 0.5931746493163963, 112.85116486871793, 40.937133482523215, 240.00355644791506, 0.41595067849226447, 0.3070678299936529, 190.0605493563908, -135.31911357979885, 205.38584552874394]"
0.12559162980994898,21.89849100863568,0.8945224859256444,0.09537240187759133,True,False,"[0.4354390086159159, 0.5984360468445709, 116.45491775344088, 45.422752619752984, 243.26076057923757, 0.35491844462161937, 0.30870667918206174, 187.19923492467942, -131.34480471911968, 205.54467707802738]"
0.12496367166089924,21.92314971442091,0.8209221521624566,0.2604839034948382,True,False,"[0.414743002491263, 0.5843952816160671, 114.68569932725728, 41.859464059843916, 245.89980471780964, 0.2889522458740202, 0.26943427335617887, 184.50224753665242, -131.79820430978182, 209.2315067460844]"
0.12433885330259474,21.902946231136617,1.0,0.869321673971521,True,False,"[0.3861569932503968, 0.5450744330333956, 111.43759297967603, 43.081471081910244, 247.60584647983606, 0.3388312857730265, 0.24974013269222498, 186.59541920991867, -129.01421896144726, 210.19441563701616]"
0.12371715903608177,21.950641210870373,0.6800994193671706,0.7851566730116468,False,False,"[0.45143398199244045, 0.48175960217619207, 111.59142116493982, 45.75254589386742, 247.48489428152183, 0.27157948071600974, 0.2329256241735605, 188.251756449375, -131.03222067023415, 207.5299915146081]"
0.12309857324090136,21.909432453990632,0.948672830277753,0.7991099692594931,True,False,"[0.33470182445147867, 0.5911917977112232, 113.04006735693108, 41.91189176407134, 246.39174547107731, 0.39409536206640317, 0.19174435151406155, 186.15390287165962, -127.42198745622468, 210.49122969457864]"
0.12248308037469685,21.90754729405818,1.0,0.9720839345990837,True,False,"[0.35871713793656873, 0.5479421751689013, 112.15821168707663, 36.26047657447587, 250.16675958986193, 0.45614059197107254, 0.1964744706294861, 189.0567173906458, -133.7052572981419, 207.5208601342389]"
0.12187066497282337,21.911753636155566,0.9660740379592958,0.4911674057705143,True,False,"[0.28014454760516716, 0.5118874927787328, 109.17288262486193, 34.3335974693566, 252.1988565485299, 0.38443400419827145, 0.1373897083949379, 189.6055289893244, -135.82039943131582, 211.04469524913964]"
0.12126131164795925,21.908648723198525,1.0,0.2824301001444499,True,False,"[0.2873389478791509, 0.5077493991422314, 105.5980768765518, 27.833574949790318, 248.69043631074211, 0.3509769466071254, 0.14262810581318008, 191.67068955060046, -139.20621232436702, 207.1155234048915]"
0.12065500508971945,21.93634442544174,0.79489553288752,0.17449079963848668,True,False,"[0.21151219183408076, 0.5648145966154594, 105.87832973837166, 33.36529944762535, 248.6946009249367, 0.3200747130497701, 0.14410699500370405, 188.7390776725348, -141.42467021687875, 205.74087562686276]"
0.12005173006427085,21.906542299839643,1.0,0.4467027198241277,True,False,"[0.2606819137588702, 0.4998789187265047, 102.74082002076187, 27.24809285074303, 251.29799918059925, 0.31632740142152477, 0.12194967949495593, 192.63345073437569, -136.46975181811146, 206.71638262377164]"
0.11945147141394949,21.904682871254263,1.0,0.30318019121043516,True,False,"[0.2717458679231676, 0.45584394357251257, 99.89647277124848, 32.914527108998676, 252.84486734144727, 0.25549018889776703, 0.12285034728893027, 191.01238747595485, -141.44981276552096, 204.13443721987946]"
0.11885421405687974,21.90475147057828,0.9994229945352399,0.6775945981627921,True,False,"[0.24807778321720625, 0.4327614911244506, 97.37819705364784, 35.18640876441188, 252.49647422930283, 0.2957310929638689, 0.19441962572008042, 193.33145728882883, -146.13294447820286, 203.120119673046]"
0.11825994298659534,21.939639945358984,0.7445203081400438,0.12215281856293014,True,False,"[0.28538388197571174, 0.48872105481888917, 94.35864161966829, 30.398888967464032, 255.90858960514547, 0.23823271101992316, 0.17823924431488447, 192.00290196637653, -147.28796905164467, 201.4309006384769]"
0.11766864327166236,21.9320246853008,1.0,0.6877625641546076,True,False,"[0.21216924251693497, 0.510964611680312, 96.13416367384045, 31.814689387628967, 259.46245258509504, 0.2730866366548686, 0.24865474261715642, 194.43053486425922, -140.44842096110713, 203.8741034277129]"
0.11708030005530405,22.02435554343615,0.4544754465940928,0.06622118886980388,True,False,"[0.1443132208118854, 0.4440754101174276, 94.25548655484903, 38.2241125209423, 257.4401251937994, 0.3170023367813945, 0.2804785980279835, 192.923521652218, -134.3798179521449, 205.22570864305152]"
0.11649489855502754,22.11778618123597,0.4484245481372625,0.8059961622617662,False,False,"[0.13790460239821895, 0.3917771682686047, 95.17828391114483, 32.15138118252649, 253.583228560081, 0.29503538302216215, 0.30158143050510766, 193.21222889380263, -138.09626179820455, 201.23926370318515]"
0.1159124240622524,22.01199650013368,1.0,0.9769421462601189,True,False,"[0.2168307849494543, 0.4095836374723946, 96.9247212868192, 32.749869183020834, 255.9423421764771, 0.35896926551301583, 0.30162378963735176, 194.9564802256112, -138.22044734299143, 208.78345131669408]"
0.11533286194194113,21.972718186969146,1.0,0.3023667031544416,True,False,"[0.17488505309503005, 0.4433819159363998, 99.84191704379921, 31.791194373654992, 253.2469256511629, 0.3610935940289046, 0.23763439065866848, 198.76221592111384, -136.19383779106946, 208.58228758009182]"
0.11475619763223142,21.995433498115705,0.8204157210527141,0.19075445745391362,True,False,"[0.14775486152700923, 0.41580207709924233, 103.19981083404403, 26.80255856772395, 249.5634273450713, 0.33250660110851676, 0.252841090878075, 201.04742322747566, -141.74736479697464, 205.65642163533465]"
0.11418241664407026,21.93618708715773,1.0,0.34410138034427085,True,False,"[0.1934511623824599, 0.44055156748488, 104.91920278779811, 32.26359238263282, 248.8551690674746, 0.32658348190515696, 0.18862879720129877, 200.72770404940337, -148.44868734693964, 207.1587867413212]"
0.11361150456084991,21.947869734914548,0.9022805328074334,0.8659004928552967,True,False,"[0.1466485517891522, 0.46664551290542994, 102.99080677833389, 24.838718909347413, 251.6100677029714, 0.26626516293653985, 0.1491333602299677, 203.4007362887795, -151.68086385125002, 204.93741504256306]"
0.11304344703804566,21.906975916688502,1.0,0.03153592023684593,True,False,"[0.1814804371451742, 0.43350211302114594, 100.82873164261085, 28.24274253178557, 248.70801195571246, 0.1910761233254671, 0.20878352931912053, 200.13662267712817, -150.26424275194753, 202.3803732491273]"
0.11247822980285542,21.657506529160777,1.0,0.4078284677762384,True,False,"[0.1831431308358641, 0.40620314430783555, 98.22151060459852, 22.583411158200395, 249.7439371903751, 0.13582545551104414, 0.2014520656439408, 203.7430603853831, -145.0452067468012, 201.92454625754473]"
0.11191583865384114,21.877875245442915,0.13958836273248793,0.8997757589539125,False,False,"[0.2091905355258495, 0.3704410079397562, 95.98047630979927, 17.974837852242985, 247.22884228190347, 0.1937752483461656, 0.17769537392894338, 200.9200265601432, -145.3989491737731, 203.71063576264484]"
0.11135625946057193,21.92868733628769,0.08757547578358413,0.09021388368710104,False,False,"[0.15273862886473744, 0.45955196089582706, 96.40782146956455, 20.080101272547914, 248.66742288895307, 0.17031889766642727, 0.20960146916675942, 201.91027216804952, -141.2723652035553, 203.04192048737764]"
0.11079947816326907,21.63480055349011,1.0,0.20998415348873667,True,False,"[0.12272783141885783, 0.3704904595091724, 101.08892820617577, 30.083076123929587, 248.8373916359238, 0.1794785632877522, 0.18288766254378064, 207.7196928695134, -145.93469028038896, 200.52849215438997]"
0.11024548077245272,21.629685924320835,1.0,0.8173218638983315,True,False,"[0.1235482416983202, 0.4150407713203915, 104.99905867692402, 29.21072031591023, 246.44919023154628, 0.21483335192422515, 0.1782974383049078, 204.22484105375727, -138.51908073986237, 202.38518206599414]"
0.10969425336859046,21.85749158611462,0.12533904273286253,0.32841753885385094,False,False,"[0.19786604407104375, 0.3354319804329859, 106.28844868623207, 28.945326789657575, 248.0622965515267, 0.22732302079594147, 0.15713560860442488, 205.7510195452497, -143.6165046429349, 206.17083735979622]"
0.1091457821017475,21.686149192636986,0.5961161511719671,0.8375171289656947,False,False,"[0.13189276458259308, 0.43593982889170624, 105.42568763538294, 35.68951820561835, 247.2996931171577, 0.2833159807609167, 0.24097914934849407, 207.71216269453802, -131.02392176676076, 206.2040352590182]"
0.10860005319123876,21.932030258787975,0.061789832593870296,0.6323663988626129,False,False,"[0.12606512507121648, 0.44590296338181024, 103.71211070079418, 35.4682663550515, 248.0456381481721, 0.16684721634249125, 0.22701741004643522, 202.18143044699806, -144.65783348539, 205.85994855232158]"
0.10805705292528257,21.909072936375395,0.07535455421546797,0.9826098079622004,False,False,"[0.18981274232083675, 0.4261165046249818, 101.693360771933, 27.99351527952959, 246.4363627786185, 0.25643136500118213, 0.16480858619681377, 204.94395954362727, -140.50917617782414, 206.02950391818513]"
0.10751676766065615,21.59303362436549,1.0,0.9503401153478624,True,False,"[0.18447291037244123, 0.3799526934198463, 101.74039799137464, 22.165547058417424, 250.42392387072525, 0.22565806232534613, 0.13025934028784275, 203.3040221822219, -141.17137592548156, 201.55383435498757]"
0.10697918382235287,21.573845540968964,1.0,0.35955196046490223,True,False,"[0.16196177884571392, 0.399107768493146, 103.5721354997377, 14.409633653595431, 249.83897346171037, 0.17526871314562692, 0.15547556916823524, 202.5061927758316, -145.88660331838065, 197.8555037580956]"
0.1064442879032411,21.55606893418731,1.0,0.7621496260239399,True,False,"[0.16226457420925797, 0.3906855000056545, 106.45652059127629, 10.75446886528417, 253.38334432883659, 0.24662306550395802, 0.20651833065570485, 203.59405825580538, -147.46878025945406, 198.38638564536285]"
0.1059120664637249,21.641308443461043,0.4471711120070758,0.7358317469312126,False,False,"[0.1978297030238137, 0.33124667019223025, 106.5937700658012, 15.937410302564322, 250.53133047118206, 0.32168879371583214, 0.18540624886191914, 204.9609650991251, -144.5566353612948, 201.6235796622666]"
0.10538250613140628,21.627310032038487,0.5086353377059935,0.8821138458090574,False,False,"[0.23915290360082248, 0.44458490043642757, 105.35629351672604, 4.029913593388557, 253.150477969506, 0.23521606742301426, 0.24085496019700992, 202.2515141135663, -145.7424885089314, 200.28212991708335]"
0.10485559360074924,21.631777061609267,0.48576865729396185,0.43353193802504986,True,False,"[0.17934504639548135, 0.42595496371364827, 103.89598972121351, 16.654007775011994, 252.65447474266955, 0.18248871254061727, 0.18613895594816868, 202.1155449570922, -144.7419733014391, 200.52204854168937]"
0.10433131563274549,21.945624135220346,0.04938161492911512,0.818664922274046,False,False,"[0.13957747796510167, 0.5038385510183082, 107.75260636780406, 23.35710364730405, 250.99617246598106, 0.19376203013586968, 0.1687598295490036, 200.210379056891, -140.88361693407703, 201.09665336439238]"
0.10380965905458175,21.91009590764918,0.06849122725874995,0.034639002464465274,True,False,"[0.19708368824693973, 0.4700735958221141, 107.56217818926444, 9.549960474481558, 249.9549994057073, 0.25869128974833383, 0.23251956496160892, 199.3692323999152, -142.59257906005467, 204.36127140441954]"
0.10329061075930884,21.91177698376982,0.9838565181225412,0.5460319993538867,True,False,"[0.17697343364188714, 0.4164894736779346, 107.34800712474762, 3.222073075066149, 250.35447518372507, 0.2517974381651309, 0.18731133867696842, 198.74611433092468, -146.23899950417555, 206.85507042523284]"
0.10277415770551229,21.963302490176915,0.6057142673485867,0.43345510380760655,True,False,"[0.13185207044086278, 0.49226468627006664, 108.30711191140287, 4.825149210184344, 252.41793236626813, 0.26229156195979364, 0.23783815633254324, 202.44224008297778, -145.63241606552376, 210.04210235650524]"
0.10226028691698473,22.00308446961126,0.677716191491409,0.3518605531806761,True,False,"[0.12990745270120424, 0.46262576425591184, 110.45615294768129, 8.105414565213838, 248.7959640425512, 0.33001137356583815, 0.2637422915892323, 200.1454618619507, -153.28182011236453, 209.28871443734903]"
0.1017489854823998,21.96276417381952,1.0,0.3442812402455162,True,False,"[0.1643288234489524, 0.535493810522818, 113.93272714866282, 12.127961666900145, 245.74875478027366, 0.3711853726295786, 0.20396802127856423, 202.2759168660671, -154.31651477329868, 206.81431135326113]"
0.1012402405549878,21.96768626093562,0.9525450349199028,0.29922263655522763,True,False,"[0.13900031263467552, 0.5418900217613776, 116.93349320835776, 6.554312540007187, 245.25182596068495, 0.32792816736890146, 0.21028133980482927, 203.1553012929553, -151.66354262065414, 210.59341477358538]"
0.10073403935221287,21.94622688439484,1.0,0.4862578360726655,True,False,"[0.20259210544883072, 0.4844124578644605, 117.29434824973337, 3.34559552218807, 247.9964208215076, 0.37349988858671196, 0.2521758039858399, 203.2480141963615, -153.94059560661134, 208.83598506077112]"
0.1002303691554518,22.010121323179586,0.5286250756204216,0.9651699053713153,False,False,"[0.12294823058084287, 0.46727659775893277, 120.625460273463, -0.058044006965541683, 247.23182866711187, 0.39505787563784844, 0.28239774258064193, 204.9438518327631, -152.38800377987698, 210.68574902256518]"
0.09972921730967454,21.912637404879344,1.0,0.27679539163130995,True,False,"[0.27524538297589923, 0.5438759351949053, 120.78260445777835, 10.162825674785031, 244.5545473679869, 0.3358640369864683, 0.22663727049700044, 205.69219638624375, -152.65907551212786, 206.30791002160777]"
0.09923057122312617,21.866582769907776,1.0,0.15149165533768094,True,False,"[0.2996137584733114, 0.5013108248953119, 123.12745218717629, 7.136118579163938, 241.03800848984898, 0.30990229749774134, 0.3002129971357997, 205.99802509473855, -150.26532862106487, 206.3598171175767]"
0.09873441836701054,21.891424725459093,0.7775527379381967,0.6110275321335055,True,False,"[0.22529729956606515, 0.4352558846677468, 126.53450814239758, 9.15580289406013, 240.86296463507188, 0.3090398801771639, 0.28837298688776764, 202.52724155996046, -144.322763667297, 202.93744009070264]"
0.09824074627517548,21.908411840198642,0.8412106892907971,0.34403622652082533,True,False,"[0.193180780011701, 0.5019891089217143, 123.21958418071358, 13.19023674160762, 241.92856993325262, 0.28648361141703804, 0.248796001820969, 203.39652221717432, -136.88825033676093, 206.29078027579462]"
0.09774954254379961,21.900455993215765,1.0,0.20225583502123412,True,False,"[0.2295833406121686, 0.5010269919425958, 126.89720306625269, 11.043689594626128, 239.55720887264863, 0.2406262630069093, 0.2319573702797144, 202.23488557115797, -144.07367281761987, 205.5908291742311]"
0.09726079483108062,21.906556801365166,0.939200513578953,0.9260771220980363,True,False,"[0.2653464491956558, 0.5769803980101589, 129.5599406719664, 16.97949187101098, 240.09589703970263, 0.29853826570566605, 0.1716778220965286, 203.7409107823941, -141.61596223306586, 209.37886058969616]"
0.09677449085692522,21.919051386884817,0.8788770021477547,0.961400981404745,False,False,"[0.1967856841188316, 0.5573583968497304, 127.68463694822188, 22.23044643235732, 243.1936884603918, 0.2721391902688205, 0.22701093649189646, 206.45222944946062, -139.14102387946045, 213.21909206288592]"
0.0962906184026406,21.901546496382174,1.0,0.10041548734098138,True,False,"[0.25064591550883264, 0.5204945489200391, 127.26869976037989, 21.68953321441202, 240.1780359303341, 0.3267651914497898, 0.14687973677065477, 204.0673183103176, -148.6774489061019, 209.55276659998438]"
0.09580916531062739,21.90811563240628,0.9337329545242508,0.27252549815609595,True,False,"[0.23044992763395555, 0.5226832065956954, 124.48022082210719, 21.388673823558584, 239.48837968157463, 0.2728343808366669, 0.18488509728516894, 201.99787471429812, -142.5571068405044, 206.01830808755105]"
0.09533011948407424,21.91256909949519,0.9543581443406999,0.789428001671132,True,False,"[0.22328398114857773, 0.5506196814469111, 125.52947377589147, 18.158095273475478, 237.75381914661608, 0.3494937419039986, 0.16018519242690318, 205.53966828738487, -147.93342939566617, 205.91514181605646]"
0.09485346888665387,21.921848970201577,0.9067996452810262,0.8264911970267087,True,False,"[0.19963427028748737, 0.5536841679788715, 129.4500562311766, 13.31463132022588, 239.90831387971238, 0.38894128953344104, 0.14539999197219328, 204.0615583436234, -155.49047585086416, 207.5105977469216]"
0.0943792015422206,21.928487188287075,0.9320809579049827,0.08891035663411884,True,False,"[0.25492070424062974, 0.6222466688817427, 128.4027722465287, 17.52356279828019, 239.1135603473906, 0.4245113641927217, 0.19323909631403158, 202.72628432680068, -155.02427318301926, 209.79525834474535]"
0.09390730553450949,21.91144180771768,1.0,0.5650664655284703,True,False,"[0.2855653719085118, 0.6289643661590628, 126.64355730061796, 24.42097477196637, 239.90760272620838, 0.4008296511298099, 0.14916681782217409, 201.15626593372917, -154.79433242508773, 212.12411723995038]"
0.09343776900683694,21.908124096097595,1.0,0.6124859116186632,True,False,"[0.243133576992785, 0.6589327182225561, 125.11455033231063, 31.841294887943043, 237.18044058898036, 0.34163100611566294, 0.1225349267958957, 198.02036835889285, -148.52709299669652, 209.0464335910042]"
0.09297058016180275,21.95215289219255,0.6227701756524947,0.0806594616437023,True,False,"[0.16984061361913327, 0.6779036120098921, 126.60294934701018, 33.538801289072715, 238.47274415403146, 0.31352055749221647, 0.17682763186405903, 200.59008218870378, -145.2449070358165, 206.08682165093433]"
0.09250572726099374,21.96824795799345,0.8403053523131132,0.7204546003772555,True,False,"[0.1280436018170178, 0.5986910809824357, 124.74706678414779, 30.560940399415024, 235.8606149044387, 0.2725767618646121, 0.17917175902348753, 199.0781343691708, -151.0641446136238, 202.8387590641394]"
0.09204319862468877,21.93157725846121,1.0,0.3736510951048849,True,False,"[0.17153801724121193, 0.5532291068360328, 124.04928015751626, 33.31591892587621, 234.46136001228004, 0.3000716676456755, 0.18631583183035258, 201.62799736988725, -146.37260640166127, 202.74580299230425]"
0.09158298263156532,21.589575735721194,1.0,0.8802904603734222,True,False,"[0.18382835608985035, 0.6047632891684293, 126.39795584560832, 37.93478622386403, 235.68808535485113, 0.24457683434620067, 0.2641277885009141, 204.8362496660228, -143.1407728231915, 202.99475782055222]"
0.09112506771840749,21.62012138017468,0.7151909380647347,0.8386345019739366,False,False,"[0.17365800789239544, 0.5447348813817191, 128.53080228823325, 43.256911451306586, 232.92040838720877, 0.2059930246675855, 0.20138227197764924, 207.8026820419544, -135.32867304283596, 206.59133321240714]"
0.09066944237981545,21.661449871986907,0.45261872441985146,0.8807380808343779,False,False,"[0.14255231516114344, 0.6332643473909243, 128.39744817299672, 41.77835119570816, 236.64595966174122, 0.26418737855363356, 0.19587932418274406, 204.14184150271228, -143.1312651118787, 202.19475022671807]"
0.09021609516791637,21.631562996948738,0.6278790954307681,0.250655653525385,True,False,"[0.24890947014393738, 0.5727817409725877, 124.86493520905135, 44.75673776541687, 234.03884638648816, 0.284690780977496, 0.2888135331621845, 205.261432303255, -139.43119264646842, 202.9522751872997]"
0.08976501469207679,21.904665218261492,0.047719617052915816,0.5832736979245459,False,False,"[0.2568475423616207, 0.6360786387522132, 125.84547438058193, 45.58006599911419, 236.32710527269566, 0.32646669427671876, 0.35511658536617546, 201.62686792081163, -141.68998701160513, 205.4119924737169]"
0.0893161896186164,21.93174296702434,0.03470510375138816,0.07752501313397686,False,False,"[0.17959215663718386, 0.540396961348663, 121.92019421920163, 46.46411879052588, 237.06050604069497, 0.32838834485683427, 0.23373603776105864, 202.64640346127015, -137.13360220014064, 203.7734180078531]"
0.08886960867052332,21.915662806521993,0.040892187248543974,0.5751957703298028,False,False,"[0.2514664404682286, 0.6403630326437414, 127.32489364368283, 45.655019739481034, 233.1437593835108, 0.23954753756703853, 0.32476782826917505, 201.35163826077695, -143.11137579526076, 201.52123372525455]"
0.08842526062717071,21.904894933596005,0.04545161441449767,0.9361186081515086,False,False,"[0.27205852933618674, 0.5576298873559629, 123.32277249739485, 38.70165539789462, 234.44621161328692, 0.2547975959383856, 0.2709280442491606, 201.54409895582907, -144.43706088755107, 206.8666687172218]"
0.08798313432403486,21.942367507855785,0.02923038660132168,0.4555109090196632,False,False,"[0.176496903844034, 0.5276994576934882, 122.69036038901515, 46.08311960653154, 235.2278284755086, 0.3382693684043616, 0.2499380139419218, 202.44469197970275, -147.2933082091505, 206.68002152240504]"
0.08754321865241468,21.8541270737316,0.07868256225132303,0.11696089705158585,False,False,"[0.3158223249746984, 0.5222085958382149, 121.03714397828706, 45.31489951474596, 235.68324104107035, 0.30298462134038906, 0.3263390016927654, 201.37820750185912, -139.36898037145147, 201.47093772930924]"
0.08710550255915261,21.602641872557065,1.0,0.32808861524377875,True,False,"[0.3257292745675477, 0.5162713064844411, 128.21129647422757, 45.09702361807564, 237.61182668018475, 0.35293079357937035, 0.2340772822806545, 201.80243375719178, -144.14492942603215, 199.3336581431586]"
0.08666997504635685,21.59503239642072,1.0,0.5505714949362476,True,False,"[0.3408900317682044, 0.5505574387321939, 127.78149987010514, 52.77425880237184, 235.54543322305202, 0.2979824696086641, 0.2952988415613283, 205.2546255945044, -148.48883636101786, 200.04276918723284]"
0.08623662517112506,21.57987006057498,1.0,0.1823154701825047,True,False,"[0.38105189561707614, 0.6002128660845484, 131.3654166590403, 60.1919825141084, 236.27646425130334, 0.3411289283369963, 0.26670062149035534, 202.13594670493606, -147.86610981572278, 198.0317388907541]"
0.08580544204526944,21.5379424861812,1.0,0.27390738965707806,True,False,"[0.32728760765271536, 0.5422732565145362, 129.98321721778692, 59.307343021725174, 235.17530876749194, 0.2798335230391312, 0.20947811085881324, 203.40991607993374, -141.1359858600981, 199.38407509934592]"
0.08537641483504309,21.60724127542889,0.44410893483652136,0.8477023996455046,False,False,"[0.3656770583522853, 0.5921425867733433, 131.87015652881868, 66.95516476910208, 232.9387373730088, 0.29400884175378833, 0.2434338533040471, 205.63022954940686, -138.14997899452024, 195.79161936183482]"
0.08494953276086788,21.60377582188962,0.4607176223607476,0.804653818130561,False,False,"[0.39047918400136444, 0.5873189013379957, 133.68919069107466, 64.39299579314863, 235.00952889181573, 0.3329845418750643, 0.2347183464483863, 199.75275231841664, -134.55016040052666, 196.29538118286672]"
0.08452478509706354,21.553095517137212,0.8358774841914295,0.7416880085380765,True,False,"[0.2706738759544485, 0.6123594556725466, 131.65617200084085, 59.38419240955977, 231.26064672284184, 0.3140217710329877, 0.2764741953786079, 205.52015543256869, -143.02847352203833, 199.14536428143367]"
0.08410216117157822,21.597433408621885,0.5902607623624623,0.4875861538192623,True,False,"[0.2962321428469327, 0.6897336702068837, 131.29881628528264, 65.09435283118754, 234.3592181632906, 0.39268897718661405, 0.21458128313299724, 205.99910126796496, -145.70646861916353, 201.49540940872112]"
0.08368165036572033,21.904514246536344,0.02548585434675549,0.039050887029245196,False,False,"[0.32021615773404044, 0.7636516641279659, 134.0946486892314, 72.45730931221934, 235.50035348934037, 0.3862399465130607, 0.22388348633144287, 202.08379288438238, -149.1949581398876, 205.21378656932973]"
0.08326324211389172,21.52635621571852,1.0,0.2651131432505207,True,False,"[0.28501635787215884, 0.6373854920233355, 127.72620271875226, 58.202735375273846, 236.40619313177288, 0.42697264293686243, 0.2628420893866998, 208.25720895852416, -152.7884737150469, 201.78648473363006]"
0.08284692590332225,21.498007649683423,1.0,0.8235549310604823,True,False,"[0.3391276054090263, 0.6699155136123391, 127.24067436679685, 55.42881744972802, 232.50132376757819, 0.44365321770154675, 0.23332817401437017, 210.87921131129886, -155.93427169669243, 205.45118585401997]"
0.08243269127380565,21.57327237648525,0.4013005470701135,0.48084597809916885,False,False,"[0.2869097423333723, 0.6321454491390748, 128.30964555246763, 60.87666246797569, 235.56742269488038, 0.4987178368625849, 0.1792144964876905, 209.45000286532957, -150.9547476346101, 204.13463527255604]"
0.08202052781743661,21.539018350184513,0.6065274311799538,0.05369486421744085,True,False,"[0.31174892005633464, 0.6769686791608749, 123.51114789324946, 52.96231858945808, 231.72483072199543, 0.44178382023125357, 0.21969151621999058, 211.1024017444775, -151.54034307679305, 202.26153931600172]"
0.08161042517834943,21.57117856937044,0.6743068619008261,0.42873989938568946,True,False,"[0.25071072921287796, 0.6788221700914271, 121.66305436145979, 57.86736706682085, 234.31231712747902, 0.36846275248116683, 0.20880948267207905, 211.42589218512683, -153.56067031471582, 205.31600195913256]"
0.08120237305245769,21.610173373045242,0.618648797485481,0.48352336056258527,True,False,"[0.24035354088391378, 0.7288349151520517, 122.18996871916734, 65.76422136350412, 237.51436089376514, 0.3215151819349281, 0.2864170857755756, 213.43077231770712, -147.47406104075162, 201.86349328582855]"
0.0807963611871954,21.62873456519467,0.7947496891011375,0.09189312052853316,True,False,"[0.20402820293965257, 0.7788763251092902, 118.77835597287184, 65.28386259221375, 239.44346396782007, 0.37924771131818574, 0.22981539815307472, 213.5340712908443, -148.7443249367148, 203.853536214824]"
0.08039237938125941,21.697295645595155,0.42620680585272935,0.23123825444655044,True,False,"[0.13953122114331062, 0.710954719895685, 122.12775372609576, 69.31841037473359, 235.9586826958476, 0.40250963330639866, 0.23392794900348862, 214.61442127294768, -150.42884467979843, 200.27301170265292]"
0.07999041748435312,21.62491489712393,1.0,0.14141469359667325,True,False,"[0.19459272358317664, 0.7822554321342813, 118.4886334956457, 71.00573536340092, 238.7261948698159, 0.411985433909532, 0.2822644278651692, 218.00854086312745, -145.87879855395335, 202.60128669682595]"
0.07959046539693136,21.68978495595081,0.44261803009818346,0.8610527566434759,False,False,"[0.21156715801836923, 0.8320140146088898, 117.07825324598218, 64.35495680428009, 239.25717014120542, 0.36497912130817967, 0.30704258573986093, 220.33860291231605, -149.29435423324426, 201.34238112252942]"
0.07919251306994671,21.687213270976326,0.4553586198908187,0.6340354852145795,False,False,"[0.1766036944833818, 0.8359406180692163, 117.70655888988139, 73.327116300473, 237.16084149549542, 0.47029901647953454, 0.21887276378940546, 217.180391920406, -152.77616550132265, 199.8687485168621]"
0.07879655050459697,21.750152600599247,0.20405197596375713,0.3611995583773897,False,False,"[0.13181563718564798, 0.8154388052334312, 118.2467774924273, 78.62479220063076, 241.06117857059093, 0.40606256624814524, 0.35031401073788254, 218.96089701496268, -138.32540409337312, 199.16693632616023]"
0.07840256775207398,21.659460901888195,0.6436350638092336,0.36292390406770736,True,False,"[0.17023144962762513, 0.7876559445575214, 114.57821798319948, 66.07914273263671, 236.27446700357342, 0.40106486895903415, 0.30829374548371563, 220.54704959722378, -140.3319378360404, 199.3385042990808]"
0.07801055491331362,21.80847794540559,0.14804834138863493,0.7640081660922765,False,False,"[0.1492401062945683, 0.8576551302669893, 115.52130401302996, 58.785849990383966, 233.5059070740394, 0.44445885099401694, 0.3361266334013883, 219.1848850567565, -133.62979014685732, 195.76291618825732]"
0.07762050213874705,21.641401409996806,1.0,0.06441675165466532,True,False,"[0.2454610436060895, 0.7612451522631083, 111.44094237695388, 65.50066508808598, 235.70294036394674, 0.4744742407349907, 0.2616850047475337, 218.12631618251612, -134.23015962114619, 196.3453576353202]"
0.07723239962805331,21.64162248971458,0.9971415675626483,0.9076397524670032,True,False,"[0.25823355551553556, 0.806658491758753, 109.46299528605131, 65.65867827227204, 239.4172141236588, 0.5259252906699204, 0.29116102474787275, 215.4307652739253, -126.50648111643827, 199.25705623170984]"
0.07684623762991305,21.63121339054947,1.0,0.2454786430445588,True,False,"[0.29524270791158586, 0.7837497190370788, 110.28313309173012, 60.30561841850469, 237.72576394881995, 0.5043413608467282, 0.24659487686944814, 215.11967643293102, -120.9583183437398, 200.96360169660082]"
0.07646200644176349,21.677427486908623,0.5463988848190734,0.31867870012774024,True,False,"[0.23356653526321092, 0.7573171899093402, 110.56428538614084, 62.324507726200636, 236.11704909206452, 0.44540797914899244, 0.26423270864009063, 218.8090301066032, -120.60599704864833, 198.51523997987738]"
0.07607969640955467,21.68440414014713,0.9123770823087543,0.039791036290135584,True,False,"[0.19376482578415177, 0.757883143262809, 112.84698165045448, 55.05480464961027, 232.86550926891871, 0.41761329446353307, 0.22910240080784938, 215.54509242698856, -116.02754185876906, 201.31537302979498]"
0.0756992979275069,21.653885227379234,1.0,0.9792927079127013,True,False,"[0.2506191987102598, 0.8212596697022647, 115.06879679360098, 55.851693596442274, 232.29955622139016, 0.43876044757864874, 0.26572450889411137, 214.1611840646961, -121.23575950354831, 197.45618066287278]"
0.07532080143786937,21.627511897048336,1.0,0.15530173997911212,True,False,"[0.30307258166394857, 0.9007110555729451, 118.2520687518579, 61.10241635406435, 235.62942816489672, 0.4613180632198446, 0.23942888479587293, 215.1108557747902, -116.69512267855939, 195.69793356307554]"
0.07494419743068002,21.657859610896786,0.6670185168901576,0.2159307366158375,True,False,"[0.27225747120499594, 0.8708136797094612, 116.76421907376606, 64.92006307437592, 232.164360476886, 0.5043071925552177, 0.26438653936287315, 218.5214615837965, -115.19975333645998, 196.9037655403292]"
0.07456947644352663,21.54987332371324,1.0,0.09318885224039841,True,False,"[0.34975655883695117, 0.9063867165778162, 114.14428592094697, 60.17230208907742, 228.44076315581984, 0.4415346268313075, 0.3097823229914104, 217.08789728945112, -114.73201974857172, 197.14616618011146]"
0.074196629061309,21.580498197596437,0.6618257991737955,0.5994154266049044,True,False,"[0.3180705637670298, 0.8832805488733851, 114.85217660076802, 54.20583336201958, 231.0005068505971, 0.4991243667553648, 0.34398918701884457, 217.9354028969538, -109.22867596160776, 193.56443009293307]"
0.07382564591600245,21.645897094616632,0.4123610096527905,0.9646149481082129,False,False,"[0.2938621129616943, 0.8811121701039316, 113.59692749517637, 60.65764078008726, 233.49497741529402, 0.5166147286991027, 0.35837242149691895, 218.07751057336705, -104.69719865943928, 197.42963138165746]"
0.07345651768642243,21.562595446784165,1.0,0.5875844229086123,True,False,"[0.35822984298635424, 0.8259114210042982, 118.64179669336426, 48.64227613433854, 227.9662379492736, 0.43100731474987336, 0.31900006095312805, 219.65953366068965, -104.20640718481306, 193.05480388992746]"
0.07308923509799031,21.548147893681378,1.0,0.9061849802556706,True,False,"[0.3482447397767417, 0.8797431298446453, 118.49865545969412, 49.812905770412144, 229.1208801521297, 0.49543643713503654, 0.2633856549610078, 217.68984890728026, -104.45276826689404, 192.58584246168414]"
0.07272378892250037,21.619687060429257,0.37392102580961184,0.5545563010484301,False,False,"[0.3016055756015756, 0.8557414724429661, 117.82932973292145, 42.28739207495759, 230.84667561332543, 0.42027664466745035, 0.2507122010688155, 214.5859743519614, -107.21053598928926, 195.26853472044084]"
0.07236016997788787,21.57912540868972,0.6517450998693997,0.3701332726722786,True,False,"[0.35087890055290816, 0.8215040154290946, 118.67673743413948, 46.672964843858814, 230.0102831263671, 0.4799290862812866, 0.2315993757708999, 220.21154359169265, -102.52054247334873, 195.2945430817722]"
0.07199836912799842,21.636509353310103,0.4506711855105403,0.19168058109915487,True,False,"[0.2731301711226325, 0.8102663558453784, 122.30022271073891, 51.560970968168974, 226.29506762539077, 0.4152764362543013, 0.25886213291035903, 219.9555704773259, -97.79198937183564, 197.12075392676522]"
0.07163837728235843,21.620815972221102,1.0,0.67291726525022,True,False,"[0.2752620340517722, 0.7902527379592325, 125.91976009474708, 51.39496199991183, 224.31078101666702, 0.3708555011455907, 0.30078069985020994, 223.65003218314052, -103.7486007307194, 196.33848195529433]"
0.07128018539594663,21.61802593712008,1.0,0.948082661349783,True,False,"[0.2956287494089961, 0.7293021079163416, 124.34216059580407, 57.678013080003595, 221.35417251959615, 0.3111846535462195, 0.30243723756202445, 221.90045755585027, -101.16102188284029, 195.278127651744]"
0.0709237844689669,21.61756303998492,1.0,0.10894332076226143,True,False,"[0.2919662219331879, 0.6959717451317188, 127.94760382832615, 55.229762458685286, 223.10533444635934, 0.3351826300127869, 0.30186872758160743, 219.9598626628968, -100.45439593122487, 195.98878541908147]"
0.07056916554662206,21.59622127340876,1.0,0.49818541893471935,True,False,"[0.33090732504394216, 0.7171548903483962, 130.20600799930995, 61.65091583776419, 220.80512067010116, 0.3988981066224422, 0.27999817913097325, 217.45666408513037, -97.69794269521566, 192.23255597988475]"
0.07021631971888895,21.597505674419743,0.9818742260018971,0.9674831742987314,True,False,"[0.29618785735930875, 0.7909124652429261, 129.50277787722757, 55.96196301724159, 220.93236158685994, 0.46245285711538153, 0.20313759247284546, 214.07060737296146, -95.67172348820336, 191.76907203288224]"
0.0698652381202945,21.57465185190877,1.0,0.2812756805296306,True,False,"[0.34417358477409343, 0.8033259361543534, 131.06024750847294, 55.427589926588354, 223.06392229148398, 0.4059254083106242, 0.24142843017183896, 211.48409161878644, -92.59848537872831, 193.51966361474524]"
0.06951591192969303,21.56700205793195,1.0,0.8234538340520842,True,False,"[0.41987676780312205, 0.7527820937860343, 132.23537768728283, 47.48014465190719, 222.25380999863492, 0.45437370951931383, 0.31914618299984293, 214.0089883432471, -93.47355943720788, 193.5128002137976]"
0.06916833237004456,21.57005172618395,0.9568673308622256,0.21472976693909407,True,False,"[0.3528977502779137, 0.749302247304982, 130.10338346734258, 43.428773407290734, 220.3416946443865, 0.4915843028389949, 0.25196447223413937, 210.45341676492183, -100.81934563265857, 192.8521854482777]"
0.06882249070819434,21.56173468225755,1.0,0.2968129903039456,True,False,"[0.365039214293506, 0.8036459867482999, 131.820080860214, 45.44543380281609, 222.8476244527602, 0.5315823228954799, 0.2054366257204452, 209.2732737626087, -93.87612629978901, 190.4737870989337]"
0.06847837825465336,21.581213488914074,0.7524265259493436,0.8865595969987354,False,False,"[0.3414710613533455, 0.7751431745732167, 132.97794128711462, 42.175193273691775, 219.949136082465, 0.5250652481968562, 0.15630711720227464, 210.56555510576106, -89.2187670428556, 193.93485310259433]"
0.0681359863633801,21.56785809717046,0.9140495503713489,0.9018048672295813,True,False,"[0.43685239311967594, 0.7937075252129534, 132.3832321538921, 49.31554581452928, 219.17355643854825, 0.6060991398202809, 0.2807293220350558, 208.76198474310246, -96.12659013904475, 189.66587433509685]"
0.0677953064315632,21.56299392706258,1.0,0.015343743278317112,True,False,"[0.38841125033103013, 0.7557729589329167, 129.88580581201512, 45.7493157376635, 216.6918302433292, 0.5577381124820713, 0.22852257460911984, 211.52938748730455, -90.96703802119224, 189.18775700770163]"
0.06745632989940538,21.573239648213843,0.8590855865919189,0.8118139394012788,True,False,"[0.4256855820783087, 0.7477726613551817, 125.92252811050186, 40.20677639774625, 216.67577606973416, 0.5372680189331376, 0.164990579382443, 214.78422169761814, -85.94932631874832, 189.54673624395545]"
0.06711904824990836,21.56529608092591,1.0,0.5714551113148263,True,False,"[0.3795659781765691, 0.7822625621780563, 126.84712897140896, 43.88281253769054, 217.095144354473, 0.5483957282943169, 0.19862161302864867, 211.38972218704333, -86.87413003349313, 191.90323272016036]"
0.06678345300865882,21.57096180562715,0.9186617816557084,0.8109214393149917,True,False,"[0.43684231742030816, 0.7569741996000572, 128.46177609081835, 48.91029126466438, 213.6635097861685, 0.5768843926076971, 0.13032050864689904, 210.06459230460084, -83.64450036348956, 195.23124285669388]"
0.06644953574361552,21.585498852796697,0.8035079274126695,0.6613313863774424,True,False,"[0.3866510998303868, 0.728373707552594, 126.59380360657715, 43.38233446039661, 212.25860530907494, 0.5297296434680004, 0.13864031054680076, 208.25041024594847, -81.14012901645852, 196.65227182783102]"
0.06611728806489744,21.543720813895035,1.0,0.015439573021207686,True,False,"[0.46277284519763623, 0.798946189318547, 128.5654913545357, 38.63663117652125, 209.76504056849305, 0.5049956345849149, 0.18844876563982227, 211.11839415617519, -85.34560569780429, 194.86482258405906]"
0.06578670162457295,21.560901972976787,0.7701541246399757,0.2748511299373354,True,False,"[0.4997235593706161, 0.7740778977281696, 130.90616431017173, 37.867512693044795, 213.63911883314776, 0.4431976318570812, 0.12490047169925067, 207.1658325158458, -87.51717417603886, 198.3741801090956]"
0.06545776811645009,21.56586696572369,0.9269549415346586,0.5745628463739252,True,False,"[0.5255245364501093, 0.7605626123870809, 133.1319396163272, 37.53894441078481, 212.5849848695687, 0.36373567131598056, 0.13097495841670753, 206.25816306948713, -95.46665919398652, 195.6144287568081]"
0.06513047927586783,21.571730955663313,0.9138996579498521,0.9484531107397379,False,False,"[0.5038462122638148, 0.8100323936347605, 133.2851512501147, 42.63402029883819, 210.30308158590205, 0.3175599339361597, 0.10298849933894046, 206.12995667001056, -92.55392403089125, 198.893083831726]"
0.06480482687948849,21.533096570149944,1.0,0.7953205799606592,True,False,"[0.45722934244801106, 0.8080142559685278, 129.5574654485245, 37.88294813462747, 212.11167688850014, 0.4261157727626053, 0.10524080555422302, 206.89702510711842, -95.63896982889119, 196.29652365565485]"
0.06448080274509105,21.584512969585546,0.4505028802373782,0.9377257799567531,False,False,"[0.44012078324794324, 0.7880043702158794, 133.16159827234253, 33.30219356214648, 209.21276145905762, 0.3695563711865059, 0.17870645750231096, 203.30762994946886, -90.89941682034856, 196.3948872619083]"
0.0641583987313656,21.516249989595718,1.0,0.15556773366971843,True,False,"[0.44812969257087, 0.8755861785213563, 128.16243680734365, 40.3440672400565, 213.23774478690137, 0.46250612826627646, 0.18436264789844742, 203.65348606522485, -92.05585927833854, 194.0588818171568]"
0.06383760673770877,21.543892440791467,0.6485526946278736,0.10409980756781845,True,False,"[0.5051252832596775, 0.8538846613873351, 130.3316051596855, 40.566525313148716, 214.70252659431856, 0.4655164008094686, 0.19987191516068634, 200.6867785083705, -96.42444575374381, 194.46413643414186]"
0.06351841870402022,21.49075338916086,1.0,0.33072830933546427,True,False,"[0.5119280837595259, 0.8918092400399752, 128.35338089787913, 47.73219795888197, 213.32867213452698, 0.4215339662371143, 0.14886512986286024, 200.67177041759447, -99.22645406077568, 193.01511609237915]"
0.06320082661050012,21.523595255524384,0.594732837024875,0.5964015402560079,False,False,"[0.4528569879034032, 0.8160163171000843, 129.95770736296006, 53.64452718374065, 215.78298773260664, 0.4300262870095811, 0.164425115716866, 197.88562155707052, -103.04147853848555, 195.09500909644618]"
0.06288482247744763,21.50655860458508,0.7777610533597927,0.5851095255513363,True,False,"[0.5178252992708505, 0.8244342528780202, 128.10296545769066, 52.71155013531427, 216.98318122120887, 0.48603254442028665, 0.22107000210026495, 199.6963171806125, -97.65861187851802, 192.90238962154723]"
0.0625703983650604,21.52519823415915,0.7423766663147572,0.2953384766572821,True,False,"[0.5749941282781595, 0.7724143852021169, 126.99074876160476, 58.14049556465438, 213.92964918457417, 0.47863273637887827, 0.15852751055728742, 198.67480899241139, -105.22015535810255, 188.99524091686504]"
0.06225754637323509,21.525086413792955,1.0,0.8341216197203214,True,False,"[0.537900798123507, 0.8325717589862817, 129.1227940384039, 56.78418919524446, 211.35391051396124, 0.4066074450622318, 0.20599720946484346, 196.99548726681755, -100.87478879287215, 191.76279161874638]"
0.06194625864136891,21.499480801941,1.0,0.7538868626315183,True,False,"[0.5971656994368457, 0.8981704306972139, 132.58324010986206, 51.38025327872655, 212.93958558619892, 0.3444880476506089, 0.1744279621546053, 200.01015785506218, -97.11962115293053, 193.18468758100488]"
0.061636527348162065,21.511703805856794,0.8201173851116542,0.2310437091029498,True,False,"[0.5230836859561481, 0.854847240479386, 134.72660725691114, 53.345333045673264, 215.44726715708245, 0.40875535810958813, 0.1624257796761227, 201.35088365058073, -89.72352560041497, 195.0057719889511]"
0.061328344711421255,21.497398508075094,1.0,0.7890269438621854,True,False,"[0.5664062322074273, 0.9075594545059251, 137.64886031330164, 47.52086566015898, 214.6064382572012, 0.32880848201697466, 0.19716949928165045, 201.61042309172862, -97.63831235133804, 198.9927349129162]"
0.06102170298786415,21.51375304000328,0.7648988120103927,0.08239913426394485,True,False,"[0.5867304251433638, 0.8567229745253228, 140.8707156873125, 43.887783582872665, 218.1293171475329, 0.3259023779217258, 0.16830936147922193, 202.4632109796189, -105.19877275256016, 200.00942734824113]"
0.06071659447292483,21.5559078999172,0.49942944690764823,0.8936755216568234,False,False,"[0.5201311552581966, 0.8050765644377285, 143.18995924420366, 37.20929632735134, 220.03460529221678, 0.3028282973031035, 0.1062637653712947, 203.98344772562595, -106.56042405284009, 203.70040625919972]"
0.06041301150056021,21.565078119559843,0.4275987784618913,0.25282058699314325,True,False,"[0.6237145543296336, 0.8570631848690752, 137.7785644813504, 38.940159952104665, 217.7394920757954, 0.38232697567469415, 0.1329539184920056, 203.68851619969485, -102.0607258442409, 198.03257525823435]"
0.06011094644305741,21.6061679390657,0.5048134431140088,0.5842303681630657,False,False,"[0.686448311066015, 0.7850802096769471, 137.8296729439985, 39.87888352482175, 218.80178856609106, 0.4332928828051581, 0.17682059967738734, 200.12446552648447, -98.48608012146767, 199.51064269258615]"
0.05981039171084212,21.52374970727059,1.0,0.8075894109115767,True,False,"[0.5674109855452267, 0.8096955034671636, 135.6978616631086, 45.24765843094018, 218.44953915486795, 0.3795009727357057, 0.20273742641700127, 201.32797961554982, -103.28024166331103, 196.29139054803466]"
0.05951133975228791,21.529962230597043,0.9008718509903187,0.29926148670813324,True,False,"[0.5052273961011834, 0.7428447128039446, 132.69999516633592, 40.70120872969872, 218.25761698993716, 0.32874582548861897, 0.24526878521008494, 202.40016298014908, -108.81519992790368, 194.25817477640055]"
0.05921378305352647,21.550691323873906,0.7046372847960088,0.32216337661597383,True,False,"[0.4443805381507444, 0.7828067843059333, 133.11905794738266, 42.96260421041366, 217.20909450682325, 0.34781081096520283, 0.24105176449392604, 198.8800916968462, -109.92032928033801, 197.89317930370095]"
0.05891771413825883,21.53181058371068,1.0,0.08836249548389474,True,False,"[0.47626002316907934, 0.7447958312070453, 132.16406642731184, 45.46344764150384, 214.2761005392994, 0.4121412971723857, 0.23007513214191141, 195.5049050680409, -114.2867108812871, 194.76089089259912]"
0.05862312556756754,21.854906645653255,0.0040404076698861684,0.3082234343058503,False,False,"[0.42196308589344805, 0.6697454781663924, 130.76641343327748, 49.02943388787543, 211.420807053182, 0.46226537008200813, 0.2839136543994272, 193.96459658227394, -111.58015167056118, 196.0124954765668]"
0.0583300099397297,21.852049054889836,0.004127368886775429,0.3445237294973458,False,False,"[0.4909676116030371, 0.7015669141915688, 129.55738674295344, 37.59797988633354, 213.76367329935948, 0.42441118922051135, 0.20714441779423812, 192.05064821845605, -114.17069248358004, 194.42810696013868]"
0.058038359890031054,21.601763504390362,0.2996057937476758,0.9561149493381326,False,False,"[0.4665936759571482, 0.6947008906557548, 134.6741913911172, 50.01576644121505, 211.38569483388636, 0.4826038053055035, 0.29069973037291374, 197.5610814151833, -115.37189078564364, 196.82923970130724]"
0.0577481680905809,21.559875952732046,0.6150843707273222,0.11458411028160531,True,False,"[0.4392317311993268, 0.7187077515337251, 131.03441822874683, 38.177813655560776, 212.52474367895366, 0.4866620900241139, 0.2891369739355374, 194.9767533540117, -115.01516778998086, 192.31978893739984]"
0.057459427250127995,21.511745700773194,1.0,0.9245244372318544,True,False,"[0.45431752503154194, 0.7212413576148738, 130.88113231505625, 35.65883638516459, 211.142038433289, 0.4157943920475606, 0.356574655354248, 195.19919275346405, -116.68041012240525, 192.20669683809484]"
0.057172130113877354,21.499644142023307,1.0,0.8213454572641928,True,False,"[0.43800256564635454, 0.7317818949121973, 133.2034275046623, 29.134054570984105, 208.03965385325887, 0.43817735195761986, 0.32123470003501287, 195.81212156555821, -118.06442469136765, 189.35238321803115]"
0.056886269463307965,21.528630158672307,0.6007698964158488,0.7889295530651315,False,False,"[0.4071720365367306, 0.8016637011052817, 131.3922537442653, 27.381576506534152, 207.71265474625355, 0.4514951783921314, 0.3204986005720891, 193.48208929744447, -111.20869192233951, 193.16868038612694]"
0.056601838115991426,21.45839280863501,1.0,0.10059591205394647,True,False,"[0.46054601010815105, 0.8000307030058808, 131.22864421256168, 30.778888382026047, 207.91432047284593, 0.4891701553592717, 0.3248120299253359, 195.78285567555992, -122.97586750288359, 188.8409517024863]"
0.05631882892541147,21.397196472055548,1.0,0.950355132628491,True,False,"[0.4513192608569333, 0.8587190564677397, 130.0827502035537, 36.27107435409574, 209.07094236165102, 0.41422588363943996, 0.386151535846036, 193.6388243551476, -130.11734383876131, 185.84267457643645]"
0.056037234780784415,21.4324268105931,0.533287199297638,0.19898875629439383,True,False,"[0.38138727114988236, 0.7911113443618815, 130.73217695328842, 35.648183588368596, 210.69001726332712, 0.401111511729932, 0.37489736427069076, 191.3569839801019, -134.8241854044276, 186.06792614155447]"
0.055757048606880494,21.424317501739687,1.0,0.8518313225864735,True,False,"[0.34213148144810873, 0.7832745543018076, 128.51357812985998, 41.13298301011296, 211.25968031501856, 0.3908381417683432, 0.4278811614964256, 188.61093725989483, -140.27544271880606, 186.57531381606194]"
0.05547826336384609,21.458623094527425,0.5388268672433254,0.19891447053945943,True,False,"[0.314832061669433, 0.7719836634723559, 131.86606739818225, 45.976757253839935, 212.78101763603848, 0.3802829279942185, 0.36872154503947274, 192.27556930167665, -137.2064857640653, 186.6216130859082]"
0.05520087204702686,21.91354809798461,0.0002635507009421347,0.4602024055076497,False,False,"[0.2710298586187634, 0.7679084426041707, 132.0403966095632, 38.2521763369199, 216.52503815730248, 0.4337608834645588, 0.33437006716169765, 188.28038254287745, -136.5417280337266, 189.27671829072366]"
0.05492486768679172,21.947296291951794,0.0001367821467543898,0.9550176121631861,False,False,"[0.23954417756229787, 0.807165413427523, 132.81391168233472, 45.71013471917353, 211.95661808812912, 0.4298648760912939, 0.30279253203905504, 189.40843062250684, -143.91102863564328, 189.41689157980852]"
0.05465024334835777,21.473840988718294,0.7569487192170183,0.1181189876239207,True,False,"[0.33154139599757493, 0.7803556304109275, 135.0426537412754, 50.128581806064304, 215.85836859069747, 0.358471393513108, 0.37358554800198074, 188.52512942790594, -131.3668133205222, 183.55139781606155]"
0.05437699213161598,21.894179642005696,0.0004394077189378886,0.007636368649102998,False,False,"[0.28496918853123565, 0.7976929434467279, 135.49888375479534, 42.57224373041818, 218.3037919323119, 0.43510939208238525, 0.4337392647381696, 185.54418758837568, -130.22650060747776, 185.9071605892097]"
0.0541051071709579,21.478359592746607,0.9198770163318932,0.3661260350992527,True,False,"[0.26297464346938026, 0.8563322340281607, 137.5905399842082, 42.85696734763213, 219.38822753954014, 0.42189030658714305, 0.45178275694713316, 187.26392854584932, -135.53463091724208, 183.24559445036553]"
0.05383458163510311,21.458231114360103,1.0,0.7728697708164877,True,False,"[0.3092645167373141, 0.7784008342978251, 134.51201151940424, 40.83079851963436, 219.40635739103544, 0.43187865208879495, 0.41502921374169127, 183.79493650134876, -131.27694199927438, 183.71736080129762]"
0.05356540872692759,21.924669677413622,0.00016528625973454656,0.8643172848115583,False,False,"[0.25174752469163836, 0.7148961229561293, 134.6027614863105, 39.03097946130521, 221.09567954270892, 0.4726349253786938, 0.465635763583152, 184.5979154301925, -135.3648022692745, 186.92161938880002]"
0.053297581683292954,21.865427403830274,0.0004808035043368872,0.14951363025907016,False,False,"[0.3672833580037094, 0.8386293023204814, 135.04060208643034, 37.56353016879516, 217.77410693476355, 0.4313978290441432, 0.3490542666143544, 180.19054391574687, -137.48478383214942, 186.98077427035258]"
0.05303109377487649,21.907969831421497,0.00020744158430978472,0.781255915476117,False,False,"[0.27555128490865943, 0.8026324128711292, 135.69667946422788, 33.43493255928631, 218.09321211984428, 0.4811439772188824, 0.47034294561139645, 182.91413869813707, -133.9540387435766, 186.89624953802152]"
0.05276593830600211,21.931995279432783,0.0001260794466358875,0.6307464064257267,False,False,"[0.23010428297567248, 0.7156488016637302, 137.0407501228127, 45.95302562179792, 216.98536817479203, 0.4753381375787558, 0.3864938042862536, 184.78216146183567, -134.59880827989912, 185.63505848102312]"
0.0525021086144721,21.467072936973643,0.8450082360736519,0.02223066957320874,True,False,"[0.36822518371145685, 0.8407014286139999, 131.99211808024353, 40.407776924200306, 219.0755461448336, 0.3789231292814317, 0.3440834257089703, 183.0306595970912, -125.54998454409528, 181.31032358570246]"
0.05223959807139974,21.43383490023158,1.0,0.2117343069685682,True,False,"[0.3859062405311859, 0.8958396016735051, 135.96399877765248, 48.14211833232744, 218.31272462490494, 0.37962990610652825, 0.34459292357640303, 182.92491983476512, -118.38666107151445, 178.66834682620996]"
0.05197840008104274,21.417913377353642,1.0,0.03852819103316241,True,False,"[0.43476783910339073, 0.8658855003450688, 137.87101478503854, 50.78280625572342, 220.5180314620212, 0.42497277356570246, 0.41696040491472103, 186.7454148053612, -114.91491829824173, 180.61813320093938]"
0.05171850808063753,21.418773119904913,0.9835139092118189,0.1701009226150747,True,False,"[0.38008094551949245, 0.8990334876113644, 138.70602738069806, 45.30005168389131, 216.60023120803496, 0.35179043680353705, 0.437242441475061, 186.52905275834559, -116.24901002410871, 182.93393548531915]"
0.05145991554023434,21.54482670927409,0.08633250576989536,0.00951424122512845,True,False,"[0.3121381028450847, 0.8768699361648633, 139.10198459689528, 46.731165464976534, 214.83100697004872, 0.2959267747361295, 0.44676916191676813, 187.77217819810653, -113.21762995815368, 184.33030410484642]"
0.051202615962533164,21.870752645823487,0.0017200262615522607,0.05991551705305953,False,False,"[0.3562527728607407, 0.8384668327132537, 141.84743971610666, 50.3222473564166, 217.65834560053617, 0.21960145411878457, 0.5123401156778306, 184.3617779849597, -115.66939286371529, 187.9896664674686]"
0.0509466028827205,21.863392697643256,0.0019247893032716481,0.5062860158990974,False,False,"[0.31530334954021483, 0.8196590138185232, 139.77173010409612, 43.951939600206615, 216.62579252767648, 0.3525745633383586, 0.44872548279750213, 185.1714006567183, -115.63017219759818, 188.10453716097697]"
0.0506918698683069,21.554282558466614,0.8298288421998226,0.8408114892351789,False,False,"[0.2688785033333101, 0.8800821117528966, 137.2252161190456, 40.15203269425988, 211.80059547835535, 0.3657623774145572, 0.45895832612476484, 191.1117028883506, -114.4927238039444, 182.64576977347292]"
0.05043841051896537,21.496733718601007,1.0,0.7763861693326886,True,False,"[0.38031847255664913, 0.7995421885484445, 140.83857246789952, 53.067483706654265, 213.9090816235217, 0.34435544498548265, 0.4734261603550488, 188.39365504800358, -113.66229830562642, 182.68938460333646]"
0.05018621846637054,21.580007833444643,0.19027165938540644,0.1644681870699266,True,False,"[0.35309319720738175, 0.7835667511071058, 137.2795958347582, 49.252374550303564, 214.248209826926, 0.27577161604440337, 0.5516255463087009, 186.38245519322243, -108.25288762667702, 184.2363521500216]"
0.049935287374038684,21.531869361990662,1.0,0.13484968319617052,True,False,"[0.3851071719955197, 0.831348472530922, 135.08465842585284, 56.12985629062811, 214.58881976664875, 0.2121652934110658, 0.6025294420625785, 184.3507529715496, -113.8235836805324, 180.33751025958085]"
0.04968561093716849,21.492059245346383,1.0,0.1519290029259902,True,False,"[0.4464035512191313, 0.8532151436622867, 136.62355488398194, 63.046229804456985, 214.34286452518435, 0.2701918976286845, 0.6444481936644447, 185.2360664327614, -106.72502816888958, 179.23675005005433]"
0.049437182882482646,21.43064421235395,1.0,0.2651478040334697,True,False,"[0.4109602704487316, 0.8422508847223481, 136.28905467967704, 65.2077542300827, 212.3768849872245, 0.22368838794967832, 0.5880893981896519, 182.2655213207604, -110.26838235035474, 179.32946478221908]"
0.049189996968070235,21.416736564956558,1.0,0.2327569293082219,True,False,"[0.46134285824916066, 0.8803258081321534, 135.5672870222973, 58.48369614034891, 214.50072617545322, 0.3023944028062512, 0.5514263733362135, 182.32213882125527, -116.71898318388833, 182.18163036199695]"
0.048944046983229884,21.856413448336102,0.00012549362665798105,0.022959974569263686,False,False,"[0.43800781604193595, 0.8351852752889477, 132.85012838003306, 63.20416011454928, 212.99324140785617, 0.23483475712583085, 0.5421031281896236, 180.49059356613708, -121.29272833178977, 183.05229704688995]"
0.04869932674831373,21.815549677129173,0.00027760976296883314,0.7614740130439738,False,False,"[0.42869367717487844, 0.87276117190035, 136.78638809621773, 56.19205576259207, 212.9753062482084, 0.22983622664351877, 0.5320953551439919, 179.54545280604717, -110.5943332178132, 180.16779745338977]"
0.04845583011457216,21.80935994123834,0.00030271867859127426,0.5545135878155433,False,False,"[0.42195204565422684, 0.880304413209795, 132.40910999370183, 64.91409958799633, 211.07205072532605, 0.2560091608549899, 0.51467706351354, 183.355262860593, -124.07565178109141, 185.65482295640382]"
0.048213550963999305,21.832079586448636,0.00018142772222492373,0.877914216619456,False,False,"[0.4170556961118901, 0.830934377713272, 135.8247685188712, 62.16096998395826, 214.2045363527208, 0.2678939718999597, 0.488683419597025, 179.48468675428293, -113.83653013926491, 182.8948080734492]"
0.04797248320917931,21.78123820308574,0.0005013831961996427,0.15682554379428715,False,False,"[0.4061131729051519, 0.887602384190538, 139.32940544070522, 52.37255689480955, 211.91520632320854, 0.3619541919423665, 0.5443395060126563, 178.46573581843032, -118.55346669319721, 183.54075847410635]"
0.04773262079313341,21.764588539390683,0.000684028835898512,0.20449640687328763,False,False,"[0.3919358340697521, 0.8889278382844166, 132.39266548321604, 64.89480917835252, 216.41740250668815, 0.38089824955307494, 0.5697378056201238, 179.58422545378932, -109.81085073993215, 180.4540998218774]"
0.04749395768916774,21.84458439049319,0.00012236911122221503,0.3255188795865932,False,False,"[0.4195016357370728, 0.8167309357668568, 136.90679815955937, 56.402754855434495, 218.10228010737885, 0.2801745742268298, 0.5285114963861117, 184.5175073520622, -119.92703294387682, 185.53000832655886]"
0.0472564879007219,21.44023677825328,0.6081761439395935,0.1739596541044156,True,False,"[0.4478933165286064, 0.8471335913642151, 138.47499911504676, 62.51551240782665, 211.80390687620311, 0.3451418949964209, 0.5919835672984848, 180.00468379533882, -115.69129982909533, 179.51075711569607]"
0.04702020546121829,21.515220495544217,0.20296683903598592,0.8736273947798304,False,False,"[0.4994843205883268, 0.7831676153766429, 142.14761265801226, 67.64435135852966, 208.8464703289731, 0.3624843757785753, 0.5792765541946563, 181.15574078323928, -116.92451096143574, 177.31555913204977]"
0.0467851044339122,21.52754416211495,0.1547202940794308,0.29111386433179365,False,False,"[0.4922201008732997, 0.7701827916922953, 141.56115051215744, 70.28235299917769, 209.944024678567, 0.3083231826463407, 0.5188146366068108, 177.8594912047301, -111.18696604388435, 176.0883793777143]"
0.04655117891174264,21.810032282616483,0.00035483831626403287,0.46320977815541164,False,False,"[0.4023773173443967, 0.7862091149432028, 139.38896267406977, 64.99424094762259, 211.93951822425538, 0.35361419897440094, 0.5549963012829513, 176.43974365577617, -121.14494084545215, 180.41203337191732]"
0.046318423017183925,21.739107905592448,0.001576524646495237,0.0406028539025689,False,False,"[0.4075946999251728, 0.8776855294914379, 137.52375106869255, 58.5762821953711, 208.49145254803963, 0.3816974062128496, 0.6525154912700992, 177.45179400044063, -108.70585435381804, 180.45025165615232]"
0.046086830902098,21.791687068674616,0.00048769079283208036,0.04042027357496536,False,False,"[0.4935677308739137, 0.8754862861445534, 140.09885647971294, 57.785559147114725, 215.2139324387866, 0.3646712476080882, 0.6533231638367534, 176.2939970124255, -120.35924590628257, 178.20291703518419]"
0.04585639674758751,21.820859130708623,0.0002484395606261612,0.3508219254928103,False,False,"[0.46617902646572157, 0.8153536379838551, 140.6461131063009, 68.67965513651751, 212.93942159545816, 0.3613071054007476, 0.6396565253405784, 180.16892436809727, -112.06307540111338, 181.36962538653756]"
0.04562711476384958,21.41879834798306,1.0,0.2826057357734971,True,False,"[0.436729552652315, 0.820664119491033, 139.86317555700617, 64.89346786578508, 213.32277540023838, 0.28385863519839066, 0.574469933621414, 182.38251048768188, -120.05260580777438, 180.19629627331076]"
0.04539897919003033,21.861072682446586,5.8766154390037165e-05,0.9034144642916605,False,False,"[0.49063834142337215, 0.8321378074589335, 137.5836928978344, 63.10184119070306, 215.05556645465836, 0.2258596732760746, 0.5832218432611778, 183.0314396039516, -114.97294355707206, 183.29085343916023]"
0.04517198429408018,21.511596555938393,0.1281785575369925,0.5168032166011802,False,False,"[0.48900271668716117, 0.821691872302416, 143.82476528729558, 67.79498056000627, 215.75849083181217, 0.35418079125977553, 0.6115183931427723, 185.2018634855063, -115.34482550498083, 181.0186306173068]"
0.04494612437260978,21.85810112834921,5.691305660272318e-05,0.4748126386262862,False,False,"[0.4249025144027058, 0.8079561508371179, 136.20762805928416, 58.96309895260587, 216.92981857177432, 0.28983162771512005, 0.5668904890655941, 178.41817590024155, -121.13781535971269, 182.96055218807703]"
0.044721393750746734,21.847843429474953,6.815457031745864e-05,0.046217887926761514,False,False,"[0.41131506579840665, 0.8481129175325379, 140.52348811320363, 66.34584572569577, 211.89623707161445, 0.23366803040167788, 0.5534760572254823, 179.5342334098324, -117.78894378942606, 181.9713135445568]"
0.044497786781993,21.50015166621961,0.16069367220397074,0.7999342807933583,False,False,"[0.43533994125904224, 0.8167278993448264, 143.12997714020537, 57.023844837498885, 216.7447013476919, 0.28842299788909964, 0.5849394621521055, 185.93361964122022, -125.48482328034773, 180.52027415824665]"
0.04427529784808304,21.385820592242986,1.0,0.04909153734543403,True,False,"[0.45295057749232165, 0.8696722106035827, 137.29243928174645, 65.51142763417866, 214.837592510502, 0.30476382752619713, 0.6133211245805014, 181.13694206268232, -126.96617087948164, 176.58836490257517]"
0.044053921358842625,21.399119008005705,0.7394365597606273,0.6543916288009429,True,False,"[0.40760869649265413, 0.892608847128984, 138.3070295720217, 63.94156706715897, 216.56549175061795, 0.35784452742151573, 0.6327117348928712, 184.72694553820554, -120.16348092686465, 172.9928398593305]"
0.04383365175204841,21.473056796906405,0.18511437349232815,0.7194725405962425,False,False,"[0.4095993553235779, 0.8408184136029461, 140.41784588444656, 57.17269170302628, 219.71949235632852, 0.33727011307055715, 0.6175921869178546, 181.31437965457047, -122.87357346720748, 170.27725193547306]"
0.04361448349328817,21.52938276893891,0.050453216228192425,0.004227123859882109,True,False,"[0.3744558018770113, 0.8339851738849174, 139.58200798453208, 62.02631871640673, 216.02299997247428, 0.3946135271088295, 0.6385224718796977, 183.1257591401858, -112.83432559317203, 176.74990222252237]"
0.04339641107582173,21.450650186960686,1.0,0.11450526105594439,True,False,"[0.39661337596648855, 0.8947361235071081, 139.19082076262524, 66.36944396767784, 212.8946274717872, 0.44899155371572086, 0.6196058663107243, 185.21299168355256, -111.82844162317045, 175.32008367912692]"
0.04317942902044262,21.49796802419541,0.33425800152190505,0.5397411159123823,False,False,"[0.33151696563331773, 0.8370940860449636, 142.61584002734364, 70.16652052186991, 215.84263305924364, 0.40491111136427027, 0.5652550282429001, 182.54677050196514, -103.91157321798933, 178.32769880099715]"
0.042963531875340404,21.417846032958742,1.0,0.24466457517753204,True,False,"[0.43686750314094147, 0.8744040665020071, 137.0819462340164, 65.35904845455943, 216.25197034255444, 0.38533338407255713, 0.5531285365189236, 181.54208246923565, -115.51524097150605, 178.90442734712292]"
0.0427487142159637,21.485655924037353,0.2046929982743643,0.10204818114576175,True,False,"[0.5009135935685967, 0.8542004389275182, 140.73197904619838, 58.468441006887765, 219.8625751319178, 0.35237937067979996, 0.5157655591852379, 184.04833322289943, -111.4930914823316, 180.55463844745773]"
0.04253497064488388,21.829674793041395,0.0003072322502058175,0.8532574939729107,False,False,"[0.5609966394290591, 0.8103739102534552, 140.72624569363197, 65.02165327249506, 221.81196632399474, 0.40215964866843384, 0.5520129558686803, 182.7034802307628, -113.06296116433315, 184.36415925714826]"
0.04232229579165946,21.482003359649546,1.0,0.7405584023026014,True,False,"[0.43124273084648534, 0.8383348800183917, 142.24459782893624, 66.0428773138875, 219.03151829122618, 0.36367855026872387, 0.5395327689576128, 184.44137547831323, -107.66451671345499, 183.34726838962786]"
0.042110684312701166,21.80508108783759,0.0004656351167061526,0.04895397867004436,False,False,"[0.37153780027500993, 0.7971111862223195, 142.14749244185222, 58.6629013089482, 216.5190791897422, 0.3518147737921085, 0.5659132443149544, 180.50410194891438, -104.8571124694999, 186.6614567139649]"
0.04190013089113766,21.779095015024154,0.0008330050790708855,0.6671672187063913,False,False,"[0.5004338483816035, 0.8680761683285264, 140.29408155005186, 67.54394074572676, 218.00872428117003, 0.36490796590478564, 0.5402329983827888, 184.68631284375977, -109.77379336169221, 185.5195733645934]"
0.04169063023668197,21.399242739917742,1.0,0.7105539839979375,True,False,"[0.4727762748861051, 0.8906182712099142, 141.80398954648223, 65.17403526640591, 217.8581732978859, 0.38409483381568316, 0.504794713434337, 182.9054507368836, -111.06758225670058, 181.11319729774027]"
0.04148217708549856,21.75506556280436,0.00018825224174326828,0.041913652611073604,False,False,"[0.4110514309513523, 0.8820662343885124, 143.68815813541178, 58.4928816604726, 221.73816559626442, 0.4493159331181975, 0.5749070474358985, 179.20162504671976, -103.5298641166832, 179.6323900754828]"
0.04127476620007107,21.4531674181639,0.27077135417157616,0.42051671947510416,False,False,"[0.5377264526714799, 0.8439585685867252, 143.10979875086224, 58.79832275321728, 215.22546799796135, 0.37829656810170553, 0.46314300801443536, 181.4063214918656, -111.90634341591952, 179.042314598782]"
0.041068392369070714,21.758841937967105,0.0001574967035728607,0.6892427641339688,False,False,"[0.5190891364501969, 0.8826869845844649, 144.66816240979355, 64.96242821106931, 216.95030874962205, 0.4374283889302398, 0.5671482109002041, 184.1255136171415, -116.5352795686572, 184.59736988950212]"
0.04086305040722536,21.762515995443337,0.00013775717202440008,0.40543648401709564,False,False,"[0.46811585190022637, 0.8950757059400362, 138.89637539936427, 66.75189258851597, 216.53662744496228, 0.3163341507522485, 0.48251820509150517, 179.01389963788893, -105.73969545731113, 179.89411170334733]"
0.04065873515518924,21.388566646698656,1.0,0.675355255506427,True,False,"[0.5098348564687124, 0.899283306163874, 145.69514741879593, 66.91487180043372, 220.1454248613258, 0.31841981116082474, 0.5369277864618804, 182.20157200210951, -114.58830574539192, 179.79103517172047]"
0.04045544147941329,21.856959720662513,9.369982582106518e-06,0.12380327071632746,False,False,"[0.552168122158505, 0.8480511827273814, 148.16519391075343, 66.00442481937102, 218.2585164106486, 0.2563147962609259, 0.5550110829930974, 179.4311997825065, -119.81440282884054, 179.94786663509328]"
0.04025316427201622,21.450873036729686,0.2127019988043119,0.06810064139605754,True,False,"[0.5470462478357042, 0.8747851667341378, 141.83775239067882, 67.1221816035573, 223.97717577195493, 0.36333703794117356, 0.495821174377881, 183.10591636250336, -118.16416238384284, 177.48976035385022]"
0.04005189845065614,21.451075973664683,0.9949459654941804,0.15179244221827137,True,False,"[0.6200236866812521, 0.9049492097650833, 143.1346641256277, 75.05733937167271, 226.88092125174103, 0.4365277133814537, 0.4528605829099444, 180.5845016696286, -116.59427253842355, 179.84202152355783]"
0.03985163895840286,21.9265015504416,6.590458191974159e-06,0.4298775672442927,False,False,"[0.6935436781499678, 0.8487982908455303, 141.43096866659153, 70.0964107718291, 226.56876507226914, 0.3833830932086759, 0.5282501965914409, 180.38334060429622, -117.56799413298413, 182.1032351919783]"
0.03965238076361084,21.918906117065454,7.517428994694838e-06,0.08544771095277515,False,False,"[0.6837034788099595, 0.870020954345711, 145.3522536897662, 79.13229184836284, 228.17237463900403, 0.4708601964114176, 0.4557789064362026, 178.22148450047774, -122.86900656998873, 183.04951781785354]"
0.03945411885979279,21.51484877565786,0.19861662545066117,0.22501834774778662,False,False,"[0.6627556304178481, 0.8597465100633479, 145.3120835002018, 72.53550090316807, 223.12515903857283, 0.4215006883409366, 0.4853557387597658, 180.21194882593483, -111.66522087432259, 177.57071812011537]"
0.039256848265493825,21.87935468848205,1.8280856892287166e-05,0.3802194775742198,False,False,"[0.6462883282113474, 0.8439112696689084, 140.60306347922105, 80.8902547939536, 224.20023569392666, 0.4870852197304375, 0.41489586357061087, 177.7391762447803, -119.85416365729786, 182.8847172306093]"
0.039060564024166355,21.516970427288133,0.18507731519686824,0.13714007979980947,True,False,"[0.6793573152037589, 0.8844447181661497, 142.9965345213816, 77.93181494386762, 223.36684623182376, 0.44120665391145936, 0.4780525093883847, 181.6405247986696, -122.14700114275101, 178.54257258408157]"
0.03886526120404552,21.508952091270167,1.0,0.5846413498317169,True,False,"[0.625256354194581, 0.8107937550676603, 144.86474199754517, 83.26203663465103, 225.271218083584, 0.38156267978299485, 0.5343646320899188, 180.2588480067167, -128.1159463613346, 175.5067974498217]"
0.0386709348980253,21.555670772835867,0.29876188107790935,0.9201218967274616,False,False,"[0.6893221645751489, 0.7922866127393379, 143.7749572136543, 85.1952928423948, 223.6963166284906, 0.35309523808918614, 0.6001160322928676, 181.91703975345948, -131.5389734850772, 175.6399985831589]"
0.038477580223535174,21.895855795992674,4.295736701690523e-05,0.7310258296615028,False,False,"[0.6317713004746718, 0.8434098023849449, 141.8470105923339, 79.25901928052666, 225.42755392886988, 0.4204609049136839, 0.6097888276397931, 176.4502741779394, -131.38583579932137, 179.34179338975716]"
0.0382851923224175,21.549853394105135,0.3435810724712614,0.3610873442040756,False,False,"[0.6976325057147061, 0.754692342673608, 141.56106703282612, 90.94770379869317, 224.48986374230432, 0.4383947604122238, 0.5947761346631976, 179.9958656717393, -133.29840469761658, 178.8895426139933]"
0.03809376636080541,21.414758845420174,1.0,0.6387054908509422,True,False,"[0.5498689669791104, 0.8346525645746623, 143.75200390439545, 82.6151697524233, 225.91968139255917, 0.4285136150575132, 0.503024078750667, 177.80224581219875, -132.54613564313493, 173.7058490437542]"
0.03790329752900138,21.843176640091162,1.2336895226455754e-05,0.9450222682570936,False,False,"[0.6044417055419038, 0.7967290372655015, 145.66052487559094, 82.85724249858934, 223.68045364192236, 0.5045005749552827, 0.5402279506682636, 173.83100926871472, -131.7442560929216, 175.04874824009147]"
0.03771378104135637,21.400174231721024,1.0,0.9566195935658894,True,False,"[0.5676477924186223, 0.8046822329760803, 141.383910211709, 85.97483028864681, 227.5895562013469, 0.3800538167636709, 0.4285296324942777, 179.54125006533258, -128.24366443767028, 173.0894677525691]"
0.03752521213614959,21.4769877762763,0.12912363125079285,0.3038692648140954,False,False,"[0.5279082811442488, 0.7716373965999327, 139.54467328320956, 78.99134215290663, 229.83093413352793, 0.32215261716300253, 0.3626955430425588, 176.5820932915156, -121.11247096084462, 172.9763596048551]"
0.03733758607546884,21.443329125393404,0.3148046500020861,0.17376775405166156,True,False,"[0.5922123768396546, 0.7697903675066228, 142.94438988282263, 91.74484618025541, 227.68449045914997, 0.42093818015366524, 0.41421342356965146, 177.75775255926945, -120.29569625032002, 169.76044902265858]"
0.037150898145091496,21.55480719522188,0.04975307362923897,0.8337913825275617,False,False,"[0.6589053371856661, 0.7836971930554454, 146.46960734443857, 99.01195193974266, 228.5135238827965, 0.40853206131655434, 0.4825611983649458, 177.13511186401414, -122.77651854141297, 172.7988635461499]"
0.03696514365436604,21.544495282107547,0.06477738784056149,0.5153854020134865,False,False,"[0.5412764343145795, 0.7238135024246501, 140.48727759938905, 98.30906538358394, 225.1780059990984, 0.4341567273461717, 0.42676785847105875, 177.0438370090947, -115.66105734586824, 170.58702345892223]"
0.03678031793609421,21.546299015690984,0.06083486753069032,0.6657222231064883,False,False,"[0.6533296598304639, 0.730910983567059, 140.35468088454797, 94.69703607229329, 230.6727718169629, 0.472805463266315, 0.4537764438695272, 178.75454454268348, -125.00726630616937, 167.5876323792686]"
0.03659641634641374,21.543507421652528,0.06473974640918716,0.20007349962172316,False,False,"[0.5633818875753825, 0.7483908515543537, 139.12398767523757, 98.14670706067267, 230.14215427739995, 0.3581915939353607, 0.451988227327272, 181.59199412728503, -114.23764532344066, 167.29608579081943]"
0.03641343426468167,21.56639445311894,0.034058751788165295,0.8397511102951358,False,False,"[0.6070008353727967, 0.690182201296394, 145.08006209321482, 90.54109975518787, 226.1046669851401, 0.40416968883889526, 0.4426832577823543, 180.23300329871282, -115.95924798520487, 171.7519289854767]"
0.03623136709335826,21.48915710617017,0.28227590018339,0.18062342646265106,True,False,"[0.621468297108924, 0.7148968743445928, 142.09581830870277, 88.01378152788284, 225.7861717543439, 0.49490329666941535, 0.3754660803950174, 180.24919392820647, -118.97865214169576, 166.34566064453637]"
0.036050210257891464,21.489593326197426,0.9879725685246787,0.4155855509680949,True,False,"[0.666443143525544, 0.7711525479345547, 145.580697180509, 88.80138146977359, 229.72611976643054, 0.48647315600950175, 0.4487196415273581, 176.29281716212893, -119.10600497208785, 165.4395057298256]"
0.035869959206602006,21.559119324134677,0.1439514399846146,0.07792626010472792,True,False,"[0.6921228270198472, 0.7683599369663243, 145.40295855657584, 89.30334320513053, 233.66542622938744, 0.44524846722741473, 0.5107380684450988, 173.78771590496703, -115.65839582730015, 162.45980065683602]"
0.035690609410568994,21.591189033382946,0.4071606154155905,0.23057663382515892,True,False,"[0.7064097857111722, 0.7607647643620323, 142.53113862189159, 92.4953461379424, 230.29186686044144, 0.3668170729021423, 0.4659547560502445, 175.37750463804014, -110.57748187235083, 165.64484169836203]"
0.03551215636351615,21.54825749322795,1.0,0.9603228699254904,True,False,"[0.6964745050414631, 0.7882585057898318, 140.9853259490624, 86.73982155192611, 233.32121364746013, 0.42663287536055833, 0.5309168132680345, 176.06512910957608, -103.37826838939436, 163.5743229465044]"
0.03533459558169857,21.584734032418236,0.35618037531753377,0.9486638731469182,False,False,"[0.7154930022559104, 0.8681636674122066, 137.79699221917534, 86.10843333850563, 233.39568813030718, 0.4636508345530834, 0.5892034486854254, 175.38019884303026, -99.11493269659334, 164.97615612879582]"
0.035157922603790075,21.479131388102918,1.0,0.06773048823428107,True,False,"[0.6195074436571189, 0.8324892844039941, 137.80669264041055, 79.53095786919269, 234.3641163149401, 0.3700610981692565, 0.5069641263196062, 179.66698357836137, -101.29541792490008, 165.4004551164847]"
0.034982132990771124,21.464859294362057,1.0,0.25644004455108493,True,False,"[0.5432593967258512, 0.7791782398407894, 133.80855736079073, 82.48238300116446, 232.1201854214656, 0.3022403973529439, 0.5153338368220081, 179.04158465827516, -101.14411983794696, 164.9835070887238]"
0.03480722232581727,21.52889833991805,0.15884591643751278,0.2365820724485287,False,False,"[0.5230808567671718, 0.7696930215846602, 130.25655692702364, 83.96302693075891, 232.5751067716185, 0.3345700746527347, 0.4680538483926253, 175.3103511444829, -107.32732135028026, 163.13394398914372]"
0.034633186214188184,21.437206537679323,1.0,0.9376783583417677,True,False,"[0.5397440012384653, 0.8473277278941466, 136.99410628188528, 78.31226403566109, 229.9708892941706, 0.2258868582956276, 0.4530747762355054, 181.1912618535835, -95.39748658861656, 163.05975267929307]"
0.034460020283117246,21.529495054889864,0.06869128171116234,0.7476288798901068,False,False,"[0.6086905538721152, 0.866058281209577, 139.04329741860096, 85.84658146583405, 229.02044707106438, 0.18865075412663063, 0.4474449387540004, 177.27207458710305, -97.68393059477657, 162.31695955246153]"
0.03428772018170166,21.560721253781747,0.0272609010525523,0.31834263254120265,False,False,"[0.6046779683555608, 0.7707257907924647, 134.17692768822874, 76.67264497940218, 233.29208103186636, 0.22857787496082982, 0.40054678642036895, 182.920466053299, -93.20208570416135, 163.51161727095868]"
0.034116281580793155,21.459578533620775,0.5190489103543413,0.7552849457330871,False,False,"[0.5080909011771505, 0.7920198212433829, 134.35208265897086, 83.15367698141497, 231.23135993619823, 0.19813309097029558, 0.41858229879117703, 184.68168407367355, -99.39891541958825, 161.40895028422852]"
0.03394570017288919,21.486256129023392,0.23575958739564123,0.3432069165026651,False,False,"[0.47580449609820585, 0.7849290703040777, 138.07274955434312, 84.39759708778152, 231.19259994319748, 0.17610538142732535, 0.39582600713594573, 177.88371074530622, -88.9477692225195, 159.07705996011742]"
0.03377597167202474,21.520722487692343,0.08436152123557407,0.9078218757635178,False,False,"[0.5035374381160032, 0.7693508837174723, 136.91266863482633, 82.91707759326366, 233.9631445873484, 0.16380746667551654, 0.4980836199879917, 178.03158590170972, -93.50012993268115, 159.08224722651798]"
0.03360709181366462,21.532232440154367,0.05915731314208313,0.09181640768589916,False,False,"[0.6075390581310314, 0.7923851330565603, 135.33385275521056, 82.92033432748266, 230.74546284639683, 0.22181814656569301, 0.4794503674652263, 179.93090610523117, -87.71654086051544, 164.51185639285077]"
0.0334390563545963,21.49782085023036,0.16321611197668498,0.918569488301071,False,False,"[0.4985904245181864, 0.8095117304349453, 140.38788204881268, 80.1312867673684, 229.9122388916501, 0.2809953910918303, 0.5319510536329789, 180.18322264610296, -94.83942674446034, 161.96645116473834]"
0.03327186107282332,21.46915530933464,0.38280330631094306,0.7343814232841583,False,False,"[0.5853462594140878, 0.7936909475033845, 140.09887772093555, 71.13797977937851, 226.66096441033724, 0.2018027083418015, 0.46768830020631064, 181.1764381813181, -103.21508045016516, 162.52940509233247]"
0.0331055017674592,21.450513787518783,0.6690042246580437,0.07518951211629699,True,False,"[0.5090316039939446, 0.8843878125956796, 138.2786139216691, 82.58756566115812, 227.42956418726925, 0.2418677800031867, 0.43759903487559837, 184.1707353268629, -95.82271963353364, 162.5855258164887]"
0.032939974258621905,21.43419698672545,1.0,0.21983881549509154,True,False,"[0.5198630321848733, 0.8208823215290016, 139.87547639742172, 85.4554756819456, 223.4893904651811, 0.2752884458231837, 0.4150236246172261, 186.49313085368522, -102.25081923948377, 160.74383386684127]"
0.032775274387328794,21.36823540848502,1.0,0.4764155049365293,True,True,"[0.5388698334152224, 0.8923663120953887, 139.93798469505583, 86.59310278401497, 226.39397671281202, 0.2693433779977442, 0.356798684707093, 185.03627142167073, -110.23998076484264, 158.61069524184697]"
0.03261139801539215,21.357352725427774,1.0,0.08651456661537826,True,True,"[0.4889526761820078, 0.8350211260325584, 141.87307806178075, 87.47429477449266, 226.6175699334847, 0.29000239097665825, 0.3226456075826828, 182.53124021256238, -115.96350079648505, 156.03487530317634]"
0.03244834102531519,21.439734408820122,0.07895663056047325,0.8655698079758368,False,False,"[0.5153955678399806, 0.8029206627659375, 138.44010430676153, 82.7119689455417, 227.10307848051053, 0.33665807874210124, 0.3041314172529497, 182.38981950378044, -121.83513033880052, 153.03302358386134]"
0.03228609932018862,21.39668185194007,0.2957785465009965,0.3378824733586109,False,False,"[0.4864408119538309, 0.8710186390614353, 145.45476440241862, 80.8612608139702, 229.38155216626072, 0.3480715770791036, 0.2814284458822574, 179.65640161997294, -109.15607555436343, 156.13347814393882]"
0.03212466882358767,21.38739823605299,0.3924765632467362,0.5777580866925389,False,False,"[0.5605817057964688, 0.757532229122797, 144.89783982315456, 89.62968848018853, 230.27590753914308, 0.24536328804099378, 0.3938228567500151, 181.23834571456825, -123.0257154279753, 153.92050774985978]"
0.03196404547946973,21.339661048830138,1.0,0.6327183996442827,True,True,"[0.5173631879851579, 0.8963439958167462, 138.38517948225575, 80.94503053035687, 229.9720844641164, 0.22275140730122747, 0.24421016331917675, 184.31362579146855, -122.76169777895399, 153.36859999605664]"
0.03180422525207238,21.287829523448195,1.0,0.13395471856092767,True,True,"[0.4396931893582153, 0.9035029955790354, 139.27091668210468, 76.37767717913431, 233.43172340808312, 0.16414805901240825, 0.24123164407342085, 181.57934281695137, -117.05675329365711, 152.6952767987916]"
0.03164520412581202,21.3335089883577,0.23610285021851166,0.31992288165637717,False,False,"[0.4750713756992361, 0.903128943883632, 140.25125035097113, 72.82663351978279, 230.07440905254566, 0.16416755773339053, 0.18724632024596233, 181.68483353576266, -109.58762446544371, 155.9799333169468]"
0.03148697810518296,21.30795409325216,0.5277463819152551,0.6072307425125062,False,False,"[0.49087142319151816, 0.8911956197862393, 137.46891488316513, 83.2258036595975, 236.06474956291208, 0.1672502680644896, 0.19783126441489074, 181.79312875960701, -113.01796997721316, 149.51530057051733]"
0.031329543214657044,21.340925949847406,0.18364113084707356,0.9617058366858621,False,False,"[0.4725803771616388, 0.9037119563905024, 136.39477857868707, 74.25982220279118, 229.97431416113352, 0.17346460362289556, 0.2520101990043688, 180.94671707041013, -116.31800409674449, 156.5284565443707]"
0.031172895498583757,21.35139658049196,0.13013574551309137,0.6451892480471375,False,False,"[0.42207857647618147, 0.8241205922544429, 135.33026706512774, 76.14024849630876, 236.46627500402698, 0.16215319461713168, 0.19678573154958623, 183.0275376612691, -121.82115315216537, 148.78701144948343]"
0.031017031021090838,21.349203580672924,0.13824591149037388,0.705143350322981,False,False,"[0.508439649792122, 0.8384600087789853, 140.1856931176004, 72.26109099382651, 234.89410955185056, 0.18063501485549527, 0.26199264618442664, 179.01394682890293, -110.58422506750948, 148.83086701851178]"
0.030861945865985382,21.390898307427463,0.03544857432964997,0.11298316967501598,False,False,"[0.5134700456400577, 0.889936885133841, 135.27453969735203, 68.91918429334571, 236.93010327774903, 0.2141682937777018, 0.23789786944748503, 180.93517182907036, -118.27937042302918, 151.20750939927478]"
0.030707636136655454,21.371821957690923,0.06487911139880485,0.42005027457579525,False,False,"[0.4384525720228669, 0.8429801882367043, 136.3028185073319, 73.62514292093134, 230.6100223357857, 0.2249185505114923, 0.23690984233194262, 179.55448069763003, -110.94392984898114, 150.78357082736204]"
0.030554097955972175,21.35795444387993,0.100750624463486,0.2003211181998762,False,False,"[0.4610911283607158, 0.8524282359618698, 138.69692633496433, 77.66581421286048, 236.36658449204495, 0.14131881396983786, 0.29283057148741665, 181.53174481330544, -111.01360472904084, 153.3843238023152]"
0.030401327466192313,21.33506599452619,0.21145069297547392,0.3305049842632044,False,False,"[0.47400429299283575, 0.8636647544341918, 141.85799923750187, 77.48288153339074, 231.33711836189033, 0.20141772737321065, 0.17770714554614056, 184.85291388557295, -114.91600187941783, 152.21154376108984]"
0.03024932082886135,21.368515225238692,0.0694355833650199,0.9232978362840726,False,False,"[0.44800134759655064, 0.8514137511414727, 138.79127796349135, 83.99355223420342, 230.75958149906103, 0.17394954554933145, 0.29521632689451377, 182.42792509443433, -119.30120285449762, 148.99276508400783]"
0.030098074224717043,21.290690890707268,0.9093109923020123,0.8490313627826541,True,False,"[0.4919880218705406, 0.9016483651364257, 140.80335483583318, 81.9570658803807, 229.7689460790437, 0.13400378428353063, 0.2900254851121196, 182.882581296078, -123.30698815717041, 151.36308691858997]"
0.029947583853593456,21.387046408483226,0.040056185393029804,0.6945844562792448,False,False,"[0.48247373073617195, 0.8545393171347849, 138.9529301338374, 81.61598789171488, 232.43770130116232, 0.1935518782858645, 0.2817256810990437, 183.8472310183295, -115.40908906085312, 151.23996694685604]"
0.02979784593432549,21.350248046676505,0.1355104180646515,0.18687062882880823,False,False,"[0.5003956988803757, 0.8961350546201987, 142.307374069819, 75.15983552345621, 228.73206023121773, 0.135175931387347, 0.29801251405726176, 185.0732087619194, -120.81200839052102, 150.16005818210553]"
0.02964885670465386,21.33133319765355,0.2539067168300328,0.9202739886905,False,False,"[0.5123855463354062, 0.8248817280144751, 141.65464215474242, 78.9158975611502, 230.445663999456, 0.21015551978430697, 0.32160138454028175, 183.66051037853148, -119.46930978840956, 149.38917942554014]"
0.02950061242113059,21.365327550850942,0.07965872131963225,0.8585563805849912,False,False,"[0.5461648386626673, 0.8727677412134424, 141.57747217694427, 79.65831460149661, 228.65186683425281, 0.2100745495234354, 0.36478638460146984, 183.27519838454575, -120.97765913732054, 151.82231587652632]"
0.029353109359024937,21.289636721197848,1.0,0.37075922746401624,True,False,"[0.4499291226541499, 0.8823363813530659, 138.51102735812165, 78.18635665342048, 230.6890572431699, 0.1839781238335318, 0.21010948170242627, 184.10902710743022, -122.94848667190983, 154.45907308135833]"
0.029206343812229814,21.34521207556802,0.14914263356558516,0.2695923225284177,False,False,"[0.49635093693367033, 0.8426278065883746, 138.64838637756142, 80.63145438857482, 227.59456008048767, 0.1844577368746163, 0.20744340249173146, 181.21498906029694, -127.07811528906679, 156.38613812385313]"
0.029060312093168665,21.36970639040949,0.06359039650223396,0.6462900659903896,False,False,"[0.4370893488037834, 0.8861227985318972, 139.88702731431133, 79.47728095755637, 234.6168020578037, 0.2403999313934394, 0.13521115859979765, 186.38966896491257, -117.66977319579273, 155.5791316252112]"
0.02891501053270282,21.293852512307275,0.8643310729167788,0.25093145537051087,True,False,"[0.439817806308504, 0.8863820499610365, 136.56552353716145, 75.60226008647557, 233.60125140031087, 0.1632720150959031, 0.16629054384423841, 180.44780635950428, -119.83717184683358, 151.05501245529726]"
0.028770435480039307,21.32449438105479,0.34471161998013267,0.2851846905809319,True,False,"[0.4691183181912882, 0.8516890654228929, 134.73235905698877, 78.97969114126929, 231.43078317069853, 0.23223171989935643, 0.14864725616076796, 177.85358671121296, -113.3893035665271, 150.58389691472541]"
0.028626583302639112,21.384871640827853,0.1213431751268986,0.6584735998422336,False,False,"[0.5360486487628288, 0.7959694338617564, 135.2303590511174, 72.98244818057617, 228.6885348140101, 0.1815544736865966, 0.20527132078659643, 176.56955803674543, -118.73633572064242, 150.40117936922672]"
0.028483450386125916,21.41758361945804,0.038075400393200114,0.08134968917165974,False,False,"[0.4471608166123379, 0.812826354559906, 133.108319911941, 75.90970637467186, 227.63922886920787, 0.2613760190276853, 0.1367029633473626, 176.9151880530059, -110.97015592528291, 154.1228358511359]"
0.02834103313419529,21.43097714789977,0.023349160368721637,0.6769098811182079,False,False,"[0.5430483359826505, 0.8419025240268015, 131.05865905275363, 86.85019294921835, 233.4187999608005, 0.246617627225459, 0.22205027669042687, 178.3738892339079, -117.85774225124896, 152.8953721726131]"
0.028199327968524313,21.46054227461839,0.008030501006129526,0.6332827009950818,False,False,"[0.48246518586397386, 0.7845622060965515, 134.24361067481462, 72.92594267130487, 229.1101400724205, 0.22959625547477353, 0.1879207288997649, 178.89447743295844, -113.9273097321171, 149.28841645462194]"
0.028058331328681692,21.459820754615098,0.008042324494772012,0.5029237177941669,False,False,"[0.4074719084141857, 0.8111318251652356, 136.89909104786855, 76.10588100244959, 235.23367184521635, 0.17698679839029663, 0.21095189522559127, 177.63866448490887, -107.97341359406386, 153.4093071894557]"
0.027918039672038285,21.416977088512382,0.03641951659787373,0.9011878567711583,False,False,"[0.41378594362347676, 0.8513487951424172, 135.80488216646492, 71.53829233165752, 227.7654260061116, 0.2612542985522709, 0.18326999834358376, 177.73036337111955, -108.97459184154435, 152.89790104402212]"
0.027778449473678093,21.288017455664633,1.0,0.48340179180605924,True,False,"[0.4073811108429743, 0.9068703151196287, 138.19110593423795, 77.02351816861304, 233.71240122445022, 0.22020316133332102, 0.18360008640606185, 175.9836118869171, -112.26423697594538, 150.46501621142906]"
0.027639557226309702,21.368821200237612,0.053746223516754704,0.6003106750959263,False,False,"[0.4818657495962404, 0.8345394001740906, 136.04872405058475, 80.72801332357898, 233.04888247756787, 0.17993794678057845, 0.18077539367292755, 178.48394266662376, -106.85942811949496, 150.66002391181618]"
0.027501359440178154,21.33924681152238,0.15523835300791966,0.3504616168592336,False,False,"[0.3738072844796303, 0.8776747094007534, 139.46103281807572, 85.00210667145961, 231.8044148873446, 0.22787386369014, 0.15666971773483268, 174.07175730231955, -107.30907412017224, 147.05089486905464]"
0.027363852642977263,21.379732160399687,0.03502568316921874,0.632406404189828,False,False,"[0.44688201923679793, 0.8895588651828852, 137.64942993319778, 70.27915360959646, 237.69106967448832, 0.29446267324580433, 0.24832931624069093, 178.44825275493068, -114.65206987544711, 147.80512459076715]"
0.027227033379762376,21.36043909275486,0.06995405814990133,0.9229674861258418,False,False,"[0.39205314947905423, 0.8554946001506026, 137.77566247989165, 83.01950332489206, 233.75188834297333, 0.15211783618351055, 0.1603602942778964, 179.7388549328384, -109.7174799756027, 150.25521146713962]"
0.027090898212863562,21.43652997281706,0.004160966633255029,0.534180628363423,False,False,"[0.3503004810562708, 0.8779543500241761, 141.00501617753844, 81.07978003148095, 233.2532452546308, 0.1907985386525819, 0.15716777925744171, 172.73087788948501, -109.6547308819285, 151.70628609451262]"
0.026955443721799244,21.293326137771114,0.8212375596997278,0.034253606274241455,True,False,"[0.4496615657673284, 0.8944889558131743, 141.25068599655526, 84.3413850180627, 236.5392485696742, 0.2337267920903967, 0.22599030641691925, 173.44563163229236, -113.12005263962696, 154.01095564033145]"
0.02682066650319025,21.425042297670046,0.00736515613265627,0.7693938682809176,False,False,"[0.5256026857875757, 0.8145410676474649, 144.34321705835058, 87.94434896643352, 232.6150447494632, 0.31052827290326473, 0.17546255318349824, 175.29976859099415, -111.90475799421078, 156.96071045080822]"
0.026686563170674298,21.31412883136264,0.45862637623413577,0.36292996780724984,True,False,"[0.38729679188520194, 0.904982933164883, 140.63219591123945, 80.39975523143694, 237.65063764084638, 0.18628278013125316, 0.16267286691709867, 169.63563333463844, -106.53668286671055, 151.81672702483766]"
0.026553130354820927,21.36841006104438,0.12947729587505577,0.678880588004468,False,False,"[0.46647872027353343, 0.8283380254332697, 136.90338940790141, 75.47963225704102, 235.32729650736417, 0.25403389943889704, 0.18955920301528617, 167.25287245992885, -102.57705489611563, 154.26137324854855]"
0.026420364703046824,21.335251178345203,0.4495661844362387,0.8800160590428479,False,False,"[0.4427981123050831, 0.8712473480356624, 143.70067182366225, 83.2850145671506, 241.61806513418085, 0.25268591522148554, 0.15385955832577508, 168.7481887923475, -104.93232071200835, 153.5623598781316]"
0.02628826287953159,21.386305329759633,0.06421112198823956,0.7215030434641466,False,False,"[0.3981233470103614, 0.8337784079860078, 142.80140985218094, 87.88761105591233, 239.6534151937126, 0.25579695283602755, 0.14088016843998064, 173.5717667503114, -105.74532385120006, 155.5383554118045]"
0.026156821565133933,21.359474679147404,0.17664475428580037,0.9625735102522197,False,False,"[0.3594832823766653, 0.8512847382924649, 138.25129409697004, 77.74644531472602, 236.08397064228868, 0.26539447560206225, 0.18590584230749008, 171.64232084745163, -111.24754148180917, 150.564942399726]"
0.026026037457308263,21.37438740801825,0.09873469158248359,0.7454540426806483,False,False,"[0.38887553165979377, 0.834023320635158, 137.25618449634723, 86.58796730311943, 235.15445064273223, 0.233821631884377, 0.2299350643310995, 171.25254994885282, -109.69879567641607, 155.56531609989705]"
0.02589590727002172,21.38590054458746,0.06256516785422969,0.7099945073760936,False,False,"[0.3533786170304903, 0.8832599851491669, 138.6825798400173, 82.24957898870001, 238.2120712757698, 0.14086249017985453, 0.13174534415073888, 167.22060921198164, -98.95620215583726, 152.45067497679125]"
0.02576642773367161,21.354027032850638,0.21257575743086904,0.5726569495075065,False,False,"[0.4303212649268251, 0.8963652386709792, 137.22924933021844, 74.11607146361119, 238.92588944487542, 0.21452554524659728, 0.19126922732528154, 172.1101568172335, -110.81085068115681, 148.02266366959762]"
0.025637595595003254,21.389783126250205,0.052291980852735044,0.6623608563034992,False,False,"[0.36978132817900133, 0.8778229261180613, 137.89685348848678, 83.15002827253835, 238.4672550876521, 0.12490691473698261, 0.16328373596710172, 172.40285068528473, -103.46732153969332, 154.50462868087897]"
0.02550940761702824,21.328841460975017,0.5617192619177968,0.434109579872881,True,False,"[0.4260990952983166, 0.8308931564704161, 144.43682516936823, 87.47900180788561, 234.6769542369474, 0.22392683052085516, 0.20746973023142407, 165.72108951043649, -109.38959427813177, 150.87127117390764]"
0.025381860578943097,21.396439889877847,0.06972074065750708,0.0015024315816195566,True,False,"[0.3494613064402056, 0.8986246584679545, 142.01695369781237, 91.87177883818683, 236.63469330465335, 0.22057007211616808, 0.24072941789783148, 169.32118549180524, -107.6337445645639, 153.67223679157811]"
0.025254951276048383,21.38161390339212,1.0,0.4310684430813222,True,False,"[0.40274588713888915, 0.819440689405833, 139.2592053237018, 91.14376771107018, 240.40386736583068, 0.2734878643011418, 0.21400088225563613, 167.85216984358948, -108.94979758195501, 153.20805469831066]"
0.02512867651966814,21.353302062355503,1.0,0.778611958989601,True,False,"[0.38566421791270866, 0.8399073391308606, 138.10814507522588, 94.28441268345247, 240.7058822817214, 0.32941029804608046, 0.13443989551245183, 171.01242542029615, -109.6034835647737, 151.09750100209112]"
0.0250030331370698,21.444994649069105,0.025546408579092437,0.2314673216524975,False,False,"[0.36523764496239375, 0.8477125185740767, 138.9190828276565, 88.29430035133015, 237.15309083994262, 0.29782740944772595, 0.15585323016030073, 167.97973817691604, -107.57263010789742, 151.17527214354243]"
0.02487801797138445,21.352209395747096,1.0,0.49843948962872353,True,False,"[0.38505156901765647, 0.8947578048662416, 140.4560397993267, 99.02544377821782, 241.068696305561, 0.32954920978516733, 0.1932713711311594, 171.27472817382244, -110.31130852896575, 152.53548818316412]"
0.02475362788152753,21.358217547279693,0.7844926942991718,0.5025759665566063,True,False,"[0.42818135274925473, 0.8154355080520911, 137.57543052837374, 95.43781391334973, 243.77012404543734, 0.33307691768787284, 0.26429463892466365, 171.7358369542043, -109.57988989845366, 149.89554928973465]"
0.02462985974211989,21.39535989469278,0.22134757644956607,0.07306248642760349,True,False,"[0.49950088479543364, 0.7652473379069247, 138.7620148554373, 95.3406323768408, 243.42348216689777, 0.30870855545592774, 0.2022324073770894, 168.169019252957, -102.191287858162, 148.45201181575754]"
0.02450671044340929,21.406107879632806,0.6449560270779713,0.3766381720327512,True,False,"[0.49221278743032904, 0.7381723177433491, 136.70228183549122, 94.03947997568578, 240.81247587122917, 0.3609411454121959, 0.2540039577653244, 169.1037832769133, -105.34099104781306, 151.03809235187373]"
0.024384176891192242,21.43662789172379,0.28603764928433995,0.22172462557990746,True,False,"[0.436091353709956, 0.7040984272372659, 139.35590861320927, 99.53962671951363, 238.25260368654585, 0.3808501075747955, 0.24087650658051493, 165.15761822487718, -98.68804470936787, 152.48957266521688]"
0.02426225600673628,21.410499522151376,1.0,0.16968502772780936,True,False,"[0.3776293190798504, 0.7711474834503486, 137.0183534775701, 100.53045740795758, 240.97510430964488, 0.3028684897171199, 0.2854565782288083, 162.87239054121721, -103.47831719949025, 153.47022111278372]"
0.0241409447267026,21.379273781692596,1.0,0.3637360351052723,True,False,"[0.41278237498540277, 0.7535491652865569, 137.89009763950196, 103.81883651999092, 242.1531290448774, 0.23644908430869466, 0.35683604592955115, 161.33066585551765, -110.81972215479306, 153.76202217786755]"
0.024020240003069085,21.345335287780397,1.0,0.6623404732621355,True,False,"[0.4076696898694363, 0.8135788621059172, 139.76862145442254, 101.06340580008717, 241.3118461410348, 0.2591593379693391, 0.2778732811010973, 164.43943149695053, -110.44251275607785, 152.23013216023554]"
0.02390013880305374,21.36080696009162,0.523432840478464,0.7534977692543735,False,False,"[0.42690632132003864, 0.7789377946892554, 137.51400815308838, 99.17437513505541, 238.70623320340127, 0.24179428668669545, 0.3086364091934244, 166.56948423551472, -113.36411558733963, 154.51359476270082]"
0.02378063810903847,21.428150304698015,0.030731852434283734,0.7205129164611641,False,False,"[0.3680225099941007, 0.7350813910392048, 143.19041915663504, 105.61959295198098, 240.9055687371844, 0.18074860230544093, 0.3285422543464293, 167.60037766439305, -103.56609897228918, 151.58962279771595]"
0.023661734918493278,21.403918004582383,0.08409215591900006,0.08560108994783389,False,False,"[0.34595221376089647, 0.8255452750332276, 136.71602772036192, 94.73076557884848, 240.26171076847567, 0.3220192118280624, 0.21157165073201867, 168.27334927612765, -105.18111601371362, 152.98317233732368]"
0.023543426243900812,21.385610035761324,0.18074684103848293,0.8283159155907595,False,False,"[0.4795651276315265, 0.7739156749478019, 140.1895537833564, 95.49255863627403, 238.5745749535932, 0.27639711026573804, 0.24437019042472075, 167.05791189698175, -103.46567748230598, 150.0921755083697]"
0.023425709112681308,21.343230890678,1.0,0.8784150718933202,True,False,"[0.3516123922726046, 0.8910464443266292, 139.73384482745112, 104.46407303040809, 243.47967113544058, 0.26337954184573653, 0.35091643383554527, 164.4962515951206, -118.19394808865468, 153.14730581560025]"
0.0233085805671179,21.292794504590717,1.0,0.9967786209842161,True,False,"[0.39741093722647464, 0.876109065533593, 141.17722694637956, 107.842171321836, 240.2607983808552, 0.24509998712725778, 0.3691306814521897, 161.71578781185357, -113.11607395168376, 149.9759519073982]"
0.023192037664282312,21.427315753016362,0.003026584970883898,0.44536138179589435,False,False,"[0.3280502033857832, 0.8793700698020854, 139.66005329981567, 103.50559110423109, 241.46515208407547, 0.24066954131377727, 0.3980410226637452, 161.3899654008939, -105.60686138479997, 152.13342705672602]"
0.0230760774759609,21.346314853552816,0.09834239066167005,0.9767318361240794,False,False,"[0.3681009342159337, 0.822144987460421, 141.78956221621328, 100.748183051937, 239.5895090480243, 0.2906832839342949, 0.334269499549496, 162.46242726025957, -112.76794183179926, 153.88241965728164]"
0.022960697088581096,21.324860819233134,0.24744323173548996,0.4831297643386916,False,False,"[0.43521605398310736, 0.8049182086501165, 139.57052498177538, 113.7141832613593, 237.31221965275768, 0.2060289705180223, 0.3499956079160204, 159.49353550552576, -112.03091232207902, 147.00926258570243]"
0.02284589360313819,21.396042693157042,0.010896294940747038,0.04431657577946424,False,False,"[0.3655108563177912, 0.8249950372877742, 139.43643804856322, 105.55592794814986, 239.20040175562602, 0.2909253875939217, 0.38078701527177705, 165.61303009793411, -107.38587026485175, 150.46131737098878]"
0.0227316641351225,21.344539356774515,0.10265990384670717,0.5979973702273357,False,False,"[0.39715043259761895, 0.839780721087462, 145.02467618840456, 107.2273082721552, 236.5570565899434, 0.23940362829685358, 0.43637454026570177, 164.75558472292408, -106.14825585518498, 149.69882385538347]"
0.022618005814446885,21.392051306351913,0.012420616446908008,0.20307324872876042,False,False,"[0.3931483676624036, 0.8511154072286686, 144.6313342835874, 112.54098455215058, 237.96024208507956, 0.1801625524521322, 0.38720743503735927, 164.44436958901895, -114.56963650363636, 152.06643857411137]"
0.02250491578537465,21.386029354666256,0.015877282201664237,0.29923017416947306,False,False,"[0.31951477555700175, 0.8697953394812865, 139.8649590436682, 106.1128906472295, 237.80737997383716, 0.2247277749488553, 0.43968855867463924, 159.63439590010873, -115.21688039621192, 153.55232057613313]"
0.022392391206447777,21.3889667451279,0.01363844730595157,0.8048207622169355,False,False,"[0.3368674823117639, 0.8179455414060346, 141.2632185357305, 104.91351351548654, 238.05201761172674, 0.22961857493705246, 0.2956967278124134, 164.0169071683341, -107.05962413777826, 151.29073163405536]"
0.022280429250415536,21.310214353015212,0.4575609042681995,0.4405571278818311,True,False,"[0.39034356937182896, 0.8493087281204941, 143.01741207268628, 106.07764044781834, 243.5350810337309, 0.2711895758317956, 0.3316422074928263, 158.46055075989983, -115.28935842268925, 149.03424959214908]"
0.02216902710416346,21.35489674125042,0.13324946753718084,0.0056359045973319866,True,False,"[0.45798455463366416, 0.8784758656384455, 141.50549401910175, 106.93622039165673, 242.22718223497964, 0.30554135503507485, 0.2841025796273642, 159.80340262229626, -114.98696235760437, 151.94773742384513]"
0.02205818196864264,21.355898502352865,0.9556013117663752,0.09855450535737609,True,False,"[0.5004438315688439, 0.8094094615422324, 138.6554281412219, 100.98799173150066, 241.65122323533618, 0.3658426702832017, 0.3512234622464977, 162.47481266222263, -109.55256822133, 149.1838117268199]"
0.021947891058799428,21.374186044229276,0.43464508758464954,0.11492885627659499,True,False,"[0.5261971413092907, 0.8870769599178069, 139.64908895763259, 105.12286860417535, 244.06529745304147, 0.4199747786187077, 0.42927294795407794, 162.59147412152683, -116.06960149232766, 150.73229022407847]"
0.02183815160350543,21.361985595980602,1.0,0.8410078230981404,True,False,"[0.5615734016033399, 0.902329011413293, 142.46443138624034, 105.39859725888276, 245.8042697657662, 0.4903359450148253, 0.4315632199218294, 160.77279868358232, -108.70837200616764, 151.92078509240434]"
0.021728960845487904,21.39066278665772,0.26719724175276527,0.968669258243487,False,False,"[0.5392198064510532, 0.8309081872302759, 143.65803527011457, 112.30149443722262, 242.9543477356283, 0.449027574450661, 0.42813064357920444, 158.7469668903005, -106.3864416655312, 153.12843355223706]"
0.021620316041260464,21.278496975376957,1.0,0.5693931707129628,True,True,"[0.5342588452079582, 0.8951774291141792, 142.73929201505007, 101.50613283790332, 241.9775943879587, 0.4926555153919857, 0.39276796282173937, 158.80576488431444, -112.83323792432043, 148.61525853421236]"
0.021512214461054162,21.393842038760738,0.004692261907035776,0.27148256289035877,False,False,"[0.5601362017056314, 0.8361587261762904, 143.7713898462981, 95.90388645654589, 243.51592682997835, 0.4969924456147846, 0.33995064530403096, 154.98879927587387, -110.02785314377356, 147.10776110458673]"
0.02140465338874889,21.38774494962194,0.006072798850852325,0.4543885624635834,False,False,"[0.6021668957207111, 0.8811808874732229, 141.50793688212835, 104.01452801106358, 242.22015993642478, 0.46770648388639624, 0.3334486559049561, 158.6149976468154, -111.7534747263501, 148.56808494546655]"
0.021297630121805144,21.297422005973566,0.41123191394118774,0.08488741725444748,True,False,"[0.5155984605251542, 0.8511697010123919, 144.34728527616818, 100.76027821134547, 239.87280528560245, 0.5555183376964734, 0.40112814519485934, 161.58660190608057, -115.09979183892587, 146.0477181726053]"
0.021191141971196117,21.306124589848316,0.6632052025308816,0.11901523153446913,True,False,"[0.4819327539763557, 0.8366019661411196, 146.4323009676326, 107.59294651878913, 240.87307984891453, 0.521715105130001, 0.3277801022463127, 159.93706643970012, -111.05406482121592, 144.32963989697384]"
0.021085186261340136,21.372450810909196,0.043039746129418216,0.4725379141984013,False,False,"[0.45464242455179515, 0.8779536950053008, 147.70908763173358, 105.53491430977955, 239.40196913000304, 0.4488083468908158, 0.3819346686997127, 159.1774022516196, -103.3478563171739, 146.0449999314274]"
0.020979760330033435,21.307129062564698,0.9532499060465278,0.055111703198775674,True,False,"[0.46959235891748996, 0.8025360341448899, 147.13693482607303, 115.32390012968597, 243.33642745313827, 0.5779174710090473, 0.4053697553143676, 156.01232883434187, -111.05746352700356, 143.2483373680844]"
0.020874861528383266,21.312261963358115,0.7820089494199881,0.27593504060347174,True,False,"[0.5431614778967501, 0.7872701864711843, 150.21014436544098, 122.36681738401455, 244.93638650124444, 0.5524376724024908, 0.37415123201204004, 159.18434195275924, -113.7107743893434, 140.68130202235668]"
0.02077048722074135,21.353777465390205,0.13550135687844195,0.8361229256338869,False,False,"[0.5975191829726794, 0.724327146359971, 151.79169910378684, 130.01106487705067, 242.9575311545621, 0.47738483120068576, 0.35917942522490004, 156.45108450714778, -107.51108521143023, 137.47063312453335]"
0.020666634784637643,21.392561239571958,0.020538484849168485,0.884604330915306,False,False,"[0.5283230674644024, 0.8457719710941924, 146.76088150820277, 114.84489443296027, 244.2948976728338, 0.5446217314167277, 0.41923852761899244, 162.47130514906675, -111.43185221551516, 142.39643144431673]"
0.020563301610714454,21.422012917458595,0.004809200853786841,0.2238353062056927,False,False,"[0.49193292402346694, 0.768896091420098, 147.04239572541414, 126.71879080935014, 245.02710809154453, 0.5642488398114124, 0.4163183511007206, 160.57580367355484, -110.43518427446982, 140.02001550041456]"
0.02046048510266088,21.302519966937723,1.0,0.5066349710097338,True,False,"[0.4892648942213105, 0.8084609307714871, 151.7121270206202, 122.24295464438083, 247.71642139525235, 0.49922264756941115, 0.35795325576805814, 155.9806110885759, -110.17415073289553, 138.80034375810607]"
0.020358182677147577,21.313292930217017,0.5890930273051038,0.2364243494567667,True,False,"[0.4498039822937355, 0.8375557780142334, 151.3397784573874, 129.89184706427585, 248.85579512776403, 0.5403461953312451, 0.42195533014376296, 157.41312804959256, -102.20956823628038, 139.27822809597924]"
0.020256391763761837,21.371676203235133,0.05601057070103135,0.10708790857294348,False,False,"[0.396829390919735, 0.7648321292687604, 150.17579790406785, 123.40717845727347, 249.5913394556798, 0.6097475789424947, 0.3766133263842487, 157.1056238008278, -95.75608208798852, 139.39698709582635]"
0.020155109804943026,21.35200383441618,0.1465117527078741,0.00769282497274093,True,False,"[0.39481286371331, 0.8421890167086661, 152.40722117690945, 135.5454609536969, 250.07432690074012, 0.502326926458393, 0.4529996691339835, 160.96047463627423, -95.00866389382224, 139.55460988943804]"
0.02005433425591831,21.3889375464648,0.158550475236041,0.7478768327344065,False,False,"[0.46198060671260077, 0.7916149694133154, 154.0551459134108, 132.77358070933957, 251.1022574334355, 0.489531426692262, 0.5042167056555306, 160.4207783507015, -96.7988052242811, 143.4315074330224]"
0.01995406258463872,21.391115954368352,0.14084319316920266,0.8513648467713708,False,False,"[0.4294197166422163, 0.79422244337005, 150.3318737116418, 135.772915500833, 248.24231101363233, 0.5766427915980167, 0.47975795902446616, 164.32726211545602, -97.32074243438521, 140.36679699438656]"
0.019854292271715528,21.427823311733658,0.021954234002362287,0.46276573311689384,False,False,"[0.44630243464253283, 0.8439266439724156, 149.19254375840302, 138.23557774276986, 252.50622015951106, 0.512330694170192, 0.4908740069260328, 163.7442024779643, -91.97957146596808, 138.40429116624944]"
0.01975502081035695,21.504420919825805,0.00044592517231341496,0.48510494644276425,False,False,"[0.35605881484023416, 0.7662098854218443, 151.23362907389298, 131.10383151427985, 248.4376155732302, 0.4619320817823659, 0.5105528388402338, 157.33800637924378, -93.10833280071616, 138.59007016515716]"
0.019656245706305166,21.31261138272466,1.0,0.05851001465776551,True,False,"[0.45168520507743887, 0.8816102472928127, 152.94598893976976, 142.0532823809993, 246.54369176182018, 0.4449889764196908, 0.43681475819404125, 159.29362428023444, -87.61912201116525, 139.42835612994566]"
0.01955796447777364,21.320051946039438,0.6835629771743228,0.15362889112936107,True,False,"[0.4737512075831072, 0.8781337848482719, 156.77759624212317, 135.4434595998098, 248.8368687407671, 0.45402103735676735, 0.36826611955537913, 158.3281549164885, -87.42706454313368, 136.61985217556008]"
0.01946017465538477,21.3958396104952,0.020353533764706742,0.915210289652057,False,False,"[0.5285504940848602, 0.845364959056034, 159.14343694117662, 140.92050601145547, 247.28522114020848, 0.5085352350572606, 0.4298697492449668, 158.99337772839138, -83.3713515518685, 136.31374600973086]"
0.019362873782107846,21.482154608247985,0.00023129220552084155,0.7803440303799932,False,False,"[0.49042762196283524, 0.8020784925341492, 157.76112113763645, 130.66379117652585, 247.40893069051378, 0.4788666482180015, 0.395639890303699, 157.26862030940288, -85.67896973514303, 138.51269818388437]"
0.01926605941319731,21.371963094465002,0.06758054126744431,0.41712568619900203,False,False,"[0.3944268306200158, 0.8583889991533556, 156.13569998402903, 139.58527956476556, 245.8443639304514, 0.39142215930169166, 0.3359240651513297, 162.29952662885734, -82.69575064860501, 138.16405749325324]"
0.019169729116131323,21.336826803490695,0.41683278396226325,0.8321290406838382,False,False,"[0.45749809949313175, 0.8726764398402107, 153.34094874334744, 130.00342073193013, 247.60936572613036, 0.48439786859082695, 0.32155903397909946, 156.8564278752324, -81.64162073642, 139.93384960928344]"
0.019073880470550666,21.351787442165573,0.18941411097524088,0.9131290045947674,False,False,"[0.4684576949264998, 0.8509565864905507, 155.6630193274436, 139.89829441444908, 250.43545408778442, 0.48263179361571756, 0.4089385604212548, 156.0957538111591, -91.24270919216801, 140.33465742345297]"
0.018978511068197913,21.309280552386518,1.0,0.7249423286026827,True,False,"[0.4521224467767855, 0.8747220444244982, 154.51018281798568, 134.1194809861242, 246.64512891498455, 0.40383680935643446, 0.3982827038051868, 162.23625253641745, -89.08726302978356, 134.224419634615]"
0.01888361851285692,21.391583441338696,0.012798492912569836,0.8837390142908043,False,False,"[0.4482337526327814, 0.8505229992386762, 153.13308729545003, 136.01031035983078, 249.3647933183411, 0.36103715484498194, 0.41146307214547206, 161.60306212546152, -91.52950339766355, 133.37227305661963]"
0.018789200420292636,21.295536228078046,1.0,0.8068761803324146,True,False,"[0.3984393689228626, 0.893542667139599, 154.1424233802983, 132.12935925034157, 247.70686385643626, 0.39933235078495805, 0.4037952416525697, 161.150577331301, -91.50205890111334, 137.89826200312365]"
0.018695254418191174,21.391317723616773,0.0059563031161230465,0.7074504634615857,False,False,"[0.4035516269681201, 0.8427178804209363, 155.11058662524096, 135.2381510421203, 248.55362410426886, 0.3988257923391424, 0.42540436287930433, 164.6243924358981, -85.0606635471098, 140.59780228898939]"
0.018601778146100218,21.335810854501837,0.11473897485073951,0.3205434885790883,False,False,"[0.4095249613576356, 0.8450168866715173, 153.78575694048155, 138.73338635710164, 248.0006925027749, 0.3602669759501742, 0.45656544767576845, 163.47201493204656, -98.4103355547449, 138.09662592450192]"
0.018508769255369716,21.46618486278354,9.905055573843107e-05,0.6694178401768807,False,False,"[0.34909130727753546, 0.8897043113224973, 153.70558204840546, 125.01244047647533, 251.56392459241084, 0.32903111755125153, 0.3573171780602427, 164.37659916179268, -96.06627173283292, 141.65163679882338]"
0.01841622540909287,21.399257618345658,0.003581170288371468,0.929697520355019,False,False,"[0.33510956476423426, 0.8547677447038786, 150.1862376667302, 139.76660335602824, 249.5840063908769, 0.33655754648729386, 0.44223714802144753, 162.42881356525123, -93.42985282515347, 134.25877647692943]"
0.018324144282047403,21.409524029638852,0.0019879837174132994,0.3797072390060279,False,False,"[0.3872529238084072, 0.8842109180154969, 152.70948265722274, 132.6846476606021, 245.36297781401655, 0.426708081790212, 0.32738529954488266, 163.1103015663922, -83.52032994901376, 139.1232348465092]"
0.018232523560637166,21.393183425381004,0.004721352332327704,0.9437339666056516,False,False,"[0.32201394580921283, 0.8524753481554537, 157.48911332481586, 130.10815392537532, 251.18257584870204, 0.36325637828007923, 0.45714077378299484, 164.87991256908657, -99.07012154094949, 138.77335054134818]"
0.01814136094283398,21.343779025646842,0.06999922289303623,0.5555253773954502,False,False,"[0.36458553254903886, 0.8793514511701118, 151.1846023891132, 133.08024244796087, 246.54307453830694, 0.35452108721199904, 0.3648273539004512, 164.11570707598437, -92.40643687094033, 134.548628617099]"
0.01805065413811981,21.382220953688936,0.00821080888459087,0.5666328717629872,False,False,"[0.4044383138146962, 0.8251978693012945, 154.58520586876537, 127.1746762377931, 243.8521883455378, 0.33480465447850427, 0.4196493984295645, 163.8305774527934, -91.79776523486375, 141.6999617341146]"
0.01796040086742921,21.373696994766338,0.012883103255609488,0.7712689680799307,False,False,"[0.47162135519547627, 0.8225032581302135, 150.99316646281008, 125.31101446354216, 247.3589774559195, 0.45504729440587544, 0.416352013572789, 157.84728515723086, -85.22820640805378, 137.88911879772843]"
0.017870598863092065,21.373978105029426,0.012407706485723084,0.08966406023472095,False,False,"[0.45189922037753943, 0.8799648563041256, 155.25868687687532, 124.75485710298342, 246.88991943578972, 0.33144341857196286, 0.460867031851384, 164.45337537416552, -89.91458457255153, 138.49911578275902]"
0.017781245868776604,21.424986554235126,0.0006890748675103834,0.1890995754507938,False,False,"[0.39512449742754036, 0.8618598788380113, 152.38517436913665, 136.5731968381378, 248.95753604434424, 0.4695993549693681, 0.39881293212839136, 162.97006527200202, -86.5750627196455, 138.56842324581953]"
0.01769233963943272,21.389210674510927,0.005018455490114807,0.6166193719105414,False,False,"[0.39498522274428655, 0.8484490599022274, 151.13327184179073, 130.45249188748795, 249.8741647605049, 0.32933537011236447, 0.4807227074134965, 160.1652183049888, -84.34893110918468, 141.58397772449115]"
0.017603877941235555,21.364176160134086,0.020259387488460543,0.6218453589808111,False,False,"[0.4323870502096955, 0.8259671399209481, 152.18129588460033, 135.9998768180681, 250.1544084873374, 0.3776593920018704, 0.33456528559423193, 161.7832024300798, -91.34672086809455, 136.36836395154594]"
0.017515858551529376,21.442000485774003,0.0002336214100901768,0.729076779614545,False,False,"[0.3229764948502202, 0.8627909871703701, 150.81479691416337, 134.75000726048341, 249.16927569036366, 0.3236228776084584, 0.3449027812332798, 164.74111223493546, -87.87017078424944, 140.00401586355582]"
0.01742827925877173,21.466167894862654,5.598058278703703e-05,0.5589541083849775,False,False,"[0.3195141020651101, 0.8501329053471515, 156.30555156687373, 127.95785334604356, 250.14694221642483, 0.35787623199629714, 0.438329454703352, 157.62410344238344, -98.24278096568551, 141.6064191911208]"
0.017341137862477873,21.376603524983313,0.009326881813280648,0.4271356077105155,False,False,"[0.3682408117492, 0.8246906376153118, 151.864433566281, 129.52998513707988, 247.57376111516706, 0.4240357366336546, 0.3925323529350118, 157.94678959315317, -94.25719552291848, 141.15342863543927]"
0.017254432173165486,21.44539401239647,0.0001690736332112486,0.6646695107061147,False,False,"[0.47449651179839664, 0.8494595763161482, 153.71119471328694, 133.68981619174005, 249.54011093802427, 0.4630392561699867, 0.46968015504189675, 158.37532037897225, -87.78409440574708, 140.22736734330928]"
0.01716816001229966,21.41576742406109,0.0009090142582675005,0.2219908139553035,False,False,"[0.35548717491176957, 0.8151009257130365, 151.99376866298496, 128.4213152363081, 249.36950865579846, 0.3393913040672404, 0.37658129151348396, 157.19422123406366, -86.13549985142404, 135.98965864689177]"
0.01708231921223816,21.343167112935994,0.06152480323792014,0.3944728707957643,False,False,"[0.40921043095051357, 0.8415623252617328, 152.05708945626193, 125.68729609577004, 245.0758684414787, 0.4669721712789887, 0.4708716156589369, 161.0015081860535, -91.44357624491474, 135.00945698269862]"
0.01699690761617697,21.314206039667194,0.33339609550670113,0.49018030340879337,False,False,"[0.4282145677188886, 0.8731976738768502, 155.7733374874638, 139.89610795803748, 251.00116480591467, 0.4632778608525273, 0.44767489253474063, 163.2250304007834, -91.50849157892783, 135.96870388523982]"
0.016911923078096084,21.40351690869651,0.0016868628091779446,0.8595050125568426,False,False,"[0.3457544680028062, 0.8400797499211008, 150.89197170106405, 139.60527195098925, 246.0610830988054, 0.42131757907428447, 0.36019255434447445, 161.30589851922312, -88.1407723862092, 134.23551294386914]"
0.016827363462705604,21.384468076877244,0.0050672631818681705,0.7305355149278107,False,False,"[0.32910218695227333, 0.8370167614007336, 151.68241821080034, 134.629428932473, 250.36668069199243, 0.3587338467400246, 0.34220672743618363, 162.6863641795665, -98.8222895487201, 136.11262868743574]"
0.016743226645392077,21.38434813839895,0.004969934736583727,0.8905109373756858,False,False,"[0.33195533898155816, 0.8599585687084553, 155.04630767755867, 124.21619119230772, 246.52198896205738, 0.3248450586891768, 0.4543127926794833, 160.26642412190802, -96.81109746766809, 141.84464937177572]"
0.016659510512165115,21.32606610587567,0.16000031080979618,0.260866356072604,False,False,"[0.34925685442701027, 0.8939578156517054, 157.92982090651816, 128.88746186469587, 244.37117695776473, 0.4193518364827492, 0.3678577070236435, 159.86601634514406, -97.59558402469655, 138.84176657712734]"
0.01657621295960429,21.392215642283045,0.0029309792822332843,0.918380888081892,False,False,"[0.3805903029275098, 0.8452129110853787, 151.5546080348184, 126.49166401127793, 249.29671623200517, 0.4633640150619184, 0.35224928732905036, 165.12819431343365, -88.39289721483107, 141.7772769966267]"
0.016493331894806267,21.441811903002797,0.00014071464156704033,0.5608881526918865,False,False,"[0.3256172107442896, 0.8513283946224762, 150.6359426848576, 127.86507056590514, 251.38895825656004, 0.41070958703765537, 0.3800610754259445, 161.16997321114607, -84.0565640289903, 141.8660448183607]"
0.016410865235332237,21.34921727674142,0.03796587513780941,0.06568326393042467,False,False,"[0.3698965253212103, 0.8819816828840157, 153.28834695368388, 127.04313188734595, 247.54890227647923, 0.3293067557647245, 0.37330976920851067, 157.94431809320344, -88.5882458864133, 140.9326319519267]"
0.016328810909155576,21.374410502028987,0.007983529837194013,0.6549668686789716,False,False,"[0.41462364259591433, 0.8186707729003816, 156.83101154821375, 126.57113493001705, 244.50315361342078, 0.40027362170226966, 0.4438047303176256, 162.2430697730753, -91.33015905944394, 134.32493232813837]"
0.0162471668546098,21.390527154705733,0.002889664634765464,0.7719589636757513,False,False,"[0.47161337314416246, 0.8190256641940182, 156.518255458624, 131.51749310863482, 246.07613423952398, 0.43790610252078255, 0.37849761152127626, 161.93354260536302, -86.23618892353723, 141.39156164166815]"
0.01616593102033675,21.299688605498012,0.7734766661892993,0.22914810072056557,True,False,"[0.47764584488937656, 0.8721865021025428, 150.7000916661029, 132.06916599873915, 247.7506469454515, 0.3559447506033671, 0.36502920807232503, 161.77812722462193, -99.25624799697269, 140.53302220006168]"
0.01608510136523507,21.370289875582216,0.012410234689352359,0.7747802865404174,False,False,"[0.5117548667377586, 0.8384344303383989, 150.77082146941132, 134.30382160035072, 245.09264761745033, 0.2949899502108134, 0.42797316856523243, 158.64173039373665, -91.59855167713255, 143.1439666500008]"
0.016004675858408892,21.313520780781758,0.42136392727773636,0.055717412883615314,True,False,"[0.537099443103979, 0.8675010783515236, 152.26356386904422, 127.96473714976383, 246.9701938559177, 0.3453399541922404, 0.304314984847217, 162.98624345095556, -99.88576246300487, 136.5685573546276]"
0.015924652479116848,21.36369784922185,0.04281335968557646,0.7406537291931603,False,False,"[0.4885271076687124, 0.8086925995780577, 153.28527639899278, 123.95976996458691, 246.65630071973416, 0.2737678164183699, 0.34994398129943166, 161.1773146839014, -92.18942072551792, 137.7860007649054]"
0.015845029216721263,21.356164331412337,0.06779350664392221,0.10211049366225922,False,False,"[0.5256909303163154, 0.8207010249149342, 155.64626967870882, 122.94612579109837, 247.89353504109116, 0.35919867191203136, 0.240156437367264, 162.43552776437792, -95.56110391457094, 138.45028178135595]"
0.015765804070637657,21.495597583614078,9.64719426532425e-06,0.3250699601695949,False,False,"[0.5927941398857605, 0.8200246410083939, 153.50066239057634, 127.9645505105736, 250.18687533445004, 0.344690184389336, 0.3762837550881041, 161.02730865405118, -93.87081804494996, 136.6766553818649]"
0.01568697505028447,21.34389687207767,0.14422375344255162,0.8723644358396528,False,False,"[0.5234634306753482, 0.8858338049745459, 151.57007636424362, 121.75094187116382, 250.6279919051269, 0.36816978533134526, 0.25204985710484773, 161.54070065482813, -95.08743378550277, 135.1008755854572]"
0.015608540175033048,21.40172542270971,0.003513825101870531,0.5740479728719764,False,False,"[0.4687191885922382, 0.788395578535392, 151.7941982750864, 132.44542377354432, 249.2832831987903, 0.37177966598019324, 0.2503668381251925, 159.25403143121113, -95.92465511899682, 137.73323073634984]"
0.015530497474157882,21.371990955990956,0.02317081640815628,0.24329094843744636,False,False,"[0.5744102785193297, 0.8149016498917755, 152.34449895645045, 129.8322155442973, 243.0614145641985, 0.29981155213340555, 0.23669608447320478, 164.32271406999672, -105.75122849478892, 133.81166439821928]"
0.015452844986787093,21.3037481197104,1.0,0.8117024370146848,True,False,"[0.4775014044858309, 0.8649360610633188, 149.10718894740174, 127.29348200599863, 250.0812285534959, 0.30439380084972656, 0.3760665397795827, 163.47620871141376, -97.85269197693468, 136.8825290363778]"
0.015375580761853158,21.381712565282957,0.0062782329613580495,0.8614600655858913,False,False,"[0.5382332502355066, 0.8053519864007213, 148.16108306478617, 133.9373478398398, 250.5128200910683, 0.2804968817500573, 0.3249097337492999, 160.83470730246825, -94.38240511529075, 136.98100464771426]"
0.015298702858043892,21.390364907781283,0.0034765739020992683,0.1848115938262146,False,False,"[0.47788155001009003, 0.8472441128034317, 148.93920676604677, 124.32674133887406, 246.65788051537857, 0.3235103036935507, 0.405966046087187, 164.53317539002217, -104.40027071623024, 137.7040870025894]"
0.015222209343753672,21.352735106436153,0.04003000671637533,0.9838009094008197,False,False,"[0.5184058674637252, 0.8135284489343506, 146.401992102004, 128.7772990445274, 250.44177769648448, 0.36879977366744177, 0.3974144205674253, 162.7519633854864, -99.61401307485289, 133.78885296322156]"
0.015146098297034904,21.337058046303078,0.11088724428850669,0.4631674832899274,False,False,"[0.4077958984017877, 0.866314638535294, 146.72480461528625, 130.91406144434205, 247.91555839531046, 0.3115096204522667, 0.4026442906349228, 162.72845395145245, -99.25239115738583, 137.5534896574228]"
0.015070367805549729,21.294386497182185,1.0,0.20655333341022508,True,False,"[0.4172698634621985, 0.8469300403964126, 147.3914499725981, 127.6569035594284, 250.00473880776485, 0.29915848265672396, 0.4380002685783571, 161.69159353432147, -102.10782472551806, 133.27364370228867]"
0.014995015966521981,21.37301843648681,0.005279775704174154,0.787430771480734,False,False,"[0.46472867957218794, 0.8030786598177159, 147.42996526714492, 126.12112211749302, 248.78897909900758, 0.35541794528906184, 0.37428081028749266, 160.48468495858924, -98.49241832875428, 136.18915959944647]"
0.01492004088668937,21.32641776436847,0.11685027195311272,0.2685873610372558,False,False,"[0.37198279758713565, 0.8197773261452009, 147.4457665824432, 131.5771510311148, 247.17272086127318, 0.26445123829219114, 0.4703294232847984, 158.80200874668512, -99.04111759333117, 129.89408750701176]"
0.014845440682255923,21.34604508476525,0.030814770589008802,0.278829387546053,False,False,"[0.3825478695559117, 0.8124816070010697, 144.02225566322892, 120.29899844674783, 250.34287900792597, 0.3681455822240194, 0.4013065034008674, 161.750801713064, -97.46677142202961, 131.5212769277104]"
0.014771213478844643,21.30228112912001,0.5859852727134255,0.6585029517112271,False,False,"[0.4354218514790487, 0.8420092087085028, 150.7365325273891, 129.78574991860384, 253.93102113003582, 0.26161693823619075, 0.4762129651433773, 157.8291731277541, -102.40279800407265, 131.7423706074624]"
0.01469735741145042,21.269064525333185,1.0,0.34746206814432945,True,True,"[0.43117760137091415, 0.8582416061793949, 148.38291075069594, 133.37841403217826, 252.29487957351643, 0.3090678511856168, 0.4313267052223693, 159.8087742412616, -103.75957853409047, 135.92595362375374]"
0.014623870624393168,21.3440317114265,0.005938151963953796,0.9943035309022719,False,False,"[0.3568626461951087, 0.821319174560264, 147.42458332592264, 125.57934377136787, 256.0425989918386, 0.3648942716170519, 0.4273276967275619, 159.4365099346541, -101.07255753521663, 134.34355863592506]"
0.014550751271271202,21.31076337106434,0.05694029133133239,0.889376233020053,False,False,"[0.4048629281367231, 0.8737255451934848, 145.2519020506421, 140.78771397704477, 249.67732872794238, 0.3690535356300532, 0.3542236547636306, 158.184581564527, -101.70034683655601, 136.70793303054526]"
0.014477997514914846,21.337240933163898,0.00901408724573715,0.41694976058682076,False,False,"[0.3610648107598031, 0.7865177386650521, 146.97856617822416, 133.20346364625223, 250.83784728946145, 0.26168500183277055, 0.40762288204187214, 157.03229568037835, -107.68514472736787, 135.33643985036653]"
0.014405607527340271,21.29874924748972,0.12737285816031374,0.5937125615268783,False,False,"[0.4352227464465086, 0.8131433258950493, 149.85625047786462, 139.22996022281222, 248.39971344066075, 0.38323041818205383, 0.4297417709393512, 159.100187301404, -107.58953298652395, 137.8799721118362]"
0.01433357948970357,21.358302841293202,0.00197769728179666,0.4320685946004672,False,False,"[0.3796197928959656, 0.7848174809433546, 147.17574182956255, 130.4901453056033, 251.84374308861922, 0.3590147090239974, 0.4606388803372617, 162.51162604183594, -103.35964476884624, 134.26507679707896]"
0.014261911592255053,21.40288436804462,8.41404715888884e-05,0.30200102305962695,False,False,"[0.4755858172938985, 0.7879207192638946, 150.50405916980313, 129.86468992486942, 249.95943219399814, 0.3776653406457365, 0.4605008979663188, 161.4814285123195, -106.35921673791488, 137.1383124087071]"
0.014190602034293778,21.3168603764789,0.03445386357254477,0.42954532400884704,False,False,"[0.453257684552551, 0.8656634401812383, 152.27894072917329, 130.240648116461, 253.17240619783203, 0.261072854503024, 0.37596468514298653, 157.18702038096185, -108.59962711518979, 137.1290693525496]"
0.01411964902412231,21.26512823849624,1.0,0.3632209186760159,True,True,"[0.4897480056553997, 0.8680947214373724, 144.59280116358846, 131.90492307670792, 250.90755432315484, 0.341047458376355, 0.47831745992258906, 156.2071319655451, -99.16770929265815, 132.3556065728686]"
0.014049050779001699,21.26351066021303,1.0,0.8327119362369096,True,True,"[0.4257084168977075, 0.8788040064471637, 144.67596428782912, 131.76214912786742, 250.1961816161792, 0.3896929905096576, 0.4543830056844488, 158.99380555796017, -93.93315023401911, 128.63631869645934]"
0.01397880552510669,21.348598207803008,0.002272449692912784,0.9888513843178125,False,False,"[0.4618125918095171, 0.8464690095325996, 141.02191936924132, 136.14244466468458, 246.83521782347034, 0.42048459637009017, 0.45541607012848023, 161.06417545521995, -92.49182664957873, 127.18471316320287]"
0.013908911497481156,21.25800266719959,1.0,0.7880220182394536,True,True,"[0.4747561428070082, 0.8726442639000435, 144.73788476145174, 133.0885546662943, 249.91388480687743, 0.37148832956065586, 0.43788790692952395, 160.9401871413171, -99.36752816000076, 129.97618560115376]"
0.01383936693999375,21.313383996727374,0.018284086364212415,0.13474677751248487,False,False,"[0.5007975621190885, 0.8430733044232372, 144.95884109632988, 125.64570839012565, 248.5943321350748, 0.4333642080082475, 0.40334147743203563, 160.65014031555899, -97.62802895937486, 133.84113308687841]"
0.01377017010529378,21.287684244734788,0.11584545647611616,0.3454908060927525,False,False,"[0.502323706598584, 0.8697924184354442, 141.75220320758652, 139.3338814034895, 253.50691816552006, 0.33619003170740774, 0.45217314631146, 160.0072226748379, -105.6300223869435, 132.95622731718464]"
0.013701319254767311,21.191708733408994,1.0,0.21729193633419241,True,True,"[0.42316073367865004, 0.8923980405866789, 147.03791334988094, 125.4919315524358, 247.25368880972212, 0.35696321749449117, 0.48090280183391354, 157.58079580514925, -105.34411441756538, 132.38458271160542]"
0.013632812658493474,21.34205863193541,1.623191632495989e-05,0.4706494655087957,False,False,"[0.3778971150719682, 0.826645326173618, 150.9735445308843, 132.53329017304847, 248.6938230508227, 0.31525888082357556, 0.4746410747955021, 159.04314000970945, -99.33054607010457, 135.94144238184327]"
0.013564648595201007,21.273764758634385,0.0023596180700563856,0.13891754212609086,False,False,"[0.4255315498056977, 0.8656435879650026, 143.86116576373624, 132.91357901632668, 248.70680402217954, 0.3985179534652389, 0.4391138136348998, 153.7916325844473, -97.89249768420808, 136.09969137910167]"
0.013496825352225001,21.301958371189063,0.00028342564426879133,0.07409568597103466,False,False,"[0.3825441936746245, 0.8809002277338938, 143.8438929990124, 131.77845078460817, 246.0975240176262, 0.3583722920030688, 0.498060685739427, 159.28178492316843, -98.57087167620219, 134.21246834043214]"
0.013429341225463876,21.33764326084917,1.908053477304772e-05,0.22961030053875964,False,False,"[0.36058287131215305, 0.8481463492516957, 150.45197508009795, 119.19391109714908, 248.9720855220321, 0.2902385697628895, 0.47035195995445483, 156.83506389423331, -107.62138161419034, 130.31998967747668]"
0.013362194519336557,21.24524825273096,0.018191680699024774,0.139458897893595,False,False,"[0.4631593313610279, 0.8893839188749892, 145.72003689107166, 122.43486023093546, 248.91929653189547, 0.4204459484583433, 0.4374806339714049, 158.18799916331972, -97.99784534319605, 128.66589162879325]"
0.013295383546739875,21.318816717918924,7.047096924165232e-05,0.04522482170420583,False,False,"[0.355096600340345, 0.8764115307320025, 149.04855966751157, 128.04505530657428, 245.82069121283936, 0.3508609377522335, 0.4993250959923753, 160.37414348737926, -98.24082572310367, 132.42529493843537]"
0.013228906629006176,21.43574911060299,9.735281970047808e-09,0.15199676731408918,False,False,"[0.36621390380544977, 0.8505072917815226, 143.68799461595572, 130.49986671245085, 246.56206271354367, 0.36553562267283873, 0.471827973437769, 159.41643611772153, -98.0270856096989, 133.35106947315336]"
0.013162762095861145,21.230609753279957,0.05205865285325939,0.49449370923572555,False,False,"[0.46296525540305883, 0.8880640783696574, 149.71412233140862, 125.1865950982307, 250.64494650004735, 0.32944488679080114, 0.43173793830565166, 158.50740323124913, -105.92040614667235, 132.63170431689002]"
0.013096948285381839,21.238237679415967,0.028648461145757354,0.35809170352591835,False,False,"[0.42964376456731035, 0.8647482412020844, 146.8483082188044, 128.52602059358628, 250.00762941681617, 0.43319894065325326, 0.5582929381720729, 161.15041296498867, -109.9005772423545, 132.8634701446608]"
0.01303146354395493,21.320022565364514,5.2934056316619084e-05,0.5394508758365227,False,False,"[0.3481444362262802, 0.8227172613132362, 146.24588784893325, 125.44539930795605, 244.93107473164443, 0.4231351694571863, 0.4537234906115464, 160.06942901473244, -106.29609304603875, 135.570638407893]"
0.012966306226235154,21.29000095582663,0.0005102612179522188,0.6323051274762357,False,False,"[0.46115889544390537, 0.8176964135483012, 148.79198421426702, 123.29178617073269, 246.16780042223348, 0.31720776356930347, 0.44097170293582433, 158.36853420099163, -104.68558782563339, 136.3148221993388]"
0.01290147469510398,21.315523529866425,6.79356830239847e-05,0.6184251539217563,False,False,"[0.48686205155316714, 0.8277354603157314, 144.58687327828733, 129.06238035904545, 249.93922287829753, 0.40696565795612916, 0.4434386627320262, 155.35915588698077, -101.87790044787086, 132.42191014305521]"
0.01283696732162846,21.33432970987642,1.4959308706061187e-05,0.8626724229452325,False,False,"[0.49795887036552766, 0.8516029438134394, 146.41713314425164, 126.64175678563727, 246.54194727623565, 0.31318181063914025, 0.4857312675807065, 159.6992970052394, -106.26218731396634, 130.5757840786299]"
0.012772782485020317,21.32371334175524,3.2481635344735335e-05,0.18385109642794473,False,False,"[0.38457139402874363, 0.8798929984026396, 148.8842700663761, 132.06355802092617, 245.87394059941184, 0.353379988815134, 0.5045360757907161, 160.5076776812331, -112.05720970875467, 136.30264622924017]"
0.012708918572595216,21.323246701450508,3.1991126318243435e-05,0.1206572235167589,False,False,"[0.48044534011582724, 0.8175372079663192, 146.51146383172212, 125.9610467682988, 244.46464888964778, 0.3191698837174796, 0.4820959526305327, 155.83204440076923, -100.72703058429735, 134.85380347018176]"
0.01264537397973224,21.293908229705302,0.0003090624845446997,0.3754428953983806,False,False,"[0.49428598321259576, 0.8243788484186055, 150.66678681737386, 133.37615739431965, 248.5853211713366, 0.39134602497085325, 0.49325121411404493, 160.9256089045532, -108.63622145879836, 133.6689316134305]"
0.012582147109833578,21.21764920973518,0.12723886126901202,0.1473368557093725,False,False,"[0.4823181376606566, 0.88422112440342, 146.77135720410047, 126.31590640192185, 246.96564116667727, 0.3754262421872625, 0.5487142568345339, 156.84638554443555, -105.02676987606178, 132.8211395906319]"
0.01251923637428441,21.293398469197285,0.00029673270964265775,0.4099408658329351,False,False,"[0.5014951167975444, 0.8648340168695046, 148.61031011908625, 128.1382423409801, 250.15838313757268, 0.41390412356199885, 0.5254805400572993, 160.33381657654311, -105.33003522802773, 130.07895492867632]"
0.012456640192412988,21.356942799843157,1.734592863093247e-06,0.8198158719664429,False,False,"[0.4231414801188593, 0.8474792032300718, 144.73857378066788, 126.68781187733401, 244.67002145517446, 0.28892826461280263, 0.4637342320470116, 159.43768563591868, -102.85665619810004, 129.46154352009827]"
0.012394356991450924,21.346523847959737,3.761193610573927e-06,0.3139560655998396,False,False,"[0.39242668304253886, 0.8149574779336837, 146.8235505133444, 130.3142948041354, 246.36126103090638, 0.27958517842169844, 0.4690933075179034, 155.1586024397284, -102.94418395035497, 136.35548501530263]"
0.012332385206493669,21.40709093939127,2.6010521360651386e-08,0.36012240276041363,False,False,"[0.49204748948727745, 0.8181339839108194, 150.467135087177, 129.10119810605022, 249.6868330454171, 0.42235384122037645, 0.5090346604876751, 161.13608799948892, -105.9647586515856, 135.1076455126288]"
0.0122707232804612,21.354903855774864,1.675243547757408e-06,0.2898022418063013,False,False,"[0.4456929278388299, 0.8211270331216969, 144.21760531810511, 130.05334983576702, 248.7005671761642, 0.37676903560571173, 0.5300535344225648, 159.85460494382755, -98.36293379870504, 130.39659005982784]"
0.012209369664058894,21.276187503431117,0.0009886448577942578,0.21231066171866075,False,False,"[0.4971033412532256, 0.8796625869748249, 147.31746633067775, 118.69339942436547, 247.7834017046937, 0.4292006473974479, 0.5422985387065642, 156.5079386573898, -97.90538981330313, 132.01321929695052]"
0.0121483228157386,21.318775360951097,2.8671628232671916e-05,0.6079703625660816,False,False,"[0.36904285389774827, 0.8966804510824309, 145.33019380224434, 117.64066286940863, 248.90685398333594, 0.2916282538699816, 0.45452202741139436, 159.6777888919085, -102.7351026070802, 134.00508046393216]"
0.012087581201659906,21.24134505635549,0.016467113123004223,0.7441310722858534,False,False,"[0.44903926634322483, 0.8912754680022753, 145.84109331377508, 123.53590373145325, 249.06360262941067, 0.3408051390532494, 0.5263287926558827, 157.47920470908963, -98.70795073734975, 133.57457621947435]"
0.012027143295651606,21.179111615639833,1.0,0.17484792182073838,True,True,"[0.46653516502536463, 0.8976752209009524, 150.92279871276594, 118.47657853540717, 246.00216520419093, 0.4276913888720153, 0.48551632837379644, 160.99435614624707, -106.59969067207817, 129.12682847045187]"
0.011967007579173348,21.242711398176287,0.0049192772784082675,0.6469783760291407,False,False,"[0.4854318416475361, 0.8874826329622756, 149.37690365216739, 112.40862357416141, 249.54135918274153, 0.45892074177097025, 0.5447023512851766, 160.86040539778466, -108.17111200342114, 130.69079895269508]"
0.011907172541277482,21.246732534908165,0.0034169489134276893,0.46699896444568445,False,False,"[0.465714538842719, 0.8944442628976101, 154.26363547610904, 123.07575395115276, 248.84901211320908, 0.4417724822629013, 0.5021723532389037, 163.9240999186967, -99.48698627805844, 130.78967904839195]"
0.011847636678571095,21.2622543651678,0.0008959146905882192,0.7573315228350752,False,False,"[0.5249216472517907, 0.8431375419851866, 148.06594000813868, 119.54731289200762, 243.81731222451177, 0.41838834428923743, 0.48442670829131856, 162.00917448753893, -107.81814243568743, 132.14791453531942]"
0.011788398495178239,21.282153182510783,0.00015990509596650903,0.48971275405291637,False,False,"[0.4712993975532881, 0.8528365303654143, 151.73031175749867, 124.60993924066493, 242.99491795855047, 0.4070616812520685, 0.4214663736503242, 161.2535621165993, -99.5511516360492, 132.12270335801307]"
0.011729456502702348,21.246463011377735,0.003208110895239938,0.8082225806552159,False,False,"[0.46289750802391727, 0.8847617185070874, 151.2339152322565, 122.56575307774155, 244.98842740834615, 0.4723425464693299, 0.563363783023372, 162.0696812753356, -108.03114547204743, 132.7128580157122]"
0.011670809220188837,21.347148201142126,5.584931366739764e-07,0.03341680603185804,False,False,"[0.5236279331467371, 0.8249807788287525, 152.9443795519303, 119.55812358275867, 246.87741255923027, 0.3611192690300575, 0.49510161548133286, 161.4700348336284, -106.0653297135097, 129.60257905572587]"
0.011612455174087892,21.279589213053704,0.00017467710710527187,0.06744041587801608,False,False,"[0.4423690022900577, 0.8344728043275451, 154.14778461965815, 115.91041106188621, 243.92724161173308, 0.4206292108610041, 0.531084909713272, 157.7788396401066, -102.15898195337488, 130.58876376031353]"
0.011554392898217454,21.24168771101316,0.004445851212375209,0.023736910903352948,False,False,"[0.4315981443426993, 0.8700425875347554, 147.99628977513294, 124.86513589928444, 249.02623983321212, 0.49192709475102114, 0.43620429380967096, 157.23852824606976, -106.7786406699884, 130.3338871030369]"
0.011496620933726366,21.374619351925592,4.116532637220989e-08,0.6734331121220598,False,False,"[0.5350330652874972, 0.818554226875363, 153.5652688378357, 111.11245963760297, 245.19222953965476, 0.41426816734924005, 0.5465668785132725, 163.99390474868267, -108.56724453439612, 127.89590575056611]"
0.011439137829057734,21.292070128568792,5.145823289114514e-05,0.504617291502363,False,False,"[0.5214542660396031, 0.8550821340819362, 147.00984262167233, 112.18270806917106, 247.57072830441672, 0.35908891796020387, 0.5570059236285647, 159.30482225632858, -105.49555530467171, 130.64452702098654]"
0.011381942139912445,21.24759821347213,0.0024366586877233513,0.6307348338490187,False,False,"[0.42770605748719087, 0.8687219502969649, 149.51004664239872, 111.5548776725827, 245.1827967150434, 0.4096751926438656, 0.4094495094520391, 158.253842522465, -105.01633875899456, 130.1845725256157]"
0.011325032429212883,21.26634847258976,0.0004514654690066206,0.7312330293610853,False,False,"[0.4914266067929943, 0.8561710617410355, 147.38479731848108, 116.97416978588265, 244.4355044442032, 0.40679923740347446, 0.4565655053793744, 164.13356741994906, -108.19630174827195, 128.66186589729952]"
0.011268407267066818,21.326467772457463,2.092965579627321e-06,0.7646171164549144,False,False,"[0.5244958266913808, 0.8226497436566914, 151.2574076100558, 125.44063326707689, 242.84990856734606, 0.37877125436472653, 0.470638734445209, 160.7871576609999, -100.25308910906327, 131.59694469539758]"
0.011212065230731483,21.342986975103646,4.491165458389263e-07,0.07581929202308135,False,False,"[0.5044154694172278, 0.8516657501130018, 149.77601801869997, 113.1107418940959, 242.95022082596802, 0.46469718809163596, 0.4474782899948112, 161.3954879620607, -109.84943963070339, 131.43095033644525]"
0.011156004904577825,21.25511953017925,0.0010991874679623375,0.1494825962763746,False,False,"[0.40589154569614716, 0.8482676876768817, 153.81803261184677, 123.17661877744791, 249.30041291114688, 0.507281024123691, 0.43470710574053567, 162.95468711105883, -107.28398139103284, 132.93690780826907]"
0.011100224880054936,21.2513192405141,0.0014958515418433947,0.2628053428552751,False,False,"[0.4503071745516082, 0.8687062075138317, 148.8922128121792, 119.93046076953826, 245.6072720342211, 0.4512397451001978, 0.4613685695887731, 157.6388066856178, -100.56429449909707, 132.99384598549975]"
0.011044723755654661,21.247188655659603,0.0021043235352087267,0.3963662079147737,False,False,"[0.5007925508893226, 0.8881533870804522, 148.3141740423287, 122.92711921944175, 247.9935399195804, 0.36157902900313865, 0.5606504438875203, 164.9595552983375, -105.44357535889047, 129.47877123958344]"
0.010989500136876388,21.216606854216607,0.03297799237301904,0.36599698248806156,False,False,"[0.4055180900428783, 0.8851959937405162, 149.50776305136313, 114.71410068694689, 249.18211182826695, 0.40722142199378764, 0.5169610710104692, 161.50748460856045, -105.56372642599874, 129.35763002560284]"
0.010934552636192005,21.403131325220926,1.2661021812955063e-09,0.29521666801495194,False,False,"[0.40945734839577036, 0.8180454581414796, 152.83524141640265, 118.8414185523645, 245.99775528293705, 0.35601838160690624, 0.4580734932132339, 162.7373260482703, -100.20061639393286, 130.97161873685477]"
0.010879879873011046,21.242405574460356,0.0029749629846966196,0.9395257136763568,False,False,"[0.441715727028136, 0.843084448931874, 148.24559484831556, 113.3526051348851, 248.44161174471236, 0.3550884856605841, 0.4291313844864016, 160.0349725790605, -102.41762941109567, 126.48414079262437]"
0.01082548047364599,21.22108636919939,0.02070451915518737,0.02367711297921893,False,False,"[0.40031992754000983, 0.8936374898672188, 149.25326005367535, 114.96054856128025, 246.7297582973483, 0.45695251892875544, 0.5194047328607242, 162.08997548378863, -100.99814310799471, 126.33523936836602]"
0.01077135307127776,21.210019509013936,0.05672993889759128,0.6188776203030598,False,False,"[0.4442538371882434, 0.8872510365329347, 154.14974449087416, 116.0166324607745, 247.70461938099857, 0.3573689940198277, 0.45977565815093446, 161.20159279609118, -102.07018096694546, 127.0258881296584]"
0.010717496305921372,21.236625802738637,0.004670997039372566,0.6658407078349923,False,False,"[0.5025221985514313, 0.8876646510462567, 152.10559663957014, 124.85811926794595, 243.25720520025826, 0.45301002409253743, 0.5506390065195168, 160.81878782165796, -108.90476321405382, 130.96558996684377]"
0.010663908824391765,21.266082170089554,0.000287123508692966,0.733659672712451,False,False,"[0.502200000448838, 0.8923799836454148, 147.71358560168443, 111.36871857429666, 244.61617686213074, 0.4635497188574299, 0.47781891513443703, 163.76576173811947, -100.16712112587379, 127.67961861406333]"
0.010610589280269806,21.338799466242225,2.910249224791856e-07,0.04819096451289839,False,False,"[0.48428789470266115, 0.8419607663484695, 147.73610692281133, 119.03477875945174, 245.01752287504362, 0.3963692739975073, 0.4898721964967903, 163.39532394246822, -107.7443544238732, 129.9716560321615]"
0.010557536333868456,21.31115224103855,3.701527625044298e-06,0.6583485017253364,False,False,"[0.4828891576237662, 0.869322767640583, 147.15168341928185, 120.63284139891452, 247.81792844619753, 0.36967633288037516, 0.42005837767228194, 157.3221015510059, -98.83412195816337, 128.08853710247328]"
0.010504748652199114,21.390504308866493,1.8216256347262193e-09,0.44748214940330877,False,False,"[0.4464383521240977, 0.8223374345872743, 147.82714837466, 119.76372396201371, 247.79246842974405, 0.4201018225659522, 0.5253973360567057, 162.06775075003517, -101.588730756787, 126.68811857126194]"
0.010452224908938119,21.259774034610725,0.0004450834841571299,0.4658416799152798,False,False,"[0.3993533794501961, 0.8681009695307331, 152.96352341854617, 111.68452189896352, 246.2454897229234, 0.47592091221417504, 0.4403003521578864, 163.91770950397594, -108.9724408351768, 131.15839809316114]"
0.010399963784393429,21.20011293176566,0.1327398140979954,0.17013863044044386,False,False,"[0.5234455152755325, 0.8852664961278308, 153.71196968219255, 111.96028686284251, 247.91904531761855, 0.3487958447255095, 0.4937319382784428, 160.41268137746061, -106.70782823431219, 127.28502867934709]"
0.010347963965471461,21.34237406490121,1.4061314612850773e-07,0.9111825486500935,False,False,"[0.5382976313924088, 0.863591038487268, 154.78648915206938, 111.06352394526607, 244.9671814336313, 0.48883800731648347, 0.4666965932869386, 160.48178838791705, -106.90057524288201, 130.24381130075528]"
0.010296224145644104,21.25567742311538,0.0005894624146489958,0.7687942383396876,False,False,"[0.46766348940085983, 0.8407023795329065, 152.16543835795483, 116.2969075321406, 247.7519807185535, 0.4926129218521486, 0.5171584725411889, 163.11003500091346, -102.40025284248316, 125.62025279692158]"
0.010244743024915884,21.336628989298205,2.1015208900898074e-07,0.8720114779307218,False,False,"[0.46509440212549735, 0.8250526103588747, 154.04257696247055, 113.4758113712049, 248.93621181604357, 0.4172584919344712, 0.4176626860551036, 160.92393938294794, -100.41726116501724, 131.96440845868221]"
0.010193519309791305,21.305918429807186,3.957316278209858e-06,0.9686987345544513,False,False,"[0.5345605955681241, 0.8867769475052412, 152.0377040613536, 120.28673237982919, 243.19807856449341, 0.3493076175816483, 0.5286211232561651, 157.41025412347418, -101.8478984982073, 129.17100984289664]"
0.010142551713242349,21.29350861360858,1.2636553102067394e-05,0.49453254054775364,False,False,"[0.5131441418187215, 0.8593126130984359, 149.9298125073379, 121.58568754861793, 242.8391329515278, 0.5064566134545433, 0.44135999336368525, 164.6377046092041, -102.90311135422034, 129.87019352259895]"
0.010091838954676137,21.295089484663844,1.0208974813480977e-05,0.24081137475419057,False,False,"[0.42439016831364496, 0.8420685335734662, 154.8436763416486, 112.2376302484893, 249.3679164838531, 0.34810606704295444, 0.44965861781437816, 162.56954923695903, -99.72349763658733, 131.50156669136518]"
0.010041379759902757,21.261791603901564,0.0002654916855943286,0.369472344414872,False,False,"[0.5192269028827233, 0.8442910466293104, 151.33461259236148, 124.50521788947351, 245.94087155416588, 0.4634954324884686, 0.5010171850077065, 157.793595586845, -105.48144997727215, 132.40449227955003]"
0.009991172861103242,21.28827579630701,1.7983378308745513e-05,0.2428612256881112,False,False,"[0.5461960475049764, 0.8286356933942252, 149.72844796355892, 124.85498059148169, 242.0653865256022, 0.35446272102895887, 0.5274137145053897, 162.9112407244991, -106.39640533392783, 130.8188320681112]"
0.009941216996797725,21.338113474137174,1.1318925596138729e-07,0.5622651095273605,False,False,"[0.41582007997443055, 0.8400861018500172, 147.17830285544, 117.496959226709, 244.14979793446568, 0.45073947549826415, 0.41691006177315537, 160.07150854076517, -99.51261421244466, 132.03139280333534]"
0.009891510911813737,21.2114371540761,0.03808220500314986,0.9187717107983866,False,False,"[0.5123593182957124, 0.88855855149832, 152.5374271714552, 121.7500853529314, 245.6651917530995, 0.3485834664832548, 0.46332100130603404, 160.9424052350568, -103.46344247641429, 126.29833131550059]"
0.009842053357254668,21.297370413830098,6.0487241946862226e-06,0.2290364847694052,False,False,"[0.46470812050408306, 0.8392025565538471, 151.90967202089882, 110.6575524102968, 243.33205786180798, 0.3630010823973999, 0.5624724432164516, 163.87530248418102, -104.01635008758454, 127.1107948250476]"
0.009792843090468396,21.169268572806345,1.0,0.780538811263226,True,True,"[0.4904086752381138, 0.8930982836053516, 150.47652153159783, 123.61204335326222, 242.7120889912672, 0.42845929121155113, 0.4741587707007948, 160.28439358407533, -106.7306533250922, 126.37856113420159]"
0.009743878875016054,21.268486246505706,3.782409011563079e-05,0.40203682484936387,False,False,"[0.4406312096918149, 0.8246332466812779, 152.2979871157601, 127.40275326419385, 245.50886553580355, 0.4566701802459748, 0.4469423094081135, 160.93542586492876, -103.5804694456415, 129.44803336871442]"
0.009695159480640973,21.263309683225927,6.129573724012331e-05,0.5821791016920286,False,False,"[0.4841968776290032, 0.8491551413292374, 150.1985271429892, 123.37028774798227, 241.69708186563932, 0.47969691357155425, 0.5272055400548361, 164.19547213585545, -98.82802071295596, 122.61958891999811]"
0.009646683683237768,21.23617216770162,0.0009727354221159321,0.5549099561346221,False,False,"[0.5107697628539423, 0.8541117268163534, 147.4150783245031, 124.50120894774807, 241.2594926040797, 0.5049165805602189, 0.39521632919104843, 157.0965618260009, -105.48729830919713, 124.87368050443084]"
0.00959845026482158,21.273356635265422,1.951636716428355e-05,0.7702630725880363,False,False,"[0.4773741282834499, 0.8324402486926935, 153.637046959956, 126.76161111651642, 245.51870360572394, 0.43965800677404476, 0.5271316414670767, 162.18474642295675, -103.0679668646618, 125.50734345267651]"
0.009550458013497472,21.218764128793268,0.00561377331814755,0.5975858416608495,False,False,"[0.49395134035631083, 0.8684231383479546, 148.90219715447537, 116.43673209912497, 240.53605115519701, 0.4691851112153614, 0.5454961274075295, 162.06342732003566, -108.64917172961988, 129.15267846470962]"
0.009502705723429984,21.29292777270667,2.231020178232791e-06,0.21298600286803648,False,False,"[0.5449268000436592, 0.8586017044427537, 153.40793252386212, 128.53224524924482, 242.58290702647872, 0.3758320908464504, 0.5421361907290414, 159.3373570018979, -106.53781922886799, 129.27398308540498]"
0.009455192194812834,21.3104803083817,3.265002812867912e-07,0.21414472472023627,False,False,"[0.5532223082694376, 0.8651000260263, 150.2866801950804, 128.4365397176921, 241.80372826919952, 0.42474948765888487, 0.4045417034801285, 156.6714818175932, -100.34561082032562, 129.35475858668107]"
0.00940791623383877,21.313440573368055,2.2112420781913083e-07,0.05551733192104036,False,False,"[0.5660702963277027, 0.8337480011816628, 152.67313883234365, 117.9198685758006, 240.7466116109198, 0.3710083159603512, 0.44325717478111654, 163.17790173364472, -105.75624485296458, 126.67047112908396]"
0.009360876652669577,21.259037264622066,6.842488187716338e-05,0.29510905022399636,False,False,"[0.4128077963150659, 0.8349434613496339, 148.3265833825384, 130.97830640630113, 244.21295803869165, 0.3741715908890379, 0.48084074701507473, 158.4985719675258, -99.80880891705672, 123.67396117530822]"
0.00931407226940623,21.230637775029003,0.001375594854932353,0.5770571999195748,False,False,"[0.48701135560872955, 0.8787748205947344, 152.61975578982035, 131.25586692746194, 242.88902144390278, 0.43306859859027286, 0.5217369830585123, 158.88329827461675, -99.7100937266246, 126.38553416274014]"
0.009267501908059198,21.28885612304295,2.488157118151703e-06,0.7942638847240898,False,False,"[0.5376486480390765, 0.8739212849050718, 149.7621736741901, 127.38725500890058, 242.16091516246183, 0.4478978516013339, 0.5399266657742772, 160.1870531914659, -106.92828836410933, 129.32673868228974]"
0.009221164398518902,21.228750516558595,0.0015795911528158394,0.5930287256772865,False,False,"[0.513088593672923, 0.8349814266323319, 152.9331446604295, 116.24990898090995, 240.88429373262824, 0.421866292718757, 0.42766531601804714, 162.28074498335266, -108.082776672611, 127.80380276141476]"
0.009175058576526307,21.29952656246689,6.828671845488911e-07,0.8546006752611692,False,False,"[0.434408062819248, 0.8363858881679072, 150.61214007940376, 125.77384747180619, 238.97164164397074, 0.39549438337431647, 0.4107988148899632, 162.2203788913601, -99.22698662660903, 128.2623478435007]"
0.009129183283643675,21.273455941383983,1.1055728825839266e-05,0.9587942532004164,False,False,"[0.5411305011421149, 0.8711905591715372, 146.51337538525232, 127.99899879476436, 242.25904857252894, 0.38127534382512973, 0.49047374935488086, 159.94712489761858, -100.80023269564907, 128.20018021174832]"
0.009083537367225458,21.288663738911893,1.9569435652854452e-06,0.46891424548898286,False,False,"[0.5530148954081183, 0.8661754649206999, 153.1364865119984, 120.96778479921896, 241.4098898144859, 0.4855458954020868, 0.4744746041407187, 158.53409847401323, -102.52075714867762, 127.45078873320452]"
0.00903811968038933,21.29532533484405,8.76584169850523e-07,0.8442064369680714,False,False,"[0.42485807688644983, 0.8805707462992169, 150.01788855097203, 122.39998854015876, 242.90952310237373, 0.4032365994693887, 0.5337389017703457, 161.74160800550516, -108.46884943121108, 126.68580322251069]"
0.008992929081987384,21.249418941002446,0.0001346813800601031,0.4791591732419358,False,False,"[0.5674269253642402, 0.8877533417964891, 151.73871590983663, 115.87412743656712, 241.45252860374734, 0.3624494955342964, 0.49814081873909327, 158.93898711175265, -104.87620872103561, 122.72885085054651]"
0.008947964436577447,21.27041307784643,1.2328056426275764e-05,0.3750402672771278,False,False,"[0.5182410069106367, 0.859804478649838, 147.79474812899343, 116.3553798015389, 240.71043707478387, 0.4223162465050685, 0.49532342464642204, 159.6490229968106, -100.28358192870694, 124.04152210491233]"
0.008903224614394559,21.282900691972294,2.864749671862997e-06,0.6077823109846441,False,False,"[0.5338108920625684, 0.8697132133281571, 150.94018216198046, 125.22265084932948, 241.40265742965164, 0.41486075267999006, 0.5024546601918013, 158.0110144754037, -99.69816582634857, 125.26543384181767]"
0.008858708491322587,21.310999879927337,1.1263721275733418e-07,0.7923863752199505,False,False,"[0.4945716300581958, 0.8578781486749475, 152.66679517019094, 123.23429562140996, 245.81832307083602, 0.48554701714659293, 0.5492577126368633, 157.7683067060223, -105.94198527749894, 127.19196215426986]"
0.008814414948865973,21.286354652566185,1.7023904079687313e-06,0.150019424919406,False,False,"[0.5390356664108641, 0.820711767337475, 153.6786772529546, 126.92514495105652, 242.92963950903393, 0.3548026221790771, 0.4628726676257022, 158.49542868947864, -108.60040348165133, 129.35372256076215]"
0.008770342874121644,21.384897903608547,2.1006448431705066e-11,0.9777469289613353,False,False,"[0.5534036520877165, 0.8237852398189764, 149.66494507587706, 120.11234591117349, 245.5410057029598, 0.39470133029592946, 0.5359202886260981, 157.27504257066994, -99.19842417011873, 122.47033517104586]"
0.008726491159751035,21.342252571465608,2.4606054285931246e-09,0.6460929001131165,False,False,"[0.43945295554807917, 0.8256636141671956, 150.02582386233016, 119.41788733759145, 244.42541736097908, 0.43537339135151776, 0.44932295328251115, 159.90543727808495, -102.55337951097297, 123.91626452704303]"
0.00868285870395228,21.249269786268073,9.966508047349953e-05,0.7768054815886849,False,False,"[0.45954625100063806, 0.8504130201873125, 148.8464479514982, 124.64166926972096, 244.72861297470592, 0.5037984345435977, 0.40017342302883785, 160.23907896298266, -102.90050377227372, 126.39453041342348]"
0.00863944441043252,21.246770622254097,0.00012707647741139853,0.6079499145389884,False,False,"[0.507024729723391, 0.8917064830146675, 147.42305646431785, 123.28791044514709, 244.54302418785073, 0.42433082631462676, 0.5472581215225728, 163.95427399869024, -105.5934417441074, 127.23338368767728]"
0.008596247188380356,21.376336615760756,3.456460756569547e-11,0.43394115465563055,False,False,"[0.5465387298079055, 0.8206475919704963, 152.83962203117537, 120.78448118049936, 239.50731548574277, 0.47717555641086806, 0.5085729777754835, 156.8721842498831, -101.53498202151118, 124.01303828275337]"
0.008553265952438454,21.215284523448773,0.0046081560468574645,0.6904739859264697,False,False,"[0.4713925525924975, 0.8708160011186447, 153.0455439975754, 124.58099162514799, 244.6020081059631, 0.4596529492478105, 0.5193358186834451, 157.39955006888206, -103.55246842798799, 123.04027655031379]"
0.00851049962267626,21.24989540902252,7.683827843929228e-05,0.621552326465797,False,False,"[0.48692942421158725, 0.8640254174219315, 147.57664697794453, 116.20128119556134, 245.37626938184388, 0.40373615190283363, 0.4360707963967179, 158.17150291444088, -101.16491404189416, 124.44949138087308]"
0.008467947124562879,21.254279741440964,4.365595176609622e-05,0.18476252092530032,False,False,"[0.515673543071041, 0.8624670387696277, 147.90325909853135, 125.93165146477938, 243.3514150237721, 0.4439096416571068, 0.4096077790684939, 159.34444579561585, -99.11145281612266, 123.88513305213812]"
0.008425607388940064,21.278069349279207,2.465520053902331e-06,0.8935483324302508,False,False,"[0.4851651532720749, 0.8429095242551314, 147.9388732193111, 123.09590296569291, 239.53205852706017, 0.47831773285758444, 0.4576550243036184, 161.38116027817642, -100.31080078730878, 129.91691491108864]"
0.008383479351995364,21.32004439255995,1.546209965030243e-08,0.6581000902864395,False,False,"[0.5190410909452181, 0.844312256358997, 147.32773320249993, 126.13229022939775, 245.36644001789486, 0.4064166812258148, 0.4870730627636888, 163.8194237186939, -99.46537538227896, 125.92361831753473]"
0.008341561955235388,21.332848311665696,3.043660701730034e-09,0.36358120535048155,False,False,"[0.5277147607646108, 0.8437295642214441, 147.38616683895546, 126.78693965807109, 239.7440593498655, 0.49213603418322055, 0.5352128792672712, 162.91738359067253, -106.24636850795504, 124.20152944664738]"
0.008299854145459211,21.376036586422433,1.5161729664791826e-11,0.9757835395568889,False,False,"[0.44677942373744206, 0.8203667550362059, 153.54865748577745, 120.66730566972362, 244.62462659775503, 0.5025787103153246, 0.5510896973899725, 157.43031687566477, -99.35611933757471, 124.43550733924313]"
0.008258354874731914,21.371989583678758,2.1837677565673655e-11,0.7091308029202434,False,False,"[0.5433586095727406, 0.876129963788945, 153.53798416899596, 129.13164066759208, 238.81006578082378, 0.42522006210635027, 0.42015849730683774, 157.8204368644611, -99.14909441859157, 126.59750990978223]"
0.008217063100358255,21.20841962838733,0.008526259964304353,0.43598951063016567,False,False,"[0.42880872090378663, 0.8762927306412824, 147.07499046129703, 126.55995325836598, 239.3125700837864, 0.4085663056431752, 0.5453953382487312, 160.59054674951716, -106.6885747877884, 125.55630560312123]"
0.008175977784856464,21.303564045814312,7.352677714576219e-08,0.8982812145407779,False,False,"[0.5342905625104761, 0.8284190514399328, 152.557542774062, 121.24381081131229, 241.44821869938903, 0.3698570067749527, 0.41751781601614524, 162.94472496245226, -100.65462684827526, 129.91632686660265]"
0.008135097895932182,21.30935664035161,3.3216910740571854e-08,0.5421791961826457,False,False,"[0.5618977374320876, 0.8177553526193879, 150.89100866515494, 118.8628988833927, 239.21104004367982, 0.38276150429963385, 0.4619109257027608, 160.94718483703767, -104.4682876930554, 127.95005488835504]"
0.008094422406452521,21.219654642541283,0.0019797419423934976,0.6658014010637924,False,False,"[0.42999787426987757, 0.8943630482899083, 148.9067931062545, 124.79317653272619, 245.1009045827672, 0.4090518474026822, 0.5135065519422346, 160.64270294849072, -100.8299723670887, 122.43036167858219]"
0.008053950294420258,21.279748488309092,1.1029946523080593e-06,0.7283041889804488,False,False,"[0.55991836228701, 0.8494056285188225, 152.88142790569142, 118.32756317651723, 242.69415158173507, 0.46969863581514837, 0.4901994627827195, 163.68211274166475, -109.43459451333077, 130.07273602750917]"
0.008013680542948157,21.241896286705636,0.00011587877567833468,0.9972114352349473,False,False,"[0.5275628269409263, 0.8762382084262101, 148.97172119776482, 126.87649169838751, 244.95205598425161, 0.4752215259195452, 0.4599395056906878, 156.8429280940098, -103.09561283996742, 123.05263832673333]"
0.007973612140233417,21.2599195862282,1.1549404066517109e-05,0.692668764888311,False,False,"[0.47104443199788776, 0.8298043755012219, 151.3728493826919, 122.3801201031487, 240.56745313130247, 0.43763288749829043, 0.41282136432966005, 158.18370595961042, -101.75645220865981, 129.26141349107027]"
0.00793374407953225,21.25201969320868,2.9524991862644044e-05,0.8506926578143396,False,False,"[0.521466463765443, 0.8765943960722189, 147.40178732956093, 124.09308085843936, 238.9093926976112, 0.5007384057605346, 0.5070375238664793, 156.53881140059346, -99.57540571584167, 127.17251580775182]"
0.007894075359134589,21.260804494660604,9.2072285976482e-06,0.07328661707834339,False,False,"[0.47967447811299224, 0.879805382697843, 148.8819604746704, 120.29383196209075, 241.4613936394084, 0.3667760764909981, 0.5269032213539872, 163.2421797984349, -98.76183134119682, 124.09615934352969]"
0.007854604982338916,21.302820535039185,4.127476759132934e-08,0.781143790400676,False,False,"[0.41412680356571835, 0.8810956500216243, 152.7089453210779, 128.18184354336455, 242.00714643812398, 0.38958109035572636, 0.47859800792602125, 163.77084414930255, -105.25862919194594, 128.93397165084806]"
0.00781533195742722,21.257209549153064,1.2976557520546674e-05,0.30410570100405465,False,False,"[0.5405436844314562, 0.8200275457222737, 149.900391046946, 117.9318463417589, 245.42832877810235, 0.3962669466770753, 0.39760521292328743, 156.63109616148432, -101.64921521046789, 125.13865013597619]"
0.007776255297640085,21.30432480171809,2.8659754352753082e-08,0.7350486892806212,False,False,"[0.5502393455865022, 0.8630181636017499, 151.84138914714296, 117.13913822151004, 243.70202338045877, 0.48028730865390096, 0.42919202353480246, 157.18338917388374, -99.769404332262, 128.89979682876665]"
0.007737374021151884,21.231782658831897,0.0003098270059584676,0.8014761731976415,False,False,"[0.46244469246856973, 0.8264026272865764, 148.5751028888391, 117.37070480684862, 243.92628293075398, 0.4103978094828984, 0.41152616633368816, 157.1205577355199, -103.44452201374769, 126.32530942159717]"
0.0076986871510461245,21.277259866475546,8.091876649185097e-07,0.9277261526034374,False,False,"[0.5615326338494306, 0.8842398976402439, 153.20731117485101, 125.54393408586257, 241.2120532384211, 0.3818273349156145, 0.4996958615174051, 160.09221555946323, -100.66936670280201, 127.25189968553329]"
0.007660193715290893,21.281572086162,4.2949217321933215e-07,0.5942919476557512,False,False,"[0.5578188130408355, 0.8541719046092677, 153.02024296027489, 116.16317032254523, 245.05048824903864, 0.354084231388621, 0.5357040058055769, 163.1951962151462, -99.24387214387998, 123.36384475898377]"
0.007621892746714439,21.310800924118986,8.619946591514866e-09,0.20633796277895655,False,False,"[0.417128911081116, 0.8703761487922416, 148.05063196125977, 130.2835909756162, 241.4476784025401, 0.39466729939294143, 0.4439196647678064, 157.7772085685557, -102.11841796101733, 129.10515613707898]"
0.007583783282980867,21.30973527377546,9.036603403852299e-09,0.24581688091967224,False,False,"[0.49245668984656144, 0.8221949325048444, 154.32962462002246, 131.19460272283325, 241.75929532058194, 0.48577445431331445, 0.5466515898687024, 162.12723877429704, -100.3999676225168, 128.31339098606486]"
0.007545864366565963,21.22378451332092,0.0007284352849153969,0.8687074999051501,False,False,"[0.512823753081543, 0.8882320823647506, 153.18626660214508, 122.30406555930742, 239.44860991713875, 0.4000723646777861, 0.44682352668888814, 162.66432171841123, -101.79765198096692, 125.69736094807025]"
0.007508135044733133,21.23703283475341,0.00012030922281365292,0.9759427464843444,False,False,"[0.5157177092049631, 0.8682469089619564, 153.12945090631297, 120.20403232446029, 245.15706059203703, 0.46200123718386027, 0.4645619784883903, 158.1871940787504, -101.75977693890009, 127.62634593657606]"
0.007470594369509467,21.299309071671694,2.755776147018567e-08,0.3898461993608692,False,False,"[0.5400850680998833, 0.8898319689099611, 148.31095810740504, 117.54863993782173, 246.34569828178792, 0.40855619929505765, 0.41954496840295785, 161.33382935500086, -101.58775076777614, 126.24377512500489]"
0.007433241397661919,21.248319492498858,2.4064221521165057e-05,0.4438516495229028,False,False,"[0.4210979353635023, 0.8363409445763313, 148.23778174192364, 119.96145867454877, 239.64560947900364, 0.3551032222155538, 0.4688608077304819, 162.78862897648324, -104.55650086483263, 124.21217974938665]"
0.00739607519067361,21.31889854159317,1.6360252568575243e-09,0.9314664479409562,False,False,"[0.5624465409261238, 0.8785075287427707, 148.99343314782612, 118.69718664268494, 244.7327377099072, 0.4623633610717603, 0.5276950646519725, 158.9038243468206, -101.02763534768872, 128.20002130655809]"
0.007359094814720242,21.21525079022085,0.0019336374615596787,0.018103974113366283,False,False,"[0.45301269498869556, 0.8606477044257705, 148.1813064118506, 115.88498726058758, 246.44908385105353, 0.4792482302010197, 0.45073091962396916, 159.32267699249877, -101.76228039059906, 123.97833773471788]"
0.00732229934064664,21.345435796702017,3.5588331960082845e-11,0.5532164848491464,False,False,"[0.4531169408526881, 0.818211170579462, 148.51538293085264, 115.90155538058526, 242.31099615074504, 0.3884798459493364, 0.47713356555063335, 160.8099035974661, -98.8713064201182, 128.11282355233226]"
0.007285687843943407,21.256010753557355,6.750913531489578e-06,0.04699906087599082,False,False,"[0.49138889389052404, 0.8414509887259866, 148.6224083597805, 121.99979894881542, 243.70493762213826, 0.4268201428357846, 0.5329534698196388, 161.7731264711235, -104.23227851116255, 127.12629145423732]"
0.00724925940472369,21.275873775097764,4.1059108978908653e-07,0.8695631415788146,False,False,"[0.5340929080622531, 0.8489222701137892, 153.5678515107276, 121.98802486775648, 239.39822921632464, 0.48930899118920473, 0.4151185137632986, 159.7241426412374, -103.80753453742662, 127.02563965317728]"
0.007213013107700072,21.38148062562147,1.67010131680832e-13,0.630580989927794,False,False,"[0.44570182789981994, 0.8138291582919897, 149.45725506641563, 120.5919844328777, 244.35216171950512, 0.3844620900032662, 0.5441289699635176, 156.73526900363885, -101.43589396830524, 127.45376477157977]"
0.007176948042161572,21.303567495422048,7.468741357554404e-09,0.792297682319821,False,False,"[0.4358134532195127, 0.8638777670427216, 152.80414402219887, 130.87264813720336, 243.44175204490188, 0.3602514085185168, 0.44016177339472107, 162.6712718905672, -103.83183931899907, 123.74328583244603]"
0.007141063301950764,21.289880197960663,4.6219261740122744e-08,0.2469361921743587,False,False,"[0.4655675554701422, 0.8753556495612542, 150.30750415267184, 118.24547504544233, 239.5012778158108, 0.5041885084366934, 0.5069330833079024, 157.70099242570066, -102.24047649296989, 127.86077651859239]"
0.0071053579854410106,21.341699910649563,2.888235287052197e-11,0.09787821367620964,False,False,"[0.5180532305798767, 0.8486221753182207, 149.1269796426109, 117.6429291983003, 240.69356051609105, 0.4175465316155894, 0.47380218543523384, 159.57493805666388, -107.82542305788266, 129.37340855147121]"
0.007069831195513805,21.263081102936695,1.7264973567592855e-06,0.5450167890582714,False,False,"[0.518243918701556, 0.8861210809022722, 148.81122002178202, 125.23703647181853, 241.41060194733222, 0.45252447313631466, 0.5188757225243773, 157.5159415018842, -102.38940996686634, 129.09043433950782]"
0.007034482039536236,21.267511172310584,8.604062624250834e-07,0.5871542486310106,False,False,"[0.522085671345862, 0.8184348494745661, 152.6894687547036, 120.69377559978966, 246.56320718142445, 0.4791648390257885, 0.44204571122254827, 162.1002418798362, -106.77566860605388, 129.76205871334707]"
0.006999309629338555,21.27750624441452,1.9233068133281178e-07,0.32956301707806834,False,False,"[0.47708730522903137, 0.8255198031079101, 153.85016550799705, 124.09059017063868, 239.73483189919077, 0.48227404405595004, 0.49008776984531777, 160.2657402053541, -102.12902333691524, 129.99194556111635]"
0.006964313081191862,21.178873092483,0.25180379189474933,0.8844068789256958,False,False,"[0.4152029142273791, 0.879685549380435, 150.7441721556196, 125.65392334834455, 239.56046989894304, 0.40530709258902714, 0.4502677345696699, 157.7399008572548, -104.8457451211489, 126.85013016016951]"
0.006929491515785903,21.28289769067873,7.559306498603804e-08,0.14264029438185533,False,False,"[0.5324623070217899, 0.8318838480256456, 147.79948693871057, 121.02363192847116, 240.1280578764932, 0.42581539416096076, 0.5389945867006872, 159.95229359808624, -104.82987889706953, 127.41302527075608]"
0.006894844058206974,21.25189249958061,6.2468287705092456e-06,0.037022994885075544,False,False,"[0.49030921601565336, 0.8663910620140327, 148.08172931299114, 116.88258308974906, 242.64000098042405, 0.36822403979954615, 0.5044011187882524, 163.91896396405292, -103.46571171552634, 129.64614083494288]"
0.006860369837915939,21.22475147280106,0.00030737247133570515,0.4508667792678863,False,False,"[0.4163109149879264, 0.8463593914588022, 151.34182822369436, 127.46033334708666, 241.74032323121492, 0.3625847977802774, 0.5066715684698136, 158.29642476052027, -104.7306881748748, 126.39367788428798]"
0.006826067988726359,21.29770359772206,6.738864459077654e-09,0.4561275620667026,False,False,"[0.46800458148386453, 0.8711997770235035, 149.37929604791788, 124.39320787875151, 241.86930495306373, 0.5073747974089252, 0.5013670726099299, 158.87948570284675, -99.85713811011209, 124.98151907480835]"
0.006791937648782728,21.17991733518268,0.208492256691132,0.7161635836552787,False,False,"[0.4396557057934048, 0.8727829028241608, 147.30979745395894, 126.10930680058178, 240.06599299883712, 0.40039929823868975, 0.4291804993591757, 159.681631724716, -108.19569844572783, 129.3704070845477]"
0.006757977960538814,21.328546591189806,5.809817153859051e-11,0.6016441810004772,False,False,"[0.4884233692336425, 0.8266447721433806, 151.82786760394828, 128.31647308178643, 240.1379053121025, 0.39732603454471205, 0.5384065355711432, 159.9975482083026, -99.47803338562179, 129.20050305544223]"
0.00672418807073612,21.2924154688424,1.1125598553091755e-08,0.8610995915559969,False,False,"[0.49543411209723187, 0.8410227463069477, 153.0432522764707, 121.07893028295126, 243.6713811674484, 0.4531980050546172, 0.4154449308261581, 159.64801395494942, -99.74949273102922, 130.01610594200886]"
0.006690567130382439,21.26562498573694,5.563710684856729e-07,0.786209184598425,False,False,"[0.41427691965116753, 0.8383345340852425, 154.11746498449287, 119.9737498469155, 246.61246827108943, 0.4184106383463567, 0.4914007029084757, 158.30427342045013, -102.2911528397968, 129.90928171451276]"
0.006657114294730527,21.27664526890267,9.885459262281551e-08,0.08445111886022971,False,False,"[0.5110885236974225, 0.8936202428786113, 153.52574459107058, 127.51500651319024, 244.15013022313215, 0.43097041209330045, 0.4342936329792038, 160.1277198934766, -100.80684832226424, 129.2059313827932]"
0.0066238287232568745,21.224400736618865,0.00024279148273631713,0.7061414562240509,False,False,"[0.4346876456875848, 0.8474552521169587, 153.3815415442509, 125.06440784378228, 243.48991693853475, 0.45668894809218097, 0.5402997691173531, 158.67445274731887, -105.55504881228399, 127.15065097499689]"
0.00659070957964059,21.247758289323897,6.7285891453113415e-06,0.5442643581402066,False,False,"[0.48673750587557235, 0.8504796601023974, 154.14954833071673, 122.68637057240386, 245.11555746245926, 0.42690875200729295, 0.5044172529807173, 158.88770276690926, -102.32112584140272, 123.00515337731872]"
0.006557756031742387,21.25800375278354,1.328668951376549e-06,0.6975860544528211,False,False,"[0.4862553047529508, 0.8617445292994796, 151.2649928570715, 124.57039652749181, 239.8468052322548, 0.470997700578616, 0.5537313643107448, 162.5348154480256, -104.78172580391998, 128.26778770924713]"
0.006524967251583675,21.31043233255923,4.0206744665169613e-10,0.5870557602750769,False,False,"[0.46396984976965944, 0.8721522240187709, 148.30059526604907, 125.81266698484129, 242.7660749228103, 0.3707895429855487, 0.5396994802940737, 157.96299875759448, -101.76698969214554, 126.73391258041826]"
0.006492342415325757,21.27475676985136,8.780959067295242e-08,0.352944270704752,False,False,"[0.4215298598111915, 0.8675560817644341, 152.2680648706471, 124.25958602938418, 239.19356404208247, 0.41227011918120904, 0.394530659658301, 160.45540093597532, -99.10719737617146, 129.62356224418534]"
0.0064598807032491285,21.241455325241013,1.4025601171013505e-05,0.8452937609735431,False,False,"[0.5520776974146906, 0.8590417829501316, 148.2442296421749, 117.47831223305991, 242.88354465772588, 0.3568320160601563, 0.5145820056729804, 157.76116659980386, -105.68300280001475, 123.88653640598895]"
0.0064275812997328825,21.25743434341855,1.1037599295914358e-06,0.5339658682249405,False,False,"[0.41791442607427454, 0.8572449495382628, 154.05413889228598, 122.87309912732664, 245.22585251443277, 0.42685056869842725, 0.5419853379420226, 161.48291005861253, -101.78935675732394, 127.91343090060877]"
0.006395443393234218,21.309638314001287,2.937186854517476e-10,0.044834384074837974,False,False,"[0.48100221502157214, 0.8296080161090612, 149.31473662911705, 130.60083187477414, 243.73444047171395, 0.4047275811231507, 0.4731122145877679, 162.7907760549675, -105.10657570456715, 128.29358236536783]"
0.006363466176268047,21.323035361464523,3.204119366792304e-11,0.031887832274314576,False,False,"[0.4542167207037621, 0.8644060907218897, 152.00965958231166, 116.46448706672055, 242.4556347773326, 0.4967949202397217, 0.4639191874167304, 162.42208150885298, -100.46334707232617, 123.07594702976478]"
0.0063316488453867064,21.252798642182505,1.8645941424595618e-06,0.755577613879531,False,False,"[0.448663162677294, 0.8947553723389934, 153.79492026184457, 116.79318840876434, 240.55013654923678, 0.4451337750752683, 0.4983169082985406, 161.64795256284899, -107.98469497443229, 125.90676345803595]"
0.006299990601159773,21.175484151509764,0.37284172987186615,0.24459436765762288,True,False,"[0.4607099387311282, 0.8943929741914112, 153.12654990501767, 124.86588767838677, 245.4975883967981, 0.3646202651819189, 0.4610446851186084, 156.79423022426928, -103.60437265905112, 128.13752399440693]"
0.006268490648153974,21.272325528283716,1.9526375301740383e-07,0.7877468845594516,False,False,"[0.45518012942274605, 0.8628880584686247, 151.41473720382083, 124.28731547649002, 248.64363858320883, 0.3481125710220746, 0.44588711595530783, 159.78048802297897, -100.79791913461263, 131.79519782239197]"
0.006237148194913204,21.247936981134135,9.01753729404223e-06,0.29782347877068593,False,False,"[0.5061791308293998, 0.8545908342947605, 153.47963451339166, 129.30450044575227, 241.72770794682353, 0.33727512711880175, 0.4009132850471503, 156.07269486367588, -97.69390990544274, 125.63238323905496]"
0.006205962453938638,21.265177178621872,5.287668192815006e-07,0.3911015609301335,False,False,"[0.475023972878729, 0.8523353114823812, 150.6030421901585, 125.48835621227987, 242.54418132726076, 0.4214669054275402, 0.3994241482873269, 158.17464760429462, -97.06532581289852, 128.3413941403524]"
0.006174932641668945,21.20448815402623,0.0091220958545962,0.9676797034578616,False,False,"[0.4312740799783974, 0.8678462173905379, 151.51986238843176, 126.32303815105512, 246.89623470692288, 0.4220111500495289, 0.4470657543846023, 157.00505011832618, -104.86185753955354, 129.2158641378272]"
0.0061440579784606,21.23362765556596,7.764436000085412e-05,0.8564716564161252,False,False,"[0.5097029062604322, 0.8866723653364263, 156.33961467579832, 132.25980841573144, 248.16185609595726, 0.31770865588863034, 0.42454504860131875, 156.48715820103493, -97.73322757604751, 125.78853511114302]"
0.006113337688568297,21.197236434556306,0.02849097001745462,0.40430153517878964,False,False,"[0.5273463009436615, 0.8885627131132208, 149.87612992539763, 123.23018591106558, 248.70512623157268, 0.34287385381129026, 0.4237111930805764, 153.89385613771816, -105.11418924292083, 129.73052135702267]"
0.006082771000125455,21.258390876915506,1.2041185902979677e-06,0.4149212043986894,False,False,"[0.4051004615013978, 0.8853404203493365, 155.7093092067934, 118.30662993746616, 249.10062332032487, 0.39975859370521816, 0.46949787221692774, 153.29776874946387, -97.30043533539975, 127.4530191494423]"
0.0060523571451248275,21.24574097918479,9.091450251425832e-06,0.7852431147071772,False,False,"[0.46625797194299745, 0.8696908559339798, 154.08637429915018, 124.82996839719833, 247.1903182839962, 0.40132416957386574, 0.5077051684431804, 153.7088647391799, -98.58882248116853, 127.33209511336686]"
0.006022095359399203,21.25318202599794,2.4927279849797035e-06,0.7059888067247083,False,False,"[0.48568730013068595, 0.8333269895849912, 156.9647888780617, 122.91624898933932, 242.93635444387, 0.42660779331786863, 0.47726851338077714, 160.2453493961466, -105.30162380248376, 130.068835695588]"
0.005991984882602207,21.37417849915997,3.969955460602992e-15,0.4403082257393679,False,False,"[0.5228354278239941, 0.842821039268704, 149.23207624237145, 128.5328062778199, 241.66918767543717, 0.39017573606231426, 0.3875206070963997, 157.54398993285318, -103.58963326693615, 130.50639589049246]"
0.005962024958189196,21.24875549636545,4.598987939659309e-06,0.10730808743829523,False,False,"[0.526251851520089, 0.8347461137460318, 154.4046968766583, 120.98984812618298, 241.66974278744107, 0.33091546635936586, 0.443991258903796, 158.3252739917947, -104.62384329753107, 127.5871804399927]"
0.0059322148333982505,21.360543396256652,2.830774142410626e-14,0.27783372542389895,False,False,"[0.5087351481935491, 0.8445454893002335, 152.41931048203114, 125.69935609574159, 244.88456719132304, 0.3588824927244817, 0.4657548289659298, 158.087654609996, -97.99608576057754, 126.47809079879691]"
0.005902553759231259,21.196084453495835,0.030498860224830168,0.10228571137977271,False,False,"[0.46201083780161856, 0.8733759782834011, 151.4620978590953, 117.97857087299701, 245.9603295510855, 0.3561285703140083, 0.5153610218768344, 157.63860339868745, -103.03343937109885, 125.0454778637534]"
0.005873040990435102,21.267826803278467,1.4843168322337741e-07,0.25009747238878266,False,False,"[0.3861655185888232, 0.8472043586406967, 151.65808546950169, 121.15636721803263, 248.9247793186336, 0.40843833818577835, 0.43769783162400866, 157.14429089820754, -97.7360704713125, 125.11043710669766]"
0.0058436757854829265,21.266781360432883,1.6402447103158626e-07,0.46009593641769586,False,False,"[0.3859471608901621, 0.8785323266311493, 149.8064657354908, 123.66129405761819, 245.9407272130124, 0.4099900817238637, 0.4765412188615735, 157.93710247103587, -96.0332142195469, 128.15650171561953]"
0.005814457406555512,21.21301725973375,0.0015724267967623584,0.7708480229123724,False,False,"[0.47910578488467104, 0.8947617046897068, 156.91579927643534, 117.99167484122225, 248.04992213711745, 0.3529786899345762, 0.4581439838346061, 158.27399964495893, -105.2218860489975, 126.4782720837201]"
0.005785385119522734,21.22697749824928,0.0001363083441307854,0.3220598551996465,False,False,"[0.4664084367277178, 0.8969000489077055, 153.60869948558516, 123.57642340587107, 247.9610954522792, 0.3284208414105678, 0.5402826478518261, 154.15284519925297, -96.22728745375206, 127.51430729235284]"
0.005756458193925121,21.309701556428717,7.481746898399156e-11,0.4248029914141348,False,False,"[0.4210396477168439, 0.8147177507459306, 154.59706931860654, 117.8476621032512, 244.86374296753903, 0.33902862082983326, 0.460109667804886, 155.79982647921636, -95.6534106364235, 126.24499082583759]"
0.005727675902955495,21.266764839890435,1.1987982073649713e-07,0.9260341791339847,False,False,"[0.43558709675229396, 0.849929090508529, 153.6180853019318, 121.74343082387817, 242.4568122426414, 0.3596708198810852, 0.4767462170646358, 156.52029354133757, -103.3757501745848, 129.8753406094753]"
0.0056990375234407175,21.276197985321602,2.114044768954799e-08,0.2475264439319036,False,False,"[0.4226959280601498, 0.8168899788994414, 149.41276024445386, 126.64064799873239, 244.67397733041835, 0.4231029327889046, 0.4589465324529025, 158.08235957803606, -102.69878670375199, 129.6279857476042]"
0.005670542335823514,21.250380132309335,1.8360310526264614e-06,0.12119475517502087,False,False,"[0.5053768731317331, 0.8603296043277288, 153.65091641279633, 119.07227934698636, 246.22196837892767, 0.37374856097956494, 0.5047614306182746, 153.75493817197406, -99.13848552103484, 129.59101582437577]"
0.0056421896241443965,21.253806209952447,9.361402211701221e-07,0.8089694555575763,False,False,"[0.5054585325032195, 0.8845026742628412, 155.96092741930863, 127.17784625219244, 245.9416320247819, 0.31661977399893376, 0.5156870852847477, 157.19182552187792, -100.33128450255676, 127.92549930058394]"
0.005613978676023674,21.249053581013584,2.035668461652815e-06,0.20006393258193766,False,False,"[0.502165714730999, 0.8510121522863451, 149.9389892878957, 130.3466038076572, 244.53209268711367, 0.39383723881515115, 0.43868744246644664, 153.42573467286724, -97.51149434615422, 125.19034751032875]"
0.0055859087826435555,21.175676068345936,0.9662261943543305,0.44955754143309057,True,False,"[0.3955196767475533, 0.8949598799841588, 153.186548294246, 128.75788794281272, 248.74160463672666, 0.3687987147743367, 0.5389021641220048, 160.09069528081653, -108.16172358181377, 127.55955076915231]"
0.005557979238730338,21.27012403934789,4.168096583490892e-08,0.6402954857571567,False,False,"[0.35455532604956885, 0.8868559008506501, 149.69623051486963, 126.68976304116954, 250.9242049707603, 0.3275145999300891, 0.4716207705253704, 158.95710712841125, -100.88621606814526, 126.77042715716996]"
0.005530189342536686,21.22835052056133,7.301166941724703e-05,0.3100637045320668,False,False,"[0.38425918551109706, 0.8938879149385597, 154.45904033113734, 131.91683881810246, 252.56224079143962, 0.38002561985324995, 0.6086158911005215, 160.81432623171136, -107.59181200516814, 126.11909982393718]"
0.0055025383958240024,21.259396665075855,2.4674643753230277e-07,0.9579235353185701,False,False,"[0.39696995113793543, 0.8581327647196371, 152.19689227032987, 124.99301446453646, 246.33377940341836, 0.34963172187188535, 0.5461646814118168, 159.5255131030405, -107.85788264589918, 131.24199454334422]"
0.005475025703844882,21.280778078866575,4.6026936595001105e-09,0.17487017753323708,False,False,"[0.3959444018753523, 0.8258107285274112, 149.8005000808733, 136.32912318050066, 247.02501371269753, 0.41862069891340425, 0.46087122203565634, 161.07070360418345, -102.81655715334813, 126.59838250196475]"
0.005447650575325658,21.25528846721903,4.4997241734045354e-07,0.48427965249550786,False,False,"[0.4610002688708491, 0.8649563500217672, 155.23874532017618, 132.84693909206413, 251.9621423046554, 0.3301917886627443, 0.5180316205697235, 161.98060685177384, -103.11752595888866, 130.58633054416455]"
0.00542041232244903,21.3200532631819,2.7052344764721605e-12,0.5544059064974586,False,False,"[0.32048197162305353, 0.8482082473153707, 149.66995062238541, 121.37858487395226, 247.65991213290374, 0.4313642657730092, 0.5184562827601568, 157.8840677791787, -101.12840470713948, 128.73314447016824]"
0.005393310260836785,21.373220536937453,1.2382221823087404e-16,0.2953054744321628,False,False,"[0.4335968404434859, 0.8205322345345972, 156.21918701499803, 127.93344394617714, 251.27776650176156, 0.35248943396674576, 0.590115383833053, 157.6778425864632, -100.22845939607453, 123.64489890573977]"
0.005366343709532601,21.26693820602145,4.113565039473812e-08,0.14701198134316018,False,False,"[0.331760232240394, 0.8904429187110632, 155.19671891377706, 136.157306832528, 246.71007723704363, 0.4218400226774817, 0.6106745508205086, 163.574161811678, -108.64327438172492, 125.95380840754689]"
0.005339511990984938,21.40070972006803,4.973540509527001e-19,0.7252134998499236,False,False,"[0.4493152768977823, 0.8149633364127802, 156.48244941692698, 134.87027028490692, 246.65916469225476, 0.34022042660962953, 0.5986877059970015, 161.95530472076203, -100.49067200755033, 126.82699459938603]"
0.005312814431030014,21.28982382456727,4.666858370093279e-10,0.12314784324546146,False,False,"[0.44635367748702415, 0.8447946703688527, 152.25157278707616, 125.02692755532411, 250.39046143912674, 0.2977461564959463, 0.4800932518022391, 160.4029304145727, -106.71533272876331, 124.12856393654292]"
0.005286250358874864,21.334443360015115,9.044728916318635e-14,0.4161271336044018,False,False,"[0.47229376427026015, 0.8491189864455461, 155.75436643730148, 134.77672162810313, 248.86855053458697, 0.4115079822829211, 0.5314957613284321, 161.10704954882735, -108.18516837443833, 131.5380839778092]"
0.00525981910708049,21.237088646006164,8.497007405042323e-06,0.2514042830449209,False,False,"[0.4508327973572671, 0.8768368784807624, 151.990808170777, 133.1332566004461, 248.6893620453115, 0.33129720501164256, 0.5891537316375143, 157.5608476881811, -102.86101317186912, 128.4016371385266]"
0.005233520011545088,21.22251984327843,0.00012964371615631503,0.5370545624634072,False,False,"[0.3899473172639296, 0.8419284227105666, 156.18050114784103, 130.54514318123725, 251.4330913734296, 0.44037965418542696, 0.4711076606671808, 157.93715206964302, -106.40551994388971, 126.69399756619823]"
0.005207352411487363,21.34567515725694,6.6379479992257465e-15,0.8682377839580985,False,False,"[0.38363156522176695, 0.8891585789057154, 150.83290556931937, 127.64113062351541, 247.08602558763602, 0.3511956555762137, 0.590773301028507, 163.38367858851092, -102.35020772614381, 126.3181681333945]"
0.005181315649429925,21.232977830282938,1.5739968902596626e-05,0.2142098025847219,False,False,"[0.47472776656383925, 0.854648927899557, 153.4785115198081, 129.1670883267386, 246.79736218600652, 0.40950060361249996, 0.5272306389694986, 160.10870973184157, -106.07201496014936, 129.4106928801687]"
0.0051554090711827755,21.323982226405196,3.210761683919325e-13,0.5182860750597941,False,False,"[0.41379372825871724, 0.867486413379243, 156.89374845925, 124.67234965706254, 252.2249664390783, 0.29873582092234485, 0.47715209426682237, 163.80764376414714, -103.7448278421789, 126.1110181763736]"
0.005129632025826862,21.308856794907893,5.301572725075743e-12,0.7007669591906038,False,False,"[0.3434424966469018, 0.8432167644999151, 151.7870002554575, 131.74874588533254, 247.4737271731469, 0.3368076906010604, 0.5411421431839113, 159.69265074541843, -102.13924710258703, 126.88536899332163]"
0.005103983865697727,21.182038792252836,0.28747507268140626,0.08534400491982719,True,False,"[0.39693916458397493, 0.8971686342349287, 153.83502895757164, 121.0463928608488, 245.37525110395964, 0.3705283019010819, 0.5373203956335807, 159.72114227324974, -103.75395554513781, 124.96415140293726]"
0.005078463946369238,21.375901356102908,2.639216115798774e-17,0.450354169568873,False,False,"[0.37040691126450054, 0.8608155114496301, 152.70685312336937, 117.4110079663257, 242.43015966256021, 0.36055082526681725, 0.6110398787446336, 161.62053482969833, -102.39708405096641, 125.6444546408571]"
0.005053071626637392,21.25164607055546,1.0410916066598644e-06,0.6355617720228475,False,False,"[0.3606272592418977, 0.8438804828314166, 155.2962603998241, 117.50146958277169, 245.04796540185603, 0.34451046385780204, 0.5425674826749547, 161.01285796518894, -105.99510387753543, 125.02247369374975]"
0.005027806268504205,21.383074867565398,4.31321041117365e-18,0.5011461625429975,False,False,"[0.37406189031677867, 0.8341846854040771, 152.3848883619823, 127.61040415538619, 246.0628597382938, 0.31220240368551383, 0.595860702754479, 158.78678756309256, -103.66775802505813, 126.63453386962084]"
0.005002667237161684,21.388220579047676,1.2613215438820724e-18,0.1382544402612509,False,False,"[0.3857614549264926, 0.8313781647087872, 154.38784048901505, 124.69743884277779, 242.81693657870974, 0.45027216503047596, 0.587909370945513, 160.54307646486336, -100.93148939028077, 125.24481744994024]"
0.004977653900975876,21.2704866964266,1.918773860317598e-08,0.09385580625401901,False,False,"[0.39860439123160385, 0.8575780652618578, 149.90170314028288, 121.26519774561011, 241.74704878031747, 0.3899602867755204, 0.49188142928649503, 160.1161318065951, -99.96303162130252, 125.86766659775657]"
0.004952765631470997,21.250183928274673,1.0581305870177832e-06,0.13191313305955754,False,False,"[0.4359112148107817, 0.8655679774383368, 157.67324465571778, 124.40533548540421, 243.45697446055155, 0.434213480569562, 0.4609789709502633, 163.45692857846035, -96.61393421397462, 123.07775559658366]"
0.004928001803313642,21.20222674870785,0.016629441440871223,0.6453825083342531,False,False,"[0.4663959082082122, 0.8792975585167837, 156.3192115289324, 119.81389910602496, 244.03531905659472, 0.3011089698919236, 0.5594134658803327, 160.35278774318456, -101.67985628138152, 123.55684634270357]"
0.004903361794297074,21.38075722405626,2.5081726013878138e-18,0.9083263876315021,False,False,"[0.3241517114353266, 0.8775939876787635, 150.46247876617375, 122.66623974215274, 247.95396663278646, 0.31903347729042075, 0.45824980975989027, 163.72050055131476, -104.9941722273428, 121.47512939293192]"
0.004878844985325588,21.241993458726036,4.603467008858301e-06,0.06749276823485251,False,False,"[0.381190401678016, 0.8871312756722293, 150.59505503019463, 116.39716367973314, 242.46888098962302, 0.4158404300901491, 0.5285784593479572, 161.44106277790635, -98.9813688805055, 123.01019451305206]"
0.00485445076039896,21.36938034098427,1.7371365015777878e-17,0.8619959902302178,False,False,"[0.32266404696167683, 0.8278038109820733, 153.48107089529046, 114.71508889609431, 246.3135754871626, 0.3102697165434813, 0.547525842688865, 160.44330157995788, -97.36002302106644, 128.77464257500213]"
0.004830178506596965,21.29191761040994,1.319765341167968e-10,0.8656990218541083,False,False,"[0.32658278878289104, 0.88974625675637, 152.4559555027956, 124.8079708763421, 248.6376999172525, 0.32004819388218747, 0.5456877454294988, 162.2543078171656, -105.18759963432883, 126.67976092530259]"
0.00480602761406398,21.25120353715393,5.622889349487403e-07,0.7526400428525016,False,False,"[0.4361632134062529, 0.8816802857566064, 152.984845111568, 120.47959435472178, 246.55866949572354, 0.3900977488453722, 0.5719547675883788, 159.89876065014852, -98.30714433822108, 126.07592396705161]"
0.00478199747599366,21.281778556498722,8.745220939886913e-10,0.763545644910262,False,False,"[0.33806443824486243, 0.8896627564431562, 155.35563195899263, 124.62561015931061, 246.00721499453275, 0.2926773836956728, 0.5843581925683575, 156.1668396070375, -97.73936241692488, 123.52170906387171]"
0.004758087488613691,21.23150704589279,3.053406788571814e-05,0.75727328665595,False,False,"[0.468175717971351, 0.8743416395736611, 153.5067236540327, 123.83855563241413, 248.51934914090313, 0.4230604207120327, 0.5481718350562446, 162.89251639898768, -101.53114724229141, 124.72706264364959]"
0.004734297051170623,21.317189514364536,4.000618672478368e-13,0.13488252759898034,False,False,"[0.46909853881516006, 0.8852982703229414, 151.6565750144407, 127.47987380266, 245.10521168278387, 0.32678920867019795, 0.56122228263007, 161.22815090647603, -99.69261649033179, 127.4976602216806]"
0.0047106255659147694,21.247009138464684,1.0234852306204703e-06,0.08763584785360079,False,False,"[0.3633080366364257, 0.8818370844752799, 154.9220528113051, 123.72456201892177, 248.1148988121273, 0.39319475652109004, 0.46158046045028917, 161.85707536747208, -100.38084128179234, 122.99847552953156]"
0.004687072438085195,21.374347642416772,1.517252592901576e-18,0.5656912196525075,False,False,"[0.4186402797913421, 0.8292683978102289, 153.27808626316357, 116.46939307988814, 243.40666874408106, 0.31499022524822007, 0.6117537913542788, 162.61095876141405, -105.1510709334506, 128.23260852811572]"
0.00466363707589477,21.332874407950104,8.9877432611553e-15,0.663889472578276,False,False,"[0.3546748062290934, 0.8314592030556829, 150.44568069003577, 113.06085658294253, 247.67127890350397, 0.335756727557374, 0.5502490398800605, 158.95019289159063, -100.71863719561765, 125.46635211456244]"
0.004640318890515296,21.246662956834452,8.94800948340206e-07,0.744047263371965,False,False,"[0.4132951420030467, 0.886198746333095, 157.72978992328063, 120.29126645443051, 247.77121218111884, 0.42763613051760835, 0.5711684125644079, 159.7575068224091, -97.053137219971, 122.85976743502742]"
0.00461711729606272,21.324926871535084,3.6281597865249867e-14,0.42807482822187715,False,False,"[0.38660196286691434, 0.8330197889630497, 150.03500841677973, 118.15787631555665, 244.6703477025416, 0.315664538888693, 0.48390326828268493, 157.25363367948196, -99.05289293741215, 124.41695826687027]"
0.004594031709582406,21.362274316431083,9.152193270392041e-18,0.18051565880667497,False,False,"[0.4690777632869411, 0.843819238344274, 153.6920751322604, 128.72807470115032, 243.02032137252732, 0.3826692546592829, 0.6013162529015942, 162.88537480456154, -102.04706981712336, 124.31963823013642]"
0.004571061551034494,21.301360534960068,4.6056975847488626e-12,0.3664494588414148,False,False,"[0.3316407597233261, 0.8641977864427615, 154.39937085720035, 126.5528604030301, 244.73494334120207, 0.31196009784237094, 0.5562824741890499, 157.2574016129208, -103.01523322075121, 122.93170248723102]"
0.004548206243279321,21.302530569339485,3.123230256989319e-12,0.7435922201097313,False,False,"[0.3683919138911559, 0.8629114654503512, 150.61936364793002, 118.31962465652582, 244.52564823244674, 0.3261875902056075, 0.5773825610828165, 156.5433600679629, -104.3758795939562, 123.47085750954756]"
0.004525465212062925,21.308323802912092,7.600283103941479e-13,0.7051094808963815,False,False,"[0.34391609156676, 0.826868714378398, 157.62038674612768, 119.2571410560156, 247.37720961992756, 0.4050320854118185, 0.47260644561040055, 162.2707455789246, -102.15177769053584, 127.87038783881239]"
0.00450283788600261,21.192439286784378,0.09928464283474937,0.7348975181796652,False,False,"[0.40824394790120055, 0.8897326940280228, 157.5489878375168, 119.88025488261945, 248.63826917481393, 0.3481108079353152, 0.572421152312018, 162.0395621975786, -106.50420836093008, 122.9495664055102]"
0.004480323696572597,21.22976601786802,2.3638616685641195e-05,0.24327224933223135,False,False,"[0.45843225524069314, 0.8804567908242532, 149.92934683881586, 118.27659165343117, 241.51248270999798, 0.44774173676778245, 0.5963477779386026, 156.83113130714182, -96.40466582816441, 123.71188203667809]"
0.004457922078089734,21.23765330018136,3.819339950475013e-06,0.19626873938936396,False,False,"[0.47118171280200916, 0.8606699011373826, 152.19049528242164, 127.91849724218135, 245.39067898238326, 0.3837088532460548, 0.5358544086813932, 160.2528617737635, -104.70770816705081, 126.90850485635522]"
0.004435632467699285,21.218753414005334,0.00025424783011157364,0.040331193517185504,False,False,"[0.45805140159887203, 0.8194036644394775, 155.39087699976915, 114.60871659366457, 245.8175049364673, 0.29964113571865314, 0.47363596656304996, 156.44769458816916, -103.26283669944553, 123.61937315536288]"
0.0044134543053607886,21.272472589893365,1.2621110196500986e-09,0.23905276050648883,False,False,"[0.37249562408327297, 0.835937908515434, 153.12090617815068, 116.48087645379083, 245.8326240903405, 0.3008761846177014, 0.5337956204534664, 161.70641863833853, -106.18772527309562, 124.75468665908666]"
0.004391387033833984,21.328595302879943,3.2064035123720234e-15,0.10477438943078898,False,False,"[0.3803720761071142, 0.823874976145919, 154.2723160776199, 116.40658764169564, 241.7472610219549, 0.38701299322619953, 0.5237585313706306, 162.48233844477255, -96.45880675313735, 127.99825292400523]"
0.004369430098664815,21.30565790970346,5.164400610831558e-13,0.0884353624014188,False,False,"[0.34763210519811616, 0.8949320846142169, 151.53751405125004, 119.17699087145253, 249.2720863752005, 0.36704080332475053, 0.5331743802845363, 161.96335365471757, -95.95608040535063, 126.4059665030822]"
0.004347582948171491,21.34992546558533,1.6952873055444698e-17,0.9784044935412773,False,False,"[0.3633268573496874, 0.8674918299751537, 154.19604382926772, 128.41610503054886, 245.79443284263834, 0.37794081410633656, 0.4641932954904167, 158.6996793689594, -102.44179017254962, 125.64285673913804]"
0.004325845033430633,21.200568093064568,0.013795752871083661,0.9677795863799898,False,False,"[0.42838189117207237, 0.8612453564030944, 157.1765112459373, 121.67801167377544, 245.90492959387612, 0.448212077463327, 0.47667911706369476, 157.77443099253298, -101.97394154971003, 122.83221923324663]"
0.00430421580826348,21.29424088627564,4.77344579960792e-12,0.96884260406498,False,False,"[0.37843103079218005, 0.8848298271976451, 153.72785013988226, 114.0114673981265, 247.54487375378167, 0.4429718945408741, 0.5467924267194451, 159.56844737049954, -99.40480447964076, 127.68142385486027]"
0.004282694729222162,21.35844305356496,1.292419960696301e-18,0.4684468111293739,False,False,"[0.378761855832067, 0.8421971460047247, 157.18651429841353, 115.70217394568397, 241.66167358159646, 0.4068421230220553, 0.6140631413828749, 159.27753952581963, -100.03347906282711, 121.97660265906038]"
0.004261281255576051,21.374213597966083,2.5955772846776732e-20,0.5802783008074329,False,False,"[0.40565390369690635, 0.8348451169753893, 153.6255788688914, 115.80398758671856, 248.12172649230638, 0.3234766896812168, 0.6099187214932328, 156.5709225713463, -99.4994881866759, 125.03231446213361]"
0.004239974849298171,21.296681560710972,1.8084532866619959e-12,0.7965493951138041,False,False,"[0.35353157983966244, 0.8221321911177213, 157.49144035809397, 126.65063323572552, 242.7946249391489, 0.3022964006567795, 0.4599394617889493, 163.42939196568582, -106.88040855059029, 128.22039357459886]"
0.004218774975051681,21.304948921412652,2.2244859276104037e-13,0.1419683983719191,False,False,"[0.3749029203313718, 0.8412288623797263, 156.99729522560287, 128.4989886527671, 241.5777735833786, 0.37847739779158446, 0.5358582990801656, 161.71781373236206, -97.93492740229743, 126.21116183756483]"
0.004197681100176422,21.338624944286742,6.302420258285944e-17,0.6448978855800551,False,False,"[0.4658228842255617, 0.8635851910607857, 151.45715079764975, 117.07325793758481, 245.2275928724979, 0.2971634860256599, 0.502780941232403, 162.13435733017744, -98.1060706757102, 126.92685048138311]"
0.004176692694675539,21.225191696691702,3.257921275474207e-05,0.8529596620732678,False,False,"[0.4398155913108136, 0.8678419771658796, 155.14928106408917, 125.4423297744265, 247.8977671540359, 0.415742637824162, 0.5148169821361509, 162.12381219463393, -101.87838147453346, 124.39317417296986]"
0.0041558092312021615,21.284381698003216,2.0177184084134842e-11,0.574961296377412,False,False,"[0.3422181089572865, 0.888998437413846, 155.7075643083978, 118.32405138650712, 248.01154407552184, 0.31943118111065516, 0.5063706358697271, 156.13189566831153, -102.71870758514834, 126.32852942589317]"
0.004135030185046151,21.326281676749257,7.086630388934661e-16,0.4159847492965534,False,False,"[0.36699070966734787, 0.8749741975936647, 155.97803135533627, 119.92625996769759, 247.44386387131703, 0.2962687563536362, 0.49470621801875625, 156.79514231919578, -102.20669903165836, 128.03616596972353]"
0.00411435503412092,21.361043349945522,1.2735363852246868e-19,0.8160851559502379,False,False,"[0.4248663277765653, 0.817374953856858, 155.3637147875517, 122.12497748650135, 246.28457085616304, 0.3501381344297733, 0.5673299551433908, 163.70985155304913, -108.3045433272384, 126.51111291337769]"
0.004093783258950315,21.251138971985725,4.671053614532009e-08,0.6641056517972307,False,False,"[0.36243082540979876, 0.8938149157851638, 152.64177433765965, 126.17889050647807, 247.38831831307667, 0.3913828529157789, 0.5081203577030294, 156.727064020406, -98.72922604244776, 126.97283998982363]"
0.004073314342655563,21.20182948008203,0.007761184469748035,0.30432325516752257,False,False,"[0.45995899423062525, 0.8959011145386389, 152.09325557942572, 124.66331577143582, 249.26939284033503, 0.29352671761234206, 0.5528938454106236, 162.24982293233245, -102.89054496417972, 124.32780578377434]"
0.004052947770942285,21.31897476753696,2.121272165180362e-15,0.09452986205208114,False,False,"[0.41816570584220664, 0.8535013760617381, 157.52130424070978, 113.32387412826947, 247.61961806440803, 0.3141260794896117, 0.46217441951405097, 160.41880684721966, -95.96349546009219, 128.0245666949111]"
0.0040326830320875735,21.400225337679654,3.1819084287811645e-24,0.29296462359011544,False,False,"[0.37716323715933187, 0.8447956149154197, 153.17076396951379, 125.14036164657213, 247.97349253846485, 0.40724650588723105, 0.6133791150717837, 163.07977191713277, -98.86045065548154, 124.61074537605131]"
0.004012519616927135,21.212597474171993,0.0004925898636069911,0.567088987224096,False,False,"[0.43664137036225203, 0.8797574196289416, 152.5988269325883, 119.30820661373627, 246.6103924155274, 0.370119982903811, 0.4850557881174881, 160.34344184986543, -100.20573737996962, 121.88372084736284]"
0.003992457018842499,21.40491681456003,5.6964913803604645e-25,0.48639541606623904,False,False,"[0.470597459327732, 0.8295899392497007, 153.15478787312856, 117.99915067385942, 245.45149940345172, 0.4313827277017256, 0.5911067308999359, 162.70701449313435, -97.25512967074718, 127.33012035348085]"
0.003972494733748287,21.3900105894281,1.834023934503446e-23,0.15123074016001803,False,False,"[0.46520124917286876, 0.8293085490557413, 151.68947321277494, 113.5033053487048, 241.96407651751153, 0.37265141890249326, 0.6085891960306604, 163.5655994925743, -97.19831196151868, 122.77912509763775]"
0.003952632260079546,21.245679837689316,1.01731637509904e-07,0.8162096442300357,False,False,"[0.4166387960254575, 0.8333675863777027, 150.02543764694272, 128.80629652138126, 248.63409717826394, 0.44063057377926446, 0.46681671871322583, 157.48596761432938, -103.27130310726511, 127.042247994088]"
0.003932869098779148,21.30447545249497,3.017873665265262e-14,0.6854598297848761,False,False,"[0.4647386737716353, 0.8573830629740538, 154.023086564, 120.18862695415133, 242.9196060804957, 0.37791393571032317, 0.46074703563162306, 160.36623677418584, -105.87398298306128, 124.59996663580117]"
0.003913204753285253,21.250715437815284,2.3885960128340252e-08,0.8574449698209035,False,False,"[0.4706442385103615, 0.8334222791852841, 153.20382102639138, 127.89984686832288, 248.1912261851464, 0.3663621019576323, 0.4927976302094325, 158.44622474034077, -100.53084336847877, 124.23993371635271]"
0.0038936387295188265,21.329336708609603,3.7193357876803146e-17,0.36512553910068857,False,False,"[0.4154605153029202, 0.8611164937898212, 157.28539477869475, 113.91990037942927, 244.74501862978912, 0.4312742310843577, 0.47648333243383456, 161.90542679444636, -107.8442113065542, 128.4094544958985]"
0.0038741705358712325,21.200021018799475,0.009642564827991749,0.5433320304231536,False,False,"[0.45934225594991185, 0.8822118734777468, 153.14478381187627, 116.81380285034695, 249.25225610057186, 0.3105669688200515, 0.5013705965653992, 157.972959887549, -99.47766743212823, 122.93110817529815]"
0.0038547996831918762,21.326237920704887,5.676089774801577e-17,0.9522250333511976,False,False,"[0.43149866152072885, 0.8618397761271148, 154.53606203779654, 122.85169775086803, 244.2610065253553, 0.44520723765879394, 0.5950062250468034, 160.5305795587471, -101.23637392906583, 121.91221821084649]"
0.0038355256847759167,21.220833588077884,4.048428021839948e-05,0.45192151946571724,False,False,"[0.43674283170796246, 0.8832603804966105, 149.90307022155972, 115.38798060322367, 248.6909702169948, 0.4025756465498117, 0.6025940526429983, 158.71097251913497, -99.8098012008796, 121.09687830632224]"
0.003816348056352037,21.2324822731662,1.8180683749422145e-06,0.5455660262382113,False,False,"[0.4753564184983258, 0.8185621452895143, 153.31097455757262, 117.42245702305509, 247.98410966189638, 0.32823085575346406, 0.4804371899152936, 163.58134648888574, -104.87712940869258, 121.8014926564568]"
0.003797266316070277,21.283207430530727,2.6872783007825872e-12,0.7787745920723604,False,False,"[0.3197356263237743, 0.8527954055907755, 150.1887703662069, 113.73379834376547, 248.9583031198407, 0.4158354019918171, 0.5476178111241007, 159.16478093680013, -107.23149251955162, 127.83085789910267]"
0.0037782799844899256,21.337107680439054,1.4983145300386107e-18,0.693559958351065,False,False,"[0.4548741086068216, 0.8734786276238522, 152.92716043518362, 116.54959366510863, 248.18009798871748, 0.3748186803792624, 0.5525744616941893, 155.75668862248668, -96.34671882983517, 123.45892207128786]"
0.003759388584567476,21.315747911973457,3.57742000060782e-16,0.24941233688716358,False,False,"[0.38377817845233186, 0.8225944858006388, 155.4804096863417, 124.23123603190943, 246.43710499346844, 0.36331736237804513, 0.5486250817768759, 158.7416613020203, -104.95059635008275, 128.55569005693695]"
0.0037405916416446386,21.264293981844975,2.817819542772341e-10,0.32331603324034053,False,False,"[0.4490436860929376, 0.8888876479627349, 152.23054510141858, 124.92986967403499, 242.70304343828536, 0.3479921821120798, 0.5596158715856215, 158.56509947251126, -105.54210835421829, 126.6103231223399]"
0.0037218886834364156,21.25077356304796,9.54056937914729e-09,0.8318463341732092,False,False,"[0.3581841209084512, 0.841216279387243, 149.87031206574528, 121.89210961410885, 241.67341061538804, 0.3494110466846831, 0.5253240651689621, 162.77755958678193, -107.42012483662752, 124.67386546071384]"
0.0037032792400192335,21.259215556263776,8.897196806688518e-10,0.26271670305534534,False,False,"[0.4498305650827394, 0.8765722101452735, 152.15167849183848, 125.0042630883529, 248.63058298122465, 0.35934204233385664, 0.5141459889841549, 162.1198263180938, -102.77266321796046, 128.29961081463145]"
0.0036847628438191372,21.198846616626614,0.010447005136383221,0.45845156183808067,False,False,"[0.38098998581165394, 0.8915802863733489, 152.5228962136851, 117.6404089682804, 241.84430186027015, 0.3543686828878086, 0.4892796723177975, 157.28112706144157, -101.6405264089434, 124.38284497802444]"
0.0036663390296000414,21.31442407267683,2.081437021462786e-16,0.46801407825097874,False,False,"[0.39101668803686995, 0.8354031663654757, 154.26349081598468, 113.0574560771991, 244.88637446959913, 0.35993128860711926, 0.507303864063049, 161.81563851126117, -103.32637327614876, 125.91398167958354]"
0.003648007334452041,21.176351906303392,1.0,0.9033313734177666,True,False,"[0.430076831575515, 0.8995066967692793, 155.80789239657102, 115.01133428817656, 245.41550363570622, 0.4237925612354431, 0.5950083798966986, 157.84490620277927, -104.44961734171731, 126.89119271129235]"
0.0036297672977797808,21.353614281782598,6.178843335715877e-22,0.5829782879049807,False,False,"[0.47203216614862575, 0.8604599816202233, 159.71964702196794, 112.56122802135926, 243.1609613938843, 0.37524261970990463, 0.6309832388380447, 159.4108006005887, -102.35209362053014, 128.46976619849403]"
0.003611618461290882,21.284202582962678,1.0740757467173127e-13,0.5782135805675492,False,False,"[0.3859520749367445, 0.8569738541743424, 155.86683623181963, 118.98902994395812, 241.94672412507154, 0.4402632306873567, 0.6156168246490423, 154.05181177445334, -97.47421476043144, 130.55441292066212]"
0.003593560368984427,21.22555128430725,1.1326119457916874e-06,0.22302612870284522,False,False,"[0.4873578470699649, 0.8896717009781896, 154.59582668471535, 120.57481169046827, 248.39214209247322, 0.3996368484157573, 0.5989539888156673, 158.03811061786962, -101.96302902669767, 128.60601860739112]"
0.003575592567139505,21.285278701952492,5.883824949840699e-14,0.14835140583096973,False,False,"[0.40604517634356146, 0.896552973790994, 156.41677465583788, 115.45664174161354, 249.21898199928475, 0.35385110830907823, 0.546040014075903, 158.32102737464317, -101.2120377494641, 123.01712126262497]"
0.0035577146043038075,21.195722059247714,0.004319786028220249,0.7352606175273371,False,False,"[0.48803655897347453, 0.8987886742756, 153.76998238093344, 110.15050882938503, 249.1640410800053, 0.40048657965255047, 0.5827618963513183, 155.73282632582192, -102.7584888415459, 125.61819253345745]"
0.0035399260312822885,21.248934389670573,1.2452185161320846e-09,0.4716371643401426,False,False,"[0.4326009624043785, 0.858102369938272, 153.5689750262691, 119.47083083324821, 244.67641597559822, 0.47113156721185245, 0.5929455937474986, 161.0698607535439, -103.23230967920053, 125.14276334288644]"
0.003522226401125877,21.289849279840904,1.0130853260167868e-14,0.5574689670664652,False,False,"[0.4625102656448037, 0.8476976744029798, 152.36391741942666, 109.20723752180248, 242.89230354735756, 0.42293360988520745, 0.5444620347271898, 158.13704798935694, -100.29910023011409, 127.38426928236]"
0.0035046152691202478,21.253740786327974,2.569883920504996e-10,0.3232655803421377,False,False,"[0.3927193582466119, 0.8508091939412875, 157.44514796586046, 121.89384702441453, 248.32293831847412, 0.4918396068437468, 0.5835271935932045, 156.84343281091202, -107.771702990989, 129.46530839210058]"
0.0034870921927746467,21.396055571201437,4.338586313953091e-28,0.24190090333780412,False,False,"[0.36602135280650516, 0.834466754794963, 154.95560474332774, 109.3446236754348, 241.56919422182798, 0.49916211668252725, 0.5812597039985128, 161.65048147998573, -98.08818878786717, 125.78422501224635]"
0.0034696567318107737,21.304529727269248,9.038007634023644e-17,0.6779952382687491,False,False,"[0.3681900492959057, 0.8538616927811071, 152.70435613375864, 122.29727432377281, 243.27081129625248, 0.49824656926747674, 0.5585784795991594, 158.62068645715624, -97.11767097055349, 130.4622265802425]"
0.0034523084481517196,21.270298753264754,1.5193148251045934e-12,0.3278515032061946,False,False,"[0.39211366023412425, 0.8716400345685216, 153.6351564384408, 118.15577940582557, 243.46128849299637, 0.3650656005137288, 0.5999171419581789, 161.0298948010714, -97.66238797226252, 123.47050273636347]"
0.003435046905910961,21.27821267864487,1.323421012000388e-13,0.31201875984484995,False,False,"[0.35675333520759067, 0.8970012272926302, 156.19753854920245, 115.25383419912862, 242.90310593921868, 0.45874515354081424, 0.5482407419776203, 160.10225328660817, -103.14123465098112, 130.15266233510204]"
0.003417871671381406,21.310280004313803,9.60115855407613e-18,0.8031936151550457,False,False,"[0.4839243608314324, 0.8656189281229374, 155.7664110573786, 118.93014054009264, 249.00621832580887, 0.37698445436855227, 0.6071246459693117, 159.34311480869414, -98.41135297657003, 129.1309255327069]"
0.003400782313024499,21.332396431843843,1.181530841361239e-20,0.8890893592603913,False,False,"[0.4677024874989537, 0.8936340363282196, 153.84765893003257, 110.90730888033393, 242.73809151269265, 0.4724080678948608, 0.6150484008012821, 157.04659561014347, -99.12923979785367, 129.07628377338057]"
0.003383778401459376,21.229784313486725,1.387277469366355e-07,0.4671735096103251,False,False,"[0.4971514223640673, 0.8807730830580695, 157.61871758966984, 115.84795238570442, 244.5099936467806, 0.4952791870672823, 0.53292641626589, 154.138402977317, -98.62314796457912, 128.30001327126644]"
0.0033668595094520793,21.189554471465136,0.01981473562580825,0.012566785223587007,True,False,"[0.407442296253177, 0.8889074506664791, 156.5105042249724, 113.60321010399294, 241.58840813941995, 0.49621895382149644, 0.5821547929742655, 160.04404519600567, -108.16982138848951, 130.766740259157]"
0.0033500252119048187,21.342995212049637,1.2825373557390881e-20,0.46955805475713,False,False,"[0.42779201897917185, 0.834820290276011, 157.61762518553502, 107.90408818552811, 242.09095310334547, 0.504172028343423, 0.5167459734233508, 161.55497344614557, -110.17872689183953, 133.78422417885744]"
0.0033332750858452945,21.274776673408518,7.876737276965154e-12,0.8830214232735731,False,False,"[0.46333411544385406, 0.8908965708932594, 159.63700900479225, 111.06410669731049, 238.81327329913412, 0.5521765783701301, 0.5291065752730438, 160.73061880333813, -100.2619706979688, 134.05429600435724]"
0.003316608710416068,21.254788700595743,2.8699951463378716e-09,0.784207048513184,False,False,"[0.33721876250068505, 0.83223756969774, 156.3798342830429, 106.35100363625443, 242.40366471706585, 0.563947198791877, 0.5537827210173933, 158.82773503787809, -110.23515264559084, 133.35612381340897]"
0.0033000256668639875,21.248018693444678,2.0226077324657822e-08,0.6745661037304101,False,False,"[0.39647238053724493, 0.8768300140716101, 157.19139768774372, 113.99223302874533, 238.74722434315137, 0.561830694737119, 0.6297946375465405, 159.65250173165916, -101.15671076999655, 131.53200604812002]"
0.0032835255385296677,21.272422667353368,1.09512552171858e-11,0.27562008320900355,False,False,"[0.3291993250099534, 0.8662745860636201, 154.64110746617922, 120.75994039036354, 244.54351652826858, 0.5744852667466175, 0.531238576217089, 163.5156682732642, -107.32861937231146, 126.89603504408217]"
0.0032671079108370195,21.290432582904966,3.893495992527775e-14,0.22095697774659584,False,False,"[0.4432235911938233, 0.8418777330722857, 154.34235221194066, 120.28295820189196, 243.27609290134558, 0.4473974885407131, 0.5472063952413841, 160.82095646117205, -101.59281850019639, 128.26854408934418]"
0.003250772371282834,21.273669339593496,5.787338863040304e-12,0.6215034989281976,False,False,"[0.4269986093800743, 0.8429588879510166, 154.74675609791862, 107.15128554559533, 238.909127014598, 0.49912486018910146, 0.5375853688291435, 161.39562540210264, -100.53600152793919, 129.39784770024073]"
0.00323451850942642,21.352753194741126,1.2232784074764606e-22,0.4067617191625993,False,False,"[0.3907470678093592, 0.8274490493030597, 159.3199295767247, 118.27610162347742, 239.766146130398, 0.46494798529337744, 0.5869011327681892, 160.07584606730242, -107.19970436968117, 127.08616052080431]"
0.003218345916879288,21.25203478034434,3.704211898538477e-09,0.5930888030636817,False,False,"[0.4800315001954429, 0.8455754126201172, 159.345108319526, 106.07448773733134, 244.34674399240973, 0.5527017755930338, 0.5472954216390095, 160.72381146508238, -103.91874985958538, 130.30892364424278]"
0.0032022541872948913,21.262595164973668,1.241973613352935e-10,0.7096367082949423,False,False,"[0.3478562083504831, 0.8734385287941195, 157.59632323038835, 111.28468361273386, 244.73386126756947, 0.4322882499800089, 0.5622916676949669, 159.75594517780092, -107.9175682250952, 130.4843199319879]"
0.003186242916358417,21.24029317022543,1.213844137396769e-07,0.5544544087009462,False,False,"[0.47419593850997355, 0.888891868048961, 159.11296627694344, 117.78761468179742, 238.81676169772757, 0.49028704864355127, 0.6170829557484822, 158.98400226026942, -107.76498703563657, 133.91991609060406]"
0.0031703117017766245,21.324571811725285,3.1933914031788783e-19,0.29669962584153664,False,False,"[0.361570468284965, 0.8331921079678304, 157.6787386500131, 114.8524537315948, 242.35360319246107, 0.46809484152128905, 0.5948778959217104, 157.25997632629142, -101.55624114619128, 129.92708072722843]"
0.0031544601432677414,21.343975865483934,5.493256411405592e-22,0.44589475706316084,False,False,"[0.39898746239596267, 0.8854911361698696, 153.9601817423756, 115.00648511862505, 242.55622133103844, 0.522334547941236, 0.6482390456138294, 163.31473784386517, -103.13112873502597, 130.110414153782]"
0.0031386878425514026,21.261659534532424,1.0542767521485408e-10,0.21175337139447747,False,False,"[0.4687260792925013, 0.8770005940990061, 160.37767308524036, 112.17911460661462, 238.4723090944041, 0.5440378368752777, 0.6102572232689654, 160.05836176095085, -107.79042465189609, 131.2949111760253]"
0.0031229944033386455,21.408892688114012,3.148208173864176e-31,0.8627226269034347,False,False,"[0.3527967195705909, 0.8224884129369185, 159.21577934395538, 113.48012279648894, 243.05478322983214, 0.49265977048889736, 0.5842152498686531, 159.63318400799193, -104.95921027148515, 134.31207671300348]"
0.003107379431321952,21.224197491170838,1.4395012536100777e-05,0.18364422326626428,False,False,"[0.45679436332639606, 0.8139197123685737, 153.45378518965458, 114.80395027167523, 237.7329835024834, 0.5658131001810613, 0.5413664577134605, 158.61658133040828, -107.07669747518153, 128.82402327401647]"
0.003091842534165342,21.347341539445146,6.862774013397605e-23,0.6362589154566709,False,False,"[0.4666094033144907, 0.8461823762046788, 154.20314819567977, 106.37634433196507, 244.54542690951467, 0.566559588869373, 0.6291069721655549, 161.94362018308126, -106.39637826154967, 130.10301891368894]"
0.0030763833214945153,21.294517053131074,1.5218888255474416e-15,0.7356482248568449,False,False,"[0.3347039890219492, 0.8275360796970933, 156.48425683220302, 109.77749691908953, 237.74663414522038, 0.4367529601952923, 0.5867902253070133, 156.45716929471075, -100.55971256754532, 127.13696279100549]"
0.0030610014048870426,21.28151152220966,8.977296713456128e-14,0.7333603722729164,False,False,"[0.36395809700405884, 0.8207880451910563, 155.9024214700882, 107.86956595850523, 244.25243539850172, 0.561839526565102, 0.6259773232072303, 157.19164020994046, -100.56313372790177, 128.96843729946593]"
0.0030456963978626075,21.257889323538254,1.8027676609346795e-10,0.876574245141344,False,False,"[0.3564471161352511, 0.8915716423446918, 154.36200383574246, 107.12364931655776, 244.21222717842073, 0.4688694599748679, 0.5305799821703523, 156.21822786499638, -100.71849393631783, 129.81225115894136]"
0.0030304679158732945,21.20788075675033,0.0023641302243038245,0.3872943554750572,False,False,"[0.45414067598859365, 0.8691913224794113, 155.88838606217246, 106.79208285291726, 243.69121247466953, 0.5666421571103866, 0.5357553733241314, 161.60752735887309, -108.25313726023688, 131.35992850946005]"
0.003015315576293928,21.316233964778732,5.680836083921774e-19,0.17722359186383896,False,False,"[0.4779737881971455, 0.8849052717950429, 158.53250654346544, 119.0495494548498, 240.8203238558498, 0.5227971628781103, 0.6486867900919342, 163.79175662078686, -106.36771998681003, 128.9192292267499]"
0.0030002389984124583,21.219967628546875,3.959089229667522e-05,0.3788675050039142,False,False,"[0.3914768044176677, 0.8592946435168053, 157.96546182125056, 110.98380367684702, 242.50736645267713, 0.4204276553810886, 0.5498800619872749, 158.8945338919544, -106.72140972092008, 127.95155544044748]"
0.002985237803420396,21.26024905327474,5.1916192342021223e-11,0.9658307616362368,False,False,"[0.3985996639402063, 0.8624259468944482, 160.2873270073009, 107.72625050378122, 242.39234727620686, 0.4344714298429631, 0.558860684328991, 158.48170014870416, -102.20722445619505, 130.91271054513965]"
0.002970311614403294,21.27961490791789,6.793683208527107e-14,0.08552043306666124,False,False,"[0.47340460066301143, 0.8419993857276653, 153.61480545240556, 112.06879068907054, 239.93904814494516, 0.5002478482200873, 0.5660629303488238, 158.1958699957932, -100.69487884122073, 132.32840919515237]"
0.0029554600563312778,21.305015981703164,1.0797826106177214e-17,0.025129515702688843,False,False,"[0.4316918454830792, 0.8792864562485938, 154.8481999626059, 121.18464066098441, 242.40607566883514, 0.5659473500873415, 0.6314286001200589, 161.17296832059952, -107.69049706806594, 130.65428237155672]"
0.0029406827560496214,21.277789102742908,9.312708489007901e-14,0.28460398951755783,False,False,"[0.47361193379516114, 0.8386642181598416, 153.62490086501737, 121.22558599686863, 241.4067492237711, 0.5417559225221497, 0.5088028895778741, 159.035439916498, -106.59219152981666, 132.88384119711375]"
0.0029259793422693734,21.235614158436448,1.457124104436265e-07,0.7751686087370349,False,False,"[0.4463963044037894, 0.8551943486676205, 159.56908728800227, 118.54611310008374, 243.9193567536575, 0.5730445618086247, 0.5154830570877957, 162.4932436835949, -107.02562933160306, 129.41049430755402]"
0.0029113494455580264,21.267725597262277,2.182656210934592e-12,0.9422461124163634,False,False,"[0.3758082497557455, 0.8842420158397004, 153.50886308373916, 118.41330553659964, 239.21113276727854, 0.563472840645688, 0.5516132093947086, 156.35662597817867, -103.91989030663267, 132.33417056391232]"
0.002896792698330236,21.26162557422349,1.5664557869518865e-11,0.5184209143792856,False,False,"[0.4308436565810626, 0.8379738841310501, 160.32954055464054, 108.56265544177622, 238.93553375486474, 0.5558963875360701, 0.5753723794357672, 162.00501352342312, -103.9526394527002, 131.31933227344464]"
0.002882308734838585,21.29118402844717,4.862665077795149e-16,0.6478655620596364,False,False,"[0.4834275531484435, 0.8431888462524649, 154.6362468579243, 120.41939638721603, 239.8944243160458, 0.5716615838399449, 0.5264066878952571, 162.83531707697253, -106.26574977840414, 134.59562281054568]"
0.002867897191164392,21.214389720861874,0.00017342906767273133,0.8765890305772267,False,False,"[0.4250805635074549, 0.8836836151997165, 154.61904515129828, 114.3945132277447, 242.754566819782, 0.5713785208856418, 0.6415886888420346, 157.61474687110672, -100.58368238453039, 127.68582609100693]"
0.00285355770520857,21.378407593275814,1.8100059526286853e-29,0.08038767845175121,False,False,"[0.3983242400679126, 0.8377067475544686, 157.8860306569501, 119.50939293844199, 245.23117271481243, 0.5356921857183412, 0.620510181467652, 161.33875608725828, -104.21534752012268, 134.16913065143413]"
0.0028392899166825272,21.298236637071593,2.3774008282553363e-17,0.4846264512441527,False,False,"[0.3971894894179373, 0.8112539422222488, 156.19981750420231, 118.5611358877397, 243.42549630720066, 0.4535404152137554, 0.5297959120933802, 162.78922622852392, -105.43799293685713, 132.5531856505365]"
0.0028250934670991145,21.24756098826522,1.2100538819825773e-09,0.6340227951783454,False,False,"[0.34966210047318746, 0.8670047306395795, 157.49741008543683, 110.00402713706256, 244.01238436379313, 0.4186920916468636, 0.5067452496138534, 163.94044693983275, -111.26962744523846, 131.65901709948398]"
0.002810967999763619,21.36291744549017,1.642196343147853e-27,0.9228871289195525,False,False,"[0.3965653148091631, 0.8337408563088683, 160.22842932030943, 111.63021084896587, 238.74260851030468, 0.5365273501270293, 0.6547946595276124, 159.58868476373323, -106.77880084171508, 131.92540401460346]"
0.0027969131597648006,21.378912977415833,3.9545887473378566e-30,0.06930168105372192,False,False,"[0.3621673649767679, 0.8375869082896032, 153.03867153835373, 120.30854555758022, 245.0755260607779, 0.5290463952571277, 0.6056594799820832, 162.05227163793623, -108.64808147960076, 129.2248504237819]"
0.0027829285939659767,21.222695656014157,6.731287487278872e-06,0.021437696491541258,False,False,"[0.37373781983754456, 0.8620978216309644, 159.45855671506592, 117.87716820536285, 240.18244242977372, 0.5044141236385519, 0.6602740615919599, 156.4552034866161, -105.5371119803174, 128.85585776562422]"
0.0027690139509961467,21.226334543625853,1.7036582578915602e-06,0.5755961546510555,False,False,"[0.38030014184214056, 0.8996700401674381, 158.49023888206938, 114.62731445199115, 240.87348995327855, 0.4482125063175684, 0.6453946893781453, 157.87121070795456, -109.51541639619354, 134.2220986260179]"
0.002755168881241166,21.351048153113723,3.498762229004111e-26,0.0925193133846881,False,False,"[0.3544604205215047, 0.8254971604152274, 158.607276864523, 108.33020753613276, 244.94655246376692, 0.5570978586247702, 0.6486799672191891, 160.04727188974948, -107.41978816969102, 126.9714345251618]"
0.0027413930368349604,21.36875613675162,4.0801513613378867e-29,0.9765304503982433,False,False,"[0.40773275861050595, 0.8453205432138867, 158.82691471434552, 117.97341996906925, 241.7936765150338, 0.5261782971208685, 0.5511078177844831, 158.89184761411633, -101.65327709752765, 129.74880340882882]"
0.0027276860716507856,21.369487419739272,2.2468989523338607e-29,0.24844672433225612,False,False,"[0.33342516823287627, 0.8654506735691432, 156.5028497189051, 114.00869661524379, 238.548058178967, 0.4676949492514996, 0.5096583027774798, 156.57565171515876, -103.7406503083397, 127.17007571054474]"
0.0027140476412925315,21.343809743424814,2.0724935964284057e-25,0.14188891919166602,False,False,"[0.40535083641080527, 0.8405058274102108, 156.51953474368338, 113.69154839889669, 237.8570855144536, 0.49845829970590333, 0.6483046716411808, 158.6698815984005, -106.56443159756789, 131.893637557866]"
0.0027004774030860686,21.36122004501507,2.4689192186238908e-28,0.10386492692319771,False,False,"[0.40302521912768574, 0.8089645601560406, 152.94315978029846, 109.53480533664012, 243.57366851986478, 0.46129593200527236, 0.598599483051454, 160.61318712115528, -107.98340900669916, 129.8253220779833]"
0.002686975016070638,21.39745584985107,2.4945948379563956e-34,0.3064894568270281,False,False,"[0.47228300117456457, 0.8332260586432487, 154.11378445222837, 116.54021010769604, 243.5237540619604, 0.5667552665697277, 0.6123645158883246, 161.1356621433028, -101.58943372969972, 133.24182735620846]"
0.002673540140990285,21.33146440791232,8.86961200395777e-24,0.9321604125564465,False,False,"[0.4297860706238096, 0.8793666652433993, 159.0953170121281, 106.0855700514982, 243.72369839203228, 0.5464393280788385, 0.5636635323005538, 156.9756357764405, -100.38772110792627, 131.93090071025622]"
0.0026601724402853335,21.301805343279945,4.722207583433419e-19,0.5170491462631199,False,False,"[0.4809742104759761, 0.8618151136119578, 158.74807623644537, 106.39858828419347, 238.22407818089758, 0.5536467944804436, 0.6116225895596552, 157.37201521397415, -107.85183808371849, 132.65355522425492]"
0.002646871578083907,21.372651570427347,9.072333267767797e-31,0.20067635711792164,False,False,"[0.4644156944604765, 0.8176890329357211, 156.81146725845207, 106.94583252906658, 243.6576104224649, 0.4614176751135666, 0.5410534074241049, 157.309310305175, -105.74724735542068, 132.18770868022625]"
0.0026336372201934874,21.287472001024057,7.130384235390706e-17,0.4292812517527438,False,False,"[0.379482155093374, 0.8756454149749602, 153.66242040503772, 111.606308627992, 244.9489587591116, 0.5411719188259969, 0.5543945836033504, 160.6359993659838, -102.25060424255435, 134.13194974573807]"
0.00262046903409252,21.239899706176317,4.531109334644072e-09,0.2683186321603912,False,False,"[0.42341642713236066, 0.8619193403258153, 157.72098975187157, 111.82679685757437, 244.3628629450629, 0.5674584848144231, 0.5183987571766338, 159.40682907935704, -104.7810594802226, 133.2286084890367]"
0.0026073666889220573,21.303029024556643,1.2565464548341766e-19,0.1965359018412849,False,False,"[0.449833769073649, 0.8625546874852575, 153.70815470367552, 114.7547092620497, 239.22773013646795, 0.44659412075744553, 0.5546256385948919, 157.9317459543978, -106.77430359113431, 127.33769920937081]"
0.002594329855477447,21.279598499887015,8.443110412568891e-16,0.2484633902068295,False,False,"[0.3908271366365701, 0.8617961968741512, 158.00735886723118, 108.66035034339097, 243.00787277630158, 0.571218597330421, 0.6161131620845408, 158.8839867127769, -102.3127451038985, 127.43035850007473]"
0.00258135820620006,21.247820962003317,1.5743187019169383e-10,0.11776347871278658,False,False,"[0.3977543920992074, 0.8696116567536983, 155.46705836764815, 115.71732990296317, 238.54180482516503, 0.4495948926379897, 0.5156658940281018, 160.17592609991135, -106.82663098757568, 132.94035934960266]"
0.0025684514151690595,21.210914171627792,0.00024452857293959197,0.6674673067387105,False,False,"[0.397419367165064, 0.9011406442825984, 155.46106799409245, 111.86952401882169, 242.55304315721065, 0.48611586186754663, 0.5913353808309486, 161.7774684990342, -107.06941055741345, 133.51619730989822]"
0.0025556091580932142,21.310471520616186,2.8289689264674646e-21,0.7167458630042226,False,False,"[0.46871753788442055, 0.8800563302971228, 153.5655632253516, 110.61779673735553, 245.33200760709872, 0.5471492653999841, 0.639387973545932, 161.6732367179032, -108.42998332148454, 129.2563459341103]"
0.002542831112302748,21.323692599057537,1.2311738731316335e-23,0.28968870164921634,False,False,"[0.3992635142223136, 0.8979938626713164, 158.55663827057472, 110.65611907095567, 240.29565184749953, 0.562571707450399, 0.5383733090812375, 158.73608392881704, -100.61472124034434, 129.49594743317402]"
0.002530116956741234,21.292469593100126,2.160842850726285e-18,0.22094962050223066,False,False,"[0.3279092084633589, 0.8732442589959615, 155.69673602298462, 110.71941892039524, 241.3762936180648, 0.5349259569849367, 0.5596831039190392, 158.57570706503952, -100.39342381758381, 127.5353187209768]"
0.002517466371957528,21.306702737329726,6.172438731038874e-21,0.17744561988620267,False,False,"[0.33687866377051157, 0.8820616330375397, 155.74400851990993, 118.82346730135602, 242.61528184332758, 0.5530174985761411, 0.6000124369042992, 163.86419004021334, -103.81229277043658, 133.11909188477048]"
0.0025048790400977405,21.375908174967407,4.898943931028253e-33,0.8745279034390419,False,False,"[0.3360280041463043, 0.8892441855787726, 156.83485342610192, 105.93898978475333, 243.69741443541628, 0.5684523312351841, 0.6123218016404972, 157.37632686697378, -103.33924176199584, 128.5117917768203]"
0.002492354644897252,21.391371071817797,6.812726345336236e-36,0.18762357041191224,False,False,"[0.4566437143359894, 0.8430365311090547, 152.85514991404384, 105.64426275847097, 239.93857156711454, 0.49337209044292923, 0.5839992123511254, 163.4470280888311, -101.939700740055, 131.74552383507512]"
0.0024798928716727657,21.268262209774587,1.645145860116904e-14,0.4086552133855168,False,False,"[0.3464545364537518, 0.8283882022622951, 154.44574628211805, 111.5104846421911, 242.23250903002923, 0.4541189614088928, 0.570546208371003, 158.13863720971116, -106.98828601570693, 128.99925460738157]"
0.0024674934073144017,21.320299980431294,9.726611846091785e-24,0.6869962203290383,False,False,"[0.4472220841045062, 0.875297582029959, 153.78140588671766, 116.7338292274618, 239.8369588688238, 0.4543686625236002, 0.6390767904830484, 159.45126086591404, -108.25488837552977, 133.39678544892942]"
0.0024551559402778297,21.24291575164718,3.638151819384053e-10,0.11564268265676825,False,False,"[0.48521042250566443, 0.8604763149063303, 156.52952582327418, 108.04749172425139, 243.27296800111355, 0.5013293439072329, 0.5261687395718079, 159.1357902286172, -105.99399593485307, 133.91166640315316]"
0.0024428801605764403,21.269684187574295,5.682818308346558e-15,0.7208805985685588,False,False,"[0.3404427306387706, 0.8977009026199605, 156.62628452743698, 106.85829883785905, 239.21980104651865, 0.437968741483302, 0.658929988737081, 156.67737316750552, -103.84346899747395, 127.14917956911447]"
0.002430665759773558,21.26439815205469,4.240829283664596e-14,0.9691460927206688,False,False,"[0.46737601144229934, 0.8306613797718947, 155.26711958141038, 108.41150830515153, 243.5651108503314, 0.4422543558865367, 0.5294938947034569, 161.92718765136402, -108.3680358735431, 134.06613585140417]"
0.0024185124309746902,21.425602414480455,4.098790260898959e-43,0.4057668747317169,False,False,"[0.35160791867222196, 0.8205195614454607, 159.2488442890762, 114.45344090039562, 244.26164120203495, 0.43561426034086526, 0.5504139720096434, 162.65383273718717, -104.30342884027428, 133.28422539797026]"
0.002406419868819817,21.381571301929238,2.218672397352479e-35,0.19745295289885034,False,False,"[0.4697412982887729, 0.828572129013932, 155.19133142700662, 121.19916273860804, 241.18334510003422, 0.44377375792321105, 0.5911629935862985, 156.67536303381326, -102.27809935116105, 132.17069573675144]"
0.0023943877694757175,21.372447944270498,6.710412056079215e-34,0.9187691623693192,False,False,"[0.36464293731605363, 0.843565686456853, 155.43342152913914, 106.96615340150672, 241.8697885745431, 0.4815838581031553, 0.6313814676930791, 162.80533207340105, -108.00059932359977, 131.07122860968454]"
0.002382415830628339,21.24679249118193,3.68118534344872e-11,0.45113948750831045,False,False,"[0.43063505794993984, 0.8335780403432087, 156.39687359617642, 108.02991406699134, 245.09764371457464, 0.5147525007712324, 0.5831624633459482, 156.4977515192563, -106.9607315235262, 133.2340531961082]"
0.002370503751475197,21.26978250007681,2.0026699155013624e-15,0.2069810075164631,False,False,"[0.32837521644348944, 0.8586093530669264, 156.7608331075269, 119.7440750325184, 244.15646367722394, 0.49439532017053556, 0.532352119216228, 161.53740277137842, -108.12399354488768, 129.65273757846944]"
0.002358651232717821,21.248425554270675,1.4459943706537944e-11,0.9799357948716161,False,False,"[0.36030556087866444, 0.8496146967564226, 155.33672709251522, 112.39167642311955, 243.59391791511678, 0.4196458275488177, 0.559008063507192, 161.35505848707092, -106.8740012306228, 126.80757821997638]"
0.002346857976554232,21.211479667789717,8.763222116495503e-05,0.8553034474460663,False,False,"[0.37191871948019567, 0.8829229792885747, 153.90251038323004, 119.3269355071732, 239.82339855115768, 0.48554558594627406, 0.5423189963380378, 159.68741177131372, -106.51700430872133, 128.47691647370672]"
0.0023351236866714607,21.201697423678688,0.0055158343771896465,0.3996875930065452,False,False,"[0.441721115746033, 0.8929323189879839, 154.11253995983427, 108.94010677768499, 240.75028361390747, 0.4864901052471163, 0.5098746042323332, 159.82540328466018, -107.49691807026079, 134.71852053585107]"
0.002323448068238103,21.356873975551007,5.308323584553004e-32,0.31144764864164887,False,False,"[0.4196862969465838, 0.8474750146394578, 154.00917461392189, 108.35179041293154, 238.73620799456017, 0.4433238863077603, 0.613315665983922, 163.5673188185816, -108.5543301298781, 131.65670618347627]"
0.002311830827896913,21.224622873862913,2.583103520237655e-07,0.931679754150273,False,False,"[0.39066744010942034, 0.8930703341670445, 160.0366915099271, 117.23771270158247, 243.33203198539505, 0.4349280343409261, 0.519309326110126, 161.8776446986146, -107.72792516480379, 129.0739812007401]"
0.0023002716737574283,21.386498051627647,6.558113884955175e-38,0.35865161351611385,False,False,"[0.4071488904996323, 0.8142559806405747, 157.92399593367068, 111.52611983513498, 240.02222161236307, 0.5238726328060624, 0.6292900850106812, 159.35711974388397, -102.7779796064338, 131.63297738768347]"
0.0022887703153886413,21.30012044205373,1.0473501159561107e-21,0.5673131841303711,False,False,"[0.34336540904882007, 0.8174406479898086, 160.13699346277576, 120.97683425406768, 241.16390183911182, 0.49217438640762123, 0.5880820454818676, 159.7179729460717, -107.62819494521828, 130.80148709078694]"
0.002277326463811698,21.263818117033566,6.8809959692859455e-15,0.07007119144705198,False,False,"[0.3967452379510341, 0.8778069064361379, 159.2435903743417, 107.07991862312235, 241.65142711392798, 0.5523502093060729, 0.5844489124004023, 160.3789778861807, -101.61733993591484, 134.03335223523916]"
0.0022659398314926393,21.30044336670108,5.582341260581188e-22,0.6689510578558064,False,False,"[0.4300926857916778, 0.8306300241636421, 152.62601479477914, 109.77233647538128, 243.25007016745934, 0.4746936488182765, 0.5057918953027383, 157.66165383019222, -101.34028114049488, 133.78997786011632]"
0.002254610132335176,21.221637394024327,6.607301467990509e-07,0.2771675397318156,False,False,"[0.40334670281320517, 0.8584641986877803, 153.76756043603086, 110.6531485907357, 240.3808200065284, 0.44186741314927946, 0.53321554707446, 161.311039831708, -107.21580990053495, 128.3411261673857]"
0.0022433370816735,21.40476348565265,2.1728472905761292e-42,0.0004288705599723164,False,False,"[0.3515323782486936, 0.8250237625348974, 160.10129505524498, 113.33036144418772, 241.1199134705638, 0.4457558661441818, 0.6268173426767639, 161.8037438544958, -101.15756940399443, 126.85244544551357]"
0.002232120396265133,21.34684060336962,2.4973788915073177e-31,0.5172104568141542,False,False,"[0.42211472624354196, 0.8763138011082531, 155.92577618500428, 112.52481902582625, 240.47759660340878, 0.43837725053470533, 0.6516166389179628, 159.11083807057884, -105.05356799596102, 133.8972452479104]"
0.0022209597942838073,21.30040752686032,2.1056882031830512e-22,0.23219984608064148,False,False,"[0.3607608658963237, 0.8405433883686872, 157.32649104604022, 109.01092459295923, 245.07820014729242, 0.5056902683934305, 0.5102360770405522, 156.7703080996236, -101.55306286016065, 134.63813697424132]"
0.0022098549953123883,21.182147662642937,1.0,0.20190546876954352,True,False,"[0.45335619463503873, 0.8984921702726345, 155.85258054020417, 110.43138697424801, 237.89680592311518, 0.4749729275750262, 0.5357481100178018, 162.17354710252636, -110.36404386677174, 134.05830341536932]"
0.0021988057203358264,21.280950174263403,3.0559067169326237e-20,0.17955735883181068,False,False,"[0.4337679726948604, 0.8536061628012348, 159.76994619651796, 102.62600434018177, 238.617683833421, 0.4925601701628542, 0.5737749518055104, 164.28689979698328, -102.56418540335066, 132.388924270324]"
0.0021878116917341474,21.234772102003102,3.578618310637839e-11,0.2551330346498787,False,False,"[0.46367344879594063, 0.8898455757798933, 154.37207990849134, 108.70650536005581, 241.76924842627542, 0.4674283933971055, 0.46639876119963275, 158.95033561581062, -104.03852631781774, 137.03557437168374]"
0.0021768726332754766,21.25399254490743,4.641614150174971e-15,0.9862922118524041,False,False,"[0.4535705489736688, 0.824473643626471, 158.33243822835274, 113.79909701266241, 235.1989357472292, 0.45708182558497534, 0.5389173453782855, 162.94203546396812, -109.62083863540903, 130.89664354546076]"
0.0021659882701090994,21.244097114886422,3.790872396983185e-13,0.8256348813257773,False,False,"[0.40563640082611857, 0.8637644482422001, 156.08410799280966, 102.57690002553589, 240.7976529913967, 0.46533972729668355, 0.45922874635473454, 158.6140851052227, -104.03544884801656, 132.31013426744897]"
0.0021551583287585537,21.31217376603786,6.279505498818651e-27,0.04273855938890603,False,False,"[0.519886356371716, 0.8928048369833864, 155.52684670453863, 108.17421087618648, 235.1987712373815, 0.47729580379040837, 0.5082260529156228, 160.39811191320075, -106.33134867878196, 132.4933997215999]"
0.002144382537114761,21.321839538795686,5.113058208000005e-29,0.572515668071895,False,False,"[0.476405608227732, 0.8707975508069798, 152.38348735688692, 113.18117515611067, 241.74870313624908, 0.500693676707059, 0.6008357599389402, 158.35988376695065, -108.81656074768085, 135.74419954167988]"
0.002133660624429187,21.347987544985102,1.7548314011229475e-34,0.4228643421325029,False,False,"[0.3958667831483791, 0.8685506622727946, 152.05558306498935, 113.45934441163794, 234.30708305174815, 0.4068855466423018, 0.5466112754893393, 164.32034731098133, -111.17136341879826, 137.13978112964864]"
0.002122992321307041,21.352189370625673,1.6407898339477937e-35,0.01592428743430241,False,False,"[0.4340487763438966, 0.8235381497051427, 159.2420920506871, 111.02848186635671, 238.9395517302284, 0.5135651516815106, 0.5419274444228624, 162.66812790027066, -109.55209466425038, 130.08829885913167]"
0.002112377359700506,21.36011441825598,2.5757463306495504e-37,0.04050748110421831,False,False,"[0.4570798989921644, 0.8205705857806409, 157.5682830789989, 108.24375492698023, 240.007962350424, 0.48473828961403886, 0.5952508503188897, 162.23983707443415, -109.90852327800462, 133.07656598111248]"
0.0021018154729020035,21.36706119359759,6.189251828924397e-39,0.9401104238451603,False,False,"[0.4422070091262309, 0.8459194164740645, 156.08547575439596, 117.52648459867052, 241.57264391802653, 0.48387258933593014, 0.5900140740616308, 160.3048606419508, -105.15679241693067, 133.80270535777396]"
0.0020913063955374936,21.28309880626234,1.0859743496413249e-21,0.38782414000136134,False,False,"[0.456746258821373, 0.8656133249606198, 158.81451082187783, 107.49206607863424, 238.14218223744913, 0.5286525202172462, 0.5240559199187519, 159.91451010160628, -105.15658715732945, 137.21721707053183]"
0.002080849863559806,21.390558837945786,3.1803349834873963e-44,0.4539571042188667,False,False,"[0.4662993917313347, 0.8294369186312236, 153.74000049996138, 108.22722563835578, 237.34510761985086, 0.48213957366279936, 0.5706000171170786, 166.06744884959315, -105.86981455969408, 135.4259526864124]"
0.0020704456142420073,21.324465894470208,1.4043593100150045e-30,0.30837866616467835,False,False,"[0.4787319469264079, 0.8729512252089361, 155.69093994232742, 110.20556987493569, 241.54541654582553, 0.4878330241785287, 0.6058347444943984, 164.4191153353524, -110.70641538218763, 131.6006230567261]"
0.0020600933861707974,21.26081289980271,2.6082234201322794e-17,0.8075133972395252,False,False,"[0.40982618974332546, 0.8325264641743835, 158.80744044757864, 112.64243444015796, 237.93415199282825, 0.4715647613543344, 0.5264320516917402, 164.27858258051876, -110.87754326441505, 133.44100233729935]"
0.002049792919239943,21.248426671313396,9.063781205206762e-15,0.874811015855298,False,False,"[0.4055860825949557, 0.8907015623433947, 156.68341518017266, 108.9645918344575, 240.704213478124, 0.5172922820454905, 0.5624071904237469, 162.2804757869884, -103.66243983324183, 135.31160462869227]"
0.0020395439546437434,21.315818476638007,3.4397795986827744e-29,0.5186364624751879,False,False,"[0.37833573280821936, 0.8250589714753792, 152.57058669299855, 105.35678871017498, 236.58768929592168, 0.40503145761203063, 0.45867365835480645, 160.7672743670007, -104.58551145912985, 137.69475219362639]"
0.0020293462348705245,21.22541360813564,5.5052990886592e-10,0.6746752589831333,False,False,"[0.46485068672553304, 0.8649276838603247, 155.58516079594042, 104.23178697677889, 233.92592985625308, 0.500449939295809, 0.5246125932082111, 160.06475533427866, -107.72885204617761, 134.3016282756653]"
0.0020191995036961717,21.242112889625986,1.2662776143215124e-13,0.2656490703768831,False,False,"[0.38341771531809266, 0.8998014537936732, 158.2825936007375, 110.60319360343308, 240.1080483305186, 0.535931481447705, 0.5037743411973077, 164.57146138948968, -106.64229521850713, 133.55288145506944]"
0.002009103506177691,21.3400333308316,7.428651042564787e-35,0.7306807326532846,False,False,"[0.4230054996110385, 0.837916649156326, 158.96135669257518, 106.3303623386756, 240.24593217924442, 0.46281583690485606, 0.5374912771669029, 161.35653085946115, -110.33921100852184, 131.04748546318686]"
0.0019990579886468023,21.319554873190057,1.4071585795467301e-30,0.9450087031780634,False,False,"[0.46879391548737187, 0.8852150082686845, 154.577107200784, 105.67628688330316, 241.66999226390647, 0.49460326668118426, 0.5607823289797293, 162.61323278476328, -105.22299972072044, 132.49980632505108]"
0.0019890626987035683,21.270063549746354,6.372843954191418e-20,0.5618091791286027,False,False,"[0.4597879602968872, 0.828432483075688, 156.969561040169, 107.02357172176033, 237.32544135654987, 0.43510826884337767, 0.5044331824084372, 166.0541904015829, -110.81192233227894, 130.742047750827]"
0.0019791173852100503,21.291675380045813,9.2343381065083e-25,0.5611497239199404,False,False,"[0.44162788371013784, 0.8476563816538079, 156.22847601435933, 117.25969893142207, 240.73743537406065, 0.49184081181608896, 0.5860308799438874, 162.13017680920404, -103.38913194982851, 133.87195399306376]"
0.0019692217982840003,21.258179597602343,1.705406874855195e-17,0.4929915233879554,False,False,"[0.43910833670027827, 0.8876512955962962, 154.5051321438217, 104.46328392805812, 237.25614204973434, 0.42998342732420336, 0.5210490906696514, 164.06320181222816, -103.42026532242176, 136.53934299964186]"
0.0019593756892925802,21.268808107726702,6.191027760016627e-20,0.7527543487011633,False,False,"[0.42677767194299854, 0.8194358288670086, 154.29240471212213, 113.71164956570055, 237.42939819486935, 0.4483231313533298, 0.5075794557160193, 161.32015502361259, -106.08844555215188, 131.62591249506346]"
0.0019495788108461172,21.218558494408658,7.744713265852618e-09,0.20190460961687173,False,False,"[0.4002275114337741, 0.8887773808260025, 154.22523283434376, 117.39450370148197, 239.89592601252383, 0.5387051570561598, 0.5283280897388705, 165.50979714577545, -109.47427037583634, 134.78814001944278]"
0.0019398309167918866,21.241437353340004,5.321904297671001e-14,0.7649334750469599,False,False,"[0.49563946399724784, 0.8901868101384758, 158.02916942769465, 115.3497738374584, 235.2234197646018, 0.4776118898840337, 0.6119230577455509, 163.4527561625702, -106.50629952274176, 133.6499442596837]"
0.001930131762207927,21.323998062884296,1.2093991335006728e-32,0.11873507492620727,False,False,"[0.3932248455210158, 0.8811378402145043, 158.60225777105614, 116.12696880289882, 241.5682945257818, 0.42426659415249535, 0.4667136966223774, 161.46424826852768, -102.69933167876353, 134.04183969969978]"
0.0019204811033968873,21.25001204984326,4.500466646464141e-16,0.9979036932807297,False,False,"[0.5208702605324872, 0.8701983761674719, 155.74461618260088, 116.10498768619408, 234.47283621376502, 0.5307847592891936, 0.6033633457575311, 161.02583463314326, -107.03264114053428, 133.57018837474467]"
0.001910878697879903,21.28928360433349,4.474097422598795e-25,0.26933931020162627,False,False,"[0.4013270493041248, 0.8468194989256979, 157.74923262971294, 106.92213494927611, 239.83117687208104, 0.5162170702314098, 0.4761383804995763, 164.53674128949416, -104.87943966413661, 131.59211380071963]"
0.0019013243043905035,21.25277192404115,7.382945515643175e-17,0.23698875282777376,False,False,"[0.5033539508931908, 0.8618664355372084, 159.72057054034028, 102.43291284520944, 236.21547455382776, 0.4040671559950394, 0.49331733857125587, 161.46654467809986, -106.89092061198993, 135.4946854346764]"
0.001891817682868551,21.24977981850966,2.9788400069471316e-16,0.3163085638079888,False,False,"[0.5043411195947165, 0.8990824008420268, 157.01492291023092, 112.6096337652225, 238.49576856077906, 0.4703808233383474, 0.5060368523865125, 165.26199993010067, -103.0216317711882, 133.12211078742894]"
0.0018823585944542083,21.335531145502976,4.089132323848302e-36,0.9587058652495991,False,False,"[0.4526576684657897, 0.8506872322922454, 156.10913764428867, 104.15906636109735, 234.3522939554034, 0.44755614159543367, 0.4984405810135562, 158.64126668708587, -107.7579994128258, 136.45096339721843]"
0.0018729468014819371,21.29668433799207,2.763797154812076e-27,0.0048083317771671075,False,False,"[0.5245443276276229, 0.8427120070137657, 157.2520867070001, 109.47760530678758, 236.55985515444797, 0.5263402321338398, 0.46575526705533665, 162.71069789821004, -104.4068000340891, 137.30106616377643]"
0.0018635820674745274,21.251742100953756,6.04663201807145e-17,0.052155821389336054,False,False,"[0.4469586584096173, 0.8780794186711205, 154.99808285739454, 107.59082222544087, 240.88588210250262, 0.4845284446318769, 0.4564938393851832, 163.60751405713384, -103.65972564001447, 134.44070681424677]"
0.0018542641571371548,21.397280371668543,4.101326321161679e-51,0.6290821709697655,False,False,"[0.4920031882826177, 0.824195148566291, 154.0485220208622, 104.93081183478785, 240.8647844480013, 0.4711044974353751, 0.5860025143227902, 158.50689970607687, -104.82717580342035, 137.5277989019559]"
0.0018449928363514691,21.228231724747875,1.4198164480349717e-11,0.6664978413821616,False,False,"[0.49862336163248044, 0.8950840281452196, 153.1251027149159, 102.45880059688344, 237.77053471105827, 0.41249757154939537, 0.5514005426403581, 166.0048589978239, -106.01810821480717, 130.34130864224593]"
0.0018357678721697118,21.226274028985106,3.637979326183507e-11,0.940086753737437,False,False,"[0.38991715361747503, 0.8834884892332455, 157.54594262489397, 104.90366853112569, 236.22282727638697, 0.41519179256117883, 0.5666979074551954, 160.81127225326708, -109.79482748406255, 131.30542260349327]"
0.0018265890328088633,21.236816391492727,1.0042067926561086e-13,0.5703116724365901,False,False,"[0.43633124805666323, 0.8480303463251536, 155.09221519740885, 114.69392383110754, 235.45099207500013, 0.5296248166992839, 0.4646136540425739, 163.3590830729258, -111.29222063989799, 132.11739195356708]"
0.001817456087644819,21.273285796550148,1.6667615216890093e-22,0.6700652271320383,False,False,"[0.49551373449676744, 0.8237293138440304, 159.6737658415919, 104.7282570503312, 234.28939676556297, 0.4658803605155155, 0.5118905650666596, 161.04190517012321, -108.92164340387768, 130.375897569667]"
0.0018083688072065948,21.251572454457705,2.12359359583539e-17,0.20567955709210128,False,False,"[0.42220927466057523, 0.8812875481739922, 154.4919831457369, 103.21484316757633, 237.97369284699897, 0.42999937317656595, 0.48024342631314615, 165.8203915762946, -106.05890378422524, 135.22898289784422]"
0.001799326963170562,21.217308110054926,3.262120423251238e-09,0.7678068957458731,False,False,"[0.44245428373031964, 0.891305352624199, 153.25180296353636, 112.19408175804287, 234.02207139576637, 0.5265596597036123, 0.6090419023623229, 160.13001051658878, -104.96273416948604, 134.67907117820633]"
0.0017903303283547092,21.23270292945519,5.450195348931386e-13,0.9653349315679643,False,False,"[0.4013045811948377, 0.8410245325112559, 158.17503003543928, 103.87207141613875, 234.5694628649328, 0.5372665768662886, 0.6082983720250454, 160.85600356554536, -112.87057511264415, 137.78897541461578]"
0.0017813786767129356,21.27329397459218,6.00921437250406e-23,0.9127357174421896,False,False,"[0.47140797763638076, 0.8841843831243044, 152.80123801568345, 118.07941644113704, 234.30337476606513, 0.42374290284459565, 0.47106589769493434, 163.48742281690335, -104.67244728420042, 137.01785724068716]"
0.0017724717833293708,21.303222281049997,2.158050672248816e-30,0.6650848781067807,False,False,"[0.37418491361114137, 0.8443331926804287, 153.00620112860778, 112.10813811100265, 234.90977658074354, 0.41006480112056576, 0.4969511720943575, 161.5307553202365, -105.0956683116209, 137.66818693542368]"
0.001763609424412724,21.390101338606087,6.176461917829891e-52,0.02697063102727948,False,False,"[0.412083440344899, 0.8708811772966271, 157.05614441258797, 105.23109105799294, 235.83276442839897, 0.5262630459809345, 0.5724561966403143, 164.57006005253066, -102.46166289814019, 137.4867808931624]"
0.0017547913772906602,21.26693398423557,1.037951428691676e-21,0.47218459986754724,False,False,"[0.5285051799847067, 0.8947098162816999, 156.13084666774196, 115.07677607741682, 241.50603384447692, 0.45455636275949823, 0.589990428338968, 165.13582236400708, -108.77930764207618, 132.90370283479814]"
0.001746017420404207,21.28029353244819,3.87036874881028e-25,0.8739563427053538,False,False,"[0.4389383112583288, 0.8546764153720972, 154.5349536592252, 104.5839551966542, 241.44068350716623, 0.5221721473146942, 0.5903193524368842, 164.65544274332873, -102.54478856036293, 132.57896193487386]"
0.0017372873333021859,21.327842462668425,3.789603532427601e-37,0.7586795909241363,False,False,"[0.44425044910199213, 0.8787093029887938, 159.30094803914022, 106.63171453716427, 240.30539804627858, 0.4878016302418651, 0.5709663024604286, 159.45607620065513, -108.9213874268888, 138.04167269095964]"
0.001728600896635675,21.210339082088275,8.26370588359736e-08,0.5642914171975117,False,False,"[0.3847409633347526, 0.8832259814784275, 157.8447612930194, 103.04241278958256, 237.66830075561154, 0.49275933397555177, 0.5666264559990455, 159.25696278873124, -109.03923531863472, 132.9177014995004]"
0.0017199578921524967,21.270883456637932,3.9259807754491066e-23,0.3972574300261915,False,False,"[0.4364340204311566, 0.8207758442521035, 159.05095865964296, 106.64189541222377, 236.1647155231219, 0.45012081845686913, 0.5184086345615534, 164.5043163875605, -107.16189990788293, 131.53238917104858]"
0.001711358102691734,21.34350328435694,1.1284652298844093e-41,0.8399653889011716,False,False,"[0.4589379703875991, 0.8326919433516053, 153.2935931724522, 112.58477584604573, 236.9382538026419, 0.4871838198352344, 0.5707328435088269, 159.23647266585036, -109.9758964955304, 133.043539474937]"
0.0017028013121782755,21.371761374929562,4.360925283468276e-49,0.36012178670815975,False,False,"[0.4173694107361, 0.8211538875604744, 153.0700494665939, 114.9147278653717, 238.77080401204196, 0.5413906222915694, 0.6118696814469974, 165.68375427538672, -107.03515735612467, 136.99694077644796]"
0.001694287305617384,21.294488867432772,1.598540822967151e-29,0.8493646751208124,False,False,"[0.5212370671398824, 0.8699909391641389, 158.18014234685953, 106.25523253212248, 237.76471396732705, 0.5161605545273741, 0.5635540855334262, 158.53626614909444, -102.55832486356132, 137.9132552151086]"
0.001685815869089297,21.252592798434012,7.114589759166277e-19,0.4504116694225012,False,False,"[0.4743474489676709, 0.8793907924805484, 152.82653421230717, 104.31317186949066, 234.16047651367182, 0.5077917966638397, 0.4778580722241924, 158.72917153096546, -103.39081682093745, 131.58224225782328]"
0.0016773867897438505,21.279430712932072,6.491034284745652e-26,0.054474313717465805,False,False,"[0.3838990509116254, 0.8662261930055823, 154.0231988122027, 113.72297339220452, 240.5638258905311, 0.5421733195141554, 0.5655252114145464, 163.33380198080374, -110.82175714999507, 135.8558228516098]"
0.0016689998557951312,21.215118551552333,2.6336944954572304e-09,0.05577668932510549,False,False,"[0.5114380392728435, 0.8984035624497702, 157.18614947454222, 104.04370788542946, 236.14412460267224, 0.48549243931763614, 0.541385389316304, 158.48282015241836, -108.73796633607638, 137.3080756523458]"
0.0016606548565161554,21.229479571329072,4.1856080857812533e-13,0.043180509029097425,False,False,"[0.45338159373345926, 0.8888509561156022, 156.77913950360994, 106.48661676848931, 239.47491974197743, 0.4108073276743113, 0.5747564004012129, 162.42087524251883, -108.31386297530811, 136.35944157471016]"
0.0016523515822335745,21.34616359086411,7.78049331603493e-44,0.8986751907285596,False,False,"[0.46431294757934644, 0.8506107517905618, 152.61358620401157, 113.91819336341419, 237.56614416289327, 0.5360527272552833, 0.5539086632608159, 165.74528950201892, -109.27735467169839, 130.77320330464312]"
0.0016440898243224066,21.295896378856426,8.96834713612764e-31,0.6105640990552366,False,False,"[0.39472862862776614, 0.8643483336278013, 153.25240730425213, 107.59671026645663, 239.03290017517605, 0.47654251851578633, 0.4601991373983303, 161.1011008893886, -102.49389588075113, 136.89193053573018]"
0.0016358693752007946,21.252756430774813,1.7972842022889185e-19,0.38111461939586766,False,False,"[0.4763684778175217, 0.8695980486816751, 153.96573202856226, 116.10160214207075, 234.08154806048637, 0.4236980376814212, 0.5232872192760858, 163.1435395110567, -108.35334504008637, 133.05465332710085]"
0.0016276900283247906,21.270547283529957,2.5913531445030495e-24,0.5727436074314216,False,False,"[0.4248421445390826, 0.8301156569498762, 153.17372890291173, 111.67255931121173, 239.8465813390263, 0.5282366474596643, 0.5005342058318959, 161.2576269716993, -104.02720507179684, 132.15547068698254]"
0.0016195515781831666,21.401658772369107,1.3693251255489656e-59,0.054143158133461156,False,False,"[0.5137994074185978, 0.8214375286805332, 157.15269199024956, 118.03419538343809, 238.34517861430794, 0.457880023357878, 0.572728631843499, 165.9793269734062, -109.04289616129094, 135.78891933133883]"
0.0016114538202922507,21.25522426383293,2.0207278436539344e-20,0.6829565089805608,False,False,"[0.5099077388682122, 0.8718299942553498, 158.078855275771, 117.64473593380025, 240.75983902615909, 0.4873755745505398, 0.5204325710998389, 161.5526347883839, -108.10176948788012, 134.05325118816862]"
0.0016033965511907894,21.330804995184383,5.430186130229662e-41,0.25896925330341813,False,False,"[0.4663361379603842, 0.8420089036784447, 154.83975156804877, 117.53662747669608, 241.1183145662322, 0.4499431658713895, 0.4607069382738882, 164.4935530371996, -110.68092759759519, 137.73397100771854]"
0.0015953795684348355,21.38672787797614,2.0377034561984004e-56,0.8196497841584757,False,False,"[0.39588123926810265, 0.8199274851287937, 154.93601828829458, 105.74785023189332, 239.71530546745174, 0.4895937382726273, 0.5959363688746058, 162.742420170446, -105.36820721801791, 130.84882104012112]"
0.0015874026705926614,21.392275834212967,3.246628590582945e-58,0.08007413236603067,False,False,"[0.38865050820926744, 0.8187305342383725, 155.15994019426734, 105.89136924889955, 234.7508459478656, 0.4450425736933056, 0.5384682435769529, 162.9034796986209, -108.27510966642956, 136.85367188880926]"
0.0015794656572396982,21.231877924731343,2.1184691895051683e-14,0.9089803469906125,False,False,"[0.49163958204563796, 0.836917547504271, 159.50968386609452, 105.9879326067934, 235.90388895028175, 0.5446911152787027, 0.545961709365233, 165.65415450818114, -112.23114350405939, 132.76240626007566]"
0.0015715683289534996,21.300114775193695,2.514322114671381e-33,0.8374265214602308,False,False,"[0.39994984087757035, 0.8485696677136819, 159.34371872024292, 112.81227724715284, 236.3198882115906, 0.4105540865400353, 0.49946881151228295, 164.95082509764092, -108.08969049505816, 135.25446129082917]"
0.001563710487308732,21.401280644640536,1.3787091164773519e-61,0.5046865689751729,False,False,"[0.42259111036782027, 0.8225884367447158, 154.8741568113724, 114.0818996358941, 239.2236088120974, 0.484020962256259, 0.570969354662692, 162.6692583848438, -102.47276132210143, 131.85250443864072]"
0.0015558919348721883,21.315765743347804,5.050396184842993e-38,0.9121100719894418,False,False,"[0.37531135370433844, 0.855907432790317, 152.67934787654912, 107.32270655142986, 236.8229236736069, 0.43252563630112545, 0.5487862220266698, 162.15612864576602, -104.42221465027154, 136.3579806447884]"
0.0015481124751978274,21.28834789337447,1.6124212451442162e-30,0.43618834972064,False,False,"[0.5308983954780895, 0.8188901563792392, 154.5387207847865, 103.90407162351937, 241.70715017765582, 0.4970338569141677, 0.4593090997869075, 163.41701940068523, -111.82576418168429, 134.22420856086572]"
0.0015403719128218383,21.336181072186417,3.7292202864327483e-44,0.679897963470325,False,False,"[0.495002876651293, 0.8911528167011179, 157.12184232956133, 115.21294483560419, 239.14112863602003, 0.4477165964129543, 0.4576778715352335, 160.26866591036818, -106.21745287155241, 135.90284170272034]"
0.001532670053257729,21.383546599784932,8.550250124854027e-58,0.3431226499313933,False,False,"[0.41264838957430977, 0.8468289724250149, 153.54250606658906, 110.66601019985856, 240.92064548345454, 0.5085988396324095, 0.6143991991455524, 159.75189416718106, -103.97482760542121, 135.2702546057079]"
0.0015250067029914404,21.259107337987874,1.2113470182335004e-22,0.38884011908278304,False,False,"[0.44494684914478894, 0.8677174598630353, 154.12259232119652, 104.60430042225947, 234.3580355844534, 0.43778772333076615, 0.45700117154801617, 164.99453867278655, -107.96238208635059, 134.38784943845377]"
0.0015173816694764833,21.397864770583446,1.8152733067446965e-62,0.3953900710858378,False,False,"[0.5150325291431769, 0.8305782245451648, 159.37221215229056, 105.55157850376689, 237.86207769436305, 0.4952249233914905, 0.5861298099230265, 159.7896838471169, -103.0160284159639, 134.45376923450655]"
0.0015097947611291008,21.23454841428425,8.449941868780314e-16,0.8172359216065643,False,False,"[0.47549281478426575, 0.8805425749868686, 153.43790212418085, 104.33181493903052, 234.67727048334245, 0.44042206570536857, 0.5858228019240949, 161.86167757532579, -107.15185759946831, 134.27497382906193]"
0.0015022457873234553,21.261796929639154,9.411310321459458e-24,0.4815455775412263,False,False,"[0.402636772360092, 0.8760928053831625, 159.73359884722458, 110.67472243322773, 234.56776469145746, 0.4660178492408202, 0.6014359739530117, 161.95460303105887, -109.23369496772563, 133.4786119972306]"
0.001494734558386838,21.34009770675831,1.2813941536301293e-46,0.31203874665345166,False,False,"[0.4520940883582941, 0.847361092492106, 156.95212111414986, 116.17702641358424, 238.01061256117185, 0.5089576736259896, 0.5270961916945565, 159.0128518956049, -109.53882203357094, 135.36299113858465]"
0.0014872608855949038,21.33375015181931,5.377930266250539e-45,0.1598902245345627,False,False,"[0.41998546641072315, 0.8949927618328724, 155.47001478103078, 112.9026695323997, 234.47930916990788, 0.5171178915136075, 0.5713288969744905, 160.84194855065826, -102.49839846010026, 135.33925344897486]"
0.0014798245811669293,21.319778921715763,4.058734793715419e-41,0.15601404417760945,False,False,"[0.3982350209033551, 0.8391055792781803, 158.6136886424431, 117.06339212292707, 234.54195204789474, 0.47875707335521955, 0.47144960215054454, 160.3343668039198, -102.91505341788127, 135.6044825484027]"
0.0014724254582610947,21.305354832522994,4.5690748433859e-37,0.654554730346383,False,False,"[0.5292738495857239, 0.8679452659165113, 156.69402267825748, 113.67435438929259, 239.42733682772845, 0.5104126220120779, 0.5564806937937775, 165.97191459070854, -102.46733600679042, 135.39963475819087]"
0.0014650633309697893,21.354315231533317,9.197945187168839e-52,0.010438340567642035,False,False,"[0.46208185255219925, 0.8338227838855999, 158.9080697343783, 108.19868628287547, 240.52910403272352, 0.5093184553547345, 0.5903135736744844, 160.60292085472202, -106.89214004037558, 131.12152187958299]"
0.0014577380143149404,21.390286182093504,9.786642423704e-63,0.9979663185917839,False,False,"[0.512929349854923, 0.8319355178316574, 154.57013041323782, 117.55179140228348, 236.28154403321307, 0.4798579632838327, 0.5788650694654873, 159.6316588988114, -105.5248275922125, 135.33105818457886]"
0.0014504493242433656,21.23033155600594,3.738929260099646e-15,0.22906187432147096,False,False,"[0.43281404708320304, 0.8265191638527074, 159.13789751106174, 104.4294969027809, 233.9205773232762, 0.4718180991796079, 0.4772774653010208, 163.1503340427205, -111.19317946824515, 132.33081557224963]"
0.0014431970776221487,21.295531662991067,7.583822605024728e-35,0.06847512400030653,False,False,"[0.46781079605975034, 0.8387804699016339, 155.01191115332426, 113.23301523739902, 234.46004815985927, 0.4468022228630464, 0.5663736067845309, 165.77328345532953, -102.51907421600738, 131.15549452434337]"
0.001435981092234038,21.292467912530725,4.315421701276207e-34,0.6443218128069775,False,False,"[0.38873090113440617, 0.8491978118106688, 154.32828705761642, 102.72768968748389, 241.3430722264982, 0.39653186489777004, 0.49520041397862274, 164.16004160635984, -106.82928408253017, 135.76168941614765]"
0.0014288011867728677,21.26373613875867,1.587051546269463e-25,0.5073038497914273,False,False,"[0.41293640487656713, 0.8430441953145255, 154.13962302024382, 107.91264030366048, 236.63488215391584, 0.43035620114422013, 0.46994064861745527, 161.7693857246906, -112.46602943844077, 137.85211156961506]"
0.0014216571808390035,21.320964338786652,3.9231308939280344e-43,0.20583377322154117,False,False,"[0.4648043719782101, 0.899422273072841, 159.35575526787824, 106.29613684122384, 239.56268006305044, 0.522964646658627, 0.5887589531595471, 164.87131470124805, -109.40852469146918, 136.12751667848818]"
0.0014145488949348084,21.311866517909394,1.4919229154338036e-40,0.5281211977606711,False,False,"[0.44154830111878723, 0.8930019173623305, 159.4789803236257, 111.27793130784129, 238.6157828849607, 0.49082263642142776, 0.6135715897652374, 160.24607762060094, -103.36055869740807, 130.4206314628851]"
0.0014074761504601343,21.20582067511768,4.958999134235803e-08,0.9366699815282772,False,False,"[0.40289921934236794, 0.8893444487048541, 151.94135096604586, 118.12805591292427, 236.9286494907516, 0.46853363388127856, 0.5123830501623381, 164.81801204988636, -112.78660764268366, 135.90822235336884]"
0.0014004387697078337,21.287690256264305,1.861459355955897e-33,0.37534985754858397,False,False,"[0.3746802894411638, 0.8770717898829752, 152.14546781366636, 115.872377566375, 240.0045255011434, 0.5122456063508253, 0.46790753174914906, 164.3590749183407, -112.65256077929853, 134.12842639891298]"
0.0013934365758592946,21.294759332677412,7.982717113338274e-36,0.10158387602669383,False,False,"[0.5069540938867758, 0.8705568533839665, 155.18935342370824, 102.43165239285617, 240.25138718083937, 0.4611999781413922, 0.502793710027744, 161.31795677544423, -111.7797173477083, 136.81457699635422]"
0.0013864693929799981,21.24497305646943,2.0927541948102563e-20,0.838126985512905,False,False,"[0.45601926875740234, 0.8953451762485413, 159.7221933771311, 105.5749568578691, 236.78730718011005, 0.420030442058838, 0.5935764562052492, 159.30435524901634, -104.89261648767041, 133.18835578540475]"
0.001379537046015098,21.340932907787046,1.0292903980123831e-50,0.7133816086475582,False,False,"[0.3834476731487926, 0.8746024172806753, 156.3604332306291, 112.336370879513, 236.05254552514066, 0.44948081517610156, 0.5914615504110851, 164.47167223676348, -108.58762774268196, 130.1891434292519]"
0.0013726393607850227,21.367124128270554,2.9826809854981153e-59,0.6642310618029696,False,False,"[0.479843212078679, 0.8343467480771711, 157.7459453804143, 117.91157053200048, 238.39629595280175, 0.48388730118888834, 0.5611800625764951, 158.66677997875126, -103.21262058129088, 137.65265024782]"
0.0013657761639810976,21.236314724228514,5.96705933920056e-18,0.39072131406800925,False,False,"[0.44263699926336453, 0.8854466917451141, 155.98709009540505, 105.3021322695786, 237.21762069969336, 0.519475337813741, 0.484526482096338, 164.31198349502162, -106.14224269209025, 131.1739197092818]"
0.001358947283161192,21.370423898146676,6.766879517799394e-61,0.8260849379012403,False,False,"[0.45278099829914176, 0.8240460635700434, 154.59835413424213, 117.07267909304355, 237.5288614990622, 0.5291626783506385, 0.606462508201776, 159.9294186027699, -105.8425637437062, 133.64123499638603]"
0.001352152546745386,21.20902445052314,2.3308373840248802e-09,0.6422829501344112,False,False,"[0.48407736625718667, 0.8970776493489637, 155.91365353645313, 104.37253882498953, 240.6377166623863, 0.41750064177595403, 0.5225070303291757, 159.32479301965952, -108.33940235482052, 133.6029219395354]"
0.0013453917840116592,21.345125710190267,2.45721001584602e-53,0.31665215358267007,False,False,"[0.5323909302665598, 0.8631593657793724, 153.68737667054145, 104.88629417310024, 237.2646404860098, 0.5088863064386691, 0.6073921509545962, 164.17941779244165, -107.18432731832034, 130.715134904839]"
0.001338664825091601,21.32816608415937,4.247915088022235e-48,0.7565255554798218,False,False,"[0.5030395696636182, 0.8820384159230831, 159.25792881679644, 102.88485780386003, 241.01234658678464, 0.5491813816840743, 0.5997957543653035, 158.48037576087307, -107.79480977764916, 134.94475804932256]"
0.001331971500966143,21.35533588339426,3.39866123732324e-57,0.7814679860484256,False,False,"[0.41974324384957784, 0.8495873701789505, 156.60614733720595, 111.83635957210544, 240.29883838229227, 0.5310103053552803, 0.6102104299507383, 165.4633853108334, -108.33676076498742, 131.89566912304522]"
0.0013253116434613123,21.205252575663692,2.6834706108136435e-08,0.2090436920239216,False,False,"[0.5206782546252847, 0.8990045584145566, 152.03816052400717, 104.69399383502315, 240.10233514444064, 0.48685982514314846, 0.5049551216388439, 164.92136760880976, -114.1723199052302, 137.0793797498396]"
0.0013186850852440056,21.354513880727193,1.7103105068439167e-57,0.7049047513551312,False,False,"[0.37719086063272433, 0.879224774526077, 153.6126113412177, 107.08215395181222, 236.44069883529497, 0.48306189324015425, 0.5985333397872515, 158.9930758508091, -105.78932761133636, 133.3272438112023]"
0.0013120916598177855,21.323378350168888,1.7926198152154157e-47,0.6637466595394823,False,False,"[0.4059911824726926, 0.8791551343139197, 155.02490922568478, 105.21406611220641, 240.41148687197006, 0.5250381215731076, 0.5435485391173442, 159.46743422154486, -109.0701653305941, 135.67208422513266]"
0.0013055312015186967,21.26830445029255,2.1843177722371753e-29,0.23531621080402254,False,False,"[0.5054901883188557, 0.8830287641176354, 158.2748440032411, 118.28369865510923, 238.72539632734254, 0.3974630919602332, 0.491245198133931, 162.59978869713595, -104.74389661931926, 132.7453866608952]"
0.0012990035455111033,21.2648695741142,2.2063316837526897e-28,0.12481663804449472,False,False,"[0.428759121155844, 0.8308384393597764, 154.5444772996345, 113.9665582904836, 237.95130927782176, 0.5111445344077483, 0.4617468317478509, 162.57953858959206, -105.8398993891728, 132.74121421877697]"
0.0012925085277835477,21.289784948767107,6.8061961321939465e-37,0.8003173176113737,False,False,"[0.38330166653060355, 0.8230065204853133, 154.92364338231562, 118.39193377697798, 240.14337435713938, 0.5333697979810621, 0.5898241323783056, 162.17311191671948, -102.52311106157701, 130.56222347121965]"
0.00128604598514463,21.207325418470923,3.1443829376221404e-09,0.6797849870864788,False,False,"[0.43546577515046103, 0.8957427232386093, 156.20840675346122, 116.45518960712896, 233.94197822052013, 0.4754794965839932, 0.5179633294754159, 164.9581118858553, -108.32549325947575, 135.18119638636475]"
0.0012796157552189067,21.271738638886845,3.9203075713126986e-31,0.6013171048191913,False,False,"[0.5049265253725244, 0.8491743463016734, 157.5926786826518, 106.75876037067714, 238.71768857432787, 0.5440410106470345, 0.5701001115935862, 164.72353331406495, -107.40498281579526, 134.85430932919797]"
0.0012732176764428122,21.29951601030969,9.239805643847454e-41,0.5211693885697309,False,False,"[0.42008788244231343, 0.838796258135719, 155.93347930386756, 108.68849973335485, 238.02595080569404, 0.4489397729782991, 0.5091639012563565, 162.6710396765448, -102.84868737307958, 135.99163181565095]"
0.001266851588060598,21.331026007442496,9.170997355397506e-52,0.7361136254269052,False,False,"[0.42850340728995867, 0.8771604853983747, 153.40676140187813, 112.79077946935837, 239.36558750286923, 0.51416880725981, 0.586734300791321, 159.03233191964682, -108.54695886071613, 137.49852983711784]"
0.001260517330120295,21.24149620307851,3.5665613259752285e-21,0.5522662414176763,False,False,"[0.5042963781962451, 0.8843578645029466, 152.97001184736337, 114.14680558376077, 238.70907501917586, 0.5343078192385611, 0.593273385836644, 159.30618513589852, -109.23283051820229, 134.05851059567524]"
0.0012542147434696936,21.35245383455287,1.0676171087391575e-59,0.29965197069813854,False,False,"[0.41125569563596814, 0.8749655742799317, 158.44941971630212, 106.20018466455498, 239.45678284691766, 0.43196079954316613, 0.5214659584445904, 163.45553215660186, -106.61879695754799, 132.58023091399315]"
0.0012479436697523452,21.398108834881963,6.978576514590963e-76,0.22940719856824032,False,False,"[0.5229772890552021, 0.8188234706401272, 156.4534462784751, 107.49533934102736, 234.36162612200494, 0.41940056494373124, 0.5785462853089439, 162.1875362989268, -102.93005783739017, 130.13634635727811]"
0.0012417039514035836,21.30674182614568,2.6444533828232314e-44,0.5924883309554256,False,False,"[0.4241579187651968, 0.8789064784801602, 151.91322517795032, 108.704813410828, 233.97970339572777, 0.4546837596230059, 0.5324438733388182, 160.6003467296365, -105.09166110558968, 133.40646885504287]"
0.0012354954316465656,21.240757618828923,2.4989306811476214e-21,0.998464651835145,False,False,"[0.4045013372039501, 0.8739680944526156, 156.61559854997026, 102.77005427370008, 236.05306606369427, 0.5323315307352507, 0.573473680487969, 163.167770552092, -104.75592055897351, 130.38681904379496]"
0.0012293179544883327,21.32563466991762,2.036053899823116e-51,0.16948590912429062,False,False,"[0.5183565584681782, 0.8919181741174632, 152.658374971194, 109.04186403820923, 239.24487159513524, 0.498376773393934, 0.5790564528909831, 158.8673404563088, -111.07776291379245, 137.22257185235202]"
0.001223171364715891,21.274772606456978,1.29701979126011e-33,0.0319761835722161,False,False,"[0.4300420389242075, 0.8297517495980372, 159.496163735505, 107.07026645915997, 238.985153051226, 0.44858042770715134, 0.48030381875958067, 163.43638537760063, -111.10597755603379, 132.84508453297764]"
0.0012170555078923116,21.322767881603774,6.622706195472178e-51,0.8249659156603592,False,False,"[0.5295174657200057, 0.8672690226702083, 155.34818747484974, 108.66596630730479, 240.67471420477167, 0.40522525576140916, 0.5647803722670336, 159.38483311945558, -103.4268135699917, 138.05157432044845]"
0.00121097023035285,21.37819106075993,4.9234738242827644e-71,0.19129223882716473,False,False,"[0.37911042929394767, 0.8406669410239729, 157.7073766342223, 116.3820463168195, 234.29356008820258, 0.5448252359359936, 0.5961856042446357, 165.2721498778936, -105.68001815352044, 132.63508040617296]"
0.0012049153792010859,21.317405907098525,1.7705330866331177e-49,0.07876174867332775,False,False,"[0.4305605684526643, 0.8866145923449473, 152.11290041793447, 106.52264664062106, 234.88840966827985, 0.5351608260409121, 0.5743095404600103, 158.48237314521074, -108.33475976343425, 135.7485752676751]"
0.0011988908023050804,21.37257297181303,1.044771278533391e-69,0.692874495888563,False,False,"[0.43064151334936573, 0.8750284081324229, 156.35344322861425, 106.28291735082831, 240.55294067641208, 0.5116938952538498, 0.49850925865945034, 164.05444429196473, -103.21477230165671, 136.13075665257355]"
0.001192896348293555,21.295677476264796,4.6506539283158063e-42,0.2918173058134915,False,False,"[0.4061363276303483, 0.860490765813533, 157.94006936113752, 117.39098007123695, 240.26897841723786, 0.45156904814900467, 0.5202585934819457, 164.0829807307307, -104.68438907552604, 135.97199740538088]"
0.0011869318665520873,21.394789507726323,1.5669150114525472e-78,0.6466618822016492,False,False,"[0.4660977031989921, 0.8287131424517152, 155.45998792196266, 115.53638106236166, 241.88918491385184, 0.4564602119035288, 0.5930652701627072, 165.0896386840624, -107.12000215849604, 135.32008698243666]"
0.0011809972072193268,21.271762307819433,1.1105100565100576e-33,0.6338109738552361,False,False,"[0.45878493917467755, 0.8572681619872446, 156.58753409746504, 103.97995010470898, 235.8092096728551, 0.5450963108195945, 0.5433584845753908, 162.72202952690222, -105.37764949014336, 137.98547116519336]"
0.0011750922211832301,21.24445910837898,9.348224722071295e-24,0.270305183681426,False,False,"[0.5100163636024732, 0.8821845506707653, 153.40006050332804, 116.8534989214608, 235.70635045362567, 0.465515209646291, 0.4992856860113494, 163.31559077802186, -106.04187680174452, 133.9212946831985]"
0.001169216760077314,21.372796402801047,1.5322609338810076e-71,0.461140957672483,False,False,"[0.4656642700604912, 0.832829261800244, 159.5280582665237, 117.95903895348478, 237.38258158562232, 0.39526052740260975, 0.5444617338520347, 159.76513084920956, -104.53328059320474, 131.6839760996643]"
0.0011633706762769274,21.254439293503903,1.0304433673125937e-27,0.8967372777985192,False,False,"[0.5234357631807901, 0.8959254865180647, 159.74950570288016, 117.7235658720929, 238.16392809871837, 0.5102380249244163, 0.5184222723431522, 165.60293911013275, -110.41234996989635, 134.4428492390305]"
0.0011575538228955427,21.21992884443121,6.685655338257795e-15,0.22097976095546823,False,False,"[0.4898466987193484, 0.8700917723183736, 159.02711225545016, 108.22071725343383, 240.4732581275349, 0.5161855287180093, 0.49586413876205826, 163.2395455491632, -109.48824666786211, 131.73435062743965]"
0.001151766053781065,21.307518932434103,5.326806320666055e-48,0.5398140848134075,False,False,"[0.4593327756632234, 0.8945672092553418, 155.58151720960765, 104.04689960809816, 241.35647363649213, 0.4870750639480072, 0.502844074281233, 164.7653278951215, -107.26802943041622, 130.82318826476813]"
0.0011460072235121596,21.23742608046404,1.1259468304060858e-21,0.901028750719938,False,False,"[0.49273300796426583, 0.8651911802916249, 156.51752252205, 108.37937498531963, 236.22386524286563, 0.47156457318634676, 0.6155039766269714, 164.06998564995894, -114.10483311177826, 137.82996775868847]"
0.0011402771873945988,21.30308760593622,8.667829610041745e-47,0.016663064618651524,False,False,"[0.39063070023913615, 0.8337176744595891, 157.1480226309366, 113.86694007102044, 237.49782512002497, 0.43438678000272696, 0.49878421657597827, 165.1135268802634, -109.25095455021614, 130.8835263484631]"
0.0011345758014576258,21.32076078123936,8.739373259459333e-54,0.47802478922626046,False,False,"[0.44383075270523337, 0.8816161210436269, 153.17548934604503, 103.54123071000737, 241.25500870425066, 0.5166145693808192, 0.46249840177101875, 165.44636588536247, -113.61002708468806, 135.39562297224762]"
0.0011289029224503377,21.267110320811558,2.0627632508250004e-33,0.9181112989767282,False,False,"[0.42235940832133545, 0.847454508129484, 152.5228124097796, 112.87826180091275, 233.93676497360323, 0.4793823429479182, 0.4755151675582885, 164.25266524333853, -103.69175413703303, 131.3682515924483]"
0.001123258407838086,21.191182384667634,0.0003212420292836157,0.39465984635285856,False,False,"[0.422145811682645, 0.8690626927949265, 151.89870571882875, 104.17374810814553, 236.48797424147594, 0.5133859292610138, 0.5049839876285692, 158.40705898202737, -109.71141249854807, 132.63049726596893]"
0.0011176421157988955,21.248278628617143,2.007999724964519e-26,0.5412000699554985,False,False,"[0.43102766348606875, 0.8241358534054039, 152.59719827658753, 107.53206625611885, 237.02916783996565, 0.42582947993099274, 0.5315996743687413, 163.39255308367075, -109.0866077620289, 130.0611002444727]"
0.001112053905219901,21.238908088871874,6.809935404542289e-23,0.021551969563599505,False,False,"[0.4491500096461618, 0.8963472215003548, 154.04754706535218, 109.15347950144013, 237.26990515442836, 0.5176138775886501, 0.4935011556045969, 165.76917189288713, -108.39061139694206, 134.01575390768838]"
0.0011064936356938015,21.225818763332555,7.23205153007182e-18,0.36370572734898454,False,False,"[0.46247501313870637, 0.8765851001850313, 152.71841521537948, 110.26232154433808, 235.82910659238763, 0.5189867857628444, 0.6143265959209807, 160.0805590307875, -109.0663190903045, 136.9449031786328]"
0.0011009611675153325,21.32236403763644,4.887190015598727e-56,0.145566903134713,False,False,"[0.5167532946074077, 0.8239638340513414, 154.6490691893491, 106.58767294340521, 240.23024152519133, 0.5026595939731532, 0.5017298690375424, 162.30317664273247, -109.61378066725847, 132.00084952685918]"
0.0010954563616777557,21.259589826576715,1.9860813628977868e-31,0.16174550840572632,False,False,"[0.4358424537510325, 0.8512816716213313, 157.6012452824664, 105.42410011029602, 237.6462217113063, 0.4932804215703417, 0.5590850330023562, 160.40535987887938, -104.68320930363448, 133.65945234216562]"
0.001089979079869367,21.28691587863823,1.802365109794137e-42,0.7665270937634258,False,False,"[0.4337316076068664, 0.8476466198435315, 158.3269755178162, 102.54728293323436, 239.5721581478868, 0.4115360648269253, 0.5762052036723491, 163.84454520763413, -102.73692446787143, 131.47840122387794]"
0.00108452918447002,21.375711611506887,3.077868900210444e-78,0.5379204831236736,False,False,"[0.40663315037117975, 0.8215129948202637, 156.051106650441, 110.0268213143744, 241.3484115372989, 0.41121962797399136, 0.5613536169432506, 161.6610581309052, -106.68897039328203, 130.8534742504859]"
0.00107910653854767,21.241164089392203,1.7717339235088554e-24,0.21022130195516386,False,False,"[0.5295204520612432, 0.8936111312141564, 155.15969453139704, 114.26850217947693, 241.74925153413312, 0.4023764899729659, 0.47472007838099417, 158.31871120323655, -106.36198127778283, 137.132126830625]"
0.0010737110058549318,21.29751383346954,2.171235263267328e-47,0.4771495624905031,False,False,"[0.5133449692556065, 0.8311816602406437, 157.05505310313052, 115.65787209213687, 234.24494159716113, 0.479814095994305, 0.5205605694923408, 161.41623562831754, -103.41834296159864, 134.13394763489126]"
0.001068342450825657,21.24048964892688,1.9198071073767654e-24,0.43931089284695324,False,False,"[0.4399781698104555, 0.8780130879851284, 159.83377952893997, 102.86314747246547, 237.42933771235525, 0.46455755972747736, 0.5602204266600977, 160.26944959412702, -110.13737835957613, 136.50732723535378]"
0.0010630007385715287,21.325986917151127,1.712869438735402e-59,0.42301014669259207,False,False,"[0.432530257147042, 0.8339158645168112, 155.9606105907423, 103.96676448375557, 240.0593486080667, 0.48274337834458314, 0.47394971478436615, 161.82825691661895, -103.80610869087187, 130.44195158910242]"
0.001057685734878671,21.283151251898104,3.3658411549992025e-42,0.3684813791715481,False,False,"[0.5166667525047102, 0.8617621346527676, 157.37370599403573, 114.01331200695384, 237.95842835842194, 0.4464952976405526, 0.5918842029857063, 165.76186768288696, -113.3719122171531, 137.38340225526974]"
0.0010523973062042777,21.370302692878653,2.258199556306856e-78,0.2971212517626991,False,False,"[0.4223234754184309, 0.8247588503721259, 156.73241565848656, 105.48283582286112, 237.4036333573374, 0.4434230435195382, 0.5766282466309682, 159.93713172510672, -110.39885416612347, 136.51783938119974]"
0.0010471353196732562,21.241948396318243,1.5773391433040572e-25,0.7405794054394387,False,False,"[0.4924223615978864, 0.8682805209151732, 159.33539810607004, 114.41388810925876, 237.47918150887952, 0.5345372006455101, 0.48959307920390477, 164.56853382123518, -111.35827877851868, 134.801286965282]"
0.00104189964307489,21.18472825782795,0.08401016973553517,0.07680500824358771,True,False,"[0.409098161850789, 0.8965967119378917, 154.6666370714456, 107.48221865366021, 239.41474202829156, 0.44175584402265977, 0.5404902929948038, 160.14796046119042, -111.13159371985468, 135.30679594930916]"
0.0010366901448595155,21.26930817458544,3.6934720894660085e-36,0.4956242265026779,False,False,"[0.3594597123952671, 0.8576931478639775, 158.34730444582584, 101.77291920548528, 239.3259418404289, 0.41588277310303357, 0.5187734465573373, 157.81216370820758, -103.9791959934486, 131.40160658708666]"
0.001031506694135218,21.307378708983727,2.2938946942672302e-52,0.30047755960702505,False,False,"[0.4877698941585274, 0.835854438388714, 151.3188796939168, 110.55113009179287, 243.0221319585037, 0.45331815045660584, 0.5237811874661382, 163.39088058481153, -105.01260208370189, 138.3714194397274]"
0.001026349160664542,21.28579558228975,1.7134455493376793e-43,0.9328555353174461,False,False,"[0.41132947329367653, 0.863365197781365, 154.97506850358485, 102.59375702627196, 236.90427783760254, 0.3798614647620464, 0.5471702808553341, 163.26067603809307, -108.5252107385172, 133.5751567572035]"
0.0010212174148612192,21.363367687406097,1.0709601244394753e-76,0.5933600396111954,False,False,"[0.4669957170777097, 0.8168951789570688, 154.48428444905022, 100.5979239829579, 236.39994850981344, 0.48523130076514637, 0.550405130288372, 162.17257376583552, -111.86397138803862, 135.3019245321967]"
0.0010161113277869132,21.27036736320034,2.495341211146058e-37,0.8994091057541946,False,False,"[0.39258207807471784, 0.8449630388898427, 157.50647346554422, 108.31450688101154, 241.9786595666583, 0.4730935384138105, 0.4942801918418689, 161.2056119941556, -109.04671334493814, 138.12251512750447]"
0.0010110307711479786,21.36496576119541,3.783316063395543e-78,0.3275776658302252,False,False,"[0.44362569900121285, 0.8460385631056796, 155.90813442575597, 114.08602857764342, 242.21502476683793, 0.4046593082116239, 0.5921170540590552, 156.1922002553847, -103.42215443045588, 135.83002192159256]"
0.0010059756172922387,21.290595461629284,1.975012088825076e-46,0.8802651039796736,False,False,"[0.45071584939353737, 0.8287009193667023, 152.86540904588955, 107.10517499158196, 238.81883217314515, 0.49433372139531284, 0.525541486502006, 162.9583690175816, -107.08901044329157, 138.23768773339026]"
0.0010009457392057776,21.26159181703723,4.468077159451637e-34,0.5155732470902837,False,False,"[0.4232819559622123, 0.8357157998442585, 156.9791097921909, 111.73293016146609, 240.86610164879187, 0.40051760606099573, 0.46653366988839845, 156.3724548162603, -109.89994040280959, 138.19951931487827]"
0.0009959410105097486,21.246755410526788,8.95700813141325e-28,0.3917735693450414,False,False,"[0.48404402303295807, 0.8692175051687616, 151.41102505662823, 107.80897818462579, 237.18668170241807, 0.4509669294629335, 0.5241979371829989, 159.50510435992658, -103.87593398574379, 133.4567533549632]"
0.0009909613054572,21.26085728114168,4.3253217984998575e-34,0.35427647121354844,False,False,"[0.4432023353091634, 0.8528655068076266, 156.95671514242366, 111.74163144007056, 235.77106803974382, 0.48645983780443364, 0.6001569390648169, 163.43409582675875, -109.24956621591373, 133.99211790493064]"
0.0009860064989299139,21.24916590723788,4.148773871532989e-29,0.2090404860914462,False,False,"[0.3873642737469687, 0.8642681485919947, 153.19560778011314, 102.51988316213172, 242.08469777211369, 0.40842430899454063, 0.5498432233075188, 156.66675272545322, -105.02292332815516, 132.7987804161545]"
0.0009810764664352643,21.250984332354726,4.680922746684575e-30,0.0777133060832933,False,False,"[0.3505834083387339, 0.8880020056872335, 152.58442586437724, 107.54378301619342, 240.47633388455793, 0.5100881026567753, 0.5514258721264065, 156.97349450343924, -104.71550841824383, 131.87441311008]"
0.000976171084103088,21.2337434582268,1.5607734440447212e-22,0.5709974881509553,False,False,"[0.4357140533805099, 0.8718961156486517, 153.33434019402037, 113.62695717828521, 242.14305092889109, 0.5208782873695601, 0.4845093322303279, 162.95700586066377, -108.51607753345424, 136.275904696452]"
0.0009712902286825725,21.389049350440487,4.3812508131379304e-92,0.4705656587491336,False,False,"[0.4576115762817133, 0.8293069449897668, 151.23282498091294, 106.61856652315991, 238.85526114839425, 0.46132261296027327, 0.5476829868568226, 156.57851191712157, -104.4552638279469, 138.1508593371746]"
0.0009664337775391596,21.32310438013909,6.557783703917198e-63,0.25880896930824104,False,False,"[0.4263054234385127, 0.8913359504690918, 153.2425549830683, 109.41178394997709, 242.49835449467326, 0.5138081478106576, 0.6194270100412459, 156.97176469986408, -104.21683881699337, 133.41023940672088]"
0.0009616016086514638,21.3435794340996,1.8071521037475363e-72,0.09750264185037538,False,False,"[0.4699842803221188, 0.8596296019474927, 155.3960871757927, 106.02573011122158, 236.91305147721852, 0.3668509701372957, 0.5871171784809931, 162.86528900804575, -109.40134561478588, 136.96240546255194]"
0.0009567936006082066,21.267904934166612,1.7603402186880926e-38,0.6041742765852224,False,False,"[0.4319721546450287, 0.872288168364553, 155.09314799684722, 110.38140656240162, 240.89332309887035, 0.481021170699562, 0.5991119830412455, 161.97938027815968, -104.70876388573156, 135.84089156928448]"
0.0009520096326051655,21.319911617807374,2.143381733298785e-62,0.4288114123188943,False,False,"[0.4441769591755087, 0.8852487534245284, 157.59618464500718, 100.2447684619021, 237.72732906924722, 0.500618281905901, 0.5543319745018178, 162.74195648821387, -112.57809215514142, 136.49856409656488]"
0.0009472495844421397,21.27965815427287,2.9963458847021457e-44,0.24908663194850944,False,False,"[0.34350918935605385, 0.8931712215323673, 155.86946631805657, 112.10210007169434, 238.29241432947705, 0.42544558682032074, 0.5314005003789503, 161.47666708899447, -105.74624814232763, 134.0250805237496]"
0.000942513336519929,21.29049597657594,1.836508519912221e-49,0.575165619454034,False,False,"[0.3579418816806274, 0.8538912526887746, 155.3884305945183, 108.10746761152116, 243.11476146985245, 0.4917136134918679, 0.5136007911029216, 163.30824496130123, -107.56491012271663, 135.83797379684316]"
0.0009378007698373293,21.257801159154617,1.4455115631938275e-34,0.8187982727583109,False,False,"[0.42430801867558565, 0.8553566794287976, 156.5241158595343, 110.94870274210935, 237.53235598070992, 0.4193627387354945, 0.517410181637909, 163.0722870102512, -107.0827134317241, 134.6365100008065]"
0.0009331117659881426,21.271718294126217,3.255179110039057e-41,0.9889103545063538,False,False,"[0.41709816266107724, 0.8726066056658629, 154.3356996810992, 102.2188695123256, 242.01967492728423, 0.421938452586715, 0.49271780429192047, 161.86257165217157, -103.54167998116762, 136.7492759700641]"
0.0009284462071582019,21.263631026656505,1.2361175781038518e-37,0.711444292064394,False,False,"[0.44890504547570276, 0.8415831771033023, 157.77552726094422, 110.29679483972399, 235.6763589515863, 0.43768526328178803, 0.4728986888072077, 157.60905123531668, -104.92326532419673, 136.82241546360515]"
0.0009238039761224109,21.369333201058403,1.6382193181564376e-87,0.6901708664937858,False,False,"[0.43430563351818513, 0.8423131611065043, 155.7837160236205, 113.93518290890945, 239.95632490328697, 0.40445613309457473, 0.582673186494207, 162.02235393628862, -107.52130782927975, 133.89565323180878]"
0.0009191849562417988,21.393251495136553,3.001929567108767e-99,0.6209186650820687,False,False,"[0.3975218124428351, 0.825041574493139, 157.53642599165963, 101.02559062801022, 236.16053014602204, 0.37020638361698766, 0.5682056297487288, 158.55742169701912, -107.32961882856434, 137.6292319425]"
0.0009145890314605898,21.33179245134829,1.4664435709144734e-70,0.6441464971899342,False,False,"[0.40292573019874756, 0.829618013292321, 155.5706446499392, 110.94180987265946, 239.81915693435468, 0.4895267391637617, 0.4614550625707604, 157.90890576071843, -108.22150388088858, 134.89333143838272]"
0.0009100160863032868,21.424202270176615,5.174186867859892e-115,0.14432275726476917,False,False,"[0.3346703055432718, 0.840019006084025, 153.9601553596609, 106.91514721371475, 238.68163700210673, 0.4454540359252267, 0.5426017117192772, 161.62260904253284, -107.13175189319743, 136.5456147689527]"
0.0009054660058717704,21.25804816263566,6.809303032102165e-36,0.5273241913124838,False,False,"[0.4739245018975124, 0.8967616259856132, 152.86489557835972, 110.62330308559297, 235.9602016663196, 0.4100668758203556, 0.5978764040890144, 159.63098773229, -110.53917534954381, 139.28805713654302]"
0.0009009386758424115,21.2797034298812,1.6501950544449372e-46,0.7140671155456333,False,False,"[0.4117283439099394, 0.840708493695883, 158.01703419738928, 101.8303671692245, 241.56950772125836, 0.3877173712732234, 0.4673505098173083, 158.69710679594164, -105.85841042172348, 138.14001508642986]"
0.0008964339824631995,21.37508534583231,5.996398354650039e-93,0.6474328064830364,False,False,"[0.38949498229740365, 0.8501405485503257, 157.28897861259912, 106.07652111212126, 240.4013531889735, 0.454968882431817, 0.5096925682065395, 161.98043929870605, -110.48326782724716, 137.41001214908775]"
0.0008919518125508836,21.280441263647397,2.494595026708883e-47,0.9803744117266632,False,False,"[0.4281558470143021, 0.8962964664731654, 158.2520673628954, 109.15589149521271, 236.3109110576869, 0.3874242408145691, 0.5521859854424435, 161.07356487079335, -109.53349533230849, 135.80119285813464]"
0.0008874920534881291,21.35448818549094,8.470956142571205e-84,0.5822229491374817,False,False,"[0.33834711176642795, 0.8526709424602068, 158.20782116952617, 104.96557084220775, 237.3970877228629, 0.41467495770292057, 0.6047439275139895, 160.76645766953962, -104.78671774342459, 138.08081879927596]"
0.0008830545932206885,21.22076100816641,1.9000167975240187e-18,0.36438019462488525,False,False,"[0.4712865537398932, 0.8920727461064216, 157.75779967340102, 108.43768410623258, 236.3073489875934, 0.4413200795701839, 0.5739333004168617, 156.17827680066972, -104.3034257036685, 135.21141489590548]"
0.0008786393202545851,21.35604916292692,2.0863083371701067e-85,0.7641968887748407,False,False,"[0.47642332232952744, 0.8232245117528487, 157.51368943896895, 103.38522923951908, 240.20539543895757, 0.48023791901720786, 0.5952817229106333, 158.0738868122503, -109.81650167169956, 134.78995175532725]"
0.0008742461236533122,21.266389978801513,2.712388888628946e-41,0.9658697355826431,False,False,"[0.3872313435409581, 0.8205090541710228, 158.52268300605547, 104.14071718926446, 242.78628729296133, 0.3868578011789854, 0.4962481420546923, 157.94003208517512, -108.65322719344985, 133.10156474793348]"
0.0008698748930350456,21.31165012219091,4.2941935630161724e-64,0.9054927010977561,False,False,"[0.33591739561628153, 0.842172774777112, 155.97247202901167, 102.70821549095297, 236.89321304154726, 0.46250380289809984, 0.4672760327530455, 164.1055992593886, -108.67860661557059, 137.61593807536866]"
0.0008655255185698704,21.238939232116962,6.28891264462669e-28,0.8543846008945158,False,False,"[0.40938580448522255, 0.8754614990998757, 152.0264420902344, 101.7760700892292, 240.00123600403825, 0.42694090222236386, 0.47914169901273057, 160.88631984519975, -107.21119539485335, 132.56218061691652]"
0.0008611978909770211,21.218226670466997,1.27951885929838e-17,0.06487758845079006,False,False,"[0.4226851418868578, 0.8920206231614707, 154.42986890600545, 109.30114305111256, 237.50619023271744, 0.44939417895312755, 0.4810844286885756, 161.36864907293352, -106.87192293816001, 135.9994504732407]"
0.000856891901522136,21.211051777267038,4.555906130087331e-14,0.48571308695271354,False,False,"[0.407295776420729, 0.8915908914681656, 158.6152341150126, 110.68127499897334, 238.08003568202992, 0.507281124260827, 0.4611027810591495, 158.2695999268205, -106.89843143706315, 131.87293913769903]"
0.0008526074420145253,21.21255226069084,6.717813901733865e-15,0.17578641570416953,False,False,"[0.4178736762266717, 0.8736159842527165, 153.98086043593187, 104.63464179067039, 236.25079834688412, 0.362014137981443, 0.6194941668687305, 159.73435117465428, -110.18321223737058, 132.66351403321437]"
0.0008483444048044527,21.350158585429742,2.0462273657269862e-85,0.5788368810499391,False,False,"[0.4529365317355387, 0.8392187246898254, 150.9930804131558, 106.17944414144299, 242.68793735742955, 0.38866939515265075, 0.5920809349447663, 158.27562577325153, -107.25003618042494, 131.45265877640608]"
0.0008441026827804304,21.19184106217628,0.00021899358469173197,0.1793404857356452,False,False,"[0.3968375958440874, 0.8925748054196347, 155.44755757160726, 108.4533852998264, 238.06499189829722, 0.4293324461348703, 0.48032085820711024, 158.25261418699793, -111.60264840138667, 137.8751393520743]"
0.0008398821693665282,21.345814864056614,5.055487550460006e-84,0.5365264250838305,False,False,"[0.4309309549730867, 0.8468581057239521, 152.99679468172195, 105.0572506497763, 240.48765210546554, 0.48224271939927477, 0.6103129685407034, 159.32372668703172, -106.8814370081205, 131.4747316449653]"
0.0008356827585196955,21.264712090392422,2.7123438616375707e-42,0.9201225380789169,False,False,"[0.438787666443834, 0.8459859821383932, 157.9261698591001, 100.57129866504094, 237.2420909911839, 0.40648584769612195, 0.5123162623443771, 158.15996110636272, -106.79489408764005, 132.1491970170046]"
0.0008315043447270971,21.361072244846582,7.86295728606649e-93,0.8727156584413432,False,False,"[0.47159752327928645, 0.844512457637115, 155.9075513885069, 105.76342896996161, 237.32188095353376, 0.36412372510634966, 0.6199278898620587, 156.22927913751735, -107.14348684822276, 137.11558670291504]"
0.0008273468230034616,21.261024806846372,8.914246707531902e-41,0.08797553711604822,False,False,"[0.4202864851392302, 0.8636655145216223, 155.61389364514517, 102.92069046742424, 240.36636059219532, 0.49358898185482025, 0.5630014249632627, 160.72032471634702, -106.6531032753363, 132.7109394338046]"
0.0008232100888884442,21.359548115039455,5.910997778161436e-93,0.5442124622911281,False,False,"[0.4350589749625878, 0.8444554043634819, 153.62818183752015, 106.0310871028239, 238.86918284484526, 0.4027729251432134, 0.5668625038946712, 160.63589200878914, -109.41294440952181, 135.9507397551843]"
0.000819094038444002,21.376097286698727,3.4167431040204963e-102,0.4691663910851185,False,False,"[0.47903314100388206, 0.8375539732617628, 155.97505340258624, 104.42407916538387, 242.48165787140007, 0.4867510575529246, 0.6124500678076277, 163.95135336051268, -106.66824826699406, 132.23799037347737]"
0.000814998568251782,21.26220992885725,5.149357178252388e-42,0.5040193857937314,False,False,"[0.3857845504489978, 0.8582995285246579, 152.89734948783055, 112.92891180061874, 235.62991516721868, 0.5156691293244224, 0.5549783042132154, 163.3229009629683, -110.22131962999015, 138.46162683479525]"
0.0008109235754105231,21.236553478927306,1.7568073013064984e-28,0.6461065636771152,False,False,"[0.3952215621516476, 0.8451554433296935, 157.2695141704114, 110.71895980019988, 239.08332213419996, 0.4682679547180249, 0.508771592715284, 158.32395477340336, -109.43580346779729, 133.96180177961904]"
0.0008068689575334705,21.184226561818356,1.0,0.6350472357531282,True,False,"[0.4361652439668712, 0.8982530637613175, 153.80867691748628, 112.40689197133817, 242.14495729161152, 0.40789608248858705, 0.4795583391655551, 160.42476464905977, -110.52454430855785, 136.43782106053658]"
0.0008028346127458031,21.32557288434812,3.45552063134152e-77,0.7651751687412943,False,False,"[0.4374406427260174, 0.8400958418134675, 153.27039779585397, 115.59520420447723, 241.3164375358199, 0.3642650955055764, 0.529117359422432, 162.21013634880265, -104.26484592799626, 138.98863766765012]"
0.0007988204396820741,21.245160918373248,7.444502022976254e-34,0.19006194977222413,False,False,"[0.49043352791445105, 0.8435160778420788, 157.21270999081523, 114.24787541775274, 239.16320943704181, 0.4335360914934372, 0.44671394901966194, 159.3821530111106, -113.51111423012807, 139.9823820713974]"
0.0007948263374836637,21.419936777428,1.6126182961767e-129,0.6489106602715348,False,False,"[0.37556530499754853, 0.8184191627670057, 152.0144630406295, 111.53216646403224, 244.92068365384566, 0.41244531752292213, 0.5414764699119545, 163.69624189818794, -108.65002168383135, 138.9540615159035]"
0.0007908522057962454,21.267083152614344,3.158736696205259e-46,0.7561162797886479,False,False,"[0.45147914290595237, 0.8566853904554428, 152.4221537530406, 119.04566603956948, 239.0006526655886, 0.4843823244097587, 0.44957092251795544, 163.4430728689885, -113.12872291776412, 137.48139904269212]"
0.0007868979447672641,21.271428074308442,7.462340794754791e-49,0.753786692043886,False,False,"[0.36413009052492656, 0.8553779790901052, 157.72457425292703, 104.42089181447321, 245.57558359492316, 0.4873276347350069, 0.4137409884283722, 158.558095653559, -104.7618095735857, 133.4943769992247]"
0.0007829634550434279,21.31627872404974,5.665704519963044e-74,0.450264949292251,False,False,"[0.4535695641092447, 0.8429192222032594, 152.73451257757938, 110.96759513328803, 241.31892825727283, 0.43209389128525233, 0.48931702088032514, 158.5743247205707, -102.90977784088908, 139.71353496900394]"
0.0007790486377682107,21.228669581963082,1.6766796341607668e-25,0.5782232726948608,False,False,"[0.38743571118550085, 0.8968157324845872, 152.71951483955257, 105.2587179069465, 238.517623396647, 0.48146406895337734, 0.47961379931257114, 157.762490512229, -105.93539899471114, 137.5961523496044]"
0.0007751533945793696,21.34682036773547,8.011565477162999e-92,0.6607057660276972,False,False,"[0.4508182577730921, 0.8251839993711798, 157.78817110877873, 113.59212641006795, 242.45646775886834, 0.34666506140198416, 0.42334814712893754, 164.3377045797166, -110.65664252037695, 133.76351199805598]"
0.0007712776276064728,21.226683958395043,1.2385051705249392e-24,0.42352237124586967,False,False,"[0.47557464365421337, 0.8785886360216589, 157.33373084530257, 109.6298967747872, 239.52870421326728, 0.3532072056238878, 0.45726538035129594, 159.64831627735046, -108.14810343959165, 137.7177237051019]"
0.0007674212394684404,21.367936704730212,1.086035842080282e-104,0.7671094421722577,False,False,"[0.3816600763622934, 0.8262333010978609, 152.29310059092566, 114.33455560663725, 244.73432195320368, 0.35336020453252004, 0.49875731391758976, 160.3018978170355, -109.79390009654205, 138.20606018990856]"
0.0007635841332710982,21.26761152860021,3.750975812570719e-48,0.1105157611639318,False,False,"[0.4126129279259773, 0.8906885358121608, 151.02272968685776, 107.89000002724816, 245.66454656049257, 0.4361758590644036, 0.4304874098572645, 158.2568768285719, -111.26048025001604, 138.04583070142854]"
0.0007597662126047428,21.258030033821584,6.497683854183821e-43,0.960753525282558,False,False,"[0.4113426191502366, 0.8902109175953179, 151.3102168330968, 119.73172658893547, 240.7054134427392, 0.37401936438508404, 0.41356164542958346, 163.85436873988112, -102.92697248934519, 135.25065035325494]"
0.0007559673815417191,21.240583505689937,4.203298180788035e-33,0.001964198352473634,False,False,"[0.363808649416267, 0.8961589225766595, 157.0403676111165, 113.01907767040412, 243.1795878844479, 0.3817768119680289, 0.5303352211116162, 162.6921257625721, -110.88177048412045, 133.6130648063102]"
0.0007521875446340105,21.28715462631124,3.73148435956497e-60,0.16482793572666843,False,False,"[0.42639981266939464, 0.8209322274814808, 157.1090198818757, 112.75156001951072, 241.41040256115318, 0.4047179855818336, 0.49347775509193975, 162.76389670726238, -110.00433732080684, 132.51136621726653]"
0.0007484266069108404,21.260304626842963,7.139627036353928e-45,0.516493264278574,False,False,"[0.35959818721217296, 0.8927483513029973, 152.87230479507085, 116.73826573133607, 241.52501340202704, 0.4413708205689407, 0.47738354592275584, 162.28680843061844, -108.52643102704836, 137.39509814512306]"
0.0007446844738762862,21.299217282529302,8.674839922432644e-68,0.8852875017503967,False,False,"[0.4750539618243604, 0.8358107434261103, 154.96804941557926, 112.5693283015924, 239.4952300822909, 0.3470567137161952, 0.5167100042874624, 162.81881799135164, -106.24051974211409, 140.26957185867184]"
0.0007409610515069048,21.270709995515062,2.0419769708631552e-51,0.5789986811146701,False,False,"[0.3872787127936769, 0.8669325953091552, 153.57454091389488, 108.90704292972873, 243.6495228073753, 0.4874322424300419, 0.49583331014903603, 161.28320086836183, -110.12873915069221, 134.83244708396336]"
0.0007372562462493702,21.253721143657216,1.1559156100452708e-41,0.6736495821544203,False,False,"[0.3907512164486115, 0.8583121367843236, 156.58257579742607, 105.98840360574036, 245.19832316772226, 0.3922078807743104, 0.5064391407495892, 158.43765905862776, -110.7422443408025, 135.03695624610194]"
0.0007335699650181234,21.2920649405948,1.4341132789804735e-64,0.6729212669573537,False,False,"[0.48023741487635724, 0.8514989851173872, 150.6570900206684, 107.74065601139027, 240.81210697377279, 0.41742535357657906, 0.5228812738377165, 161.76881861367835, -104.87319011804512, 139.44479225521508]"
0.0007299021151930327,21.246344007860106,1.0961950498586666e-37,0.5825049756066446,False,False,"[0.393830146534878, 0.8757296278962495, 153.4432986910707, 119.83643151429982, 240.80221625047045, 0.45112912370318065, 0.44590115868088404, 159.89107247255606, -107.30368876494377, 138.1787070657925]"
0.0007262526046170675,21.22055206188238,1.8948717700802326e-22,0.033929168113712604,False,False,"[0.45570733647452033, 0.868556450017229, 156.21830899911282, 108.39165121451538, 243.1300748732692, 0.4575338351326437, 0.49854987396259687, 158.6115890026744, -110.37402285162833, 134.8521609133046]"
0.0007226213415939822,21.25913870575276,9.503846170597081e-46,0.49385760494909736,False,False,"[0.5126711470859988, 0.8600251791263394, 149.8245059755023, 118.73987925117262, 240.35165413261825, 0.3631984835566252, 0.47620448321258113, 157.0969186017583, -109.47202698516122, 135.13522195373352]"
0.0007190082348860123,21.308385153012154,1.0136274129772442e-75,0.3929224270128494,False,False,"[0.514542903768602, 0.8824925514065773, 157.31212391904916, 106.6023085319174, 239.61079628979675, 0.41833990597357895, 0.4696715090614545, 158.3478558824854, -102.69112487801019, 139.08596722731673]"
0.0007154131937115822,21.237450470832165,4.9001580352551794e-33,0.3308434111860348,False,False,"[0.4285801254053653, 0.8797431988275841, 155.15390432592008, 109.06627130103523, 238.27929792566462, 0.35342182170847697, 0.437766953134349, 164.26377064162983, -108.55846316171834, 137.45602519352505]"
0.0007118361277430243,21.24812319052755,1.0384226773527006e-39,0.14098906265691957,False,False,"[0.4715899251586806, 0.874515788441085, 156.26127543406398, 110.22733802041176, 242.79857069290236, 0.4818726484682246, 0.5498563155121055, 157.18116759012892, -107.01247694084194, 137.59694268575632]"
0.0007082769471043091,21.330939257536215,1.096763352788656e-90,0.0981634581155455,False,False,"[0.4920785990367705, 0.8482972642551375, 156.38548878155646, 117.82388301605019, 238.18118308331995, 0.36557356965228327, 0.45351479824605284, 158.6742881880472, -111.09137829589451, 136.9038359004232]"
0.0007047355623687876,21.244328894975848,9.158736584486482e-38,0.43880519668796225,False,False,"[0.40692637148437133, 0.8675575412641038, 150.2773941521533, 106.63298177988806, 245.94975755982685, 0.446115428351631, 0.48239043155702654, 160.24865542457601, -108.9233144565853, 137.40804072434648]"
0.0007012118845569436,21.280781615324365,1.5804432739964625e-60,0.5432344022943895,False,False,"[0.45760009462809076, 0.8452629897305578, 152.8724200553301, 114.09979430278861, 239.72910273286604, 0.3993165700998048, 0.42833586146498137, 158.00080339642793, -109.53190233429424, 139.87785236481326]"
0.0006977058251341589,21.31697107954108,2.353692412148799e-83,0.7030417042938647,False,False,"[0.41080586644750405, 0.8261796562496613, 156.33337687265794, 112.78293680702194, 245.81484997896982, 0.4198371806814731, 0.5157279070264894, 158.08563333140214, -103.16262618142231, 140.32210458057543]"
0.0006942172960084881,21.286265626279054,1.4639166380473567e-64,0.17583339058841607,False,False,"[0.43795652618369785, 0.8230501867297874, 152.84311767440107, 111.8777374921187, 238.25614000473018, 0.44911238492338384, 0.4458953185144773, 162.62728058218514, -112.08537851105535, 137.0375206221868]"
0.0006907462095284457,21.24310253304404,9.611092029396413e-38,0.5268482565294704,False,False,"[0.4043669933158176, 0.8747808207673509, 157.58308806757694, 111.9588264453154, 245.9015646406957, 0.4851328386250215, 0.4491413482308702, 162.50173292096815, -108.16340416317735, 136.3680090262696]"
0.0006872924784808034,21.248345684709165,3.0454534862842514e-41,0.9834258955424366,False,False,"[0.49185217427978295, 0.8583510739714308, 152.17577725892554, 108.04841962940776, 245.79639809778666, 0.39331175386163275, 0.43837246585390766, 157.88524146762305, -107.32601193852767, 137.9360139565197]"
0.0006838560160883994,21.351854738285027,3.5063396083304293e-107,0.6081173713371998,False,False,"[0.3769628943236819, 0.8196428678721039, 153.56602612982795, 108.57710237584996, 244.9048969811072, 0.48688236498709436, 0.44455642818277363, 158.18251575468165, -106.08228310750953, 134.42369222713904]"
0.0006804367360079575,21.394654474424335,4.9273244612877544e-135,0.3069701864495047,False,False,"[0.3892490705228388, 0.8215555709004309, 157.07887988928, 109.88150193997002, 243.82350940541374, 0.36263748787133904, 0.5447404725480758, 161.43978636412675, -106.57658243733856, 132.50812810631635]"
0.0006770345523279176,21.308134079780444,3.2928363048764113e-80,0.2917019911042458,False,False,"[0.37102520504655456, 0.8346018201661771, 150.9317425077128, 112.96096597661143, 245.96502554898353, 0.3375948381476131, 0.5035611538912284, 160.3685108582605, -110.82861001359986, 136.5708882971978]"
0.000673649379566278,21.27391326765505,1.513383713524231e-58,0.2157642868748313,False,False,"[0.46689666591350343, 0.8665318489879617, 152.4036592352558, 107.63106083689894, 240.58646596821154, 0.38015591245537184, 0.5532483792969016, 161.08125641005296, -107.97438155958214, 137.43910580957214]"
0.0006702811326684467,21.238353482315357,8.503677368184948e-36,0.5357656306676248,False,False,"[0.49453285826469795, 0.879879489758168, 155.19399287502105, 113.07685299484861, 244.14870680193565, 0.4434305872958561, 0.41636422348796737, 162.45528252521, -108.12817904738469, 137.04279084784213]"
0.0006669297270051044,21.309134401394335,4.5911028716313877e-82,0.8188851888549612,False,False,"[0.40253578088045416, 0.8202254581752676, 151.05778949485875, 117.12131108768655, 240.07874571136844, 0.4772526645435438, 0.44914895132664096, 160.36408540020994, -104.42103605158462, 138.71422474787593]"
0.0006635950783700789,21.291517866136655,6.059666941344758e-71,0.4838843254551767,False,False,"[0.4286950351089577, 0.8345439994522341, 155.72443875859955, 112.93084708994635, 245.04764137351182, 0.34189165839351654, 0.5250902642241528, 161.49388038734162, -102.60639410813694, 133.03385030493592]"
0.0006602771029782285,21.379645014026504,2.912973975367699e-129,0.3038499912280247,False,False,"[0.44203299213484293, 0.8374037338470735, 151.9183586394045, 115.49468388058199, 238.668884811513, 0.37241754096955676, 0.5075147736976907, 164.36946426818892, -109.63005817585653, 138.41697483261146]"
0.0006569757174633374,21.31270486868744,1.1729554179451504e-85,0.40888384675993816,False,False,"[0.4156136725028062, 0.8411131695390729, 157.35243614153848, 114.49340860937981, 244.96512155777097, 0.39472697832320175, 0.5249212154192293, 164.2058004646713, -105.16812334100355, 139.46475076383217]"
0.0006536908388760207,21.312304923361573,8.094812873375582e-86,0.6213645176129602,False,False,"[0.37646373490907575, 0.840764551798833, 157.23893627044794, 106.7814820014227, 243.67555978524555, 0.3710473813885632, 0.47112795531835894, 160.9946720923905, -103.24421691525207, 137.20444807259537]"
0.0006504223846816406,21.344247232673986,1.4202466949523588e-107,0.9218686831712116,False,False,"[0.4809145563579561, 0.8503678809175399, 153.34082881897234, 113.64890366766743, 241.27524634111484, 0.38393529651787606, 0.4429206981858306, 162.22343654503555, -103.63084256184312, 137.4715008738087]"
0.0006471702727582324,21.279681833485476,8.772767259709164e-65,0.1821274081763825,False,False,"[0.5066006049172235, 0.8643758717721985, 154.89957179101182, 106.5240336008555, 239.51752880047962, 0.4712871223245912, 0.5065180080883532, 162.32916295004455, -103.9985105665926, 136.65983565699588]"
0.0006439344213944412,21.219210363687505,2.5442509222336163e-24,0.10443559077419828,False,False,"[0.46172657924845706, 0.897655181567192, 150.7918983976419, 118.17355891210889, 242.5018760155003, 0.350623942193199, 0.5120177779103696, 162.07883666166242, -107.45159054050309, 137.71807341380665]"
0.000640714749287469,21.255856629553072,2.799786818433516e-49,0.726767167149185,False,False,"[0.40745631011204647, 0.8193879549783369, 156.63221032554918, 117.48890341386348, 241.12539050913384, 0.3671339389391761, 0.39995646640978405, 158.05591995801947, -112.02756921879778, 139.9913040130337]"
0.0006375111755410317,21.278443785663328,6.54628784794095e-65,0.8092550300150873,False,False,"[0.47827677586940187, 0.8763235827706773, 156.03910136323745, 108.57366061683199, 244.17814086500647, 0.47198886277865204, 0.4931269884976061, 158.60464399856963, -104.83690348906067, 137.99278358673354]"
0.0006343236196633265,21.195532574069972,1.8165730973368304e-08,0.4619659525058817,False,False,"[0.4480387713142977, 0.8924529390063491, 154.31616971456694, 119.96408795463867, 239.28024640974957, 0.48226195556018736, 0.5194117208501127, 157.12058856263621, -107.45372154800725, 134.29341449594236]"
0.0006311520015650099,21.285139442329946,3.6478791544653393e-70,0.4926315317841473,False,False,"[0.4703724901013338, 0.8907946486750412, 150.5507604877125, 107.04863462569432, 241.13729560252656, 0.438084108192161, 0.5009348376302193, 163.00926238321847, -103.40093682099877, 137.53160364495247]"
0.0006279962415571849,21.243490963391746,1.0359903462251017e-41,0.15678869274322915,False,False,"[0.3819950717201105, 0.8763100249622806, 157.56734700849958, 117.88819982802869, 239.5803961826361, 0.42080267005657723, 0.45532292784825446, 159.40329345345796, -109.81111053239542, 139.80355203477248]"
0.000624856260349399,21.2576725278662,8.969651042132494e-52,0.12506010511521215,False,False,"[0.43450203584729286, 0.8627014520710629, 152.9489237760577, 106.86075084041344, 245.13694361816476, 0.37843641660556343, 0.4154139801627244, 157.64377296443215, -104.35990299619087, 137.6680973126532]"
0.000621731979047652,21.281562620990723,1.0196758779673369e-68,0.8769233791502417,False,False,"[0.4077410297124768, 0.8562386080771858, 154.72485862303603, 105.69006480446049, 242.91603551717805, 0.4831202908660875, 0.5134499848058571, 162.1863848520465, -102.9700353850591, 134.45860605100614]"
0.0006186233191524138,21.258045213126334,1.5024894326201232e-52,0.374983621750801,False,False,"[0.4416137553862898, 0.8585154273284797, 157.74520475816536, 115.8035257016151, 242.71228876755654, 0.3416638198245301, 0.49660632752688727, 156.73929297042326, -109.29325260579893, 134.6809893311408]"
0.0006155302025566518,21.234778200911407,2.151315152612519e-36,0.4936493651414038,False,False,"[0.4163012463328773, 0.8565019403771781, 152.41178902219494, 106.90418656052668, 245.74569641066114, 0.4739397914964595, 0.5416274704651561, 159.89936935069525, -112.5955717294294, 138.54512247785235]"
0.0006124525515438685,21.279630145553426,2.2317053828536455e-68,0.6060562000767454,False,False,"[0.4759234274454299, 0.8809463819757208, 156.50888023012453, 117.12142906446896, 242.00826975663153, 0.41085132426155324, 0.5066134675038363, 163.74046208438386, -104.59018847135457, 136.18517671904794]"
0.0006093902887861492,21.27437619611409,5.662588948488562e-65,0.7486658778127064,False,False,"[0.3660612587589997, 0.8637446522793003, 153.39165685808524, 110.20631019232555, 238.90076223934093, 0.40064887297663887, 0.5439534220310361, 161.65448713838998, -109.2846888499218, 137.30368808216207]"
0.0006063433373422185,21.294570255671793,9.249860597931507e-80,0.30436454763854126,False,False,"[0.39378982776156346, 0.847562114104226, 150.020152805857, 109.26535376636924, 239.0347561597005, 0.3867612873577785, 0.4915794640191302, 160.5169393859341, -108.55741039700925, 138.7292638078214]"
0.0006033116206555074,21.26737816176942,1.390709614939981e-60,0.6461551292857689,False,False,"[0.38269687892485904, 0.865014802722106, 149.92662317732024, 109.1585909298854, 241.8855131241201, 0.47302354166955213, 0.48089040197655675, 163.11276780418615, -108.78389138761369, 137.5795414200699]"
0.0006002950625522298,21.26598549709521,7.079417462803508e-60,0.5289911485137264,False,False,"[0.45565830529260803, 0.8691291697501097, 156.44735477711416, 120.26312908300488, 246.014564990516, 0.39538242079185515, 0.450559496457103, 164.30440672654197, -103.13695937449114, 134.301695635927]"
0.0005972935872394687,21.290478200621234,5.546534031130643e-78,0.383081179043548,False,False,"[0.4228522968328632, 0.8784408512153816, 150.05039489865155, 114.31925015062446, 243.48051463057047, 0.39904779086010045, 0.5078536375243663, 162.76422461187937, -105.98583362230438, 137.25807150153256]"
0.0005943071193032713,21.304186001268157,2.1813246792047308e-88,0.09446761292131145,False,False,"[0.37504495569375995, 0.8648347063737721, 156.90997738723615, 109.36809792562366, 243.2916628333752, 0.40231342376652934, 0.4408799390070059, 162.90384149104395, -103.38710523333854, 138.1115057724846]"
0.0005913355837067549,21.304513176427452,4.5490863317480786e-89,0.4822176241568722,False,False,"[0.36953308639075255, 0.8499075684304443, 151.41670058039563, 111.8506299980002, 244.4649287486973, 0.35153016829616957, 0.4573040120124075, 161.76731582255226, -109.36735776938941, 135.8745788792221]"
0.0005883789057882212,21.310563784354123,5.596505282029284e-94,0.9939856252663763,False,False,"[0.49469984274974843, 0.8378328228965698, 151.11961193231048, 107.73610031568666, 240.17395038864615, 0.41512462926509164, 0.4105498312151299, 164.14859069313442, -106.60194063843136, 132.57343605204812]"
0.0005854370112592801,21.377800719531272,2.5174872668125385e-144,0.37779483740682873,False,False,"[0.3650112205752595, 0.851412347897756, 157.31541082779134, 105.07894928164401, 241.71982513408943, 0.3332636441611662, 0.5306840552486067, 156.81080647010802, -109.46222696840687, 139.89664147177317]"
0.0005825098262029838,21.269867376654652,1.4120858718219207e-64,0.16960198179080943,False,False,"[0.3700893568536422, 0.8650828970502736, 157.55670756290962, 117.3921459261544, 239.8835774813181, 0.40846158652046405, 0.406370453436801, 159.82314087230102, -103.78431277023225, 133.47680545044065]"
0.0005795972770719688,21.23547910321305,3.947048479434101e-39,0.28513870046108614,False,False,"[0.40468684861526244, 0.8629700487397356, 153.27586721902588, 113.41647598056409, 244.82812751485372, 0.485916094940096, 0.40056867541921987, 160.76398968683273, -108.3798750006288, 135.00091130484466]"
0.000576699290686609,21.24269788285789,9.269326664078189e-45,0.7270663786551553,False,False,"[0.4954669788893661, 0.8769554027999137, 151.12567680382708, 107.70855381182686, 245.75779142258824, 0.3761456809723691, 0.42783295103775976, 159.39590436371802, -108.00630411874481, 138.60852049009648]"
0.000573815794233176,21.266007084756005,1.2709441113396894e-62,0.5884067898167341,False,False,"[0.37566894456123145, 0.8736948263200155, 151.87879326224387, 117.68066071983043, 245.725851559761, 0.4224994128310804, 0.5545351248969053, 159.83901652843315, -108.0174283773498, 137.72301563125944]"
0.0005709467152620101,21.234964282984173,2.5468836854597334e-39,0.117353600520407,False,False,"[0.369182238017937, 0.8941997309414654, 150.2571244345479, 109.48711422924686, 243.33374125877634, 0.37810916834676855, 0.43719992224406856, 159.03098589483224, -110.52861493206998, 139.80521505706145]"
0.0005680919816857,21.394130602494013,3.4098474962407076e-161,0.6909144587702658,False,False,"[0.3594973588474848, 0.8746793677405897, 156.50266878429258, 119.86885500010408, 242.42858413064616, 0.47929757277446405, 0.443901676985098, 157.80853177849437, -103.10222533739444, 138.48562651630994]"
0.0005652515217772715,21.24674550147888,9.23422437125675e-49,0.531894398900335,False,False,"[0.37021990306657027, 0.879468019615197, 155.7412086057784, 106.07495606593665, 243.3261016692907, 0.47780135203723717, 0.5262970328747225, 158.14955928611752, -108.24468567299454, 136.86414829416066]"
0.0005624252641683852,21.23090881569879,8.97054975473278e-37,0.11625303272682552,False,False,"[0.4711824093534081, 0.8627712328183667, 153.43111294463563, 111.09410058620806, 245.75305075343474, 0.35428224046107426, 0.4269003752601453, 157.37437923033056, -108.62202377558957, 138.1970780690066]"
0.0005596131378475432,21.358216758776564,9.393395139338817e-136,0.9788867102460572,False,False,"[0.4336102931077017, 0.8560821975018734, 154.83553193520297, 116.55512744604096, 243.29170582402992, 0.3319640122472418, 0.5386206521688135, 158.14171190421646, -103.4782893274329, 138.39774345247054]"
0.0005568150721583055,21.26083869190294,1.759809565014334e-60,0.8412642460150546,False,False,"[0.3917721789473573, 0.8662265708785835, 153.1302587373903, 115.78234246104226, 243.13724153414387, 0.4316048346452793, 0.5174240266929909, 159.38166624175332, -110.16071562022253, 139.70083922403384]"
0.000554030996797514,21.249985405202274,2.8371285959364656e-52,0.14779847288832582,False,False,"[0.4208429335507146, 0.8720482233461258, 156.65168982631047, 116.65112260147023, 241.63430412559288, 0.4525071446473907, 0.5365846387631593, 161.7151666369274, -112.12967612282395, 139.70952558665797]"
0.0005512608418135264,21.36552299664024,1.4824781045400013e-143,0.7671291127661781,False,False,"[0.4955036234909639, 0.8422542503853516, 157.17199087621532, 108.3990395707783, 240.239534226568, 0.47227722117389737, 0.5591506176286788, 157.18712747457323, -105.06622679563176, 133.44900996114717]"
0.0005485045376044587,21.389917527990573,1.3745866952994039e-163,0.3540986820734774,False,False,"[0.49635994607488954, 0.8256021567681993, 152.50499938147055, 119.7770244556913, 239.4759838692817, 0.4370308797613073, 0.5404388677313063, 160.37680268738848, -110.18746210532431, 140.18499701934135]"
0.0005457620149164363,21.262523033679912,4.95401399751156e-63,0.9344449734272078,False,False,"[0.4083776282097003, 0.8607204361179511, 150.34287570014533, 110.90090242568841, 239.93215858178513, 0.4513250290206181, 0.4589454549700319, 159.29010259517787, -108.65564636329115, 140.07894415902217]"
0.0005430332048418541,21.24953789087832,5.845510259144902e-53,0.4210615902523571,False,False,"[0.37324894440766754, 0.8662730844872603, 150.37236891166756, 118.17295449090702, 245.66788576249226, 0.38355918090153784, 0.5503273798786534, 160.3846845963255, -110.34021688590929, 135.08529055584236]"
0.0005403180388176449,21.292426362673407,1.0755607094284266e-87,0.10737119025003139,False,False,"[0.3843482226662651, 0.8554848988825037, 153.97095435748332, 110.1263507437119, 240.2354195837512, 0.33631181521519266, 0.510457891967629, 157.56686298140275, -106.51724216275008, 137.1429254716759]"
0.0005376164486235567,21.27189302506557,1.51963881177104e-71,0.1372449700376588,False,False,"[0.3784712353647006, 0.86840530958953, 153.11485966314342, 112.51892754853718, 242.53556240663343, 0.4418332109749079, 0.4240045496177545, 157.90384982313427, -105.02954474317909, 138.38993499945846]"
0.000534928366380439,21.273045176934403,7.770831158434936e-73,0.21845334554601914,False,False,"[0.4518735766835989, 0.8506791248916294, 156.9950976757163, 116.54391846801661, 244.2437775804411, 0.3703464421033833, 0.4358966207012762, 163.59606917033176, -112.40090787097492, 139.46346866644762]"
0.0005322537245485367,21.37761662132943,1.5945353228977565e-158,0.8631030598818118,False,False,"[0.3653077359388444, 0.8327014830848889, 156.603340320298, 110.6838350784374, 240.82264657643128, 0.40510053020618586, 0.4499650395319131, 163.82730456642005, -103.07973163117367, 140.3646488995667]"
0.000529592455925794,21.248683452803686,1.386309482683404e-53,0.7225719014435913,False,False,"[0.48329836697069223, 0.8611508429326433, 150.1500888264803, 111.33084089599802, 242.52312557992735, 0.4154602384466697, 0.49838870834959226, 157.78861018863037, -104.29710260728079, 134.25660547693278]"
0.0005269444936461651,21.294275571375003,1.9969019638898702e-91,0.027200673593771985,False,False,"[0.4722799741706981, 0.867352319279569, 156.56458139889676, 111.19345793805772, 244.38169463798636, 0.4232846111592112, 0.5394442484563696, 157.75607293332433, -103.06710337634588, 137.18982207273973]"
0.0005243097711779343,21.257513832472757,1.9721405455980944e-61,0.61124269704068,False,False,"[0.4240360522616107, 0.8708328701319028, 154.39669951755607, 114.99567564848437, 242.8622660259248, 0.44354322121532064, 0.4086158794417081, 160.6702203409899, -103.64030203416493, 136.43299470318846]"
0.0005216882223220446,21.237832454782442,2.36712190941487e-45,0.7990941313650457,False,False,"[0.45711487127936257, 0.847707907784308, 153.9047657319415, 118.47000971430458, 238.19613383527062, 0.38564153461417355, 0.49549878960311855, 156.4460484814002, -105.98014691277741, 134.12725831693862]"
0.0005190797812104344,21.341965312495617,1.061535651053131e-132,0.49240458661185926,False,False,"[0.3596836872756972, 0.8442434572558074, 154.79616414819318, 116.88089064820603, 239.03263497840211, 0.3335073139650291, 0.5423815740300912, 159.2975903859921, -102.88010215770191, 135.58604640759728]"
0.0005164843823043823,21.264358507227843,4.166017812918594e-68,0.6676049520484991,False,False,"[0.47149928732051677, 0.8574224877895198, 155.17586623188717, 118.37546532903762, 239.9625541380194, 0.4695872274062268, 0.4095367500068009, 161.00275007288454, -107.4574110111246, 140.39445111610223]"
0.0005139019603928604,21.325520605119927,3.922126558538775e-120,0.39950304384533386,False,False,"[0.4840867384873302, 0.889552262622088, 156.51320392728886, 118.32877065957176, 243.6283376205146, 0.4220294691513939, 0.534274059896904, 163.53477298462536, -103.83177929135243, 138.58212129431948]"
0.0005113324505908961,21.28571874340426,6.2914954483175e-87,0.5516824529186155,False,False,"[0.3722595482616093, 0.8409090635714583, 153.36256175303984, 119.94122950474772, 242.41423923077522, 0.4700235928000345, 0.4161112004168661, 157.9960643210036, -105.80737213348333, 137.41636890503503]"
0.0005087757883379415,21.266981354729293,2.2905750481230098e-71,0.31242135270715876,False,False,"[0.3978431342432217, 0.8898468622493664, 152.0593033721138, 109.4454041375823, 242.27208863198894, 0.44662603695273645, 0.44670722113843747, 160.24438541896086, -103.04152713581229, 140.16782162350043]"
0.0005062319093962518,21.212645815546207,4.161284265120857e-25,0.44095070479580867,False,False,"[0.4307696376306044, 0.8856110338745311, 154.45942327011392, 106.30312464626435, 241.0171266675916, 0.44116905618834545, 0.45545308581882504, 163.41511224549714, -113.2121568797995, 139.90441732002517]"
0.0005037007498492705,21.325253010131433,2.5466052424434366e-122,0.3897821321725987,False,False,"[0.37719886706181593, 0.828120043276778, 152.04305029860691, 114.6060006684142, 246.0454561135672, 0.43455612806663335, 0.5211938992201512, 159.7600240654797, -105.87340930755954, 136.62314129741705]"
0.0005011822461000241,21.284790779614195,7.195799031876142e-88,0.20667843170671085,False,False,"[0.43695355429652083, 0.8913172037773087, 150.4336973396957, 110.76796867407488, 240.5852390624524, 0.4422620491674219, 0.4238261724250862, 160.08901150591115, -106.16425271909924, 137.65587243502952]"
0.000498676334869524,21.32128082891622,4.3670817594588845e-120,0.733882103405664,False,False,"[0.5043745876378429, 0.8497034861406983, 153.51891384139338, 119.00992105743526, 240.8136118811015, 0.40193898072990286, 0.4094565444206998, 161.17246953092905, -105.24035036741678, 139.28116726735573]"
0.0004961829531951764,21.26060656345593,1.4022001576559666e-67,0.7178939194326432,False,False,"[0.43225921886056273, 0.8479853484904871, 150.14382835824077, 107.35238593073134, 245.79659160039105, 0.4100763632546686, 0.4620171420837895, 160.28500225379207, -105.04490559074281, 133.6517397978126]"
0.0004937020384292005,21.214329205986303,3.308497410851665e-27,0.8451914245835456,False,False,"[0.48100770121289144, 0.8901222165266245, 154.48611860214083, 108.0356964475474, 243.4660179810088, 0.34540854000211335, 0.4795219311660429, 160.50828472006677, -113.58494541595906, 139.98389559545188]"
0.0004912335282370546,21.324277682466768,1.5214324136230622e-124,0.17368221767622005,False,False,"[0.5150894025706906, 0.8579436911524514, 154.14967180669802, 116.66463040108157, 243.9554493638182, 0.3319740074122164, 0.5229779404224318, 161.05674793504497, -104.05540886691108, 137.01258328518003]"
0.0004887773605958693,21.26391812740532,1.5540621699686314e-71,0.09083733564335728,False,False,"[0.4671898556892353, 0.8809754709683205, 155.75622995366084, 118.22142727738218, 241.4564925217306, 0.3987244867788155, 0.5498426288101717, 163.1172326511226, -109.67017373533203, 136.05071805883992]"
0.00048633347379288994,21.277785878160365,2.829974730208674e-84,0.433874401876718,False,False,"[0.4169097322339581, 0.8311363736602825, 154.69187018612996, 111.57786557505182, 243.78602604640042, 0.46007162743267777, 0.5441813699286943, 159.70890256495096, -108.31375282749939, 138.06941203114246]"
0.0004839018064239255,21.249441319988314,2.9563128853708123e-59,0.43294110028691113,False,False,"[0.49109970154779875, 0.8877244296576967, 155.04956730579028, 106.27489493859308, 242.07324742252345, 0.3712107115399649, 0.5004394445257939, 157.09588210191282, -103.05032165163493, 138.19453698310704]"
0.0004814822973918058,21.39949903474392,6.6891308145126766e-195,0.5935173027836479,False,False,"[0.4125984995688456, 0.8386569116636424, 153.45877606605998, 112.12456324105649, 246.06059996291805, 0.4272472553509027, 0.5436282210035, 159.4154058901759, -103.72362452051922, 136.88113770931065]"
0.0004790748859048468,21.20658300412799,5.410953786703801e-21,0.7015685788819733,False,False,"[0.40302187328951034, 0.8938418080649764, 152.67695627712615, 120.09363597089542, 238.30643637800688, 0.34473728907928297, 0.48683310050851547, 159.25616118808145, -109.17794525705638, 138.73108918933426]"
0.0004766795114753225,21.236877701248172,1.072642270848057e-48,0.8207121864303629,False,False,"[0.4647603113307786, 0.8685181924381613, 154.94955960010932, 105.3377032424224, 240.82202064739676, 0.3858785415638806, 0.49334700434635875, 161.71909924300365, -106.5286984566041, 133.586279171177]"
0.0004742961139179459,21.313069133063536,1.0565128460519516e-118,0.16583792539518227,False,False,"[0.356881971570733, 0.8361358963974306, 156.8150159775058, 116.58365199229725, 244.4085674123278, 0.3896804917626524, 0.4924861478446393, 162.31096581954807, -106.18170141815027, 136.3593380708715]"
0.00047192463334835616,21.26783475241003,1.1442694718878939e-77,0.22645054876869675,False,False,"[0.37432405172132344, 0.8613568958281598, 154.83961494277145, 113.56029991064557, 241.8805369252386, 0.35871671773196007, 0.42873146161503467, 157.2959791384956, -109.26459844783838, 137.0407511685322]"
0.00046956501018161436,21.28705825162323,7.804174763904538e-96,0.6903944411054002,False,False,"[0.41002394029245687, 0.845488536975958, 150.17097759209588, 112.82228745228201, 241.60262248927162, 0.3327473058350693, 0.519349946565304, 157.27805403799744, -104.11577470806414, 134.30104751489722]"
0.0004672171851307063,21.201927770954754,3.516542092314226e-17,0.7022522203101381,False,False,"[0.432477786877703, 0.8725105781609861, 151.56475476761932, 109.38272645351645, 242.51972911654832, 0.4143435759915993, 0.44045912116413544, 157.6538758639147, -111.03526060417921, 137.4805159033833]"
0.00046488109920505275,21.321607057840826,4.5539093247039535e-129,0.7504695220765412,False,False,"[0.38978195018748407, 0.8514310744350705, 150.59732542679626, 118.21526559506074, 243.6815885293615, 0.3386622661253553, 0.46147798576705973, 156.5583690401904, -103.65469952439331, 136.63701669176675]"
0.0004625566937090275,21.28611284421492,2.1825740018571887e-96,0.8215910895450047,False,False,"[0.3657878077463388, 0.8791395684432745, 156.14299881547626, 106.51362133223981, 242.0065046935791, 0.4775292881822826, 0.4905945976127249, 163.26129273874542, -110.7303123942251, 137.29763628951852]"
0.00046024391024048237,21.295707052559177,6.382512535710797e-106,0.46437603999600163,False,False,"[0.4703322205177426, 0.8819607192182568, 155.01022713240346, 112.22900362096057, 242.7679156018639, 0.48384279686529474, 0.47321152656021187, 157.41691492605804, -109.14086772918031, 137.71523377511133]"
0.00045794269068927994,21.311057626389243,5.230039437425322e-121,0.39170638225173626,False,False,"[0.5032680317004778, 0.848103234025326, 156.82543251735345, 110.41721339194518, 242.02055518174237, 0.34149669708997865, 0.4051060789684853, 161.3568488562371, -106.00574741606758, 138.33346293070412]"
0.00045565297723583356,21.29676383183242,5.468342935997856e-108,0.24757376998580138,False,False,"[0.4729069271448743, 0.8218517989733173, 150.296323724084, 113.49319903285783, 243.3496427719319, 0.34352981114884623, 0.4779611519749159, 156.81859079952872, -107.65479920636147, 134.86925912020817]"
0.0004533747123496544,21.330819592737612,3.769835985588503e-141,0.9532617272198142,False,False,"[0.40726950828856423, 0.8370117687736055, 153.03066613649523, 107.24503069255334, 239.93313655638266, 0.3421778850392716, 0.43488730589886987, 158.0599562260446, -104.32366579316518, 135.7848945892889]"
0.0004511078387879061,21.255190593892824,4.796083232516493e-69,0.3425018306870483,False,False,"[0.4501520915656059, 0.8798016488665612, 156.97261092205457, 113.50134072743585, 240.65158020213818, 0.4544732677332028, 0.5285943609964836, 162.93918032261388, -102.786470922096, 134.16110895752027]"
0.00044885229959396657,21.253707688355362,5.920854860416079e-68,0.3929794115412488,False,False,"[0.36006407578708455, 0.8726834117500357, 151.01511707275043, 115.61436967029671, 239.63029348275987, 0.38251384650604037, 0.45071025741893345, 157.87324677527877, -106.08086062023061, 133.346411006286]"
0.0004466080380959967,21.244885136169252,1.032429279252408e-59,0.5580508146728351,False,False,"[0.400900673606449, 0.8916501286631857, 157.0180621222618, 109.60613184738389, 245.89852929312158, 0.33016101052951347, 0.44247369466761205, 162.5533411110974, -109.65524341702114, 134.41458606569023]"
0.0004443749979055167,21.269546449197982,4.126379309617388e-84,0.3272784978769102,False,False,"[0.5059163276891968, 0.878252602406829, 154.41120749177674, 118.78567896925426, 245.45387221657109, 0.46470156536072477, 0.533136559027445, 162.0176227346986, -105.20784550725516, 137.3327326595927]"
0.00044215312291598916,21.32882266658693,9.416396174507846e-143,0.14577336578249434,False,False,"[0.4368265436286363, 0.8438018600817365, 155.21549982083863, 110.9468388461863, 244.93201577520554, 0.460970250384147, 0.4849106614698527, 157.8009178554421, -106.17551346765384, 140.18798295059025]"
0.0004399423573014092,21.281952929613556,3.374582753612063e-97,0.9031608262798482,False,False,"[0.36964440987587005, 0.8727006857951987, 153.4437514735793, 110.86935579520892, 240.18842398682742, 0.47405544783726083, 0.46931888775456687, 162.86391615501284, -104.93086248871207, 135.80995997415303]"
0.00043774264551490214,21.320387938084348,8.150552495193648e-136,0.6159819118702544,False,False,"[0.3651478674312831, 0.8274826554843937, 154.07978824149703, 115.20429977430187, 245.67787765197446, 0.37243990516058195, 0.5546157852281111, 164.3705467987655, -108.60402274464404, 137.30255804608663]"
0.0004355539322873276,21.33396018796781,5.0043135066955e-150,0.9324925580411203,False,False,"[0.3987778416263602, 0.8505155592409642, 153.38399614398426, 114.35360752438848, 245.69210992212453, 0.3508385730371549, 0.47493319728500394, 160.56760762431517, -108.09226996513866, 136.66698054865725]"
0.00043337616262589096,21.341813514140416,1.1998381744100877e-158,0.2320485150979763,False,False,"[0.372424834868344, 0.8344358905679777, 150.38206735294096, 110.77057260598113, 244.79734506852552, 0.4008045437891764, 0.4917900328727965, 164.42032361041416, -102.81238451352144, 138.3497533800657]"
0.0004312092818127615,21.28549111370457,1.0254731032940012e-102,0.9781803265712913,False,False,"[0.5080158851246771, 0.8445967786977804, 157.47349218746072, 111.12865705682222, 239.49689033463207, 0.42467896451058657, 0.3999238010690821, 158.44436239412227, -104.61209373664356, 140.1155895712505]"
0.00042905323540369766,21.210866733538566,1.0824208601745683e-27,0.16661917149848549,False,False,"[0.4348505601069843, 0.8823024489460792, 152.71507164819894, 111.7564381049416, 245.05526249401382, 0.43072741791516306, 0.47836758345617525, 157.18988525729853, -106.998774459741, 135.42462572321213]"
0.0004269079692266792,21.355458499089266,6.38773936285252e-175,0.8619319279855366,False,False,"[0.42221014343624996, 0.8379016891320964, 155.63643194079725, 119.4651922788101, 240.8958330014588, 0.43274941343576234, 0.4082875728538051, 156.53235824341292, -110.38315095723986, 137.8419878493662]"
0.0004247734293805458,21.260264353843006,1.8107751529714403e-78,0.5331856767474817,False,False,"[0.43378527319680266, 0.8696286486806305, 157.31360835166453, 109.78817852367462, 244.68266817082863, 0.48366539502550093, 0.5254759006281933, 163.2550494522536, -111.39104415547509, 138.57498641279201]"
0.0004226495622336431,21.311610043861545,1.2788643185886207e-131,0.41829454591791415,False,False,"[0.37789067567924733, 0.8633066763597319, 156.48072415664072, 109.72420976767847, 242.7508708389011, 0.4303811653109368, 0.5051032731919287, 163.24901201531608, -106.83952602222024, 140.05630323848015]"
0.00042053631442247487,21.25849189826437,2.0184417285504607e-77,0.04016225638113369,False,False,"[0.37439264175822423, 0.9010734030854182, 157.20990426320537, 106.18685042826782, 243.38316464364436, 0.36043173202472023, 0.4657507420752585, 161.96426575317923, -103.18935797542733, 135.11053170377104]"
0.0004184336328503625,21.246534357487327,2.139977168047936e-65,0.29899103256112736,False,False,"[0.4833563227432423, 0.8997235157995096, 156.979509146252, 115.31046759239075, 241.66129881576012, 0.44586204096712734, 0.4854982556245551, 159.98526522480614, -106.05527617499942, 134.9529889789359]"
0.0004163414646861107,21.265541778767588,1.5079883796046552e-85,0.08265238329768998,False,False,"[0.38486179352829103, 0.8565566937785538, 151.0086782379, 116.6441679386747, 242.316474185132, 0.44013780146446274, 0.5550129846696098, 163.0329758149617, -113.11540642477611, 136.58804692141888]"
0.00041425975736268016,21.268031689939438,1.386209161866492e-88,0.016346065314742475,False,False,"[0.387263618840769, 0.899925617554689, 154.60310967126475, 106.83545342250946, 245.63920687443309, 0.34981334866718605, 0.4167014585061619, 162.31466260017825, -104.48206181506302, 132.5200658509697]"
0.00041218845857586675,21.279158646574764,9.47600932038261e-101,0.5219873664337719,False,False,"[0.48111180804864456, 0.8402443531864379, 155.77329248845885, 120.17367696704146, 244.79827831621475, 0.44860752899185685, 0.4410857678056558, 157.8234354707197, -104.37269203743072, 138.121182750436]"
0.00041012751628298743,21.22226418828463,5.260023509255211e-41,0.09590650799497591,False,False,"[0.472063990736852, 0.8741806318522078, 157.71750590936003, 119.79883086600408, 238.33641351872905, 0.40530487780017255, 0.4687186591663053, 162.53022771837269, -107.59875606561143, 133.28331443203737]"
0.0004080768787015725,21.264144720750206,8.85851755575961e-86,0.690053579310412,False,False,"[0.49346786035089246, 0.8853500511749375, 152.33237151643482, 112.5351896917194, 240.63077915240976, 0.4812882885005778, 0.5211235111675437, 161.8228863016952, -105.58826733334632, 140.09906199373725]"
0.0004060364943080646,21.28141931075262,1.1044624646223135e-104,0.5944319217883861,False,False,"[0.4079276776306531, 0.8700147581227509, 155.18820693983568, 117.46636010633634, 241.71474302734958, 0.4491524173854336, 0.5583237896703054, 160.14300489270516, -103.26484802222075, 138.79572002533988]"
0.0004040063118365243,21.38026027810399,1.8609078348971363e-211,0.47311139260485047,False,False,"[0.3629619040170999, 0.8296108414969732, 150.15011116171266, 113.66312357447559, 240.4102325222877, 0.40531507363167263, 0.5007343202202882, 160.30696734983272, -106.36942486929111, 133.21997399034592]"
0.0004019862802773417,21.225857468646037,1.0547723875246457e-45,0.22512617032385496,False,False,"[0.3583386379060988, 0.8869947423104347, 149.89617000366943, 108.12058128102558, 241.39138680406015, 0.44619105553480515, 0.41571907217039716, 158.3479571064384, -112.7468578472048, 138.80900467401705]"
0.000399976348875955,21.23132057773197,7.33328244200672e-52,0.42789846453289004,False,False,"[0.49709615220856324, 0.8911885883739645, 150.0533213648575, 108.56719222687371, 240.51641629371045, 0.35826721629053365, 0.5097131931299974, 164.0792653696614, -110.30617477682404, 133.69123622938957]"
0.0003979764671315752,21.216292949355047,1.0170448428602282e-35,0.851381914935987,False,False,"[0.4860519745042371, 0.867783610703083, 150.99367185581343, 113.57889487945447, 239.0504580032143, 0.4832966060920093, 0.4491508697381701, 159.4021054076161, -111.50833712051035, 138.5644152953983]"
0.00039598658479591734,21.25178810383153,7.989654237803557e-75,0.5066906766005521,False,False,"[0.39787598262533674, 0.8536702310662637, 154.96311836604428, 120.36745395012137, 244.45160415496915, 0.46811607506395286, 0.48297162805948424, 162.27476168928294, -112.08752484993738, 139.05682711820407]"
0.00039400665187193774,21.2419695395536,2.2527217368637546e-64,0.9990341763218628,False,False,"[0.47338086560175596, 0.8487009692693689, 156.56349368165917, 108.75912766530239, 240.4983343106942, 0.34867797566753916, 0.43924402057870704, 157.42710819228142, -109.81106701216402, 136.12179460516643]"
0.00039203661861257806,21.325019069640035,1.0749368323574978e-156,0.770185356888473,False,False,"[0.5040269320398513, 0.8369452828693059, 152.68542787467533, 104.68699862939528, 240.98669493857648, 0.3343640900099442, 0.44992187126045313, 163.55516984457358, -103.99757685790725, 134.51668830026162]"
0.00039007643551951514,21.269529943478634,1.0637747818824398e-95,0.5122345611955923,False,False,"[0.40808309127781117, 0.8270470240368064, 156.0613503224141, 108.93368102492839, 245.08974366131005, 0.4510502712688335, 0.4564274831104194, 157.26493314547807, -106.90759062562671, 136.8022519226147]"
0.00038812605334191756,21.239116369605718,3.8100577359889793e-62,0.4543656248597221,False,False,"[0.45300451611298587, 0.861603214681137, 153.5440738488519, 117.42701684059458, 246.0709931351419, 0.3559610980978761, 0.533175325616368, 157.9643572058894, -106.51973873694669, 134.98871126263697]"
0.00038618542307520794,21.236126295186015,4.313760585020524e-59,0.6895173432652959,False,False,"[0.46348449286926374, 0.875308123463014, 154.89568164011158, 107.96264735142717, 241.59664666738664, 0.41675258193664055, 0.5362378271097915, 158.05494552729596, -106.35330250763558, 133.03101826355837]"
0.0003842544959598319,21.235735842032152,6.065466723676584e-59,0.9574789561979887,False,False,"[0.48144254265510694, 0.8722515533417888, 151.43280234103415, 112.24665994209502, 238.43762220953158, 0.4254949881520112, 0.517192030397216, 158.5757849124188, -108.09392593015015, 138.16142283265245]"
0.00038233322348003277,21.309295090785497,8.58908698471619e-143,0.73559906942454,False,False,"[0.4607434108797733, 0.8972740104758905, 155.2847075931427, 106.72062803853352, 245.37763278107627, 0.46271475383880867, 0.4174889642449147, 163.04044729608648, -111.23445750924492, 135.3348715819779]"
0.0003804215573626326,21.305802593068467,1.6111302950350458e-139,0.5502817221177684,False,False,"[0.3918534553338401, 0.8233410366434252, 152.82294541833178, 109.68503322070184, 242.7859030967932, 0.40662572234397615, 0.49730635314682287, 163.16129405003826, -109.51771669275192, 135.23985980260738]"
0.0003785194495758194,21.272188302732904,1.1941312832539018e-101,0.055341009889389836,False,False,"[0.4220270988462576, 0.8308449613127741, 154.04517726650036, 114.07860599011143, 240.48013423557313, 0.39098452279128537, 0.5119883718970917, 157.0388407588957, -109.21618031108673, 139.88676303348836]"
0.0003766268523279403,21.23769011795661,2.240337214625369e-62,0.9579277462978972,False,False,"[0.42304433306182165, 0.9000204532902407, 155.6555164024008, 114.52965251789881, 244.44712310866512, 0.48348784898166824, 0.4125210579919293, 160.92815413928318, -112.0474385040996, 138.80126817571505]"
0.00037474371806630057,21.264689650136958,5.629513580971207e-94,0.06467220151539077,False,False,"[0.3918365900520547, 0.8516562105210778, 152.25932223610397, 119.45404993890143, 238.34742785113042, 0.4352506136483093, 0.4019240144333538, 159.3651996543008, -105.04552488499995, 135.030847545303]"
0.00037286999947596907,21.308017042530857,6.561146705599636e-145,0.5548865379402858,False,False,"[0.45618995397255274, 0.8716004904377079, 156.57871160743522, 109.99173485964627, 240.98415395146026, 0.3575436544115266, 0.4851322163014297, 158.32034312766987, -102.55277225491136, 139.95133483736112]"
0.0003710056494785892,21.31951818156175,4.2594672265303826e-159,0.894958671071275,False,False,"[0.40852292496113, 0.8844969937455491, 157.5130209805371, 113.4615961153637, 239.65167961655447, 0.3938973548956979, 0.43780275179899886, 162.24360712490727, -112.79498353968931, 137.8185767072994]"
0.00036915062123119626,21.29016882254224,2.3022443647725595e-125,0.4563233808421755,False,False,"[0.36878156684089336, 0.8513011704873864, 154.31188899479594, 106.08822948273821, 238.20756947093156, 0.43112256827839535, 0.512923909994081, 163.73036019286553, -110.50864750099564, 140.11916835878102]"
0.00036730486812504027,21.242685014684845,7.58239940543156e-70,0.7909605978124808,False,False,"[0.4387093445592827, 0.8759030933345492, 152.87136557163026, 111.38736435959257, 240.5818087313378, 0.4517445246413942, 0.42544940061940895, 158.85991134407175, -110.6651796533954, 135.7580373345697]"
0.0003654683437844151,21.279586271352393,4.806761922931174e-114,0.0074092919875760055,False,False,"[0.38912571811685415, 0.8878361160410624, 157.61082778440215, 112.45251197652334, 243.62994768941368, 0.48600128394545267, 0.48476431086105615, 163.19822434515623, -103.19772692268133, 139.0970541872358]"
0.000363641002065493,21.291279100796196,1.4051792407255483e-128,0.5901415958797375,False,False,"[0.5017744732829139, 0.8270702675327835, 156.92381309910175, 110.28754171229403, 240.2526936419158, 0.4029251378568496, 0.4020328853240833, 163.95840844079942, -105.45172414256308, 135.6007335008268]"
0.00036182279705516555,21.292206621206017,2.465806034280815e-130,0.6062248536163025,False,False,"[0.41991090609433823, 0.8503410564154698, 154.24036079162377, 120.37692030955003, 242.20377934925546, 0.4117706496879048, 0.5267149684665874, 164.11279151919376, -113.88048342200577, 140.0482010441385]"
0.0003600136830698897,21.44075297969228,3.5081143842163e-310,0.5164809276458221,False,False,"[0.38312398527392033, 0.8189159546735342, 150.88657687980884, 118.15649186920106, 244.232461065649, 0.3456291479298097, 0.5363187577361006, 163.10419751014933, -104.6626023708543, 139.47787032400495]"
0.0003582136146545403,21.21650303118205,7.384861147336881e-40,0.987099241653959,False,False,"[0.48225658504789287, 0.8993365942236895, 154.13464107025223, 109.8133200600839, 239.64067422130037, 0.40291088777161643, 0.5147237443770708, 157.70864412731797, -104.76776920050375, 135.7153818698282]"
0.00035642254658126756,21.217827135870998,1.1436760263312166e-41,0.462118468401127,False,False,"[0.48810071593534804, 0.852239538119096, 153.550700386725, 115.752988461917, 239.01925676824746, 0.3649411482395025, 0.4393576915716233, 160.89767934140053, -111.75903212594321, 135.49419162148865]"
0.00035464043384836124,21.282591718918976,3.4795855760875683e-121,0.7985910359333183,False,False,"[0.3839397858286336, 0.8610756718685507, 154.74419613727903, 114.12426259325387, 241.11716196028925, 0.35886967619588944, 0.4395570495765854, 162.23032636435735, -103.80480399950638, 134.75678747776027]"
0.00035286723167911945,21.26840836653479,2.468854992100301e-104,0.6239090090759161,False,False,"[0.5095229764927435, 0.8777419248374234, 152.38250999124818, 111.87397529323538, 243.0137199848026, 0.3881134000294063, 0.4319943959251898, 163.40635368105418, -105.01761307056046, 137.35531563114947]"
0.0003511028955207239,21.242127516596913,2.397641050565966e-72,0.7853049358874847,False,False,"[0.4981023643759669, 0.8511033281874507, 153.7347098277475, 114.37916553894527, 240.6135035547823, 0.35081846095711083, 0.5458704586229682, 161.61876013343033, -112.8443511457935, 138.79210321101857]"
0.00034934738104312025,21.25858342843331,3.652262949772026e-93,0.293231333771369,False,False,"[0.5105725362197034, 0.8828958129154063, 151.9203873670845, 120.33735512449918, 242.32309329900724, 0.47169376011340614, 0.46090700264753964, 163.2132381418912, -112.1195548362936, 138.3053534547987]"
0.00034760064413790463,21.27975496673578,4.4278824867831394e-120,0.8226670556761804,False,False,"[0.42682626819033515, 0.8880862815576808, 153.43816722649544, 117.89382953906829, 245.79608618709975, 0.3808096119287739, 0.5155997959892364, 163.38900565544668, -102.5807667432945, 134.17192719519983]"
0.0003458626409172151,21.310075314441193,9.41080248242642e-159,0.5342866616087751,False,False,"[0.48981300072042705, 0.8451464523132015, 150.21915686267465, 117.24771872604558, 245.1936104306545, 0.33138072204487934, 0.439777051842702, 160.34049534471518, -107.78554722967564, 139.50480781887907]"
0.000344133327712629,21.256712129042736,3.338786104988542e-92,0.1845549368979973,False,False,"[0.5158996940356041, 0.8762444721893244, 156.49526221069632, 116.16108228582162, 238.98171432565158, 0.4301747460507397, 0.5385518914676946, 163.41384960278322, -106.56526834986103, 134.335663449785]"
0.0003424126610740659,21.254351738357446,1.1420308571947806e-89,0.8088086619438964,False,False,"[0.46778743774403614, 0.8636510340967742, 155.6978547898337, 110.93974009661387, 243.08290052917056, 0.42200006807590235, 0.4953387239807874, 156.48646231010622, -104.30678783184032, 137.37920871828416]"
0.00034070059776869553,21.294612363621567,1.950325759805177e-141,0.14524166117578852,False,False,"[0.45999895310867434, 0.8370009761552839, 150.94243844837882, 105.71296514989308, 242.38008624689292, 0.48075816414205924, 0.472900949899384, 159.06763346452578, -104.0881013648539, 140.20183825937858]"
0.00033899709477985205,21.242036560090547,8.683738702583565e-75,0.2514051812007433,False,False,"[0.5155657325528217, 0.8373453583842037, 157.26573614241266, 117.42839206997357, 244.24239851972948, 0.34505886467989966, 0.4240799053013654, 163.91461779584606, -113.24881128215327, 136.13773690091568]"
0.0003373021093059528,21.296491216924174,2.8396198784127106e-145,0.6317278717300175,False,False,"[0.4170392642330896, 0.8634192194613867, 156.93816928884792, 106.4180663831983, 239.47558914381236, 0.46229288775286526, 0.4556724418364665, 159.5721178736364, -112.42460463845879, 139.02219264162517]"
0.000335615598759423,21.317206726156925,8.327953536690334e-173,0.4641654024715822,False,False,"[0.4168215967828668, 0.8294103629823941, 150.44203113933594, 106.49907607700715, 240.2855515205489, 0.48259930408033197, 0.4889122554904955, 164.04939852411653, -104.9112115985001, 140.3363568014136]"
0.0003339375207656259,21.30627617303255,1.8676163750045856e-159,0.3591374393221435,False,False,"[0.3679580350582556, 0.8383157557636471, 155.41802112386344, 117.38305875200797, 240.1826161086852, 0.3368038734723072, 0.40282735905731076, 158.22811962943126, -104.73903585977622, 139.48838898024835]"
0.00033226783316179777,21.25495094009116,3.6215149760330325e-93,0.3241755348642319,False,False,"[0.5157555824585243, 0.8467642687157052, 150.29610082764486, 104.59202112886445, 245.50243757061818, 0.33482688210357864, 0.46038466195537, 156.87856824641, -104.54993623489975, 133.70523568269076]"
0.00033060649399598875,21.298891495308556,2.3591056960282038e-151,0.9996532377033833,False,False,"[0.4994251530043664, 0.8532916144909941, 153.67272188119355, 115.1956516592311, 243.37762477619228, 0.4140083937069492, 0.5068497053934597, 160.48353051216853, -103.73626567918588, 140.23110016472486]"
0.0003289534615260088,21.27765159905894,4.543506132607219e-124,0.5639373197421921,False,False,"[0.5156010961842523, 0.853038948981548, 155.20672095948842, 112.40565743558955, 244.126682154047, 0.422835101308697, 0.45541241074526223, 156.46848454920138, -103.0611458059242, 137.46908951127963]"
0.00032730869421837875,21.350192704379964,6.099838742226514e-221,0.9005276565670972,False,False,"[0.48548981735755276, 0.8217055228370664, 153.14355436376675, 107.10705638378407, 240.09169671147578, 0.46388243092458437, 0.4830355888689155, 160.6678515987198, -102.69841515024288, 139.36468801890666]"
0.0003256721507472869,21.284202203334033,4.777568022025899e-134,0.9470205203227353,False,False,"[0.366485500656036, 0.8646972585880819, 155.04300768634388, 111.92562314023127, 245.24326360396773, 0.45384340016270597, 0.5421932711643925, 163.57197166785951, -110.84472147019726, 134.34371539949223]"
0.00032404378999355044,21.234014491218833,1.872956762520344e-67,0.09943934869625148,False,False,"[0.4493901043033468, 0.8967499863056219, 151.7362365805032, 108.18102021385556, 240.93704212543201, 0.43256426921236407, 0.4347912452085431, 158.04519119221752, -106.40006673484977, 133.80422758227652]"
0.00032242357104358266,21.290173985947796,1.9594225802732078e-143,0.3518278360654029,False,False,"[0.3668803656352129, 0.8304798340662645, 157.0798513067093, 106.83154876439313, 241.17624115940373, 0.4172986144960937, 0.4405066673725393, 159.10920485200415, -106.29842316447007, 136.30566599866742]"
0.00032081145318836477,21.259675762098293,7.270951112154417e-103,0.7559221972471338,False,False,"[0.40294669859418575, 0.8599089549272758, 157.10624216947832, 114.93435656901386, 242.33113537376988, 0.3795619183880969, 0.4835638234809835, 156.796415626153, -110.018171279185, 136.22020453563158]"
0.00031920739592242295,21.38796369348298,6.418743828848876e-278,0.609532793684944,False,False,"[0.3768177377861465, 0.8267077796588427, 153.65667324579624, 119.78134491381692, 242.84320112214007, 0.41046614007229376, 0.545005564162553, 162.33853400437832, -111.83815887692997, 138.93438723074433]"
0.00031761135894281084,21.29795208804258,3.1212305426453645e-156,0.6139107398741181,False,False,"[0.4341044210912091, 0.8300550962498459, 156.76564351626322, 107.95683112468349, 242.2574814861753, 0.42661359193299586, 0.5144245552172279, 163.5759240527141, -106.39821576145127, 137.51845200129682]"
0.00031602330214809676,21.262898560481116,7.676098422340429e-109,0.11849455042795753,False,False,"[0.4259753802884345, 0.8663137504094023, 154.1557239714287, 117.04802250676627, 243.01379378446967, 0.3877323085794972, 0.426389658762564, 161.2756601307276, -108.68948913087644, 135.4116382144035]"
0.00031444318563735626,21.225849156150616,3.256753787764346e-58,0.5981902368363125,False,False,"[0.48902421745391944, 0.8970388549750924, 152.28303066558632, 115.99767782705418, 243.45439951241588, 0.4332847114145142, 0.4729254785879957, 161.7772270355673, -107.49703932855988, 137.43211852874637]"
0.0003128709697091695,21.295040995005202,1.510397848325716e-154,0.32536030020889506,False,False,"[0.3606203819131681, 0.8608798369331142, 155.2351570979096, 106.21461695553253, 239.24495208363825, 0.3353695229842538, 0.456521819410146, 159.66893340696598, -102.67589152889833, 134.7768847764655]"
0.00031130661486062364,21.260413900619447,5.1681889715963867e-107,0.5741852678038313,False,False,"[0.35659660747196426, 0.8474384594281191, 150.72287882550984, 107.7206652470399, 242.66103598033246, 0.36522158422276874, 0.4441431086701698, 158.46555171433988, -112.67667869400697, 139.46824464358684]"
0.0003097500817863205,21.273183786118317,1.882911471021055e-125,0.7249339183116706,False,False,"[0.4230104639946962, 0.8393691512729109, 150.92433520383065, 105.5703871591337, 243.23256982994698, 0.3807072029622927, 0.48466226545146773, 161.66374523242055, -105.00642855704689, 133.1816143562584]"
0.00030820133137738893,21.2293548639289,2.5617701953441298e-64,0.8555735144383991,False,False,"[0.48963581524140126, 0.8608395310736588, 155.6667440174924, 113.63861253560978, 243.29844541193663, 0.4389988575427458, 0.5258483346210803, 158.14541575130298, -108.50508649154929, 134.80062893098608]"
0.000306660324720502,21.218141991833598,9.305344133492874e-49,0.7277657860848725,False,False,"[0.46156769739862225, 0.8918390843866146, 156.17265757240563, 111.62993825260745, 243.72196762208435, 0.3943110953199911, 0.4671268900470441, 159.14470345425522, -105.30907546268547, 135.13932653499853]"
0.0003051270230968995,21.271363000156455,9.47663282900729e-125,0.1527397519550996,False,False,"[0.3960069599960507, 0.8406161490261386, 150.6922724275043, 111.12248017251643, 242.7171519776413, 0.44790288719669824, 0.529672836035699, 161.02743461279462, -106.33221169266085, 133.35650331204744]"
0.000303601387981415,21.272507488829152,5.203045769117478e-127,0.44836182077567355,False,False,"[0.5039037631747768, 0.8358872872482487, 157.76786468682786, 118.77665175489122, 238.62827871321238, 0.4772067732654872, 0.44032969959671586, 157.64636567818852, -106.36241137789217, 138.4838755746179]"
0.0003020833810415079,21.281482136474967,1.5105523012496682e-140,0.2483994183718572,False,False,"[0.5112489264426333, 0.8252919568263071, 149.9604965215806, 107.76878197092171, 239.24088860858006, 0.4253393434949354, 0.44743400101954434, 158.2954728904126, -103.64828494089227, 134.1820204611627]"
0.00030057296413630035,21.264313369605212,1.920771682213752e-116,0.5564298815893212,False,False,"[0.4134770656425712, 0.8802817291843005, 152.79871860942464, 111.27934419931482, 246.05242085567104, 0.3571933034662112, 0.43731520333427987, 158.12478277475464, -109.18543160675328, 138.14176656464588]"
0.00029907009931561885,21.284633282998847,1.5647123146165258e-146,0.2419525313779457,False,False,"[0.4020912292704924, 0.8456974078795029, 157.6258965805863, 114.53890270257824, 239.01552766122612, 0.4809167459289494, 0.4931120132776382, 158.83505249755638, -103.52030429077135, 137.3958380705786]"
0.00029757474881904073,21.279118080608168,3.242553012268672e-139,0.8710959094999051,False,False,"[0.5075363310787608, 0.8621678983753418, 155.8914290494338, 119.21287691603135, 239.4079613034025, 0.3785420756604453, 0.5432131544102864, 159.88878883836543, -103.45850158433608, 136.4486310944918]"
0.00029608687507494554,21.33710394617328,5.78654951666932e-225,0.6330372040908876,False,False,"[0.36237235196324924, 0.870069224443427, 153.9723456341202, 106.73388539029389, 242.2677098727049, 0.3631136446441888, 0.4293050891774921, 161.00801644006592, -109.58839174441944, 133.258653421368]"
0.0002946064406995708,21.384857558811554,1.7359818668608062e-296,0.3868013483174976,False,False,"[0.48997416119921205, 0.8320204572915351, 152.4034742621178, 113.1811450011808, 238.50271644767633, 0.4245210209915708, 0.540509573020742, 164.03716450440086, -107.84752918070643, 134.46753211537816]"
0.00029313340849607296,21.358765945867646,2.5679081985183105e-259,0.22606756234053882,False,False,"[0.45727464516562827, 0.8541589393404247, 154.32330308052678, 104.8686898822344, 239.7620131482685, 0.44930101041890275, 0.5342464362086216, 159.73048377595043, -108.12441178686979, 137.7631801308757]"
0.0002916677414535926,21.228388930907403,1.746017039170656e-66,0.5740349499712069,False,False,"[0.4267025748869392, 0.8829383074326914, 157.73936981809138, 108.33205307458923, 244.86641246575383, 0.3750565157091819, 0.4059751138820646, 158.1296605017968, -104.82357097859835, 135.50073695117115]"
0.0002902094027463246,21.28822851426942,2.3039442318297784e-156,0.13601868660313254,False,False,"[0.4832047140313375, 0.8567588572399704, 157.63955898369585, 105.9357132007964, 239.16835140978768, 0.47166063106456746, 0.5371531991225481, 160.69233431936019, -103.80444241235583, 135.86168612130936]"
0.000288758355732593,21.283285341931585,1.0349939427866069e-149,0.8672063571885172,False,False,"[0.5110853379934558, 0.8421750397851819, 154.35813988689682, 115.53815744989923, 240.59127630793773, 0.40211422296435945, 0.4656022922536126, 161.0291065786427, -103.44914712688748, 133.11293078765576]"
0.00028731456395393,21.239004441207808,1.58381578057275e-83,0.32754179496955227,False,False,"[0.4546793745105767, 0.8278277969710458, 155.29884130818647, 110.84588037103322, 239.50662993350937, 0.4010922636197519, 0.46423402331649377, 157.77951837762762, -107.67948086352212, 132.8367367034679]"
0.00028587799113416034,21.301612876694183,4.692194029944019e-179,0.41185974792017044,False,False,"[0.474503401087588, 0.8744803667262089, 151.4071277956401, 116.02766167924963, 245.71374802260536, 0.33118233327106217, 0.503182826649497, 160.33374563614558, -105.74782207101941, 132.77444556397384]"
0.00028444860117848956,21.2481533613138,2.4942020791687163e-98,0.7290164463281883,False,False,"[0.4482922485211783, 0.8645731687999205, 157.71886998382183, 106.83498975424006, 242.24373658598103, 0.36963632786514616, 0.5588375393910369, 162.4186646522117, -108.3637457655636, 132.48291985005935]"
0.00028302635817259713,21.266095460645452,2.3708961739319394e-126,0.8225418397647497,False,False,"[0.5037174833944184, 0.8699017209880983, 154.08210443931588, 107.78748506779243, 240.03298856439005, 0.46204183220464373, 0.4762246866975835, 162.52277640191264, -113.14757570411112, 139.71451974265622]"
0.00028161122638173413,21.383063654247948,2.2799252100926634e-307,0.3049200847497081,False,False,"[0.4447041542439748, 0.8421035366645122, 156.70029920143344, 108.3418502977163, 238.9119200123891, 0.40093281212730364, 0.4005556525162583, 162.53283474687166, -103.40720859571054, 132.6343081833733]"
0.00028020317024982544,21.22044173309019,7.398186636624025e-57,0.5253277951387094,False,False,"[0.41707025958711397, 0.8976394779726296, 152.5175251177553, 107.81109786677993, 238.65669940146054, 0.47986770485679675, 0.4486023443462679, 157.701981176465, -106.24326854519103, 135.98140166245742]"
0.0002788021543985763,21.266110902224955,2.802080792307335e-128,0.310672411079301,False,False,"[0.4079985720785999, 0.8640150653678594, 149.90064004949542, 108.52283607129178, 244.3081839001639, 0.4653446213660928, 0.44184007002805337, 160.09920595367387, -103.09202254233892, 134.80096457621718]"
0.00027740814362658343,21.34677939670115,3.2846264206410166e-255,0.41867909580225837,False,False,"[0.4529434409820456, 0.8241869802444408, 153.6669908474643, 117.52655852788993, 245.290131098028, 0.33155196411171156, 0.48906547610319195, 158.0030316384146, -111.40669904611072, 136.442992731572]"
0.0002760211029084505,21.33671726023461,1.1736667651820797e-240,0.38216136581760474,False,False,"[0.4171796955001769, 0.830193909519975, 155.86642297394496, 119.65027269431765, 243.32540628263928, 0.32977371369439173, 0.40812576732803707, 159.0165221520734, -110.17604177270785, 134.83286477303773]"
0.0002746409973939083,21.317654707367712,1.018130165169e-211,0.3538616428632927,False,False,"[0.45383272191052143, 0.8435692109802734, 151.9704464553171, 107.90347304311216, 242.64798973871305, 0.3798625096511914, 0.5482889574562035, 163.31835273361594, -109.27651322087871, 140.33886694409975]"
0.00027326779240693873,21.417057095785083,0.0,0.5511328908863385,False,False,"[0.42069340026549346, 0.8241327241675219, 151.49078312921367, 105.97459319259454, 241.77672838854542, 0.38773795504074016, 0.5426708059394106, 163.8977548098245, -105.06613776705512, 137.508718951149]"
0.00027190145344490403,21.30591901918702,4.23422335782199e-195,0.038329485008638864,False,False,"[0.4359347687927687, 0.83200467534189, 154.96941976972394, 118.25470208777699, 241.24832193967376, 0.3436347252366744, 0.4662188251350511, 160.74405703046662, -107.13983761674567, 139.21278495857382]"
0.0002705419461776795,21.378750636835886,5.4347437176e-313,0.8189545428187198,False,False,"[0.3613050015114035, 0.857965334566837, 150.11040924708163, 116.41405816481348, 238.18106551387356, 0.38726552575782625, 0.48918767620754566, 164.2206006797617, -114.58078264840358, 138.5677352511239]"
0.0002691892364467911,21.265055218745577,3.9416557213546837e-131,0.784271742296355,False,False,"[0.4888617220666663, 0.8250358890482975, 152.6355774375596, 107.84751641664494, 244.8247026877809, 0.3568593035441421, 0.457690516749256, 164.03636927174503, -110.71630090236694, 134.14180032244454]"
0.00026784329026455716,21.2548621836132,2.9368150984086893e-115,0.5999465562373729,False,False,"[0.4389841735994341, 0.8725298766812546, 152.6620758714959, 118.19327124967094, 240.52564250268603, 0.34083395813238343, 0.4192100754230499, 158.03735661038775, -105.75554916910811, 139.9113027928851]"
0.00026650407381323437,21.27902380045693,3.300790539266301e-155,0.9862954615959905,False,False,"[0.3649753383369607, 0.8820303011274857, 156.42452446445273, 115.68496268294587, 245.4220733667816, 0.4593723729571467, 0.47078510689161923, 158.9482012873743, -103.72024130393345, 137.09983624421255]"
0.0002651715534441682,21.284303799232614,1.2439905390276627e-164,0.4898242089300172,False,False,"[0.3743447461364155, 0.8385605385098903, 151.6507154600528, 105.58710759205141, 245.03759237712507, 0.4116496350697481, 0.47100940203980657, 157.2697618909751, -110.62198096810421, 140.34322271936125]"
0.00026384569567694733,21.282313335790317,3.5278447593623166e-162,0.8964845053898851,False,False,"[0.4975056667644138, 0.875813216697003, 156.61973003008168, 104.61469673402884, 244.85282176558388, 0.44277081379864724, 0.4563662206568992, 162.99621537564528, -110.83095866106619, 140.3415238921187]"
0.00026252646719856257,21.26958943996556,6.09794245153879e-142,0.6919597914583525,False,False,"[0.4620819017914449, 0.8382477652699046, 157.0372443520359, 105.00698594751137, 240.69935717384826, 0.44879009128039893, 0.4753114564766372, 158.1175344636047, -103.76723912376247, 135.0112927349778]"
0.00026121383486256975,21.262715932750016,3.187599119530624e-131,0.03590093648072901,False,False,"[0.4421608760252774, 0.8249650049887978, 156.67503418828196, 104.58810408835492, 239.14909845339497, 0.39946365826106356, 0.48678355956953034, 156.59755131157902, -106.26129714163493, 135.80666143681648]"
0.0002599077656882569,21.408690167284558,0.0,0.27917897295231775,False,False,"[0.36973460830553484, 0.8205432223778484, 151.77636705172796, 114.8077163840526, 242.0710364651104, 0.4851565311766076, 0.5283294177827887, 157.68862463614136, -105.88579013934732, 135.76953817651201]"
0.0002586082268598156,21.29926690452304,6.407138626539502e-194,0.16736383628830864,False,False,"[0.490413268368927, 0.8582131941104181, 151.0781799433955, 117.40467405846228, 243.83545492250215, 0.43891385227335805, 0.5386787330794889, 160.14009698656878, -103.00230312517037, 140.17939923127224]"
0.00025731518572551655,21.270969290637076,3.9475384535468377e-147,0.20330216402482926,False,False,"[0.3795127220714545, 0.8768476850769124, 154.70062730796772, 105.81049075592102, 244.449996512843, 0.3465326933513258, 0.40140478304689253, 161.50203936647915, -106.12848463179438, 137.91730132833737]"
0.000256028609796889,21.250532160805168,3.369660500328327e-113,0.7072249173647691,False,False,"[0.47648716689569526, 0.8512477976945838, 155.99276522650675, 116.3100383658325, 245.76145691476816, 0.4199945956053651, 0.4964827467655827, 160.25834898500025, -107.89728933216932, 135.63196436579332]"
0.00025474846674790455,21.284043513880146,6.797293957789897e-171,0.800111280107898,False,False,"[0.40277663508769157, 0.890158937737333, 151.3141613669601, 105.85277045200013, 239.9669766295046, 0.44954582965091455, 0.41873627864539675, 158.58948441360832, -102.67368766547366, 137.74595063577735]"
0.000253474724414165,21.25696786110719,2.3316986183213084e-125,0.30806922127105174,False,False,"[0.42894040464523, 0.856680187572381, 153.46964860553226, 111.49978233829906, 245.66923766552947, 0.47333016379347714, 0.4226009699253885, 164.21808577645385, -105.9044170581548, 132.95124078860403]"
0.00025220735079209416,21.379990173570945,0.0,0.8925801337534028,False,False,"[0.4252108441717352, 0.8281003557995096, 156.19553543511267, 110.75051548613358, 240.228539953102, 0.3744698380781555, 0.490429418864625, 157.2130939492304, -103.08558742802609, 133.06847632583828]"
0.0002509463140381337,21.312984785833464,1.4707308701468739e-223,0.8939800937391873,False,False,"[0.47880621442279103, 0.8951353756065272, 151.94088454284594, 114.46250223337225, 243.37171465516982, 0.4491928368172645, 0.47907500091552124, 161.09420929301098, -110.18996065012682, 139.3559534175753]"
0.00024969158246794304,21.254489534892326,6.165199803142158e-123,0.8526084701943255,False,False,"[0.36763943707046, 0.8926884409520465, 151.24990430724273, 114.56640659657397, 243.40478328092152, 0.45262598013083966, 0.4703324477514828, 161.35257573356157, -109.07783850085573, 139.36679631333357]"
0.00024844312455560335,21.37840650337066,0.0,0.7899025788317425,False,False,"[0.46666301778390273, 0.8433818343559197, 155.73946651933736, 106.70728967428897, 241.56543391052213, 0.34555836693026, 0.553539899577006, 157.24650950411126, -106.11493129318902, 139.8896214792743]"
0.0002472009089328253,21.25037439296757,6.1418504019620165e-117,0.1909476292690433,False,False,"[0.4645597345855919, 0.8884968637168305, 154.58486803841103, 107.33201154919777, 239.46372755727018, 0.4547635076199327, 0.5027764458702314, 163.39744068459476, -102.57631833035687, 134.45438993885244]"
0.0002459649043881612,21.273434497394444,3.0735020988163098e-158,0.2792156418499906,False,False,"[0.3873703810075503, 0.8812033310798002, 150.23326580762864, 107.74268883523162, 242.5137598501634, 0.3843244509209635, 0.5157609979059584, 161.71136952670236, -107.75162207529661, 140.00359578547912]"
0.0002447350798662204,21.286734006156557,1.2458885178228257e-182,0.15536952699215179,False,False,"[0.48046682954726583, 0.8282830936174402, 155.82423264316748, 118.76786426690592, 240.51442810949698, 0.4140995412548538, 0.41363836164837475, 159.16531768834633, -104.24888338350308, 137.38523483882506]"
0.0002435114044668893,21.285883728193035,4.98687578746676e-182,0.9020022340207812,False,False,"[0.4779564145986428, 0.8399615092036027, 152.439790212872, 120.18120718676177, 241.2543444377762, 0.3289694842932063, 0.512331189475693, 157.63695455932753, -104.87711852502802, 139.0945743389332]"
0.00024229384744455486,21.346279558039676,3.400436225464916e-291,0.136554890478906,False,False,"[0.4049902224120223, 0.8683012307873447, 156.45833047296472, 115.95695236232848, 240.17389120950767, 0.34409785882655997, 0.46407383074167824, 163.89214753564977, -113.72842296969026, 138.5037231590611]"
0.0002410823782073321,21.338704944478692,5.212857753970834e-279,0.2993991827051312,False,False,"[0.5092318504373307, 0.8246767329425082, 156.2592894903797, 107.872847225326, 240.09836297950065, 0.43951937486389964, 0.41786467497076996, 160.1022678974584, -104.14427974798846, 137.27180887393803]"
0.00023987696631629543,21.284990169447163,3.7038221232951147e-183,0.6621452592208831,False,False,"[0.43895825122826404, 0.8571164619721104, 155.79860301038147, 107.55160762784915, 241.46290475246758, 0.3417558515336371, 0.48858489143434597, 160.18151340340393, -108.71283673190317, 134.32304163867607]"
0.00023867758148471394,21.35318243778266,3.7169390189541495e-308,0.5425846709959193,False,False,"[0.35877149883101433, 0.883579881746819, 151.13526911295395, 111.071550820789, 240.37036457717446, 0.449113556606679, 0.4145382379469491, 163.08572262275203, -112.87822347236236, 135.69768597407509]"
0.00023748419357729036,21.278526369459698,3.5571958399788984e-173,0.9988706179159715,False,False,"[0.4449076310831488, 0.851678158745186, 152.81269545943564, 108.00851746914354, 244.51943921661532, 0.33951067596411166, 0.4705300319826363, 164.1720667581894, -102.55182717114877, 132.66099292702782]"
0.0002362967726094039,21.376794109492632,0.0,0.2912602007435058,False,False,"[0.4540366157682342, 0.8330682283338173, 154.0733121555076, 116.29451382389648, 243.8385579596648, 0.3680394625970519, 0.5262118162737893, 163.12649374951312, -112.5749086699824, 140.27777588256777]"
0.0002351152887463569,21.253869759608957,2.2813354613885166e-129,0.2723003778351861,False,False,"[0.41411202226901134, 0.8915665226606609, 156.71569900554294, 115.65588084876805, 245.21389092191353, 0.38693739628375856, 0.4754975576048377, 160.8172951579567, -110.50774532046951, 138.1726292748912]"
0.0002339397123026251,21.322283651281747,5.07721904777673e-257,0.34075556686530406,False,False,"[0.36400127157985884, 0.8416842464502902, 153.86144034962524, 105.47568021248064, 244.44208555134367, 0.39588999957015547, 0.4940478526097611, 163.20860321388187, -112.34724563397727, 138.3512060859793]"
0.00023277001374111196,21.351285870424956,2.02463647945e-312,0.9049119499731848,False,False,"[0.4009233914999326, 0.8388657026195704, 155.05506000091705, 106.33028733146543, 243.15899549386893, 0.44434287777235004, 0.4360857565707279, 164.3789938763254, -102.69914355764875, 139.6484270201224]"
0.0002316061636724064,21.2745121819354,5.030687281995763e-170,0.8455508610025771,False,False,"[0.44549694275909807, 0.840581616731324, 150.94098632264559, 112.0778426047799, 243.5414791843308, 0.4665154240572756, 0.5327525929823166, 160.31776988655366, -107.61508271276591, 138.34126541279653]"
0.00023044813285404435,21.20577567580434,2.450723620442614e-41,0.284250116796143,False,False,"[0.40997052543631207, 0.8782259660186496, 155.89315730248762, 119.57844509777524, 238.71114443770318, 0.36469060190572616, 0.5536516873533095, 160.19398953319634, -112.6247186176409, 137.48419554694945]"
0.00022929589218977412,21.273258579840157,2.345457028997312e-169,0.6678205850805061,False,False,"[0.48416787983824944, 0.8866362766306916, 153.13223541905012, 117.66402935193639, 242.64506451451217, 0.39426297375196184, 0.5083142828192744, 163.67801210236223, -111.74517397034917, 139.5464721720479]"
0.00022814941272882524,21.28001955138493,4.497534777211926e-183,0.7118071812919867,False,False,"[0.502733430338276, 0.8545253422646212, 153.13951559038767, 110.41756407072745, 240.01559356029347, 0.3664956358533023, 0.5580927947310254, 162.6140286555479, -103.23335710964618, 133.2920936516214]"
0.0002270086656651811,21.268004919183813,5.273186887741784e-161,0.2677943195073407,False,False,"[0.36014460974653584, 0.8499762609124836, 150.44300095193262, 106.95071276430339, 244.08380113933487, 0.37557583747581746, 0.4449860703285715, 160.22581122784322, -112.8985187167151, 140.29395672708517]"
0.0002258736223368552,21.247936418361608,3.184261657596516e-123,0.79489635169745,False,False,"[0.3570673493790628, 0.8587977029733087, 152.20254636184686, 117.21097406753353, 239.97602141526104, 0.4873117897066595, 0.5152841577429423, 157.24200092768675, -107.57548695794988, 132.90215259599816]"
0.00022474425422517092,21.287920618847778,4.189969892964274e-201,0.4563296597532881,False,False,"[0.4594140155857089, 0.8850733814484806, 153.70686282388274, 106.2681917463284, 246.08406565223098, 0.3952321612394727, 0.5571697049559412, 157.92240852170335, -102.53227161102892, 133.04636905951244]"
0.00022362053295404508,21.238002391358584,3.645106197272089e-105,0.3461161990753773,False,False,"[0.38032599309897636, 0.882326843246489, 150.29057660390995, 112.4981253551451, 238.75848683002664, 0.40077844026075615, 0.5364339256984506, 157.51344177409146, -107.72827249577135, 134.15110416474027]"
0.00022250243028927485,21.239089333447826,8.228705758761302e-108,0.22145643410526705,False,False,"[0.42548810286209465, 0.8693356137074322, 150.13631448483784, 117.80048191579085, 245.25383676856794, 0.386837946649609, 0.43922663771643117, 160.02031188734566, -108.30490528075109, 133.46657359204917]"
0.00022138991813782846,21.36136831097158,0.0,0.5611102657746629,False,False,"[0.4988516665048719, 0.8462015427649119, 151.8796829843949, 106.41356973279083, 239.73905899375015, 0.4594483190770122, 0.47708290049486685, 160.75386572921383, -107.09972233324777, 133.7942912429161]"
0.00022028296854713933,21.26061660104384,2.481679227521377e-151,0.1088595055656355,False,False,"[0.44569072892617717, 0.8789110493858043, 156.158532007936, 118.96581374143152, 243.27027049780727, 0.4157535420936729, 0.5461890682769396, 164.31729388099856, -103.86072686379116, 134.8772301258205]"
0.00021918155370440363,21.238791745341636,7.629851405776941e-109,0.3315082631232271,False,False,"[0.4154148434024096, 0.8874004081857254, 156.8179188408343, 104.43247835554308, 245.22598402597865, 0.3862012914618056, 0.41196743139802305, 159.03220478838725, -112.76014842549282, 138.499094763697]"
0.0002180856459358816,21.26927821557643,4.252392340435582e-170,0.14819837152035498,False,False,"[0.39449267786146663, 0.894730837422575, 155.29890462615438, 113.83759240572537, 242.92743523275445, 0.44204269429410736, 0.4286643546485184, 163.06912808267901, -110.76087171296635, 134.34839321157452]"
0.0002169952177062022,21.285503396849215,2.0156921351441738e-203,0.03286670358906196,False,False,"[0.36453504151286936, 0.8476049005607335, 154.18218776098763, 117.82832019261797, 238.82665668560662, 0.3540234690632891, 0.5463037848954047, 157.25808128031701, -106.52278436667349, 136.33726224653955]"
0.0002159102416176712,21.20395541409746,2.0712532139103692e-40,0.16521394852164595,False,False,"[0.4832758399730313, 0.8776402548706705, 152.58449280007207, 111.81226127986847, 238.28398310830053, 0.4667042810302922, 0.48735889949389494, 157.68480245316832, -112.42201866242331, 140.2711853379093]"
0.00021483069040958283,21.27953771166782,2.0998697277044106e-193,0.27281830398891627,False,False,"[0.41837614771905757, 0.8727653096452712, 151.28969478605902, 107.85941781271259, 239.70826926885323, 0.42621808050725696, 0.40417960518682117, 161.1012178696625, -106.58128317932818, 133.43165296916823]"
0.00021375653695753492,21.259390994526278,1.934413603119724e-153,0.8337929129421807,False,False,"[0.4518616190568974, 0.8851038756162357, 152.92612126078575, 118.92432782921135, 244.23373858450768, 0.4602137322817561, 0.4522680453247595, 160.88041288690826, -102.68303702918017, 139.43910851807516]"
0.00021268775427274724,21.27228232807498,1.569947768112513e-180,0.3261789129331155,False,False,"[0.3562199309335038, 0.8744670219183901, 151.43514277984087, 114.58775117803455, 238.660511678176, 0.41965566186701575, 0.4560393487763478, 160.28997326996245, -107.96328445542939, 137.29993629851995]"
0.0002116243155013835,21.24275341486019,7.788461957346602e-121,0.08368805468745388,False,False,"[0.4114304574052561, 0.8835644486539893, 149.81911532671, 119.65233005393999, 244.68392502462004, 0.33477163912871827, 0.4391634783378009, 158.76349728038727, -104.3951822011831, 137.7622379850938]"
0.00021056619392387658,21.29825000253595,6.694670390410792e-236,0.18673653939412593,False,False,"[0.4971791865848329, 0.829107057183939, 156.28088798468823, 111.86002900289903, 243.48832013859376, 0.34094124048397656, 0.4984451498953835, 161.2241968061865, -113.51132922564167, 138.503362606006]"
0.0002095133629542572,21.279478440336398,3.5892476372556565e-198,0.596706741686787,False,False,"[0.4295446489187527, 0.8521233313990125, 152.37119117622757, 109.29056052048254, 242.09227044057687, 0.38024209020234745, 0.47669631223243136, 164.36862975194953, -106.02299146189799, 136.6456657918842]"
0.00020846579613948592,21.247838279327777,3.0089443496796264e-133,0.6682619886835877,False,False,"[0.4021797944583287, 0.8681536191352853, 155.2751948893712, 104.84784968636626, 239.38495093662914, 0.4746558563278328, 0.48055029343050415, 157.7432569814718, -105.84809197892149, 136.81890342257148]"
0.0002074234671587885,21.32514906692058,8.758295249694178e-296,0.7897018023317788,False,False,"[0.39787189839806064, 0.8460743657158446, 155.58119934253438, 107.00803171931246, 239.61620668915938, 0.374786325702015, 0.4476198423628272, 162.98923679787367, -107.70422582554755, 139.63624155005473]"
0.00020638634982299455,21.207689938382075,4.2316247111054007e-50,0.05140321783898316,False,False,"[0.4133518541903259, 0.8981174549557702, 157.64663605530956, 104.73765722622494, 242.9377625615648, 0.45772658809408245, 0.4498952347438239, 159.67269317143578, -106.12741323184072, 134.1262292429365]"
0.00020535441807387956,21.307759660848276,5.566855324836217e-262,0.33053223431387524,False,False,"[0.3899586244221725, 0.819084081106164, 154.24177606933713, 113.44737494863091, 239.4867950190442, 0.32939881570206997, 0.43237209304074453, 157.3898357205285, -103.41187131060941, 138.35801247046115]"
0.00020432764598351017,21.285786742356805,1.3670659729761563e-216,0.5894157827961237,False,False,"[0.453342190396428, 0.8403834194466445, 153.064220517683, 115.75826620616566, 240.22321771053223, 0.4486514228597344, 0.4909614568289867, 159.9255336885601, -105.17550417691676, 139.0770159454045]"
0.00020330600775359263,21.32673809744157,3.735368790837561e-305,0.7342654845049006,False,False,"[0.5060198004596259, 0.819249458926156, 150.4989689287165, 106.04840810226486, 242.42016524721956, 0.4320969755241215, 0.4675798519821848, 164.12889954477757, -103.79231273376034, 138.98405963480732]"
0.00020228947771482468,21.315684528357107,5.934854697566314e-283,0.18850327776904408,False,False,"[0.4183676819908064, 0.8333616702454142, 154.26982795114768, 114.49151128946284, 243.9985164585899, 0.376732966905041, 0.5550027702174553, 163.69296664105576, -105.29700157442919, 138.28077649843067]"
0.00020127803032625056,21.312260091866364,5.546761398504737e-277,0.4577034143467672,False,False,"[0.39838287293501384, 0.8493004682485118, 153.12141478082467, 105.97040940393835, 244.14492382528138, 0.3607440924126666, 0.525840640560226, 162.60523418538577, -107.68249202227192, 135.30332496009666]"
0.0002002716401746193,21.220729612400156,6.952565133278207e-80,0.6026243702129415,False,False,"[0.3760674038088986, 0.8812033582409419, 155.8322864900891, 113.61783595345669, 242.85909145486085, 0.42285865145932733, 0.4560321728543565, 159.59386238482048, -113.71824951735604, 140.13999048193455]"
0.0001992702819737462,21.308261201621235,4.741327998598176e-271,0.12161189532572181,False,False,"[0.42897206074277583, 0.8911586794582086, 156.92266280107043, 113.002982488453, 244.92352120211467, 0.3950841523864972, 0.46822540452863826, 162.11438099264043, -103.51182582640095, 134.80728414808922]"
0.00019827393056387748,21.272055145179465,4.191492724867043e-193,0.6137058086422154,False,False,"[0.4754513963849546, 0.8519035493903732, 150.93091933015427, 114.68464429392304, 239.58493496534246, 0.3917488080957366, 0.4257402673688856, 159.2476123110621, -102.79666119221685, 136.31660075209285]"
0.0001972825609110581,21.28553234542127,9.708833061024148e-224,0.7522776504926922,False,False,"[0.41758276675990724, 0.8785205379061416, 154.20246131837925, 119.64817632554842, 239.93330951578434, 0.3749691701705227, 0.47069415273356896, 156.46503100951222, -103.5542733345916, 137.30963527482308]"
0.0001962961481065028,21.315573539088803,2.523498658157768e-291,0.2888083675835157,False,False,"[0.3734874256309086, 0.8600886954185758, 153.48523364136372, 110.27306883526919, 243.1712207186261, 0.3935602143613984, 0.5477376445239497, 164.34305427848247, -104.52671747742959, 137.95683439249504]"
0.0001953146673659703,21.275894209439336,1.483213919905859e-204,0.011987694091360468,False,False,"[0.3771338402267959, 0.8390901902972251, 156.37955872251308, 107.77794367845149, 240.25909671155176, 0.3705355449100878, 0.4064005938310823, 159.08535221472587, -107.39010961025555, 137.0609618923585]"
0.00019433809402914044,21.336565254218023,0.0,0.7922196753654351,False,False,"[0.38318043657619905, 0.8289366225626773, 154.91357079872358, 116.77399935754445, 242.01783722360227, 0.4007984101274642, 0.5000922492871566, 162.47668071034096, -104.03342061154214, 135.78593422730776]"
0.00019336640355899473,21.3365969506267,0.0,0.9091329575266909,False,False,"[0.4272166096651559, 0.8968515185173935, 157.48148563745653, 117.64912523680675, 241.01587234976876, 0.42898530498418874, 0.5433247556935691, 161.96211308638192, -103.30461461690555, 138.28781085544952]"
0.00019239957154119976,21.223477571834607,2.515044258749163e-89,0.535196628979177,False,False,"[0.41987338884897424, 0.8575453740025816, 155.85332927159715, 114.11315488207298, 244.39101917056888, 0.44120085356555083, 0.5147935667966361, 160.19371483869628, -109.26329815773566, 132.98395631192327]"
0.00019143757368349375,21.227944426817494,6.63488871904408e-100,0.9765305072582809,False,False,"[0.39433708577689364, 0.8894843709691722, 157.55693555531732, 117.9759020483322, 240.84165736486102, 0.32953887445366925, 0.5156317618318426, 158.0470380060933, -106.45955439162542, 137.02189570077786]"
0.0001904803858150763,21.27544030166896,1.0790837559333206e-208,0.34129810703890573,False,False,"[0.4358580868727809, 0.8537168213472428, 154.7250690215837, 107.45972017695345, 244.60944510833843, 0.36647032192159723, 0.4767417127038519, 157.39201328708734, -110.02199964595184, 139.60128826554958]"
0.0001895279838860009,21.278782595626815,2.1344469032353708e-217,0.8422492625804854,False,False,"[0.5081882449846351, 0.8223167905612475, 153.62780613426304, 109.37077916654637, 241.23194099548638, 0.3962234305474419, 0.41411811389498465, 160.05821575921286, -111.33560922183669, 139.72670658947249]"
0.0001885803439665709,21.274992134535424,9.328204924583249e-210,0.7624339331902658,False,False,"[0.40767748818665367, 0.8820596097594334, 149.8772727309602, 118.70669560698649, 238.5998599008947, 0.4187235099859301, 0.5449803159549874, 162.63944016565557, -103.79232256344689, 134.8390176412481]"
0.00018763744224673803,21.28773143426874,2.714990729704067e-240,0.05132875478707255,False,False,"[0.5147630052970761, 0.8674327828991131, 154.40368811011487, 105.22096992872075, 245.62693291417153, 0.42881281893381795, 0.511194484384367, 162.95552276690967, -108.48735445164283, 138.39382741474037]"
0.00018669925503550435,21.297290172093227,9.87767321226817e-264,0.1561305585293351,False,False,"[0.42038071235703495, 0.8481922160591417, 150.77213515648808, 105.39811234377345, 238.54674163697325, 0.37563231390659174, 0.4332809893079118, 156.78753941593405, -104.69333832087929, 134.4606040396624]"
0.00018576575876032682,21.344838891872396,0.0,0.9775049890550018,False,False,"[0.4142671156536307, 0.8775329168757003, 150.95534123673866, 107.35132494668554, 239.61688916783413, 0.3933164896793824, 0.4392977981980279, 159.46767153170464, -109.03299163430354, 139.7813326968799]"
0.0001848369299665252,21.290574269831993,1.331946231764171e-250,0.9872891334895127,False,False,"[0.3669542543548986, 0.8435828787884654, 151.09875756528743, 113.99365090017734, 238.9231344600406, 0.44977240108299094, 0.4267782385377736, 163.04338256549684, -105.92452647739056, 134.24126885907987]"
0.00018391274531669256,21.340830444345585,0.0,0.19809420860490845,False,False,"[0.46668397411008805, 0.8533674645266011, 153.18623417622726, 117.55008384835767, 245.0673277080018, 0.3957388068413227, 0.40669696828110086, 163.2611072908608, -103.69756199815353, 134.89051547045182]"
0.00018299318159010908,21.30322271216149,3.8774005009445985e-283,0.6512376739220206,False,False,"[0.40212839011265816, 0.8430845906570237, 154.98197043216035, 114.5654004683846, 239.10225714066485, 0.4558891184454294, 0.5011839216302366, 159.09133598040495, -105.257216643141, 139.95426020909954]"
0.00018207821568215854,21.355137746483074,0.0,0.9536766639890542,False,False,"[0.4435535874688839, 0.8595918565738222, 152.10723789235266, 114.75780813021517, 242.87624387104532, 0.40510012303917586, 0.4617185727212809, 160.52954350409, -106.47441618046736, 135.58201118798152]"
0.00018116782460374773,21.258808667751378,1.6300410598864615e-179,0.016863814421736345,False,False,"[0.46837479392483594, 0.8954424430313013, 152.12249318101422, 111.750414995058, 242.4441928811685, 0.3973480427920577, 0.5132446429570072, 160.94972805290132, -108.08397755584167, 134.18499758761413]"
0.000180261985480729,21.240260323961444,1.0027416448862833e-135,0.4396452203776542,False,False,"[0.42390175649088513, 0.8509656275050367, 155.0794440144003, 106.39463944286032, 245.2896406768756, 0.35663098632270995, 0.5396665945998502, 161.1513632205477, -109.23623394727107, 133.33896710366872]"
0.00017936067555332535,21.283573847421113,2.7907525538253846e-241,0.8782841436444002,False,False,"[0.37825089614457974, 0.8252923907470636, 151.29371780949688, 108.83164314500593, 243.8351667713708, 0.3997827599649624, 0.427558040743314, 157.0335684159277, -107.5542135521856, 138.21553011731768]"
0.00017846387217555873,21.253781411028278,5.460621005587009e-170,0.8059213433921504,False,False,"[0.4225347437421224, 0.8281253192157422, 155.80287400995365, 116.7310589796428, 239.54583582176878, 0.3389007794382702, 0.4475758672397552, 161.54119475439416, -109.02353967431738, 133.26642236751928]"
0.00017757155281468095,21.241790987365157,1.629959747634832e-141,0.05209363854867444,False,False,"[0.3980919125080185, 0.8975727881277106, 151.24121103373878, 110.08971160219627, 242.88217097887588, 0.44765074950680017, 0.456455037571008, 163.54000618189684, -104.1824517434373, 133.4728074883083]"
0.00017668369505060755,21.22588540545738,3.9916936164571777e-103,0.7607094361451673,False,False,"[0.4642115741751054, 0.8998016788943457, 157.5874597015627, 115.87469663803101, 244.49288025955158, 0.3949689185577283, 0.5064306000622569, 162.92554462187908, -113.65504917549823, 138.9003620649566]"
0.00017580027657535451,21.286889064345758,2.4211748506893805e-254,0.833227199953052,False,False,"[0.508324852025748, 0.8874062091783204, 157.12050614296095, 104.61571908012225, 245.08605530663664, 0.428920855140131, 0.5449024616068726, 158.8874023330678, -110.28361838611193, 136.28794057045684]"
0.00017492127519247775,21.31485204419408,0.0,0.9785426908698738,False,False,"[0.4955988659794835, 0.8241321797838003, 152.84856961781435, 115.11998327358802, 238.59743429148085, 0.35010324580507146, 0.4728405258893089, 163.5723280517789, -112.1420192326629, 139.76315198841306]"
0.00017404666881651535,21.30062351321733,3.60974456109454e-291,0.10076628086051131,False,False,"[0.4235986352520303, 0.8983378936577782, 149.97276219415102, 113.97675095419991, 239.28434512566054, 0.429298200556989, 0.4157539889781674, 157.84076459797367, -107.40860467419813, 135.59283681030504]"
0.00017317643547243278,21.30709247317425,7.49912795640631e-309,0.7789073430977862,False,False,"[0.47296238189765455, 0.826630775766822, 150.59767326321293, 108.85267069490583, 245.1553930092249, 0.3979892559988162, 0.440911050056111, 162.28035399437397, -105.3993298259291, 140.1346448988977]"
0.00017231055329507063,21.30512267140692,1.9559882190574192e-305,0.38037299068636077,False,False,"[0.45053753731345203, 0.8662844079779273, 149.94059696674472, 112.60984537415972, 241.80554041366358, 0.3527018743819387, 0.5481864363034188, 163.39954094057694, -104.11109820764769, 134.61143667553617]"
0.00017144900052859527,21.284633635647175,4.5770669828330545e-255,0.008021726341517321,False,False,"[0.3800377771370087, 0.8590298957222956, 155.85201809955137, 112.52052422262446, 243.6291911336309, 0.35904553945226886, 0.41736210396467927, 161.76176292188168, -106.29060261953305, 138.03026799151272]"
0.0001705917555259523,21.23125143595132,1.9209969938247815e-120,0.12299046014863368,False,False,"[0.4862450960916696, 0.8859998088675934, 151.87808406825133, 114.46186591751209, 243.7400336101917, 0.4617453592877076, 0.5014393639869592, 163.39660488846837, -105.91935891418474, 132.74107175533823]"
0.00016973879674832252,21.269898375882427,6.3051365808687266e-220,0.9794932708999541,False,False,"[0.5036087208966038, 0.8315038143824158, 155.24369345111538, 115.54801483157352, 239.43170777055465, 0.4377862650936836, 0.4737359775735136, 162.0950931075414, -106.6618369069549, 133.24106274507173]"
0.0001688901027645809,21.25201167729448,4.933455323780955e-175,0.7209670861851876,False,False,"[0.4227702291487433, 0.8888831899841225, 153.93766898954203, 109.77053667029499, 245.64522988503683, 0.33808597056228884, 0.5130501599777336, 160.49395799727782, -105.82352416012613, 140.2945224635622]"
0.000168045652250758,21.34305978314771,0.0,0.8845088233273555,False,False,"[0.49850018512094507, 0.8588747096868034, 155.7779276030552, 114.917005242714, 244.26205739391446, 0.3440691802814104, 0.5513160622029449, 159.4276127973336, -105.18798808834579, 132.44015762791616]"
0.00016720542398950423,21.302132295862442,5.689735004212701e-307,0.22100310497896514,False,False,"[0.3777941572867113, 0.8455854144641117, 150.7016999178819, 119.42062051049841, 240.2865052190763, 0.3485847078263185, 0.43082871520266447, 163.64799906280868, -103.41721597709336, 133.99818352918746]"
0.0001663693968695567,21.274138705683562,1.9556066289502987e-235,0.7807629217320866,False,False,"[0.3822437824063149, 0.861024080529077, 157.20825605569834, 111.20505062757071, 245.60064565720376, 0.4156233687762968, 0.4543718305344402, 164.34243812620767, -111.02292645280825, 139.99013359713518]"
0.00016553754988520892,21.27079685200927,7.57407283119315e-228,0.8179351699807244,False,False,"[0.46567531560480957, 0.8252645904668443, 150.7115094542527, 107.02395242328421, 243.19859443794638, 0.42024970437261405, 0.42945610259180084, 158.15681031696724, -105.6216119017621, 135.28105032850013]"
0.00016470986213578287,21.229625104337764,1.979537002670238e-120,0.5880849033130463,False,False,"[0.5004574875197096, 0.8754356227152629, 151.0855903390476, 115.62177001011436, 238.15404740143822, 0.34275121065100145, 0.42851692326316126, 158.10976187953887, -107.93012661699154, 137.47483350690817]"
0.00016388631282510395,21.320622976030677,0.0,0.3115265073350836,False,False,"[0.4981837445751652, 0.8617034220847498, 153.53979045790143, 114.01889580795768, 245.67844879579516, 0.36826777109228703, 0.45582079859134406, 160.8725767165248, -104.25424896633598, 132.63774161576433]"
0.00016306688126097843,21.245411614450646,1.1128285651162115e-163,0.9030590721601341,False,False,"[0.410992872306517, 0.8653799696986972, 153.40086974297697, 110.30657849267462, 243.08185171765683, 0.3659937845768332, 0.44391219116033814, 159.9265714244734, -109.84820628119651, 136.07544097890516]"
0.00016225154685467353,21.381967235337918,0.0,0.890900664578302,False,False,"[0.41667540814629417, 0.8212793329139161, 151.0135938756829, 118.94796967747637, 243.8265372476211, 0.3646558883724053, 0.5413673541511412, 161.4059970652398, -109.9546182178884, 136.93189986678365]"
0.00016144028912040015,21.279183207496853,3.5875516949933586e-256,0.3949740313435396,False,False,"[0.4558760716099333, 0.8412385049521945, 152.55377170354691, 110.55246644104786, 243.24416285274964, 0.45291209334809224, 0.43780090902571617, 157.6376475906371, -104.638301957807, 139.53204330146485]"
0.00016063308767479815,21.28429664988858,2.7940393569974473e-271,0.06217118407187283,False,False,"[0.4461702315352375, 0.8557521996486052, 151.50000089059964, 105.04774856228147, 240.79671289714886, 0.45550372159922664, 0.5300072592892872, 163.8849640720018, -109.23157441274695, 134.07776743699472]"
0.00015982992223642414,21.32465176402468,0.0,0.5079792336586103,False,False,"[0.4014495164468524, 0.8188914573599844, 152.71265048730564, 116.98937859683637, 240.77531364942755, 0.3697108215625558, 0.5015204154232288, 159.59112418618213, -103.72185604346508, 139.88990011884894]"
0.00015903077262524202,21.341572366670075,0.0,0.009388247309098263,False,False,"[0.48729334644513256, 0.8228308785748105, 154.816007499275, 106.06252052750727, 245.92683734847327, 0.45781404945917864, 0.4276044213429314, 159.65581890857757, -104.44478265422568, 137.1994830915896]"
0.00015823561876211582,21.221979403741866,2.4171902763275277e-104,0.08557086059151497,False,False,"[0.4693412589497605, 0.8282743393026948, 157.78191114504986, 112.82291358514644, 243.82118169440244, 0.4736980718946604, 0.40823222459045716, 158.10259342896111, -111.03779044600785, 134.99200340605756]"
0.00015744444066830525,21.315740913989423,0.0,0.716382578872446,False,False,"[0.4117726984009028, 0.8784862493325362, 156.5960662083257, 115.02741015690549, 244.23705610502932, 0.4572377470546265, 0.40593383558479634, 157.59145809611204, -110.31814553791361, 137.76491612433236]"
0.00015665721846496372,21.241385028715033,3.482490391480776e-159,0.9484110706552217,False,False,"[0.5109339582250659, 0.8465060439182318, 154.82312407235446, 105.879900787308, 243.31429296984598, 0.4097505049894068, 0.42811864189867654, 158.43159745724412, -109.88588139593327, 137.36031439466888]"
0.0001558739323726389,21.352781108887424,0.0,0.33381196076550623,False,False,"[0.5122070338994328, 0.8865311608437244, 155.98007547225333, 109.78445892222119, 239.65320476858003, 0.398566196724791, 0.48128159695751316, 158.39699129803853, -102.55484508094942, 136.33557950985806]"
0.0001550945627107757,21.332883693129443,0.0,0.1544952117133035,False,False,"[0.3676382666946544, 0.8260928923702319, 150.00420975671523, 107.23245131628134, 245.06452895738423, 0.35171359681665715, 0.4644837735036839, 157.24568069094428, -102.9714415773618, 136.87536961416615]"
0.0001543190898972218,21.275505863592645,1.3063271353719527e-257,0.385464783576528,False,False,"[0.4023991621024704, 0.835780591703269, 151.31738670408194, 105.34752628412197, 241.5758109274821, 0.41148830833264055, 0.41134686828834455, 159.56306352817305, -103.11640923761676, 132.46404483921432]"
0.0001535474944477357,21.361736001482864,0.0,0.5612640287270209,False,False,"[0.4541109566754925, 0.8694379569920221, 151.27530700338397, 116.79684703863941, 240.52784106765762, 0.46333459454704795, 0.5099125008278379, 161.70663434293567, -102.57364863034313, 139.7892896702251]"
0.00015277975697549704,21.29692309797097,4.43e-321,0.6530801003399642,False,False,"[0.36996755366431766, 0.8637154817936435, 154.47865190186675, 104.80445489504628, 242.25609986994127, 0.40322022818025655, 0.4917534126101223, 159.88949334521294, -104.35701979877958, 138.36966336948956]"
0.00015201585819061956,21.32648256346498,0.0,0.9562841844176246,False,False,"[0.4815978037906737, 0.8689296216210307, 154.35473839117984, 119.27464155824391, 245.64704800269868, 0.40493453952886765, 0.42491656107036696, 163.34976233193052, -105.39887964972714, 138.00805669253538]"
0.00015125577889966646,21.345766677771763,0.0,0.6715280895069357,False,False,"[0.40197925108732635, 0.8770360377163228, 150.2622528985019, 118.40740600451896, 245.83113662662367, 0.4272314586338164, 0.414366581358726, 160.7173048160138, -109.16581275665871, 137.97881998882687]"
0.00015049950000516814,21.295186277603488,6.383e-321,0.745838043585005,False,False,"[0.3791963494901611, 0.8298762643899433, 154.96733552534468, 104.85457796213701, 244.70026712324446, 0.36340332338081877, 0.46471090263994264, 161.06305145170188, -109.77872540631114, 139.61174878890722]"
0.0001497470025051423,21.28381885562966,1.4575042512152457e-289,0.1396993724224953,False,False,"[0.38277357419962366, 0.878512564392947, 155.99765521109055, 108.1693492045059, 238.55023292129417, 0.44691520321542466, 0.5051338188372284, 159.3411566952428, -107.43096562242246, 139.38680095074415]"
0.00014899826749261658,21.40366131222005,0.0,0.04836436326902638,False,False,"[0.42880030940750197, 0.849973712316304, 154.6745124094412, 116.23974087623779, 242.77580357670877, 0.34570270775476974, 0.5520480762290632, 164.323433204838, -104.00860575496912, 138.27059281014584]"
0.0001482532761551535,21.27088572559194,1.379956648847555e-254,0.1985265745945034,False,False,"[0.3928609188389092, 0.8706799291674704, 155.84916031703682, 115.45193157781002, 245.7998982196213, 0.3623258732497672, 0.5410937916009887, 161.22436390809568, -106.30415908490856, 133.6783228431057]"
0.00014751200977437774,21.27700167594779,7.21166569822451e-274,0.9423884687691652,False,False,"[0.38585041708105017, 0.8569507381419657, 154.54333259739607, 118.23114710942662, 241.7765333008745, 0.41146730355876654, 0.5112830393201397, 158.87615030963113, -103.54865650978638, 134.50236988646225]"
0.00014677444972550585,21.262047911257017,5.401572537579983e-231,0.5545853126526521,False,False,"[0.4821914828229662, 0.8593419487896441, 152.7877820870258, 112.14510614569087, 238.34428066776874, 0.36791466413135515, 0.5165577310269479, 160.00968037715515, -108.80547658396532, 134.13680544938583]"
0.0001460405774768783,21.263563904248645,1.1672059422661772e-236,0.17409938606688558,False,False,"[0.5062987457800459, 0.8383856850572177, 151.13730988443317, 109.49654873053373, 245.83930066594576, 0.3856829331961712, 0.45304504457435424, 161.54493310369563, -109.37561181750434, 136.87127538065673]"
0.00014531037458949392,21.272821850584965,1.6292555725249397e-265,0.2844113087166633,False,False,"[0.4030881853567228, 0.8750058987272903, 150.6912895260764, 108.37372971382685, 239.4304328901685, 0.38777032492364927, 0.5064647789247834, 157.7519208146137, -106.13481903022446, 140.30432629529875]"
0.00014458382271654644,21.297310384648284,0.0,0.35397350189599686,False,False,"[0.3819663860417097, 0.8751668352559455, 151.87149995534767, 117.03240491594843, 245.26024963098385, 0.37182004133664204, 0.4067619965580107, 156.54120779644285, -107.46200521737642, 138.08322549953832]"
0.00014386090360296372,21.403515559384097,0.0,0.7284789909593984,False,False,"[0.44137500377819283, 0.8219834906303175, 153.00517895275738, 120.1791699946348, 244.26619365498505, 0.42370394782773807, 0.5375238470247884, 160.06398849240628, -106.35400918116173, 139.0036576366711]"
0.0001431415990849489,21.30575262670277,0.0,0.5665788956590857,False,False,"[0.4392104811048223, 0.8974962499010133, 154.18468498338925, 119.4791850981284, 240.8498832739903, 0.3967236457410169, 0.4468306484125082, 163.31206732617156, -113.32107655972334, 139.85559612797925]"
0.00014242589108952414,21.297819877644546,0.0,0.7542036901555348,False,False,"[0.46675925376096916, 0.8239556159960666, 156.8746633850521, 109.01034050519203, 243.75797720016328, 0.48252898516966813, 0.44718643804910585, 159.47709934038215, -110.35874084794057, 139.62419111531125]"
0.00014171376163407652,21.313991689508732,0.0,0.14574527452120567,False,False,"[0.4626167354522406, 0.8900518432877, 155.12677971819662, 111.25793460543979, 242.98662002455916, 0.44521804393147735, 0.43349449710441573, 160.92631145204382, -111.52540946404439, 137.1206556519627]"
0.00014100519282590613,21.321216908053955,0.0,0.8567279565495456,False,False,"[0.4265983039655092, 0.8780158712785877, 153.58284092571154, 114.006608905409, 239.5163338538413, 0.3502653018001845, 0.5418716442413636, 156.7601564330319, -106.45528455877337, 135.373601212051]"
0.0001403001668617766,21.292192545561825,0.0,0.3883232580625322,False,False,"[0.41718534425435405, 0.8976467940842838, 157.17589125308814, 111.79310278695345, 243.15785556455268, 0.35110855619381626, 0.5239746304755172, 163.27866626507594, -112.81139140382096, 136.20967591014346]"
0.00013959866602746772,21.253105329085933,5.207857329171789e-215,0.43544623850974995,False,False,"[0.4573695583956147, 0.8693818501471966, 153.79924874535922, 107.27814236941056, 241.6819675835883, 0.341117829094663, 0.45361048307599827, 157.71475018746057, -109.51008847927194, 139.30722100560786]"
0.00013890067269733036,21.279447399730174,1.8936148398855073e-298,0.024907659006930705,False,False,"[0.3962496283680151, 0.8626871046054904, 154.81085133754763, 112.76146529859358, 241.91108371970807, 0.3576036774148769, 0.5114117212682319, 163.5041780531415, -104.15418884535539, 134.20236602110137]"
0.0001382061693338437,21.29831318261297,0.0,0.025963212409219394,False,False,"[0.405181788595386, 0.8868323173710005, 153.6886263218997, 113.24309043520903, 243.2825812454098, 0.40253665357148544, 0.5440123581734682, 162.71153141405057, -104.43466343852592, 136.162675466346]"
0.00013751513848717447,21.20945488413864,2.113400130646341e-80,0.616913475505958,False,False,"[0.5010214635827968, 0.8585306505204766, 151.26021076551945, 111.20865387272504, 244.52806269791614, 0.3288623049240139, 0.42657453694416747, 158.0110095146226, -110.81257279791338, 135.29186552024785]"
0.0001368275627947386,21.280744332733015,4.465975187255636e-307,0.7833635459442515,False,False,"[0.49019285010293884, 0.8530828853098158, 154.2304364157513, 116.28301566183437, 245.52901960868087, 0.3764561546526001, 0.47837836536784417, 160.6669982603006, -102.70321452232058, 135.2159708736841]"
0.0001361434249807649,21.257957911974277,6.289866516400707e-236,0.7005580327105071,False,False,"[0.36140880488649, 0.8941137110631308, 153.30322952386956, 110.62562031484374, 239.354593672259, 0.38985698071312147, 0.4551832157072857, 156.80586122989084, -109.3558043143418, 133.4942758868484]"
0.0001354627078558611,21.225754597856266,7.257674338643449e-134,0.1806822000243885,False,False,"[0.4839084239394547, 0.8569254038811923, 156.13267503501146, 110.82099814599947, 241.37205535830518, 0.32815714966698745, 0.40781668287748085, 162.11820608982808, -109.56884185716056, 134.0165578114618]"
0.00013478539431658178,21.27447939157433,1.5656983430180197e-291,0.74920265853547,False,False,"[0.4666254647660396, 0.8204696842117041, 156.57691278553227, 105.06982354755299, 240.38553526033434, 0.37609972357084653, 0.40512704134224686, 159.14735018148374, -105.45069289630442, 135.81695457919076]"
0.00013411146734499887,21.289323988825174,0.0,0.8967120268103815,False,False,"[0.441810047780147, 0.874116051774806, 157.1053831668486, 117.36609897956275, 244.9393375793222, 0.37716797010045144, 0.4426651224265067, 160.5275053292416, -102.53216266354306, 139.57082153537021]"
0.00013344091000827386,21.34809288308957,0.0,0.9843569229262614,False,False,"[0.38508462191199616, 0.8216229435650914, 151.2416135240898, 105.6970609711478, 240.40581209240582, 0.38689035400218713, 0.5324860652480891, 161.1258934302311, -103.85291072358672, 138.19389498513965]"
0.0001327737054582325,21.290174364394627,0.0,0.5722009565417063,False,False,"[0.35638154790905774, 0.8785543702589879, 155.08591148054327, 109.53269160878067, 242.13246828375333, 0.3370408421228678, 0.4303205255958445, 164.24779200066862, -105.72588551292243, 135.63314128695455]"
0.00013210983693094134,21.265144014833723,9.863817452389514e-267,0.21374374425837184,False,False,"[0.46754682934938446, 0.8399417408843862, 153.8627253548174, 104.524698935776, 245.05825536202738, 0.39321182538853133, 0.5023853472105916, 159.18530933758953, -103.98339579947539, 132.6752717758605]"
0.00013144928774628663,21.312558555862385,0.0,0.3351609418743968,False,False,"[0.4918967347926264, 0.8334694916817772, 156.29861644562308, 107.37250485527271, 245.7147274984576, 0.4340958187791461, 0.5306916903701521, 157.99691917702717, -105.6987221318622, 136.1682471719193]"
0.00013079204130755519,21.23046309628213,2.9632000936637846e-154,0.288176264619996,False,False,"[0.42708710319679793, 0.8617816415529368, 153.43299157616244, 117.09243099537485, 243.11968962302012, 0.3309109833650074, 0.4198231581114756, 159.47867230529525, -107.34759603548703, 134.1000334961649]"
0.00013013808110101741,21.330640955784876,0.0,0.26468572450263617,False,False,"[0.5128328005103481, 0.8820816463283662, 153.14808330105382, 114.72889549011596, 243.11462408032895, 0.3303211576316088, 0.48939063507280556, 160.77077726438563, -111.17318263294742, 136.0485702841523]"
0.00012948739069551233,21.293622560272684,0.0,0.008055373301851132,False,False,"[0.4221093649153433, 0.841677417969337, 152.9457056435165, 117.5878401765994, 242.78679018299798, 0.3988187064395413, 0.5082318687077243, 160.67272003048194, -108.04945769248606, 139.0435585980772]"
0.00012883995374203476,21.262320542350878,5.7589887132024385e-264,0.557360136998592,False,False,"[0.4239181213130465, 0.8483230214179662, 155.94845619671437, 114.00137371869319, 239.21698921783482, 0.46838220825965404, 0.47425164125222696, 162.79898863303953, -110.05871416034833, 138.8437531881508]"
0.00012819575397332459,21.323323714170957,0.0,0.7278641910151759,False,False,"[0.5144582054037102, 0.8671910167459757, 157.69515254851197, 120.22558995348177, 241.10843358341998, 0.42092497871179785, 0.5285950302738932, 159.1974960342559, -108.594162834917, 136.72615116701016]"
0.00012755477520345795,21.24229459539636,1.9578879810106584e-198,0.32011857355554296,False,False,"[0.44835701210939727, 0.8627508050446888, 153.7050084399964, 110.38373569890496, 243.97788712140525, 0.384041025762608, 0.4717220316265242, 156.7157175598666, -105.42491376841258, 136.44785119431245]"
0.00012691700132744067,21.229893335676167,5.4184590815754964e-157,0.6661762103404112,False,False,"[0.476564748182378, 0.8799072275141285, 153.20325650878203, 115.10268709527942, 240.2038890572307, 0.4152940109731905, 0.4362354437613862, 157.8983061491355, -109.25118257690237, 132.95005907466043]"
0.00012628241632080346,21.255523666824907,6.368428050234206e-246,0.9878310807267283,False,False,"[0.4289805661205328, 0.8665219438216339, 153.55213704407288, 120.05562662595362, 239.2193854651624, 0.48690370678695644, 0.40906339050715357, 158.06937710242752, -102.95353607963395, 134.2129774751803]"
0.00012565100423919944,21.246997397227663,1.1007954050722719e-217,0.9420651041717032,False,False,"[0.41975062572803123, 0.8432143833390056, 152.01474777298762, 113.90304748703608, 245.93958788184577, 0.46048980220219066, 0.5163019762024811, 156.5150941083443, -109.52220338855483, 138.47231524103788]"
0.00012502274921800344,21.265728370080783,7.677863150442291e-284,0.30881812704148937,False,False,"[0.4158676904165812, 0.8775009303927266, 153.83499715822876, 106.46816748519119, 243.9390258397161, 0.3445706003536081, 0.48309142814169936, 162.87645085508194, -111.43836419189124, 136.52050896715133]"
0.00012439763547191342,21.265503981578387,1.7617070207268035e-284,0.5470738111250449,False,False,"[0.49005013291709587, 0.8433544041076314, 154.92964912851525, 111.14784315944355, 244.69567313157418, 0.46721818939392895, 0.5006663451402295, 157.20150741780452, -103.34847265639554, 133.67429820531223]"
0.00012377564729455385,21.269099280697045,1.6037051476005851e-298,0.7801662562745583,False,False,"[0.4307927644108275, 0.841806023527983, 155.28917949551754, 109.5888380574515, 240.8603934972808, 0.46656278857712, 0.5052442186443592, 156.61149116846775, -104.77220249671339, 137.42816368574387]"
0.00012315676905808108,21.299351015072475,0.0,0.7766420496173811,False,False,"[0.3622484991087436, 0.8497551863739082, 156.84954566041415, 119.55711342421542, 244.46559008858097, 0.3602865695239111, 0.48576268985795723, 160.73729908634638, -104.95631678117233, 135.39703173429942]"
0.00012254098521279067,21.22286885940067,1.1188881280119658e-137,0.12245451495342896,False,False,"[0.41977632536775633, 0.8496216803371816, 154.4459619011626, 105.18642687325594, 242.7044714516911, 0.4434546949168276, 0.4239698776151573, 157.66749901733482, -109.7205685876171, 135.45662681913623]"
0.0001219282802867267,21.24200315299843,1.6085741461949684e-206,0.3727791079982429,False,False,"[0.3808554493944955, 0.8817118048241308, 151.38713084789083, 120.25391744020453, 242.88487086445858, 0.447631484300689, 0.4300820709406701, 161.00402763414402, -106.18438812731462, 134.1183735907338]"
0.00012131863888529308,21.26161236465336,9.452942261508222e-278,0.2690942164443738,False,False,"[0.4173687723752393, 0.870920424461565, 155.4955012093267, 116.03494525169336, 240.96340319219934, 0.45240246640368453, 0.5170409133854994, 157.83233638451057, -103.16804397148938, 137.69801668706995]"
0.00012071204569086661,21.31359131985201,0.0,0.8544661995029758,False,False,"[0.4916333998465156, 0.8777716780458342, 152.9101633600974, 105.91939205098124, 241.83725105734382, 0.45207106107757566, 0.5558718388904503, 161.12267455325787, -103.03113018843308, 137.70029679946404]"
0.00012010848546241228,21.326720737998833,0.0,0.6716047326893517,False,False,"[0.42288381163814553, 0.8498514384981708, 156.4401988006472, 116.61713353454441, 240.99124434010264, 0.3574017832298145, 0.45664322628585485, 162.0969229882805, -109.3389830931893, 132.9723033208097]"
0.00011950794303510021,21.253148451819964,3.438290154812122e-251,0.8355556983904058,False,False,"[0.49456165826124004, 0.8693440961246734, 151.8909740529585, 118.63658815136621, 244.2008657049038, 0.43809571521799306, 0.4243997561631163, 159.58964813090375, -112.15122361659357, 138.42792893163627]"
0.00011891040331992471,21.31045482205748,0.0,0.8529626147478871,False,False,"[0.4449090690956186, 0.8854599318258012, 152.5889447493065, 104.61994556110722, 243.48896484836703, 0.37193797370471976, 0.49396288217573764, 159.86190110750366, -102.54805110623688, 136.16324090523563]"
0.00011831585130332508,21.234268084431772,2.069001268663451e-184,0.6538233675509094,False,False,"[0.4877960234885222, 0.8666618831114846, 151.28671804531737, 116.22854715545279, 241.62694494476196, 0.38558633523368935, 0.4335705651981845, 158.19376111299175, -105.70266319950963, 134.68593790214393]"
0.00011772427204680846,21.389259377124446,0.0,0.5119147694177564,False,False,"[0.44533429635670246, 0.8620020845191267, 155.87939998370027, 112.87960219840758, 243.19748937368507, 0.35200694250412423, 0.5053739075964383, 163.38341380859373, -104.33393708496044, 139.75385235592577]"
0.00011713565068657441,21.283534944450924,0.0,0.8102483041257942,False,False,"[0.4843318238461452, 0.8726013258671609, 157.40166419119032, 112.47001131444173, 241.85415480999058, 0.43753228021373997, 0.5314793326145859, 162.39171577340056, -103.2602232830113, 138.82566930046522]"
0.00011654997243314154,21.30375324517473,0.0,0.4131058473889645,False,False,"[0.3651957478067497, 0.8470094426207426, 157.59999342579735, 114.93051884940081, 241.78200664258887, 0.33086775930844714, 0.5592411365029718, 159.7808820144344, -108.24827530784142, 136.1343591679473]"
0.00011596722257097583,21.271921104049927,0.0,0.4069533771675873,False,False,"[0.37329132211178495, 0.8574139135282524, 153.06862456023075, 108.40301793329492, 242.85816509421727, 0.37037958156987505, 0.5153841414564908, 157.88802396956325, -108.85662569486735, 139.34275482573562]"
0.00011538738645812096,21.236048883317604,8.941271960970995e-196,0.2980270091977416,False,False,"[0.43702249309267005, 0.8758745925733815, 156.0021004934242, 113.40617615990107, 240.6296008355796, 0.4736546105226153, 0.5078046459404043, 158.86799831990308, -110.522609059765, 134.97880467255044]"
0.00011481044952583034,21.37014700927056,0.0,0.39511102264281417,False,False,"[0.37344990313050225, 0.8824263648278776, 155.07682181430005, 115.13343852548547, 238.60477313755038, 0.331612057737532, 0.5023696039613446, 161.84443418312543, -105.5946537936616, 137.98858417140468]"
0.00011423639727820119,21.245048009394097,5.9436563521415035e-232,0.007495012675373336,False,False,"[0.44189594684760525, 0.882546011631439, 149.93034050598865, 117.73412693832792, 241.5776361044679, 0.4658910432064254, 0.457295922802474, 162.83290097388576, -107.57602059429352, 140.41782703718292]"
0.00011366521529181018,21.312421097779055,0.0,0.8183764440786462,False,False,"[0.4024843965973227, 0.8503192663180953, 157.35575104719211, 106.63229009259894, 245.52368425388127, 0.3584599546999216, 0.49007168725765976, 162.445885022566, -110.00049731711931, 138.4750371381917]"
0.00011309688921535113,21.347423708065946,0.0,0.7170698140795286,False,False,"[0.36679769870788326, 0.8496299435121916, 152.68816385221302, 114.80924340527963, 245.1333957660473, 0.3473974748217049, 0.539708009698543, 162.3342929991155, -104.93738696375975, 139.49628273157802]"
0.00011253140476927438,21.229796566646876,1.3516296532975606e-176,0.45333717569243304,False,False,"[0.47481791783414184, 0.89946346989373, 156.1787235290232, 113.96544339577271, 238.83467588313383, 0.4573187492572773, 0.5160783994817348, 160.96175503608805, -106.7391988083654, 132.45110094299346]"
0.00011196874774542802,21.34153415841936,0.0,0.6857544041813121,False,False,"[0.4503332471027407, 0.8311458337851922, 152.26831635221694, 110.52461561666561, 239.07776736013827, 0.33476571277159856, 0.5409528553599341, 159.18050734317274, -110.97448896462029, 136.5494814976665]"
0.00011140890400670088,21.299453376463504,0.0,0.45466201230800884,False,False,"[0.3609713882348824, 0.8886716274666119, 157.70311412079568, 105.09345446776484, 238.3783277722265, 0.4470283059581241, 0.5546746156592205, 164.09124111304985, -104.5029077006579, 138.42211278638246]"
0.00011085185948666737,21.256904162874527,1.8378345434447974e-285,0.5361736894753629,False,False,"[0.47955963682325337, 0.8664354520020325, 150.96619696807434, 105.97903717511602, 241.24572337886298, 0.4591144650084563, 0.4533005072030903, 162.08958281222115, -103.19010852723137, 133.14135055198582]"
0.00011029760018923404,21.178951127258536,1.0,0.8817776846134833,True,False,"[0.5047426176208568, 0.8995891499787632, 156.79790214299183, 114.27340847541839, 243.66917411630786, 0.46397544512992045, 0.4760235479379761, 158.6812283360037, -110.27891591768784, 133.38191128662348]"
0.00010974611218828786,21.258028002044117,1.1798509331e-313,0.48642412027675686,False,False,"[0.45170411647027797, 0.8985596594371076, 156.60503172031125, 116.66662146712244, 241.8789801665196, 0.49391271847614454, 0.48473674410530093, 162.61577916290724, -104.15696259176472, 134.85143022487162]"
0.00010919738162734643,21.235817066080173,6.848117984137911e-227,0.46587740012675094,False,False,"[0.4472965734893041, 0.8835981181574553, 154.6058005550909, 109.09455645673448, 245.98821188107993, 0.5163638469658719, 0.4106472630959628, 158.67494572830086, -110.22907229904928, 137.24936859868433]"
0.0001086513947192097,21.253997845280455,1.0666109232082961e-300,0.4884810670152533,False,False,"[0.538263661189097, 0.8983811715944545, 157.63888927846452, 118.26807317344115, 239.85682838849232, 0.5097748938379766, 0.5450005478979217, 160.69167244674142, -111.23583697486481, 137.05986134611427]"
0.00010810813774561365,21.255974914439523,3.7868810011326e-310,0.6692909171909123,False,False,"[0.5217596157008187, 0.8223159782723392, 155.79642930412516, 121.76155404341726, 246.0280421361732, 0.4652990613178604, 0.5169436516742926, 160.80859702787882, -110.99692703657415, 133.3272595651929]"
0.00010756759705688558,21.292650871518703,0.0,0.2506667539863551,False,False,"[0.461074665538002, 0.8954025888693181, 155.59302941361898, 114.44225741155759, 246.5393570876615, 0.40894371986808553, 0.5417838541553541, 156.07733420484345, -104.65369841773129, 134.35129245124375]"
0.00010702975907160114,21.223031329525966,1.3672057749351868e-179,0.8240850184048192,False,False,"[0.44026912950066477, 0.8843796581425291, 160.09787220348235, 114.6319162311968, 242.9692597708593, 0.4177798454732181, 0.524280579546053, 156.08197757437173, -108.32180208296326, 130.52988357099898]"
0.00010649461027624314,21.20174970270551,1.0601903713681526e-93,0.9995120593760788,False,False,"[0.4431977735697177, 0.8885840122299663, 152.99739576157998, 118.34929166626453, 247.3870789655726, 0.416376533737434, 0.5354541038074749, 160.11292132582773, -109.65328195915494, 133.42545831249217]"
0.00010596213722486193,21.277906645036538,0.0,0.21445467948066033,False,False,"[0.5477780837410593, 0.8905027706388643, 156.0720157477347, 106.53551921538704, 243.57681454536754, 0.4527061398201353, 0.5227452289855065, 161.97008972784283, -104.97713836022639, 136.94557858361122]"
0.00010543232653873762,21.224460178922442,3.468422662171999e-188,0.9461412207228861,False,False,"[0.4361008900658866, 0.8729694956775726, 152.8637684132681, 115.4242360590006, 242.7319425345835, 0.4247596958467975, 0.5193475612076908, 158.22848329551462, -107.56567322512815, 135.85428721481978]"
0.00010490516490604394,21.243163877730268,1.4692972584079024e-266,0.060166860691761026,False,False,"[0.4432731217578189, 0.8953388049736941, 154.51038057292186, 113.94986718474448, 240.11001929235186, 0.42394230621903517, 0.5080443526782241, 161.06707778732778, -104.53183150108661, 130.9925808956253]"
0.00010438063908151372,21.355803957578143,0.0,0.8114633350460859,False,False,"[0.5272278839728922, 0.8755722012117327, 158.79681313316584, 108.50507851274219, 242.52450670560265, 0.5362169510587129, 0.451437529125276, 158.59763594128523, -106.47686178780457, 134.80844732921895]"
0.00010385873588610614,21.295893767473878,0.0,0.7468486356725488,False,False,"[0.5603684747016987, 0.850016097472778, 158.66974832922438, 109.67555543026523, 241.7887659046282, 0.5423665600658968, 0.4418495656061731, 162.58661219350216, -106.54241004188674, 135.6962457451165]"
0.00010333944220667561,21.355403083784744,0.0,0.5781931295033975,False,False,"[0.4713937223061852, 0.8215740307234255, 156.66058213753186, 108.9809198784316, 240.07597755533266, 0.5084008640197212, 0.5286164759105573, 155.0946489719794, -104.4697812753191, 130.81355015760982]"
0.00010282274499564223,21.36224887773473,0.0,0.9098109824679163,False,False,"[0.5698183981621437, 0.8691444721354282, 156.26018807188905, 106.50627595312041, 244.8256807736409, 0.4599063448751504, 0.4051470241706989, 160.97304836767452, -107.59664201092917, 131.89580238271716]"
0.00010230863127066402,21.232523892169347,3.859896133261398e-228,0.10390953731783648,False,False,"[0.436578631500858, 0.9002959233083849, 158.33256728013805, 106.67813302133133, 242.85025022317313, 0.508340918530001, 0.4067877825212626, 161.59410575734455, -110.00890671913683, 137.36527980814597]"
0.0001017970881143107,21.404197670714286,0.0,0.583417208082077,False,False,"[0.5843754381189776, 0.8473750567890438, 153.52903890418543, 116.80018966553546, 242.18662556694954, 0.413332011763735, 0.40890336822547574, 161.90558279728413, -104.79121904246034, 137.1212896213371]"
0.00010128810267373915,21.42225428184213,0.0,0.36066615836748184,False,False,"[0.5817357118486576, 0.8303062516532659, 158.5703138402858, 111.65353986570808, 247.00611041103818, 0.44596135250156177, 0.4367298236126251, 161.3769712790766, -106.53789590918727, 136.62943089476278]"
0.00010078166216037045,21.34438540838613,0.0,0.34563871495640885,False,False,"[0.4465865145429807, 0.8462145340830014, 155.21643320573543, 109.24680575225376, 243.72734543553543, 0.512240843293704, 0.39827025940759336, 161.49951339544467, -112.67404280544069, 137.11968086181926]"
0.0001002777538495686,21.32371764275717,0.0,0.6338061426487975,False,False,"[0.44101815570490643, 0.8673442261054833, 160.65030519480925, 107.0568344629994, 240.05858794188936, 0.5111123836055437, 0.5229596490043795, 157.67372521966206, -104.32189300483401, 135.60994738030965]"
